"Longitude (x)","Latitude (y)","Station Name","Climate ID","Date/Time (LST)","Year","Month","Day","Time (LST)","Flag","Temp (°C)","Temp Flag","Dew Point Temp (°C)","Dew Point Temp Flag","Rel Hum (%)","Rel Hum Flag","Precip. Amount (mm)","Precip. Amount Flag","Wind Dir (10s deg)","Wind Dir Flag","Wind Spd (km/h)","Wind Spd Flag","Visibility (km)","Visibility Flag","Stn Press (kPa)","Stn Press Flag","Hmdx","Hmdx Flag","Wind Chill","Wind Chill Flag","Weather"
"-80.38","43.46","KITCHENER/WATERLOO","6144239","2024-06-01 00:00","2024","06","01","00:00","","12.6","","8.3","","75","","0.0","","26","","15","","16.1","","98.54","","","","","","NA"
"-80.38","43.46","KITCHENER/WATERLOO","6144239","2024-06-01 01:00","2024","06","01","01:00","","8.7","","7.6","","93","","0.0","","33","","5","","16.1","","98.53","","","","","","NA"
"-80.38","43.46","KITCHENER/WATERLOO","6144239","2024-06-01 02:00","2024","06","01","02:00","","8.0","","7.9","","99","","0.0","","8","","5","","16.1","","98.52","","","","","","NA"
"-80.38","43.46","KITCHENER/WATERLOO","6144239","2024-06-01 03:00","2024","06","01","03:00","","7.2","","7.2","","100","","0.0","","9","","5","","16.1","","98.49","","","","","","NA"
"-80.38","43.46","KITCHENER/WATERLOO","6144239","2024-06-01 04:00","2024","06","01","04:00","","6.8","","6.8","","100","","0.0","","6","","4","","4.8","","98.51","","","","","","Fog"
"-80.38","43.46","KITCHENER/WATERLOO","6144239","2024-06-01 05:00","2024","06","01","05:00","","6.0","","6.0","","100","","0.0","","5","","5","","4.8","","98.51","","","","","","Fog"
"-80.38","43.46","KITCHENER/WATERLOO","6144239","2024-06-01 06:00","2024","06","01","06:00","","8.3","","8.3","","100","","0.0","","","","0","","4.8","","98.51","","","","","","Fog"
"-80.38","43.46","KITCHENER/WATERLOO","6144239","2024-06-01 07:00","2024","06","01","07:00","","13.2","","10.5","","83","","0.0","","","","0","","16.1","","98.51","","","","","","NA"
"-80.38","43.46","KITCHENER/WATERLOO","6144239","2024-06-01 08:00","2024","06","01","08:00","","17.4","","9.9","","61","","0.0","","20","","5","","16.1","","98.54","","","","","","NA"
"-80.38","43.46","KITCHENER/WATERLOO","6144239","2024-06-01 09:00","2024","06","01","09:00","","20.7","","7.2","","41","","0.0","","20","","11","","16.1","","98.47","","","","","","NA"
"-80.38","43.46","KITCHENER/WATERLOO","6144239","2024-06-01 10:00","2024","06","01","10:00","","21.9","","6.8","","37","","0.0","","16","","13","","16.1","","98.43","","","","","","NA"
"-80.38","43.46","KITCHENER/WATERLOO","6144239","2024-06-01 11:00","2024","06","01","11:00","","22.4","","7.8","","39","","0.0","","16","","11","","16.1","","98.43","","","","","","NA"
"-80.38","43.46","KITCHENER/WATERLOO","6144239","2024-06-01 12:00","2024","06","01","12:00","","22.7","","7.6","","38","","0.0","","15","","9","","16.1","","98.37","","","","","","NA"
"-80.38","43.46","KITCHENER/WATERLOO","6144239","2024-06-01 13:00","2024","06","01","13:00","","23.9","","7.5","","34","","0.0","","15","","17","","16.1","","98.30","","","","","","NA"
"-80.38","43.46","KITCHENER/WATERLOO","6144239","2024-06-01 14:00","2024","06","01","14:00","","24.3","","8.0","","35","","0.0","","14","","9","","16.1","","98.20","","25","","","","NA"
"-80.38","43.46","KITCHENER/WATERLOO","6144239","2024-06-01 15:00","2024","06","01","15:00","","24.5","","5.7","","29","","0.0","","20","","15","","16.1","","98.15","","","","","","NA"
"-80.38","43.46","KITCHENER/WATERLOO","6144239","2024-06-01 16:00","2024","06","01","16:00","","23.4","","2.9","","26","","0.0","","18","","15","","16.1","","98.11","","","","","","NA"
"-80.38","43.46","KITCHENER/WATERLOO","6144239","2024-06-01 17:00","2024","06","01","17:00","","22.7","","3.5","","28","","0.0","","17","","17","","16.1","","98.05","","","","","","NA"
"-80.38","43.46","KITCHENER/WATERLOO","6144239","2024-06-01 18:00","2024","06","01","18:00","","21.1","","7.6","","41","","0.0","","14","","8","","11.3","","98.02","","","","","","NA"
"-80.38","43.46","KITCHENER/WATERLOO","6144239","2024-06-01 19:00","2024","06","01","19:00","","18.9","","8.7","","51","","0.0","","13","","9","","16.1","","98.02","","","","","","NA"
"-80.38","43.46","KITCHENER/WATERLOO","6144239","2024-06-01 20:00","2024","06","01","20:00","","15.9","","9.3","","64","","0.0","","7","","5","","16.1","","98.00","","","","","","NA"
"-80.38","43.46","KITCHENER/WATERLOO","6144239","2024-06-01 21:00","2024","06","01","21:00","","16.0","","6.9","","55","","0.0","","12","","4","","16.1","","98.01","","","","","","NA"
"-80.38","43.46","KITCHENER/WATERLOO","6144239","2024-06-01 22:00","2024","06","01","22:00","","14.0","","9.3","","73","","0.0","","8","","5","","16.1","","97.98","","","","","","NA"
"-80.38","43.46","KITCHENER/WATERLOO","6144239","2024-06-01 23:00","2024","06","01","23:00","","14.4","","8.9","","69","","0.0","","9","","5","","16.1","","97.93","","","","","","NA"
"-80.38","43.46","KITCHENER/WATERLOO","6144239","2024-06-02 00:00","2024","06","02","00:00","","14.5","","8.5","","67","","0.0","","","M","4","","16.1","","97.87","","","","","","NA"
"-80.38","43.46","KITCHENER/WATERLOO","6144239","2024-06-02 01:00","2024","06","02","01:00","","13.4","","9.8","","79","","0.0","","","","0","","16.1","","97.79","","","","","","NA"
"-80.38","43.46","KITCHENER/WATERLOO","6144239","2024-06-02 02:00","2024","06","02","02:00","","13.5","","9.0","","74","","0.0","","7","","5","","16.1","","97.77","","","","","","NA"
"-80.38","43.46","KITCHENER/WATERLOO","6144239","2024-06-02 03:00","2024","06","02","03:00","","13.2","","10.9","","86","","0.0","","35","","4","","16.1","","97.70","","","","","","NA"
"-80.38","43.46","KITCHENER/WATERLOO","6144239","2024-06-02 04:00","2024","06","02","04:00","","13.3","","11.2","","87","","0.0","","","M","4","","16.1","","97.74","","","","","","NA"
"-80.38","43.46","KITCHENER/WATERLOO","6144239","2024-06-02 05:00","2024","06","02","05:00","","13.2","","11.9","","92","","0.0","","","M","5","","16.1","","97.79","","","","","","Rain"
"-80.38","43.46","KITCHENER/WATERLOO","6144239","2024-06-02 06:00","2024","06","02","06:00","","13.1","","12.8","","98","","1.2","","8","","8","","9.7","","97.84","","","","","","Rain,Fog"
"-80.38","43.46","KITCHENER/WATERLOO","6144239","2024-06-02 07:00","2024","06","02","07:00","","13.2","","13.2","","100","","2.0","","6","","11","","8.1","","97.78","","","","","","Rain,Fog"
"-80.38","43.46","KITCHENER/WATERLOO","6144239","2024-06-02 08:00","2024","06","02","08:00","","13.6","","13.6","","100","","2.0","","8","","8","","4.8","","97.78","","","","","","Rain,Fog"
"-80.38","43.46","KITCHENER/WATERLOO","6144239","2024-06-02 09:00","2024","06","02","09:00","","14.8","","14.8","","100","","3.0","","10","","5","","8.1","","97.75","","","","","","Rain,Fog"
"-80.38","43.46","KITCHENER/WATERLOO","6144239","2024-06-02 10:00","2024","06","02","10:00","","16.0","","16.0","","100","","0.5","","15","","11","","16.1","","97.74","","","","","","Rain"
"-80.38","43.46","KITCHENER/WATERLOO","6144239","2024-06-02 11:00","2024","06","02","11:00","","16.1","","16.0","","99","","0.0","","14","","21","","8.1","","97.72","","","","","","Rain,Fog"
"-80.38","43.46","KITCHENER/WATERLOO","6144239","2024-06-02 12:00","2024","06","02","12:00","","16.2","","16.1","","99","","0.2","","16","","17","","11.3","","97.72","","","","","","Rain"
"-80.38","43.46","KITCHENER/WATERLOO","6144239","2024-06-02 13:00","2024","06","02","13:00","","16.4","","16.2","","99","","0.2","","16","","15","","12.9","","97.68","","","","","","Rain"
"-80.38","43.46","KITCHENER/WATERLOO","6144239","2024-06-02 14:00","2024","06","02","14:00","","16.5","","16.5","","100","","0.2","","16","","9","","8.1","","97.69","","","","","","Rain,Fog"
"-80.38","43.46","KITCHENER/WATERLOO","6144239","2024-06-02 15:00","2024","06","02","15:00","","16.6","","16.6","","100","","0.2","","15","","11","","11.3","","97.64","","","","","","Rain"
"-80.38","43.46","KITCHENER/WATERLOO","6144239","2024-06-02 16:00","2024","06","02","16:00","","17.1","","16.9","","99","","0.2","","15","","9","","16.1","","97.62","","","","","","NA"
"-80.38","43.46","KITCHENER/WATERLOO","6144239","2024-06-02 17:00","2024","06","02","17:00","","17.3","","17.1","","99","","0.0","","15","","11","","16.1","","97.61","","","","","","NA"
"-80.38","43.46","KITCHENER/WATERLOO","6144239","2024-06-02 18:00","2024","06","02","18:00","","17.4","","17.3","","100","","0.0","","11","","8","","16.1","","97.64","","","","","","NA"
"-80.38","43.46","KITCHENER/WATERLOO","6144239","2024-06-02 19:00","2024","06","02","19:00","","17.4","","17.4","","100","","0.0","","13","","5","","9.7","","97.65","","","","","","Fog"
"-80.38","43.46","KITCHENER/WATERLOO","6144239","2024-06-02 20:00","2024","06","02","20:00","","17.2","","17.2","","100","","0.0","","14","","5","","14.5","","97.64","","","","","","NA"
"-80.38","43.46","KITCHENER/WATERLOO","6144239","2024-06-02 21:00","2024","06","02","21:00","","17.2","","17.2","","100","","0.0","","14","","9","","11.3","","97.67","","","","","","NA"
"-80.38","43.46","KITCHENER/WATERLOO","6144239","2024-06-02 22:00","2024","06","02","22:00","","17.3","","17.3","","100","","0.0","","19","","8","","11.3","","97.66","","","","","","NA"
"-80.38","43.46","KITCHENER/WATERLOO","6144239","2024-06-02 23:00","2024","06","02","23:00","","17.2","","17.2","","100","","0.0","","17","","8","","9.7","","97.66","","","","","","Fog"
"-80.38","43.46","KITCHENER/WATERLOO","6144239","2024-06-03 00:00","2024","06","03","00:00","","16.8","","16.8","","100","","0.0","","13","","5","","1.6","","97.67","","","","","","Fog"
"-80.38","43.46","KITCHENER/WATERLOO","6144239","2024-06-03 01:00","2024","06","03","01:00","","17.0","","17.0","","100","","0.0","","21","","9","","3.6","","97.63","","","","","","Fog"
"-80.38","43.46","KITCHENER/WATERLOO","6144239","2024-06-03 02:00","2024","06","03","02:00","","17.0","","17.0","","100","","0.0","","15","","5","","0.8","","97.65","","","","","","Fog"
"-80.38","43.46","KITCHENER/WATERLOO","6144239","2024-06-03 03:00","2024","06","03","03:00","","16.9","","16.9","","100","","0.0","","","","0","","1.2","","97.63","","","","","","Fog"
"-80.38","43.46","KITCHENER/WATERLOO","6144239","2024-06-03 04:00","2024","06","03","04:00","","16.9","","16.9","","100","","0.0","","","","0","","2.0","","97.65","","","","","","Fog"
"-80.38","43.46","KITCHENER/WATERLOO","6144239","2024-06-03 05:00","2024","06","03","05:00","","16.9","","16.9","","100","","0.0","","10","","4","","1.6","","97.68","","","","","","Fog"
"-80.38","43.46","KITCHENER/WATERLOO","6144239","2024-06-03 06:00","2024","06","03","06:00","","16.8","","16.8","","100","","0.0","","14","","9","","1.6","","97.70","","","","","","Fog"
"-80.38","43.46","KITCHENER/WATERLOO","6144239","2024-06-03 07:00","2024","06","03","07:00","","17.0","","17.0","","100","","0.0","","17","","9","","4.0","","97.73","","","","","","Fog"
"-80.38","43.46","KITCHENER/WATERLOO","6144239","2024-06-03 08:00","2024","06","03","08:00","","17.6","","17.6","","100","","0.0","","20","","8","","12.9","","97.78","","","","","","NA"
"-80.38","43.46","KITCHENER/WATERLOO","6144239","2024-06-03 09:00","2024","06","03","09:00","","18.5","","17.2","","92","","0.0","","","","0","","16.1","","97.77","","","","","","NA"
"-80.38","43.46","KITCHENER/WATERLOO","6144239","2024-06-03 10:00","2024","06","03","10:00","","19.5","","17.4","","87","","0.0","","15","","8","","16.1","","97.78","","","","","","NA"
"-80.38","43.46","KITCHENER/WATERLOO","6144239","2024-06-03 11:00","2024","06","03","11:00","","20.5","","17.5","","83","","0.0","","16","","11","","16.1","","97.73","","26","","","","NA"
"-80.38","43.46","KITCHENER/WATERLOO","6144239","2024-06-03 12:00","2024","06","03","12:00","","22.6","","16.5","","68","","0.0","","14","","9","","16.1","","97.70","","28","","","","NA"
"-80.38","43.46","KITCHENER/WATERLOO","6144239","2024-06-03 13:00","2024","06","03","13:00","","23.2","","18.1","","73","","0.0","","13","","15","","16.1","","97.68","","29","","","","NA"
"-80.38","43.46","KITCHENER/WATERLOO","6144239","2024-06-03 14:00","2024","06","03","14:00","","24.0","","18.7","","72","","0.0","","11","","13","","16.1","","97.61","","31","","","","NA"
"-80.38","43.46","KITCHENER/WATERLOO","6144239","2024-06-03 15:00","2024","06","03","15:00","","22.7","","17.1","","70","","0.0","","15","","17","","16.1","","97.54","","28","","","","NA"
"-80.38","43.46","KITCHENER/WATERLOO","6144239","2024-06-03 16:00","2024","06","03","16:00","","24.3","","17.9","","67","","0.0","","14","","17","","16.1","","97.53","","30","","","","NA"
"-80.38","43.46","KITCHENER/WATERLOO","6144239","2024-06-03 17:00","2024","06","03","17:00","","22.8","","17.7","","73","","0.0","","12","","11","","16.1","","97.52","","29","","","","NA"
"-80.38","43.46","KITCHENER/WATERLOO","6144239","2024-06-03 18:00","2024","06","03","18:00","","22.6","","17.6","","73","","0.0","","13","","11","","16.1","","97.55","","28","","","","NA"
"-80.38","43.46","KITCHENER/WATERLOO","6144239","2024-06-03 19:00","2024","06","03","19:00","","21.0","","18.0","","83","","0.0","","12","","13","","16.1","","97.56","","27","","","","NA"
"-80.38","43.46","KITCHENER/WATERLOO","6144239","2024-06-03 20:00","2024","06","03","20:00","","18.7","","17.4","","92","","0.0","","13","","9","","16.1","","97.60","","","","","","NA"
"-80.38","43.46","KITCHENER/WATERLOO","6144239","2024-06-03 21:00","2024","06","03","21:00","","16.7","","16.5","","99","","0.0","","11","","8","","16.1","","97.65","","","","","","NA"
"-80.38","43.46","KITCHENER/WATERLOO","6144239","2024-06-03 22:00","2024","06","03","22:00","","15.2","","15.2","","100","","0.0","","8","","5","","8.1","","97.66","","","","","","Fog"
"-80.38","43.46","KITCHENER/WATERLOO","6144239","2024-06-03 23:00","2024","06","03","23:00","","14.5","","14.5","","100","","0.0","","7","","4","","1.6","","97.67","","","","","","Fog"
"-80.38","43.46","KITCHENER/WATERLOO","6144239","2024-06-04 00:00","2024","06","04","00:00","","12.9","","12.9","","100","","0.0","","7","","8","","0.8","","97.63","","","","","","Rain,Fog"
"-80.38","43.46","KITCHENER/WATERLOO","6144239","2024-06-04 01:00","2024","06","04","01:00","","12.7","","12.7","","100","","0.0","","6","","4","","0.4","","97.61","","","","","","Fog"
"-80.38","43.46","KITCHENER/WATERLOO","6144239","2024-06-04 02:00","2024","06","04","02:00","","12.3","","12.3","","100","","0.0","","","","0","","0.4","","97.61","","","","","","Rain,Fog"
"-80.38","43.46","KITCHENER/WATERLOO","6144239","2024-06-04 03:00","2024","06","04","03:00","","13.3","","13.3","","100","","0.0","","","","0","","0.2","","97.58","","","","","","Fog"
"-80.38","43.46","KITCHENER/WATERLOO","6144239","2024-06-04 04:00","2024","06","04","04:00","","13.6","","13.6","","100","","0.2","","34","","4","","0.4","","97.61","","","","","","Fog"
"-80.38","43.46","KITCHENER/WATERLOO","6144239","2024-06-04 05:00","2024","06","04","05:00","","13.0","","13.0","","100","","0.0","","","","0","","0.4","","97.65","","","","","","Fog"
"-80.38","43.46","KITCHENER/WATERLOO","6144239","2024-06-04 06:00","2024","06","04","06:00","","13.9","","13.9","","100","","0.0","","30","","4","","3.2","","97.72","","","","","","Fog"
"-80.38","43.46","KITCHENER/WATERLOO","6144239","2024-06-04 07:00","2024","06","04","07:00","","16.6","","16.6","","100","","0.0","","7","","5","","6.4","","97.75","","","","","","Fog"
"-80.38","43.46","KITCHENER/WATERLOO","6144239","2024-06-04 08:00","2024","06","04","08:00","","19.2","","17.9","","92","","0.0","","13","","8","","14.5","","97.76","","","","","","NA"
"-80.38","43.46","KITCHENER/WATERLOO","6144239","2024-06-04 09:00","2024","06","04","09:00","","21.3","","17.0","","76","","0.0","","16","","15","","16.1","","97.70","","27","","","","NA"
"-80.38","43.46","KITCHENER/WATERLOO","6144239","2024-06-04 10:00","2024","06","04","10:00","","23.5","","18.1","","71","","0.0","","18","","11","","16.1","","97.68","","30","","","","NA"
"-80.38","43.46","KITCHENER/WATERLOO","6144239","2024-06-04 11:00","2024","06","04","11:00","","24.9","","18.4","","67","","0.0","","19","","9","","16.1","","97.67","","31","","","","NA"
"-80.38","43.46","KITCHENER/WATERLOO","6144239","2024-06-04 12:00","2024","06","04","12:00","","26.6","","19.5","","64","","0.0","","16","","15","","16.1","","97.64","","34","","","","NA"
"-80.38","43.46","KITCHENER/WATERLOO","6144239","2024-06-04 13:00","2024","06","04","13:00","","26.9","","18.7","","60","","0.0","","17","","13","","16.1","","97.58","","33","","","","NA"
"-80.38","43.46","KITCHENER/WATERLOO","6144239","2024-06-04 14:00","2024","06","04","14:00","","27.2","","16.0","","50","","0.0","","16","","9","","16.1","","97.54","","32","","","","NA"
"-80.38","43.46","KITCHENER/WATERLOO","6144239","2024-06-04 15:00","2024","06","04","15:00","","28.8","","17.3","","49","","0.0","","19","","15","","16.1","","97.51","","34","","","","NA"
"-80.38","43.46","KITCHENER/WATERLOO","6144239","2024-06-04 16:00","2024","06","04","16:00","","27.3","","17.2","","54","","0.0","","19","","18","","16.1","","97.46","","33","","","","NA"
"-80.38","43.46","KITCHENER/WATERLOO","6144239","2024-06-04 17:00","2024","06","04","17:00","","28.0","","17.3","","52","","0.0","","16","","15","","16.1","","97.43","","33","","","","NA"
"-80.38","43.46","KITCHENER/WATERLOO","6144239","2024-06-04 18:00","2024","06","04","18:00","","26.9","","15.9","","50","","0.0","","17","","18","","16.1","","97.42","","31","","","","NA"
"-80.38","43.46","KITCHENER/WATERLOO","6144239","2024-06-04 19:00","2024","06","04","19:00","","24.0","","15.7","","59","","0.0","","14","","11","","16.1","","97.40","","28","","","","NA"
"-80.38","43.46","KITCHENER/WATERLOO","6144239","2024-06-04 20:00","2024","06","04","20:00","","20.4","","14.9","","70","","0.0","","10","","11","","16.1","","97.39","","","","","","NA"
"-80.38","43.46","KITCHENER/WATERLOO","6144239","2024-06-04 21:00","2024","06","04","21:00","","19.7","","17.7","","88","","0.0","","11","","13","","16.1","","97.39","","","","","","NA"
"-80.38","43.46","KITCHENER/WATERLOO","6144239","2024-06-04 22:00","2024","06","04","22:00","","18.4","","16.8","","90","","0.0","","11","","5","","16.1","","97.41","","","","","","NA"
"-80.38","43.46","KITCHENER/WATERLOO","6144239","2024-06-04 23:00","2024","06","04","23:00","","16.2","","15.9","","98","","0.0","","6","","4","","16.1","","97.38","","","","","","NA"
"-80.38","43.46","KITCHENER/WATERLOO","6144239","2024-06-05 00:00","2024","06","05","00:00","","17.2","","15.7","","91","","0.0","","7","","9","","16.1","","97.33","","","","","","NA"
"-80.38","43.46","KITCHENER/WATERLOO","6144239","2024-06-05 01:00","2024","06","05","01:00","","15.3","","15.3","","100","","0.0","","7","","5","","16.1","","97.28","","","","","","NA"
"-80.38","43.46","KITCHENER/WATERLOO","6144239","2024-06-05 02:00","2024","06","05","02:00","","15.9","","15.6","","98","","0.0","","7","","5","","16.1","","97.22","","","","","","NA"
"-80.38","43.46","KITCHENER/WATERLOO","6144239","2024-06-05 03:00","2024","06","05","03:00","","16.0","","15.2","","95","","0.0","","8","","8","","16.1","","97.16","","","","","","NA"
"-80.38","43.46","KITCHENER/WATERLOO","6144239","2024-06-05 04:00","2024","06","05","04:00","","15.6","","15.0","","96","","0.0","","8","","8","","16.1","","97.12","","","","","","NA"
"-80.38","43.46","KITCHENER/WATERLOO","6144239","2024-06-05 05:00","2024","06","05","05:00","","15.9","","15.3","","96","","0.0","","8","","8","","16.1","","97.13","","","","","","NA"
"-80.38","43.46","KITCHENER/WATERLOO","6144239","2024-06-05 06:00","2024","06","05","06:00","","18.2","","16.9","","92","","0.0","","11","","5","","16.1","","97.12","","","","","","NA"
"-80.38","43.46","KITCHENER/WATERLOO","6144239","2024-06-05 07:00","2024","06","05","07:00","","19.4","","17.4","","88","","0.0","","11","","8","","16.1","","97.09","","","","","","NA"
"-80.38","43.46","KITCHENER/WATERLOO","6144239","2024-06-05 08:00","2024","06","05","08:00","","20.9","","17.8","","82","","0.0","","13","","13","","16.1","","97.07","","27","","","","NA"
"-80.38","43.46","KITCHENER/WATERLOO","6144239","2024-06-05 09:00","2024","06","05","09:00","","21.8","","18.1","","79","","0.0","","15","","17","","16.1","","97.06","","28","","","","NA"
"-80.38","43.46","KITCHENER/WATERLOO","6144239","2024-06-05 10:00","2024","06","05","10:00","","23.2","","18.8","","76","","0.0","","17","","17","","16.1","","97.03","","30","","","","NA"
"-80.38","43.46","KITCHENER/WATERLOO","6144239","2024-06-05 11:00","2024","06","05","11:00","","23.3","","19.8","","81","","0.0","","17","","15","","16.1","","97.02","","31","","","","NA"
"-80.38","43.46","KITCHENER/WATERLOO","6144239","2024-06-05 12:00","2024","06","05","12:00","","24.0","","19.6","","76","","0.0","","16","","21","","16.1","","96.95","","31","","","","NA"
"-80.38","43.46","KITCHENER/WATERLOO","6144239","2024-06-05 13:00","2024","06","05","13:00","","25.6","","20.0","","71","","0.0","","17","","18","","16.1","","96.89","","33","","","","NA"
"-80.38","43.46","KITCHENER/WATERLOO","6144239","2024-06-05 14:00","2024","06","05","14:00","","25.7","","20.0","","70","","0.0","","16","","28","","16.1","","96.76","","33","","","","NA"
"-80.38","43.46","KITCHENER/WATERLOO","6144239","2024-06-05 15:00","2024","06","05","15:00","","26.1","","19.5","","67","","0.0","","16","","28","","16.1","","96.68","","33","","","","NA"
"-80.38","43.46","KITCHENER/WATERLOO","6144239","2024-06-05 16:00","2024","06","05","16:00","","26.1","","19.6","","67","","0.0","","17","","28","","16.1","","96.63","","33","","","","NA"
"-80.38","43.46","KITCHENER/WATERLOO","6144239","2024-06-05 17:00","2024","06","05","17:00","","26.2","","19.6","","67","","0.0","","18","","22","","16.1","","96.59","","33","","","","NA"
"-80.38","43.46","KITCHENER/WATERLOO","6144239","2024-06-05 18:00","2024","06","05","18:00","","24.5","","19.0","","71","","0.0","","19","","18","","16.1","","96.56","","31","","","","NA"
"-80.38","43.46","KITCHENER/WATERLOO","6144239","2024-06-05 19:00","2024","06","05","19:00","","23.0","","19.3","","79","","0.0","","20","","17","","16.1","","96.57","","30","","","","Thunderstorms"
"-80.38","43.46","KITCHENER/WATERLOO","6144239","2024-06-05 20:00","2024","06","05","20:00","","18.4","","17.9","","97","","8.0","","19","","15","","9.7","","96.58","","","","","","Moderate Rain,Fog"
"-80.38","43.46","KITCHENER/WATERLOO","6144239","2024-06-05 21:00","2024","06","05","21:00","","18.2","","18.0","","99","","0.8","","19","","11","","16.1","","96.57","","","","","","Rain"
"-80.38","43.46","KITCHENER/WATERLOO","6144239","2024-06-05 22:00","2024","06","05","22:00","","17.7","","17.7","","100","","0.0","","18","","5","","11.3","","96.54","","","","","","NA"
"-80.38","43.46","KITCHENER/WATERLOO","6144239","2024-06-05 23:00","2024","06","05","23:00","","17.7","","17.7","","100","","0.0","","19","","9","","16.1","","96.54","","","","","","NA"
"-80.38","43.46","KITCHENER/WATERLOO","6144239","2024-06-06 00:00","2024","06","06","00:00","","18.0","","17.8","","99","","0.0","","19","","13","","16.1","","96.47","","","","","","NA"
"-80.38","43.46","KITCHENER/WATERLOO","6144239","2024-06-06 01:00","2024","06","06","01:00","","18.1","","18.1","","100","","0.0","","21","","13","","16.1","","96.42","","","","","","NA"
"-80.38","43.46","KITCHENER/WATERLOO","6144239","2024-06-06 02:00","2024","06","06","02:00","","18.0","","18.0","","100","","0.0","","21","","5","","16.1","","96.36","","","","","","NA"
"-80.38","43.46","KITCHENER/WATERLOO","6144239","2024-06-06 03:00","2024","06","06","03:00","","18.4","","18.4","","100","","0.0","","24","","13","","9.7","","96.32","","","","","","Fog"
"-80.38","43.46","KITCHENER/WATERLOO","6144239","2024-06-06 04:00","2024","06","06","04:00","","18.6","","18.6","","100","","0.0","","24","","11","","9.7","","96.26","","","","","","Fog"
"-80.38","43.46","KITCHENER/WATERLOO","6144239","2024-06-06 05:00","2024","06","06","05:00","","17.6","","17.6","","100","","0.0","","29","","8","","6.4","","96.21","","","","","","Fog"
"-80.38","43.46","KITCHENER/WATERLOO","6144239","2024-06-06 06:00","2024","06","06","06:00","","18.6","","17.7","","95","","0.0","","25","","11","","12.9","","96.27","","","","","","NA"
"-80.38","43.46","KITCHENER/WATERLOO","6144239","2024-06-06 07:00","2024","06","06","07:00","","19.7","","17.6","","88","","0.0","","29","","15","","16.1","","96.34","","","","","","NA"
"-80.38","43.46","KITCHENER/WATERLOO","6144239","2024-06-06 08:00","2024","06","06","08:00","","18.0","","14.9","","82","","0.0","","30","","21","","16.1","","96.39","","","","","","NA"
"-80.38","43.46","KITCHENER/WATERLOO","6144239","2024-06-06 09:00","2024","06","06","09:00","","19.5","","15.9","","79","","0.0","","29","","13","","16.1","","96.39","","","","","","NA"
"-80.38","43.46","KITCHENER/WATERLOO","6144239","2024-06-06 10:00","2024","06","06","10:00","","20.4","","14.2","","67","","0.0","","27","","21","","16.1","","96.36","","","","","","NA"
"-80.38","43.46","KITCHENER/WATERLOO","6144239","2024-06-06 11:00","2024","06","06","11:00","","21.8","","13.7","","60","","0.0","","24","","24","","16.1","","96.31","","25","","","","NA"
"-80.38","43.46","KITCHENER/WATERLOO","6144239","2024-06-06 12:00","2024","06","06","12:00","","22.9","","14.2","","57","","0.0","","24","","34","","16.1","","96.27","","26","","","","NA"
"-80.38","43.46","KITCHENER/WATERLOO","6144239","2024-06-06 13:00","2024","06","06","13:00","","22.8","","13.8","","56","","0.0","","25","","37","","16.1","","96.28","","26","","","","NA"
"-80.38","43.46","KITCHENER/WATERLOO","6144239","2024-06-06 14:00","2024","06","06","14:00","","23.3","","13.1","","52","","0.0","","28","","28","","16.1","","96.23","","26","","","","NA"
"-80.38","43.46","KITCHENER/WATERLOO","6144239","2024-06-06 15:00","2024","06","06","15:00","","23.5","","11.5","","46","","0.0","","25","","28","","16.1","","96.26","","26","","","","NA"
"-80.38","43.46","KITCHENER/WATERLOO","6144239","2024-06-06 16:00","2024","06","06","16:00","","22.8","","10.5","","45","","0.0","","29","","26","","16.1","","96.26","","","","","","NA"
"-80.38","43.46","KITCHENER/WATERLOO","6144239","2024-06-06 17:00","2024","06","06","17:00","","21.9","","9.5","","45","","0.0","","27","","24","","16.1","","96.23","","","","","","NA"
"-80.38","43.46","KITCHENER/WATERLOO","6144239","2024-06-06 18:00","2024","06","06","18:00","","22.3","","10.0","","45","","0.0","","25","","18","","16.1","","96.24","","","","","","NA"
"-80.38","43.46","KITCHENER/WATERLOO","6144239","2024-06-06 19:00","2024","06","06","19:00","","20.4","","11.0","","54","","0.0","","22","","17","","16.1","","96.23","","","","","","NA"
"-80.38","43.46","KITCHENER/WATERLOO","6144239","2024-06-06 20:00","2024","06","06","20:00","","15.8","","13.7","","87","","0.8","","24","","9","","16.1","","96.30","","","","","","NA"
"-80.38","43.46","KITCHENER/WATERLOO","6144239","2024-06-06 21:00","2024","06","06","21:00","","14.6","","13.9","","96","","0.0","","22","","8","","16.1","","96.34","","","","","","NA"
"-80.38","43.46","KITCHENER/WATERLOO","6144239","2024-06-06 22:00","2024","06","06","22:00","","14.4","","11.7","","84","","0.0","","25","","9","","16.1","","96.34","","","","","","NA"
"-80.38","43.46","KITCHENER/WATERLOO","6144239","2024-06-06 23:00","2024","06","06","23:00","","14.5","","11.9","","84","","0.0","","30","","17","","16.1","","96.41","","","","","","NA"
"-80.38","43.46","KITCHENER/WATERLOO","6144239","2024-06-07 00:00","2024","06","07","00:00","","13.7","","12.5","","92","","0.0","","30","","8","","16.1","","96.39","","","","","","NA"
"-80.38","43.46","KITCHENER/WATERLOO","6144239","2024-06-07 01:00","2024","06","07","01:00","","14.2","","11.9","","86","","0.0","","27","","13","","16.1","","96.36","","","","","","NA"
"-80.38","43.46","KITCHENER/WATERLOO","6144239","2024-06-07 02:00","2024","06","07","02:00","","14.0","","11.5","","85","","0.0","","26","","11","","16.1","","96.37","","","","","","NA"
"-80.38","43.46","KITCHENER/WATERLOO","6144239","2024-06-07 03:00","2024","06","07","03:00","","13.8","","11.9","","88","","0.0","","23","","8","","16.1","","96.35","","","","","","NA"
"-80.38","43.46","KITCHENER/WATERLOO","6144239","2024-06-07 04:00","2024","06","07","04:00","","13.3","","11.9","","91","","0.0","","25","","13","","16.1","","96.34","","","","","","NA"
"-80.38","43.46","KITCHENER/WATERLOO","6144239","2024-06-07 05:00","2024","06","07","05:00","","12.8","","11.7","","93","","0.0","","24","","9","","16.1","","96.35","","","","","","NA"
"-80.38","43.46","KITCHENER/WATERLOO","6144239","2024-06-07 06:00","2024","06","07","06:00","","13.8","","12.2","","90","","0.0","","24","","13","","16.1","","96.39","","","","","","NA"
"-80.38","43.46","KITCHENER/WATERLOO","6144239","2024-06-07 07:00","2024","06","07","07:00","","14.3","","11.8","","85","","0.0","","25","","18","","14.5","","96.40","","","","","","NA"
"-80.38","43.46","KITCHENER/WATERLOO","6144239","2024-06-07 08:00","2024","06","07","08:00","","15.0","","12.0","","82","","0.0","","26","","21","","16.1","","96.44","","","","","","NA"
"-80.38","43.46","KITCHENER/WATERLOO","6144239","2024-06-07 09:00","2024","06","07","09:00","","14.5","","11.5","","82","","0.0","","26","","22","","16.1","","96.44","","","","","","Rain"
"-80.38","43.46","KITCHENER/WATERLOO","6144239","2024-06-07 10:00","2024","06","07","10:00","","13.5","","12.8","","95","","0.8","","26","","22","","14.5","","96.48","","","","","","Rain"
"-80.38","43.46","KITCHENER/WATERLOO","6144239","2024-06-07 11:00","2024","06","07","11:00","","16.2","","13.1","","82","","0.2","","26","","30","","16.1","","96.50","","","","","","NA"
"-80.38","43.46","KITCHENER/WATERLOO","6144239","2024-06-07 12:00","2024","06","07","12:00","","13.6","","12.9","","95","","4.8","","29","","24","","16.1","","96.55","","","","","","Rain"
"-80.38","43.46","KITCHENER/WATERLOO","6144239","2024-06-07 13:00","2024","06","07","13:00","","16.3","","12.5","","78","","1.0","","28","","22","","16.1","","96.56","","","","","","NA"
"-80.38","43.46","KITCHENER/WATERLOO","6144239","2024-06-07 14:00","2024","06","07","14:00","","15.6","","11.2","","75","","0.0","","29","","22","","16.1","","96.60","","","","","","NA"
"-80.38","43.46","KITCHENER/WATERLOO","6144239","2024-06-07 15:00","2024","06","07","15:00","","16.2","","10.4","","68","","0.0","","27","","24","","16.1","","96.65","","","","","","NA"
"-80.38","43.46","KITCHENER/WATERLOO","6144239","2024-06-07 16:00","2024","06","07","16:00","","16.6","","10.7","","68","","0.0","","27","","24","","16.1","","96.68","","","","","","NA"
"-80.38","43.46","KITCHENER/WATERLOO","6144239","2024-06-07 17:00","2024","06","07","17:00","","16.5","","10.7","","68","","0.0","","29","","24","","16.1","","96.73","","","","","","NA"
"-80.38","43.46","KITCHENER/WATERLOO","6144239","2024-06-07 18:00","2024","06","07","18:00","","17.1","","10.9","","66","","0.0","","27","","22","","16.1","","96.77","","","","","","NA"
"-80.38","43.46","KITCHENER/WATERLOO","6144239","2024-06-07 19:00","2024","06","07","19:00","","15.8","","10.4","","70","","0.0","","28","","28","","16.1","","96.84","","","","","","NA"
"-80.38","43.46","KITCHENER/WATERLOO","6144239","2024-06-07 20:00","2024","06","07","20:00","","14.9","","10.4","","74","","0.0","","29","","24","","16.1","","96.90","","","","","","NA"
"-80.38","43.46","KITCHENER/WATERLOO","6144239","2024-06-07 21:00","2024","06","07","21:00","","13.5","","12.1","","91","","0.2","","30","","18","","16.1","","96.98","","","","","","NA"
"-80.38","43.46","KITCHENER/WATERLOO","6144239","2024-06-07 22:00","2024","06","07","22:00","","13.3","","11.7","","90","","0.0","","30","","15","","16.1","","97.01","","","","","","NA"
"-80.38","43.46","KITCHENER/WATERLOO","6144239","2024-06-07 23:00","2024","06","07","23:00","","12.8","","11.2","","90","","0.0","","29","","17","","16.1","","97.00","","","","","","NA"
"-80.38","43.46","KITCHENER/WATERLOO","6144239","2024-06-08 00:00","2024","06","08","00:00","","13.0","","11.3","","89","","0.0","","29","","22","","16.1","","96.99","","","","","","NA"
"-80.38","43.46","KITCHENER/WATERLOO","6144239","2024-06-08 01:00","2024","06","08","01:00","","11.8","","10.4","","91","","0.0","","28","","15","","16.1","","96.96","","","","","","NA"
"-80.38","43.46","KITCHENER/WATERLOO","6144239","2024-06-08 02:00","2024","06","08","02:00","","11.9","","10.3","","90","","0.0","","26","","18","","16.1","","96.97","","","","","","NA"
"-80.38","43.46","KITCHENER/WATERLOO","6144239","2024-06-08 03:00","2024","06","08","03:00","","11.6","","10.0","","90","","0.0","","26","","13","","16.1","","96.95","","","","","","NA"
"-80.38","43.46","KITCHENER/WATERLOO","6144239","2024-06-08 04:00","2024","06","08","04:00","","11.1","","10.4","","95","","0.0","","25","","15","","16.1","","96.99","","","","","","NA"
"-80.38","43.46","KITCHENER/WATERLOO","6144239","2024-06-08 05:00","2024","06","08","05:00","","11.0","","10.4","","96","","0.0","","25","","13","","16.1","","97.04","","","","","","NA"
"-80.38","43.46","KITCHENER/WATERLOO","6144239","2024-06-08 06:00","2024","06","08","06:00","","13.2","","11.3","","88","","0.0","","25","","15","","16.1","","97.07","","","","","","NA"
"-80.38","43.46","KITCHENER/WATERLOO","6144239","2024-06-08 07:00","2024","06","08","07:00","","15.1","","11.4","","78","","0.0","","27","","21","","16.1","","97.13","","","","","","NA"
"-80.38","43.46","KITCHENER/WATERLOO","6144239","2024-06-08 08:00","2024","06","08","08:00","","16.4","","10.7","","69","","0.0","","27","","30","","16.1","","97.16","","","","","","NA"
"-80.38","43.46","KITCHENER/WATERLOO","6144239","2024-06-08 09:00","2024","06","08","09:00","","17.4","","10.7","","64","","0.0","","30","","24","","16.1","","97.14","","","","","","NA"
"-80.38","43.46","KITCHENER/WATERLOO","6144239","2024-06-08 10:00","2024","06","08","10:00","","17.8","","9.6","","58","","0.0","","29","","34","","16.1","","97.18","","","","","","NA"
"-80.38","43.46","KITCHENER/WATERLOO","6144239","2024-06-08 11:00","2024","06","08","11:00","","18.4","","9.5","","56","","0.0","","28","","30","","16.1","","97.20","","","","","","NA"
"-80.38","43.46","KITCHENER/WATERLOO","6144239","2024-06-08 12:00","2024","06","08","12:00","","18.9","","8.6","","51","","0.0","","31","","32","","16.1","","97.21","","","","","","NA"
"-80.38","43.46","KITCHENER/WATERLOO","6144239","2024-06-08 13:00","2024","06","08","13:00","","19.1","","9.4","","53","","0.0","","30","","18","","16.1","","97.19","","","","","","NA"
"-80.38","43.46","KITCHENER/WATERLOO","6144239","2024-06-08 14:00","2024","06","08","14:00","","18.4","","9.9","","57","","0.0","","30","","13","","16.1","","97.24","","","","","","NA"
"-80.38","43.46","KITCHENER/WATERLOO","6144239","2024-06-08 15:00","2024","06","08","15:00","","15.8","","10.1","","69","","0.0","","27","","18","","16.1","","97.28","","","","","","Rain"
"-80.38","43.46","KITCHENER/WATERLOO","6144239","2024-06-08 16:00","2024","06","08","16:00","","15.1","","10.5","","74","","0.0","","30","","18","","16.1","","97.28","","","","","","Rain"
"-80.38","43.46","KITCHENER/WATERLOO","6144239","2024-06-08 17:00","2024","06","08","17:00","","13.3","","11.5","","89","","1.0","","32","","13","","16.1","","97.23","","","","","","Rain"
"-80.38","43.46","KITCHENER/WATERLOO","6144239","2024-06-08 18:00","2024","06","08","18:00","","12.9","","11.9","","94","","0.0","","29","","8","","16.1","","97.21","","","","","","Rain"
"-80.38","43.46","KITCHENER/WATERLOO","6144239","2024-06-08 19:00","2024","06","08","19:00","","12.5","","11.9","","96","","1.0","","31","","9","","16.1","","97.19","","","","","","Rain"
"-80.38","43.46","KITCHENER/WATERLOO","6144239","2024-06-08 20:00","2024","06","08","20:00","","11.8","","11.3","","97","","1.2","","32","","5","","16.1","","97.16","","","","","","Rain"
"-80.38","43.46","KITCHENER/WATERLOO","6144239","2024-06-08 21:00","2024","06","08","21:00","","12.0","","12.0","","100","","1.0","","18","","5","","16.1","","97.11","","","","","","Rain"
"-80.38","43.46","KITCHENER/WATERLOO","6144239","2024-06-08 22:00","2024","06","08","22:00","","11.7","","11.7","","100","","1.0","","","","0","","16.1","","97.06","","","","","","Rain"
"-80.38","43.46","KITCHENER/WATERLOO","6144239","2024-06-08 23:00","2024","06","08","23:00","","11.9","","11.9","","100","","1.0","","","M","4","","9.7","","97.01","","","","","","Rain,Fog"
"-80.38","43.46","KITCHENER/WATERLOO","6144239","2024-06-09 00:00","2024","06","09","00:00","","11.9","","11.9","","100","","0.5","","20","","8","","16.1","","96.90","","","","","","NA"
"-80.38","43.46","KITCHENER/WATERLOO","6144239","2024-06-09 01:00","2024","06","09","01:00","","11.9","","11.9","","100","","0.2","","22","","8","","16.1","","96.80","","","","","","Rain"
"-80.38","43.46","KITCHENER/WATERLOO","6144239","2024-06-09 02:00","2024","06","09","02:00","","12.0","","12.0","","100","","0.0","","26","","11","","16.1","","96.79","","","","","","NA"
"-80.38","43.46","KITCHENER/WATERLOO","6144239","2024-06-09 03:00","2024","06","09","03:00","","12.0","","11.9","","99","","0.0","","27","","13","","16.1","","96.79","","","","","","NA"
"-80.38","43.46","KITCHENER/WATERLOO","6144239","2024-06-09 04:00","2024","06","09","04:00","","11.9","","11.8","","99","","0.0","","28","","18","","16.1","","96.78","","","","","","NA"
"-80.38","43.46","KITCHENER/WATERLOO","6144239","2024-06-09 05:00","2024","06","09","05:00","","11.8","","11.8","","100","","0.0","","28","","11","","16.1","","96.76","","","","","","NA"
"-80.38","43.46","KITCHENER/WATERLOO","6144239","2024-06-09 06:00","2024","06","09","06:00","","12.4","","12.1","","98","","0.0","","29","","11","","16.1","","96.77","","","","","","NA"
"-80.38","43.46","KITCHENER/WATERLOO","6144239","2024-06-09 07:00","2024","06","09","07:00","","13.7","","11.8","","88","","0.0","","28","","21","","16.1","","96.79","","","","","","NA"
"-80.38","43.46","KITCHENER/WATERLOO","6144239","2024-06-09 08:00","2024","06","09","08:00","","14.8","","11.6","","81","","0.0","","26","","17","","16.1","","96.83","","","","","","NA"
"-80.38","43.46","KITCHENER/WATERLOO","6144239","2024-06-09 09:00","2024","06","09","09:00","","16.0","","10.9","","71","","0.0","","28","","18","","16.1","","96.82","","","","","","NA"
"-80.38","43.46","KITCHENER/WATERLOO","6144239","2024-06-09 10:00","2024","06","09","10:00","","17.9","","11.1","","64","","0.0","","28","","24","","16.1","","96.78","","","","","","NA"
"-80.38","43.46","KITCHENER/WATERLOO","6144239","2024-06-09 11:00","2024","06","09","11:00","","17.4","","10.7","","64","","0.0","","25","","28","","16.1","","96.73","","","","","","NA"
"-80.38","43.46","KITCHENER/WATERLOO","6144239","2024-06-09 12:00","2024","06","09","12:00","","17.4","","10.4","","63","","0.0","","27","","30","","16.1","","96.69","","","","","","NA"
"-80.38","43.46","KITCHENER/WATERLOO","6144239","2024-06-09 13:00","2024","06","09","13:00","","17.5","","9.9","","61","","0.0","","27","","37","","16.1","","96.63","","","","","","NA"
"-80.38","43.46","KITCHENER/WATERLOO","6144239","2024-06-09 14:00","2024","06","09","14:00","","16.9","","10.3","","65","","0.0","","29","","34","","16.1","","96.60","","","","","","NA"
"-80.38","43.46","KITCHENER/WATERLOO","6144239","2024-06-09 15:00","2024","06","09","15:00","","16.0","","11.0","","72","","0.0","","32","","28","","16.1","","96.63","","","","","","NA"
"-80.38","43.46","KITCHENER/WATERLOO","6144239","2024-06-09 16:00","2024","06","09","16:00","","14.7","","10.6","","76","","0.0","","31","","18","","16.1","","96.65","","","","","","NA"
"-80.38","43.46","KITCHENER/WATERLOO","6144239","2024-06-09 17:00","2024","06","09","17:00","","16.7","","9.8","","63","","0.0","","29","","32","","16.1","","96.63","","","","","","NA"
"-80.38","43.46","KITCHENER/WATERLOO","6144239","2024-06-09 18:00","2024","06","09","18:00","","13.4","","10.0","","80","","0.0","","30","","22","","16.1","","96.74","","","","","","NA"
"-80.38","43.46","KITCHENER/WATERLOO","6144239","2024-06-09 19:00","2024","06","09","19:00","","12.7","","10.0","","84","","0.0","","31","","18","","16.1","","96.79","","","","","","NA"
"-80.38","43.46","KITCHENER/WATERLOO","6144239","2024-06-09 20:00","2024","06","09","20:00","","11.4","","7.9","","79","","0.0","","30","","24","","16.1","","96.83","","","","","","NA"
"-80.38","43.46","KITCHENER/WATERLOO","6144239","2024-06-09 21:00","2024","06","09","21:00","","10.9","","8.0","","82","","0.0","","30","","15","","16.1","","96.89","","","","","","NA"
"-80.38","43.46","KITCHENER/WATERLOO","6144239","2024-06-09 22:00","2024","06","09","22:00","","11.4","","9.0","","85","","0.0","","30","","18","","16.1","","96.90","","","","","","NA"
"-80.38","43.46","KITCHENER/WATERLOO","6144239","2024-06-09 23:00","2024","06","09","23:00","","11.1","","8.9","","86","","0.0","","30","","21","","16.1","","96.89","","","","","","NA"
"-80.38","43.46","KITCHENER/WATERLOO","6144239","2024-06-10 00:00","2024","06","10","00:00","","9.5","","8.1","","91","","0.0","","31","","17","","16.1","","96.84","","","","","","NA"
"-80.38","43.46","KITCHENER/WATERLOO","6144239","2024-06-10 01:00","2024","06","10","01:00","","9.6","","8.5","","93","","0.0","","31","","18","","16.1","","96.83","","","","","","NA"
"-80.38","43.46","KITCHENER/WATERLOO","6144239","2024-06-10 02:00","2024","06","10","02:00","","10.0","","9.1","","94","","0.0","","31","","15","","16.1","","96.82","","","","","","NA"
"-80.38","43.46","KITCHENER/WATERLOO","6144239","2024-06-10 03:00","2024","06","10","03:00","","10.3","","9.5","","95","","0.0","","31","","24","","16.1","","96.79","","","","","","NA"
"-80.38","43.46","KITCHENER/WATERLOO","6144239","2024-06-10 04:00","2024","06","10","04:00","","10.4","","9.3","","93","","0.0","","30","","22","","16.1","","96.81","","","","","","NA"
"-80.38","43.46","KITCHENER/WATERLOO","6144239","2024-06-10 05:00","2024","06","10","05:00","","10.4","","9.3","","93","","0.0","","30","","18","","16.1","","96.81","","","","","","NA"
"-80.38","43.46","KITCHENER/WATERLOO","6144239","2024-06-10 06:00","2024","06","10","06:00","","10.2","","8.7","","90","","0.0","","30","","18","","16.1","","96.85","","","","","","NA"
"-80.38","43.46","KITCHENER/WATERLOO","6144239","2024-06-10 07:00","2024","06","10","07:00","","10.4","","8.2","","86","","0.0","","30","","17","","16.1","","96.93","","","","","","NA"
"-80.38","43.46","KITCHENER/WATERLOO","6144239","2024-06-10 08:00","2024","06","10","08:00","","10.0","","7.7","","86","","0.0","","32","","26","","16.1","","96.99","","","","","","NA"
"-80.38","43.46","KITCHENER/WATERLOO","6144239","2024-06-10 09:00","2024","06","10","09:00","","9.9","","6.0","","76","","0.0","","30","","18","","16.1","","97.01","","","","","","NA"
"-80.38","43.46","KITCHENER/WATERLOO","6144239","2024-06-10 10:00","2024","06","10","10:00","","10.8","","6.4","","74","","0.0","","31","","18","","16.1","","97.03","","","","","","NA"
"-80.38","43.46","KITCHENER/WATERLOO","6144239","2024-06-10 11:00","2024","06","10","11:00","","11.4","","6.8","","73","","0.0","","31","","21","","16.1","","97.08","","","","","","NA"
"-80.38","43.46","KITCHENER/WATERLOO","6144239","2024-06-10 12:00","2024","06","10","12:00","","13.6","","7.7","","67","","0.0","","33","","24","","16.1","","97.07","","","","","","NA"
"-80.38","43.46","KITCHENER/WATERLOO","6144239","2024-06-10 13:00","2024","06","10","13:00","","13.3","","7.3","","67","","0.0","","32","","17","","16.1","","97.11","","","","","","NA"
"-80.38","43.46","KITCHENER/WATERLOO","6144239","2024-06-10 14:00","2024","06","10","14:00","","14.4","","7.9","","65","","0.0","","31","","17","","16.1","","97.14","","","","","","NA"
"-80.38","43.46","KITCHENER/WATERLOO","6144239","2024-06-10 15:00","2024","06","10","15:00","","14.7","","8.5","","66","","0.0","","34","","17","","16.1","","97.15","","","","","","NA"
"-80.38","43.46","KITCHENER/WATERLOO","6144239","2024-06-10 16:00","2024","06","10","16:00","","15.7","","8.7","","63","","0.0","","33","","15","","16.1","","97.16","","","","","","NA"
"-80.38","43.46","KITCHENER/WATERLOO","6144239","2024-06-10 17:00","2024","06","10","17:00","","14.9","","8.5","","65","","0.0","","31","","17","","16.1","","97.18","","","","","","NA"
"-80.38","43.46","KITCHENER/WATERLOO","6144239","2024-06-10 18:00","2024","06","10","18:00","","14.2","","8.3","","68","","0.0","","35","","17","","16.1","","97.25","","","","","","NA"
"-80.38","43.46","KITCHENER/WATERLOO","6144239","2024-06-10 19:00","2024","06","10","19:00","","13.2","","8.1","","71","","0.0","","35","","15","","16.1","","97.30","","","","","","NA"
"-80.38","43.46","KITCHENER/WATERLOO","6144239","2024-06-10 20:00","2024","06","10","20:00","","12.3","","7.4","","72","","0.0","","34","","22","","16.1","","97.36","","","","","","NA"
"-80.38","43.46","KITCHENER/WATERLOO","6144239","2024-06-10 21:00","2024","06","10","21:00","","11.8","","7.2","","73","","0.0","","34","","13","","16.1","","97.43","","","","","","NA"
"-80.38","43.46","KITCHENER/WATERLOO","6144239","2024-06-10 22:00","2024","06","10","22:00","","11.5","","7.1","","74","","0.0","","34","","9","","16.1","","97.49","","","","","","NA"
"-80.38","43.46","KITCHENER/WATERLOO","6144239","2024-06-10 23:00","2024","06","10","23:00","","11.4","","7.3","","76","","0.0","","36","","5","","16.1","","97.54","","","","","","NA"
"-80.38","43.46","KITCHENER/WATERLOO","6144239","2024-06-11 00:00","2024","06","11","00:00","","11.4","","7.5","","77","","0.0","","33","","9","","16.1","","97.56","","","","","","NA"
"-80.38","43.46","KITCHENER/WATERLOO","6144239","2024-06-11 01:00","2024","06","11","01:00","","10.9","","7.5","","79","","0.0","","31","","9","","16.1","","97.54","","","","","","NA"
"-80.38","43.46","KITCHENER/WATERLOO","6144239","2024-06-11 02:00","2024","06","11","02:00","","10.8","","7.5","","80","","0.0","","32","","8","","16.1","","97.56","","","","","","NA"
"-80.38","43.46","KITCHENER/WATERLOO","6144239","2024-06-11 03:00","2024","06","11","03:00","","10.6","","7.7","","82","","0.0","","34","","9","","16.1","","97.58","","","","","","NA"
"-80.38","43.46","KITCHENER/WATERLOO","6144239","2024-06-11 04:00","2024","06","11","04:00","","10.3","","8.1","","86","","0.0","","33","","5","","16.1","","97.62","","","","","","NA"
"-80.38","43.46","KITCHENER/WATERLOO","6144239","2024-06-11 05:00","2024","06","11","05:00","","8.0","","7.1","","94","","0.0","","30","","8","","16.1","","97.69","","","","","","NA"
"-80.38","43.46","KITCHENER/WATERLOO","6144239","2024-06-11 06:00","2024","06","11","06:00","","9.1","","8.4","","96","","0.0","","30","","8","","16.1","","97.73","","","","","","NA"
"-80.38","43.46","KITCHENER/WATERLOO","6144239","2024-06-11 07:00","2024","06","11","07:00","","11.7","","8.3","","79","","0.0","","32","","11","","16.1","","97.76","","","","","","NA"
"-80.38","43.46","KITCHENER/WATERLOO","6144239","2024-06-11 08:00","2024","06","11","08:00","","12.0","","7.6","","74","","0.0","","4","","13","","16.1","","97.82","","","","","","NA"
"-80.38","43.46","KITCHENER/WATERLOO","6144239","2024-06-11 09:00","2024","06","11","09:00","","14.2","","9.1","","71","","0.0","","1","","9","","16.1","","97.82","","","","","","NA"
"-80.38","43.46","KITCHENER/WATERLOO","6144239","2024-06-11 10:00","2024","06","11","10:00","","15.2","","9.0","","66","","0.0","","","M","8","","16.1","","97.84","","","","","","NA"
"-80.38","43.46","KITCHENER/WATERLOO","6144239","2024-06-11 11:00","2024","06","11","11:00","","16.5","","9.7","","64","","0.0","","34","","5","","16.1","","97.82","","","","","","NA"
"-80.38","43.46","KITCHENER/WATERLOO","6144239","2024-06-11 12:00","2024","06","11","12:00","","16.6","","9.3","","62","","0.0","","3","","11","","16.1","","97.80","","","","","","NA"
"-80.38","43.46","KITCHENER/WATERLOO","6144239","2024-06-11 13:00","2024","06","11","13:00","","16.8","","8.8","","59","","0.0","","2","","5","","16.1","","97.79","","","","","","NA"
"-80.38","43.46","KITCHENER/WATERLOO","6144239","2024-06-11 14:00","2024","06","11","14:00","","17.2","","7.9","","54","","0.0","","","","0","","16.1","","97.77","","","","","","NA"
"-80.38","43.46","KITCHENER/WATERLOO","6144239","2024-06-11 15:00","2024","06","11","15:00","","17.5","","9.5","","59","","0.0","","","M","4","","16.1","","97.75","","","","","","NA"
"-80.38","43.46","KITCHENER/WATERLOO","6144239","2024-06-11 16:00","2024","06","11","16:00","","18.0","","8.8","","54","","0.0","","","","0","","16.1","","97.72","","","","","","NA"
"-80.38","43.46","KITCHENER/WATERLOO","6144239","2024-06-11 17:00","2024","06","11","17:00","","18.6","","9.7","","56","","0.0","","","M","9","","16.1","","97.69","","","","","","NA"
"-80.38","43.46","KITCHENER/WATERLOO","6144239","2024-06-11 18:00","2024","06","11","18:00","","18.0","","9.2","","56","","0.0","","16","","9","","16.1","","97.70","","","","","","NA"
"-80.38","43.46","KITCHENER/WATERLOO","6144239","2024-06-11 19:00","2024","06","11","19:00","","17.2","","9.8","","61","","0.0","","17","","17","","16.1","","97.71","","","","","","NA"
"-80.38","43.46","KITCHENER/WATERLOO","6144239","2024-06-11 20:00","2024","06","11","20:00","","15.3","","10.7","","74","","0.0","","19","","13","","16.1","","97.76","","","","","","NA"
"-80.38","43.46","KITCHENER/WATERLOO","6144239","2024-06-11 21:00","2024","06","11","21:00","","14.0","","10.3","","78","","0.0","","19","","9","","16.1","","97.81","","","","","","NA"
"-80.38","43.46","KITCHENER/WATERLOO","6144239","2024-06-11 22:00","2024","06","11","22:00","","13.1","","10.1","","82","","0.0","","18","","11","","16.1","","97.84","","","","","","NA"
"-80.38","43.46","KITCHENER/WATERLOO","6144239","2024-06-11 23:00","2024","06","11","23:00","","11.3","","9.2","","87","","0.0","","18","","8","","16.1","","97.86","","","","","","NA"
"-80.38","43.46","KITCHENER/WATERLOO","6144239","2024-06-12 00:00","2024","06","12","00:00","","11.1","","9.4","","89","","0.0","","16","","8","","16.1","","97.84","","","","","","NA"
"-80.38","43.46","KITCHENER/WATERLOO","6144239","2024-06-12 01:00","2024","06","12","01:00","","9.1","","8.8","","98","","0.0","","","","0","","16.1","","97.84","","","","","","NA"
"-80.38","43.46","KITCHENER/WATERLOO","6144239","2024-06-12 02:00","2024","06","12","02:00","","8.6","","8.6","","100","","0.0","","","","0","","16.1","","97.84","","","","","","NA"
"-80.38","43.46","KITCHENER/WATERLOO","6144239","2024-06-12 03:00","2024","06","12","03:00","","8.2","","8.2","","100","","0.0","","12","","8","","16.1","","97.83","","","","","","NA"
"-80.38","43.46","KITCHENER/WATERLOO","6144239","2024-06-12 04:00","2024","06","12","04:00","","8.6","","8.6","","100","","0.0","","11","","4","","16.1","","97.82","","","","","","NA"
"-80.38","43.46","KITCHENER/WATERLOO","6144239","2024-06-12 05:00","2024","06","12","05:00","","8.8","","8.8","","100","","0.0","","","","0","","12.9","","97.85","","","","","","NA"
"-80.38","43.46","KITCHENER/WATERLOO","6144239","2024-06-12 06:00","2024","06","12","06:00","","8.8","","8.8","","100","","0.0","","","","0","","16.1","","97.86","","","","","","NA"
"-80.38","43.46","KITCHENER/WATERLOO","6144239","2024-06-12 07:00","2024","06","12","07:00","","13.9","","12.5","","91","","0.0","","20","","11","","16.1","","97.90","","","","","","NA"
"-80.38","43.46","KITCHENER/WATERLOO","6144239","2024-06-12 08:00","2024","06","12","08:00","","15.5","","12.0","","79","","0.0","","20","","11","","16.1","","97.89","","","","","","NA"
"-80.38","43.46","KITCHENER/WATERLOO","6144239","2024-06-12 09:00","2024","06","12","09:00","","18.0","","12.1","","68","","0.0","","16","","13","","16.1","","97.88","","","","","","NA"
"-80.38","43.46","KITCHENER/WATERLOO","6144239","2024-06-12 10:00","2024","06","12","10:00","","20.0","","11.2","","57","","0.0","","16","","9","","16.1","","97.85","","","","","","NA"
"-80.38","43.46","KITCHENER/WATERLOO","6144239","2024-06-12 11:00","2024","06","12","11:00","","21.3","","11.7","","54","","0.0","","22","","15","","16.1","","97.82","","","","","","NA"
"-80.38","43.46","KITCHENER/WATERLOO","6144239","2024-06-12 12:00","2024","06","12","12:00","","22.5","","11.1","","48","","0.0","","21","","18","","16.1","","97.80","","","","","","NA"
"-80.38","43.46","KITCHENER/WATERLOO","6144239","2024-06-12 13:00","2024","06","12","13:00","","23.5","","11.0","","45","","0.0","","25","","17","","16.1","","97.75","","25","","","","NA"
"-80.38","43.46","KITCHENER/WATERLOO","6144239","2024-06-12 14:00","2024","06","12","14:00","","24.0","","10.0","","41","","0.0","","18","","13","","16.1","","97.69","","25","","","","NA"
"-80.38","43.46","KITCHENER/WATERLOO","6144239","2024-06-12 15:00","2024","06","12","15:00","","24.8","","11.1","","42","","0.0","","22","","18","","16.1","","97.66","","27","","","","NA"
"-80.38","43.46","KITCHENER/WATERLOO","6144239","2024-06-12 16:00","2024","06","12","16:00","","24.9","","11.2","","42","","0.0","","19","","17","","16.1","","97.62","","27","","","","NA"
"-80.38","43.46","KITCHENER/WATERLOO","6144239","2024-06-12 17:00","2024","06","12","17:00","","24.5","","11.7","","44","","0.0","","20","","21","","16.1","","97.57","","27","","","","NA"
"-80.38","43.46","KITCHENER/WATERLOO","6144239","2024-06-12 18:00","2024","06","12","18:00","","23.8","","12.5","","49","","0.0","","20","","21","","16.1","","97.58","","26","","","","NA"
"-80.38","43.46","KITCHENER/WATERLOO","6144239","2024-06-12 19:00","2024","06","12","19:00","","22.2","","10.6","","47","","0.0","","20","","21","","16.1","","97.58","","","","","","NA"
"-80.38","43.46","KITCHENER/WATERLOO","6144239","2024-06-12 20:00","2024","06","12","20:00","","20.3","","9.4","","49","","0.0","","18","","13","","16.1","","97.54","","","","","","NA"
"-80.38","43.46","KITCHENER/WATERLOO","6144239","2024-06-12 21:00","2024","06","12","21:00","","18.7","","9.3","","54","","0.0","","17","","11","","16.1","","97.55","","","","","","NA"
"-80.38","43.46","KITCHENER/WATERLOO","6144239","2024-06-12 22:00","2024","06","12","22:00","","18.5","","9.3","","55","","0.0","","16","","11","","16.1","","97.53","","","","","","NA"
"-80.38","43.46","KITCHENER/WATERLOO","6144239","2024-06-12 23:00","2024","06","12","23:00","","17.7","","10.7","","63","","0.0","","18","","13","","16.1","","97.52","","","","","","NA"
"-80.38","43.46","KITCHENER/WATERLOO","6144239","2024-06-13 00:00","2024","06","13","00:00","","16.8","","10.3","","65","","0.0","","18","","11","","16.1","","97.48","","","","","","NA"
"-80.38","43.46","KITCHENER/WATERLOO","6144239","2024-06-13 01:00","2024","06","13","01:00","","16.5","","10.0","","65","","0.0","","19","","11","","16.1","","97.47","","","","","","NA"
"-80.38","43.46","KITCHENER/WATERLOO","6144239","2024-06-13 02:00","2024","06","13","02:00","","16.7","","9.9","","64","","0.0","","20","","13","","16.1","","97.43","","","","","","NA"
"-80.38","43.46","KITCHENER/WATERLOO","6144239","2024-06-13 03:00","2024","06","13","03:00","","17.2","","11.0","","66","","0.0","","20","","13","","16.1","","97.38","","","","","","NA"
"-80.38","43.46","KITCHENER/WATERLOO","6144239","2024-06-13 04:00","2024","06","13","04:00","","17.7","","12.0","","69","","0.0","","20","","13","","16.1","","97.34","","","","","","NA"
"-80.38","43.46","KITCHENER/WATERLOO","6144239","2024-06-13 05:00","2024","06","13","05:00","","18.3","","12.7","","70","","0.0","","21","","11","","16.1","","97.36","","","","","","NA"
"-80.38","43.46","KITCHENER/WATERLOO","6144239","2024-06-13 06:00","2024","06","13","06:00","","18.7","","13.0","","69","","0.0","","20","","11","","16.1","","97.39","","","","","","NA"
"-80.38","43.46","KITCHENER/WATERLOO","6144239","2024-06-13 07:00","2024","06","13","07:00","","20.5","","13.9","","65","","0.0","","22","","11","","16.1","","97.39","","","","","","NA"
"-80.38","43.46","KITCHENER/WATERLOO","6144239","2024-06-13 08:00","2024","06","13","08:00","","21.9","","14.7","","63","","0.0","","22","","22","","16.1","","97.41","","26","","","","NA"
"-80.38","43.46","KITCHENER/WATERLOO","6144239","2024-06-13 09:00","2024","06","13","09:00","","24.5","","15.7","","57","","0.0","","23","","22","","16.1","","97.39","","29","","","","NA"
"-80.38","43.46","KITCHENER/WATERLOO","6144239","2024-06-13 10:00","2024","06","13","10:00","","24.7","","16.1","","58","","0.0","","22","","21","","16.1","","97.31","","29","","","","NA"
"-80.38","43.46","KITCHENER/WATERLOO","6144239","2024-06-13 11:00","2024","06","13","11:00","","26.9","","16.5","","53","","0.0","","21","","26","","16.1","","97.29","","32","","","","NA"
"-80.38","43.46","KITCHENER/WATERLOO","6144239","2024-06-13 12:00","2024","06","13","12:00","","27.7","","18.2","","56","","0.0","","18","","26","","16.1","","97.23","","34","","","","NA"
"-80.38","43.46","KITCHENER/WATERLOO","6144239","2024-06-13 13:00","2024","06","13","13:00","","26.6","","17.2","","56","","0.0","","21","","24","","16.1","","97.26","","32","","","","NA"
"-80.38","43.46","KITCHENER/WATERLOO","6144239","2024-06-13 14:00","2024","06","13","14:00","","25.9","","17.3","","58","","0.0","","20","","30","","16.1","","97.25","","31","","","","NA"
"-80.38","43.46","KITCHENER/WATERLOO","6144239","2024-06-13 15:00","2024","06","13","15:00","","28.1","","16.8","","50","","0.0","","20","","30","","16.1","","97.16","","33","","","","NA"
"-80.38","43.46","KITCHENER/WATERLOO","6144239","2024-06-13 16:00","2024","06","13","16:00","","28.1","","17.0","","50","","0.0","","20","","34","","16.1","","97.14","","33","","","","NA"
"-80.38","43.46","KITCHENER/WATERLOO","6144239","2024-06-13 17:00","2024","06","13","17:00","","27.9","","17.1","","51","","0.0","","21","","32","","16.1","","97.04","","33","","","","NA"
"-80.38","43.46","KITCHENER/WATERLOO","6144239","2024-06-13 18:00","2024","06","13","18:00","","26.4","","16.9","","55","","0.0","","21","","30","","16.1","","97.02","","32","","","","NA"
"-80.38","43.46","KITCHENER/WATERLOO","6144239","2024-06-13 19:00","2024","06","13","19:00","","26.0","","16.4","","55","","0.0","","21","","34","","16.1","","97.01","","31","","","","NA"
"-80.38","43.46","KITCHENER/WATERLOO","6144239","2024-06-13 20:00","2024","06","13","20:00","","25.0","","16.0","","57","","0.0","","22","","30","","16.1","","97.02","","30","","","","NA"
"-80.38","43.46","KITCHENER/WATERLOO","6144239","2024-06-13 21:00","2024","06","13","21:00","","23.9","","16.3","","62","","0.0","","21","","22","","16.1","","97.03","","29","","","","NA"
"-80.38","43.46","KITCHENER/WATERLOO","6144239","2024-06-13 22:00","2024","06","13","22:00","","22.8","","16.5","","67","","0.0","","25","","17","","16.1","","97.06","","28","","","","NA"
"-80.38","43.46","KITCHENER/WATERLOO","6144239","2024-06-13 23:00","2024","06","13","23:00","","19.1","","17.5","","90","","6.3","","32","","24","","6.4","","97.25","","","","","","Thunderstorms,Heavy Rain,Fog"
"-80.38","43.46","KITCHENER/WATERLOO","6144239","2024-06-14 00:00","2024","06","14","00:00","","16.9","","16.3","","96","","1.0","","30","","5","","16.1","","97.25","","","","","","NA"
"-80.38","43.46","KITCHENER/WATERLOO","6144239","2024-06-14 01:00","2024","06","14","01:00","","16.8","","15.5","","92","","0.5","","30","","11","","16.1","","97.36","","","","","","Rain"
"-80.38","43.46","KITCHENER/WATERLOO","6144239","2024-06-14 02:00","2024","06","14","02:00","","16.2","","15.1","","93","","0.0","","27","","9","","16.1","","97.35","","","","","","Rain"
"-80.38","43.46","KITCHENER/WATERLOO","6144239","2024-06-14 03:00","2024","06","14","03:00","","15.1","","14.2","","94","","0.0","","30","","11","","16.1","","97.28","","","","","","NA"
"-80.38","43.46","KITCHENER/WATERLOO","6144239","2024-06-14 04:00","2024","06","14","04:00","","14.1","","14.1","","100","","0.0","","28","","9","","16.1","","97.28","","","","","","NA"
"-80.38","43.46","KITCHENER/WATERLOO","6144239","2024-06-14 05:00","2024","06","14","05:00","","14.5","","13.6","","94","","0.0","","26","","11","","16.1","","97.40","","","","","","NA"
"-80.38","43.46","KITCHENER/WATERLOO","6144239","2024-06-14 06:00","2024","06","14","06:00","","15.7","","13.9","","89","","0.0","","30","","11","","16.1","","97.47","","","","","","NA"
"-80.38","43.46","KITCHENER/WATERLOO","6144239","2024-06-14 07:00","2024","06","14","07:00","","16.6","","13.6","","82","","0.0","","29","","15","","16.1","","97.52","","","","","","NA"
"-80.38","43.46","KITCHENER/WATERLOO","6144239","2024-06-14 08:00","2024","06","14","08:00","","17.4","","12.8","","74","","0.0","","31","","18","","16.1","","97.56","","","","","","NA"
"-80.38","43.46","KITCHENER/WATERLOO","6144239","2024-06-14 09:00","2024","06","14","09:00","","18.5","","12.0","","66","","0.0","","32","","15","","16.1","","97.58","","","","","","NA"
"-80.38","43.46","KITCHENER/WATERLOO","6144239","2024-06-14 10:00","2024","06","14","10:00","","20.2","","13.0","","63","","0.0","","30","","18","","16.1","","97.61","","","","","","NA"
"-80.38","43.46","KITCHENER/WATERLOO","6144239","2024-06-14 11:00","2024","06","14","11:00","","21.2","","13.0","","59","","0.0","","31","","21","","16.1","","97.62","","","","","","NA"
"-80.38","43.46","KITCHENER/WATERLOO","6144239","2024-06-14 12:00","2024","06","14","12:00","","21.6","","12.4","","55","","0.0","","33","","18","","16.1","","97.65","","","","","","NA"
"-80.38","43.46","KITCHENER/WATERLOO","6144239","2024-06-14 13:00","2024","06","14","13:00","","21.9","","12.1","","53","","0.0","","34","","15","","16.1","","97.63","","","","","","NA"
"-80.38","43.46","KITCHENER/WATERLOO","6144239","2024-06-14 14:00","2024","06","14","14:00","","21.1","","11.6","","54","","0.0","","33","","15","","16.1","","97.62","","","","","","NA"
"-80.38","43.46","KITCHENER/WATERLOO","6144239","2024-06-14 15:00","2024","06","14","15:00","","23.2","","11.1","","46","","0.0","","29","","18","","16.1","","97.61","","25","","","","NA"
"-80.38","43.46","KITCHENER/WATERLOO","6144239","2024-06-14 16:00","2024","06","14","16:00","","22.8","","11.5","","48","","0.0","","32","","15","","16.1","","97.63","","25","","","","NA"
"-80.38","43.46","KITCHENER/WATERLOO","6144239","2024-06-14 17:00","2024","06","14","17:00","","22.1","","11.5","","51","","0.0","","30","","24","","16.1","","97.66","","","","","","NA"
"-80.38","43.46","KITCHENER/WATERLOO","6144239","2024-06-14 18:00","2024","06","14","18:00","","20.7","","11.5","","55","","0.0","","33","","28","","16.1","","97.72","","","","","","NA"
"-80.38","43.46","KITCHENER/WATERLOO","6144239","2024-06-14 19:00","2024","06","14","19:00","","18.7","","11.0","","61","","0.0","","33","","22","","16.1","","97.78","","","","","","NA"
"-80.38","43.46","KITCHENER/WATERLOO","6144239","2024-06-14 20:00","2024","06","14","20:00","","16.5","","9.7","","64","","0.0","","32","","17","","16.1","","97.83","","","","","","NA"
"-80.38","43.46","KITCHENER/WATERLOO","6144239","2024-06-14 21:00","2024","06","14","21:00","","14.9","","10.6","","75","","0.0","","32","","13","","16.1","","97.91","","","","","","NA"
"-80.38","43.46","KITCHENER/WATERLOO","6144239","2024-06-14 22:00","2024","06","14","22:00","","13.5","","10.9","","84","","0.0","","32","","13","","16.1","","97.98","","","","","","NA"
"-80.38","43.46","KITCHENER/WATERLOO","6144239","2024-06-14 23:00","2024","06","14","23:00","","12.0","","9.9","","87","","0.0","","32","","8","","16.1","","97.99","","","","","","NA"
"-80.38","43.46","KITCHENER/WATERLOO","6144239","2024-06-15 00:00","2024","06","15","00:00","","10.4","","9.4","","93","","0.0","","30","","8","","16.1","","98.00","","","","","","NA"
"-80.38","43.46","KITCHENER/WATERLOO","6144239","2024-06-15 01:00","2024","06","15","01:00","","9.9","","9.2","","96","","0.0","","30","","11","","16.1","","98.00","","","","","","NA"
"-80.38","43.46","KITCHENER/WATERLOO","6144239","2024-06-15 02:00","2024","06","15","02:00","","9.6","","9.0","","96","","0.0","","31","","9","","16.1","","98.11","","","","","","NA"
"-80.38","43.46","KITCHENER/WATERLOO","6144239","2024-06-15 03:00","2024","06","15","03:00","","8.5","","8.5","","100","","0.0","","33","","5","","16.1","","98.11","","","","","","NA"
"-80.38","43.46","KITCHENER/WATERLOO","6144239","2024-06-15 04:00","2024","06","15","04:00","","8.5","","8.5","","100","","0.0","","34","","5","","16.1","","98.13","","","","","","NA"
"-80.38","43.46","KITCHENER/WATERLOO","6144239","2024-06-15 05:00","2024","06","15","05:00","","8.2","","8.2","","100","","0.0","","32","","5","","16.1","","98.17","","","","","","NA"
"-80.38","43.46","KITCHENER/WATERLOO","6144239","2024-06-15 06:00","2024","06","15","06:00","","11.3","","10.4","","94","","0.0","","35","","5","","16.1","","98.19","","","","","","NA"
"-80.38","43.46","KITCHENER/WATERLOO","6144239","2024-06-15 07:00","2024","06","15","07:00","","13.3","","10.4","","83","","0.0","","34","","11","","16.1","","98.32","","","","","","NA"
"-80.38","43.46","KITCHENER/WATERLOO","6144239","2024-06-15 08:00","2024","06","15","08:00","","15.6","","9.6","","67","","0.0","","6","","9","","16.1","","98.36","","","","","","NA"
"-80.38","43.46","KITCHENER/WATERLOO","6144239","2024-06-15 09:00","2024","06","15","09:00","","17.1","","9.7","","61","","0.0","","","M","8","","16.1","","98.38","","","","","","NA"
"-80.38","43.46","KITCHENER/WATERLOO","6144239","2024-06-15 10:00","2024","06","15","10:00","","18.3","","10.1","","59","","0.0","","","M","8","","16.1","","98.40","","","","","","NA"
"-80.38","43.46","KITCHENER/WATERLOO","6144239","2024-06-15 11:00","2024","06","15","11:00","","19.6","","9.4","","51","","0.0","","","M","9","","16.1","","98.33","","","","","","NA"
"-80.38","43.46","KITCHENER/WATERLOO","6144239","2024-06-15 12:00","2024","06","15","12:00","","20.6","","8.3","","45","","0.0","","32","","17","","16.1","","98.39","","","","","","NA"
"-80.38","43.46","KITCHENER/WATERLOO","6144239","2024-06-15 13:00","2024","06","15","13:00","","21.0","","10.0","","49","","0.0","","31","","18","","16.1","","98.38","","","","","","NA"
"-80.38","43.46","KITCHENER/WATERLOO","6144239","2024-06-15 14:00","2024","06","15","14:00","","21.0","","7.0","","40","","0.0","","34","","13","","16.1","","98.34","","","","","","NA"
"-80.38","43.46","KITCHENER/WATERLOO","6144239","2024-06-15 15:00","2024","06","15","15:00","","21.7","","8.1","","41","","0.0","","","M","9","","16.1","","98.29","","","","","","NA"
"-80.38","43.46","KITCHENER/WATERLOO","6144239","2024-06-15 16:00","2024","06","15","16:00","","22.0","","8.7","","42","","0.0","","34","","13","","16.1","","98.26","","","","","","NA"
"-80.38","43.46","KITCHENER/WATERLOO","6144239","2024-06-15 17:00","2024","06","15","17:00","","22.0","","7.8","","40","","0.0","","1","","5","","16.1","","98.25","","","","","","NA"
"-80.38","43.46","KITCHENER/WATERLOO","6144239","2024-06-15 18:00","2024","06","15","18:00","","21.7","","5.1","","34","","0.0","","","M","4","","16.1","","98.28","","","","","","NA"
"-80.38","43.46","KITCHENER/WATERLOO","6144239","2024-06-15 19:00","2024","06","15","19:00","","18.6","","9.7","","56","","0.0","","","","0","","16.1","","98.28","","","","","","NA"
"-80.38","43.46","KITCHENER/WATERLOO","6144239","2024-06-15 20:00","2024","06","15","20:00","","16.5","","10.9","","69","","0.0","","9","","11","","16.1","","98.25","","","","","","NA"
"-80.38","43.46","KITCHENER/WATERLOO","6144239","2024-06-15 21:00","2024","06","15","21:00","","13.9","","9.8","","76","","0.0","","9","","9","","16.1","","98.33","","","","","","NA"
"-80.38","43.46","KITCHENER/WATERLOO","6144239","2024-06-15 22:00","2024","06","15","22:00","","13.0","","9.7","","80","","0.0","","9","","11","","16.1","","98.34","","","","","","NA"
"-80.38","43.46","KITCHENER/WATERLOO","6144239","2024-06-15 23:00","2024","06","15","23:00","","11.7","","9.3","","85","","0.0","","7","","8","","16.1","","98.33","","","","","","NA"
"-80.38","43.46","KITCHENER/WATERLOO","6144239","2024-06-16 00:00","2024","06","16","00:00","","11.1","","9.0","","87","","0.0","","7","","9","","16.1","","98.34","","","","","","NA"
"-80.38","43.46","KITCHENER/WATERLOO","6144239","2024-06-16 01:00","2024","06","16","01:00","","11.2","","9.0","","86","","0.0","","6","","8","","16.1","","98.33","","","","","","NA"
"-80.38","43.46","KITCHENER/WATERLOO","6144239","2024-06-16 02:00","2024","06","16","02:00","","10.4","","9.0","","91","","0.0","","6","","5","","16.1","","98.37","","","","","","NA"
"-80.38","43.46","KITCHENER/WATERLOO","6144239","2024-06-16 03:00","2024","06","16","03:00","","9.5","","9.1","","97","","0.0","","6","","8","","16.1","","98.38","","","","","","NA"
"-80.38","43.46","KITCHENER/WATERLOO","6144239","2024-06-16 04:00","2024","06","16","04:00","","9.4","","8.8","","96","","0.0","","","","0","","16.1","","98.40","","","","","","NA"
"-80.38","43.46","KITCHENER/WATERLOO","6144239","2024-06-16 05:00","2024","06","16","05:00","","10.5","","10.1","","97","","0.0","","","","0","","16.1","","98.43","","","","","","NA"
"-80.38","43.46","KITCHENER/WATERLOO","6144239","2024-06-16 06:00","2024","06","16","06:00","","12.2","","11.1","","93","","0.0","","10","","4","","16.1","","98.44","","","","","","NA"
"-80.38","43.46","KITCHENER/WATERLOO","6144239","2024-06-16 07:00","2024","06","16","07:00","","14.4","","10.6","","78","","0.0","","9","","8","","16.1","","98.44","","","","","","NA"
"-80.38","43.46","KITCHENER/WATERLOO","6144239","2024-06-16 08:00","2024","06","16","08:00","","16.5","","10.7","","68","","0.0","","11","","13","","16.1","","98.40","","","","","","NA"
"-80.38","43.46","KITCHENER/WATERLOO","6144239","2024-06-16 09:00","2024","06","16","09:00","","17.8","","10.2","","61","","0.0","","12","","13","","16.1","","98.38","","","","","","NA"
"-80.38","43.46","KITCHENER/WATERLOO","6144239","2024-06-16 10:00","2024","06","16","10:00","","20.2","","10.4","","53","","0.0","","12","","17","","16.1","","98.37","","","","","","NA"
"-80.38","43.46","KITCHENER/WATERLOO","6144239","2024-06-16 11:00","2024","06","16","11:00","","21.8","","11.1","","50","","0.0","","14","","24","","16.1","","98.30","","","","","","NA"
"-80.38","43.46","KITCHENER/WATERLOO","6144239","2024-06-16 12:00","2024","06","16","12:00","","22.9","","10.8","","46","","0.0","","12","","18","","16.1","","98.26","","25","","","","NA"
"-80.38","43.46","KITCHENER/WATERLOO","6144239","2024-06-16 13:00","2024","06","16","13:00","","23.8","","11.4","","45","","0.0","","12","","17","","16.1","","98.21","","26","","","","NA"
"-80.38","43.46","KITCHENER/WATERLOO","6144239","2024-06-16 14:00","2024","06","16","14:00","","24.6","","12.9","","48","","0.0","","14","","18","","16.1","","98.12","","27","","","","NA"
"-80.38","43.46","KITCHENER/WATERLOO","6144239","2024-06-16 15:00","2024","06","16","15:00","","25.1","","13.0","","46","","0.0","","13","","18","","16.1","","98.08","","28","","","","NA"
"-80.38","43.46","KITCHENER/WATERLOO","6144239","2024-06-16 16:00","2024","06","16","16:00","","24.9","","13.6","","49","","0.0","","13","","22","","16.1","","98.06","","28","","","","NA"
"-80.38","43.46","KITCHENER/WATERLOO","6144239","2024-06-16 17:00","2024","06","16","17:00","","24.2","","14.3","","54","","0.0","","12","","17","","16.1","","97.96","","28","","","","NA"
"-80.38","43.46","KITCHENER/WATERLOO","6144239","2024-06-16 18:00","2024","06","16","18:00","","22.5","","13.2","","55","","0.0","","12","","22","","16.1","","97.91","","25","","","","NA"
"-80.38","43.46","KITCHENER/WATERLOO","6144239","2024-06-16 19:00","2024","06","16","19:00","","19.3","","11.2","","59","","0.0","","11","","24","","16.1","","97.85","","","","","","NA"
"-80.38","43.46","KITCHENER/WATERLOO","6144239","2024-06-16 20:00","2024","06","16","20:00","","16.1","","10.7","","70","","0.0","","11","","9","","16.1","","97.89","","","","","","NA"
"-80.38","43.46","KITCHENER/WATERLOO","6144239","2024-06-16 21:00","2024","06","16","21:00","","14.1","","10.2","","77","","0.0","","9","","9","","16.1","","97.89","","","","","","NA"
"-80.38","43.46","KITCHENER/WATERLOO","6144239","2024-06-16 22:00","2024","06","16","22:00","","13.6","","10.4","","81","","0.0","","11","","8","","16.1","","97.85","","","","","","NA"
"-80.38","43.46","KITCHENER/WATERLOO","6144239","2024-06-16 23:00","2024","06","16","23:00","","13.0","","10.8","","86","","0.0","","","","0","","16.1","","97.84","","","","","","NA"
"-80.38","43.46","KITCHENER/WATERLOO","6144239","2024-06-17 00:00","2024","06","17","00:00","","12.8","","11.1","","89","","0.0","","5","","4","","16.1","","97.83","","","","","","NA"
"-80.38","43.46","KITCHENER/WATERLOO","6144239","2024-06-17 01:00","2024","06","17","01:00","","13.0","","11.9","","93","","0.0","","","","0","","16.1","","97.82","","","","","","NA"
"-80.38","43.46","KITCHENER/WATERLOO","6144239","2024-06-17 02:00","2024","06","17","02:00","","13.3","","12.0","","92","","0.0","","1","","4","","16.1","","97.80","","","","","","NA"
"-80.38","43.46","KITCHENER/WATERLOO","6144239","2024-06-17 03:00","2024","06","17","03:00","","12.3","","11.8","","97","","0.0","","","","0","","16.1","","97.77","","","","","","NA"
"-80.38","43.46","KITCHENER/WATERLOO","6144239","2024-06-17 04:00","2024","06","17","04:00","","12.8","","12.3","","97","","0.0","","11","","8","","16.1","","97.75","","","","","","NA"
"-80.38","43.46","KITCHENER/WATERLOO","6144239","2024-06-17 05:00","2024","06","17","05:00","","14.4","","13.1","","92","","0.0","","","","0","","16.1","","97.80","","","","","","NA"
"-80.38","43.46","KITCHENER/WATERLOO","6144239","2024-06-17 06:00","2024","06","17","06:00","","17.1","","14.8","","86","","0.0","","20","","4","","16.1","","97.84","","","","","","NA"
"-80.38","43.46","KITCHENER/WATERLOO","6144239","2024-06-17 07:00","2024","06","17","07:00","","21.0","","16.6","","76","","0.0","","","","0","","16.1","","97.89","","26","","","","NA"
"-80.38","43.46","KITCHENER/WATERLOO","6144239","2024-06-17 08:00","2024","06","17","08:00","","24.4","","17.3","","64","","0.0","","21","","9","","16.1","","97.87","","30","","","","NA"
"-80.38","43.46","KITCHENER/WATERLOO","6144239","2024-06-17 09:00","2024","06","17","09:00","","25.6","","17.0","","58","","0.0","","21","","18","","16.1","","97.87","","31","","","","NA"
"-80.38","43.46","KITCHENER/WATERLOO","6144239","2024-06-17 10:00","2024","06","17","10:00","","26.7","","19.0","","62","","0.0","","24","","17","","16.1","","97.90","","33","","","","NA"
"-80.38","43.46","KITCHENER/WATERLOO","6144239","2024-06-17 11:00","2024","06","17","11:00","","27.5","","18.7","","58","","0.0","","19","","24","","16.1","","97.89","","34","","","","NA"
"-80.38","43.46","KITCHENER/WATERLOO","6144239","2024-06-17 12:00","2024","06","17","12:00","","25.5","","19.3","","68","","0.0","","21","","26","","16.1","","97.94","","33","","","","NA"
"-80.38","43.46","KITCHENER/WATERLOO","6144239","2024-06-17 13:00","2024","06","17","13:00","","21.5","","21.2","","98","","0.8","","21","","15","","16.1","","97.99","","30","","","","Rain"
"-80.38","43.46","KITCHENER/WATERLOO","6144239","2024-06-17 14:00","2024","06","17","14:00","","24.1","","21.0","","83","","0.0","","18","","13","","16.1","","97.95","","33","","","","NA"
"-80.38","43.46","KITCHENER/WATERLOO","6144239","2024-06-17 15:00","2024","06","17","15:00","","26.0","","20.9","","73","","0.0","","18","","13","","16.1","","97.91","","34","","","","NA"
"-80.38","43.46","KITCHENER/WATERLOO","6144239","2024-06-17 16:00","2024","06","17","16:00","","27.9","","22.2","","71","","0.0","","20","","15","","16.1","","97.85","","37","","","","NA"
"-80.38","43.46","KITCHENER/WATERLOO","6144239","2024-06-17 17:00","2024","06","17","17:00","","28.9","","22.0","","66","","0.0","","21","","17","","16.1","","97.78","","38","","","","NA"
"-80.38","43.46","KITCHENER/WATERLOO","6144239","2024-06-17 18:00","2024","06","17","18:00","","28.9","","21.4","","63","","0.0","","20","","17","","16.1","","97.81","","38","","","","NA"
"-80.38","43.46","KITCHENER/WATERLOO","6144239","2024-06-17 19:00","2024","06","17","19:00","","28.1","","21.8","","68","","0.0","","19","","15","","16.1","","97.84","","37","","","","NA"
"-80.38","43.46","KITCHENER/WATERLOO","6144239","2024-06-17 20:00","2024","06","17","20:00","","26.6","","21.7","","74","","0.0","","20","","9","","16.1","","97.84","","36","","","","NA"
"-80.38","43.46","KITCHENER/WATERLOO","6144239","2024-06-17 21:00","2024","06","17","21:00","","25.9","","21.6","","77","","0.0","","20","","11","","16.1","","97.95","","35","","","","NA"
"-80.38","43.46","KITCHENER/WATERLOO","6144239","2024-06-17 22:00","2024","06","17","22:00","","24.7","","21.3","","81","","0.0","","18","","11","","16.1","","98.00","","33","","","","NA"
"-80.38","43.46","KITCHENER/WATERLOO","6144239","2024-06-17 23:00","2024","06","17","23:00","","24.0","","20.8","","82","","0.0","","18","","9","","16.1","","98.04","","32","","","","NA"
"-80.38","43.46","KITCHENER/WATERLOO","6144239","2024-06-18 00:00","2024","06","18","00:00","","23.1","","20.5","","85","","0.0","","19","","11","","16.1","","98.08","","31","","","","NA"
"-80.38","43.46","KITCHENER/WATERLOO","6144239","2024-06-18 01:00","2024","06","18","01:00","","22.3","","20.4","","89","","0.0","","18","","8","","16.1","","98.07","","30","","","","NA"
"-80.38","43.46","KITCHENER/WATERLOO","6144239","2024-06-18 02:00","2024","06","18","02:00","","21.5","","20.3","","93","","0.0","","18","","8","","16.1","","98.07","","29","","","","NA"
"-80.38","43.46","KITCHENER/WATERLOO","6144239","2024-06-18 03:00","2024","06","18","03:00","","20.6","","20.1","","97","","0.0","","13","","5","","16.1","","98.08","","28","","","","NA"
"-80.38","43.46","KITCHENER/WATERLOO","6144239","2024-06-18 04:00","2024","06","18","04:00","","21.6","","20.3","","92","","0.0","","19","","5","","16.1","","98.07","","29","","","","NA"
"-80.38","43.46","KITCHENER/WATERLOO","6144239","2024-06-18 05:00","2024","06","18","05:00","","20.8","","20.3","","97","","0.0","","","M","4","","16.1","","98.14","","29","","","","Thunderstorms"
"-80.38","43.46","KITCHENER/WATERLOO","6144239","2024-06-18 06:00","2024","06","18","06:00","","23.0","","20.8","","87","","0.0","","18","","13","","16.1","","98.19","","31","","","","NA"
"-80.38","43.46","KITCHENER/WATERLOO","6144239","2024-06-18 07:00","2024","06","18","07:00","","23.9","","21.1","","84","","0.0","","18","","11","","16.1","","98.25","","32","","","","NA"
"-80.38","43.46","KITCHENER/WATERLOO","6144239","2024-06-18 08:00","2024","06","18","08:00","","25.4","","21.8","","80","","0.0","","17","","11","","16.1","","98.33","","35","","","","NA"
"-80.38","43.46","KITCHENER/WATERLOO","6144239","2024-06-18 09:00","2024","06","18","09:00","","26.9","","23.1","","79","","0.0","","14","","15","","16.1","","98.35","","37","","","","NA"
"-80.38","43.46","KITCHENER/WATERLOO","6144239","2024-06-18 10:00","2024","06","18","10:00","","27.1","","23.3","","79","","0.0","","12","","18","","16.1","","98.36","","38","","","","NA"
"-80.38","43.46","KITCHENER/WATERLOO","6144239","2024-06-18 11:00","2024","06","18","11:00","","28.9","","23.4","","72","","0.0","","18","","15","","16.1","","98.38","","40","","","","NA"
"-80.38","43.46","KITCHENER/WATERLOO","6144239","2024-06-18 12:00","2024","06","18","12:00","","30.5","","23.9","","67","","0.0","","17","","17","","16.1","","98.36","","42","","","","NA"
"-80.38","43.46","KITCHENER/WATERLOO","6144239","2024-06-18 13:00","2024","06","18","13:00","","31.1","","23.7","","64","","0.0","","17","","17","","16.1","","98.30","","42","","","","NA"
"-80.38","43.46","KITCHENER/WATERLOO","6144239","2024-06-18 14:00","2024","06","18","14:00","","30.5","","23.6","","66","","0.0","","17","","22","","16.1","","98.27","","41","","","","NA"
"-80.38","43.46","KITCHENER/WATERLOO","6144239","2024-06-18 15:00","2024","06","18","15:00","","31.0","","22.3","","59","","0.0","","19","","18","","16.1","","98.28","","41","","","","NA"
"-80.38","43.46","KITCHENER/WATERLOO","6144239","2024-06-18 16:00","2024","06","18","16:00","","31.2","","22.3","","59","","0.0","","20","","24","","16.1","","98.25","","41","","","","NA"
"-80.38","43.46","KITCHENER/WATERLOO","6144239","2024-06-18 17:00","2024","06","18","17:00","","29.9","","22.5","","64","","0.0","","20","","18","","16.1","","98.29","","40","","","","NA"
"-80.38","43.46","KITCHENER/WATERLOO","6144239","2024-06-18 18:00","2024","06","18","18:00","","29.6","","21.8","","63","","0.0","","19","","24","","16.1","","98.25","","39","","","","NA"
"-80.38","43.46","KITCHENER/WATERLOO","6144239","2024-06-18 19:00","2024","06","18","19:00","","27.0","","20.9","","69","","0.0","","20","","17","","16.1","","98.29","","35","","","","NA"
"-80.38","43.46","KITCHENER/WATERLOO","6144239","2024-06-18 20:00","2024","06","18","20:00","","25.4","","18.9","","67","","0.0","","21","","9","","16.1","","98.28","","32","","","","NA"
"-80.38","43.46","KITCHENER/WATERLOO","6144239","2024-06-18 21:00","2024","06","18","21:00","","24.1","","18.8","","72","","0.0","","19","","11","","16.1","","98.32","","31","","","","NA"
"-80.38","43.46","KITCHENER/WATERLOO","6144239","2024-06-18 22:00","2024","06","18","22:00","","23.4","","18.7","","75","","0.0","","18","","9","","16.1","","98.32","","30","","","","NA"
"-80.38","43.46","KITCHENER/WATERLOO","6144239","2024-06-18 23:00","2024","06","18","23:00","","23.5","","18.5","","73","","0.0","","18","","15","","16.1","","98.36","","30","","","","NA"
"-80.38","43.46","KITCHENER/WATERLOO","6144239","2024-06-19 00:00","2024","06","19","00:00","","22.7","","18.9","","79","","0.0","","21","","8","","16.1","","98.39","","29","","","","NA"
"-80.38","43.46","KITCHENER/WATERLOO","6144239","2024-06-19 01:00","2024","06","19","01:00","","21.9","","19.0","","83","","0.0","","16","","8","","16.1","","98.42","","29","","","","NA"
"-80.38","43.46","KITCHENER/WATERLOO","6144239","2024-06-19 02:00","2024","06","19","02:00","","22.0","","19.4","","85","","0.0","","21","","8","","16.1","","98.46","","29","","","","NA"
"-80.38","43.46","KITCHENER/WATERLOO","6144239","2024-06-19 03:00","2024","06","19","03:00","","23.3","","19.7","","80","","0.0","","20","","9","","16.1","","98.46","","31","","","","NA"
"-80.38","43.46","KITCHENER/WATERLOO","6144239","2024-06-19 04:00","2024","06","19","04:00","","23.3","","19.9","","81","","0.0","","21","","11","","16.1","","98.51","","31","","","","NA"
"-80.38","43.46","KITCHENER/WATERLOO","6144239","2024-06-19 05:00","2024","06","19","05:00","","23.1","","19.9","","82","","0.0","","20","","15","","16.1","","98.52","","31","","","","NA"
"-80.38","43.46","KITCHENER/WATERLOO","6144239","2024-06-19 06:00","2024","06","19","06:00","","23.0","","20.2","","84","","0.0","","19","","11","","16.1","","98.54","","31","","","","NA"
"-80.38","43.46","KITCHENER/WATERLOO","6144239","2024-06-19 07:00","2024","06","19","07:00","","23.3","","20.9","","86","","0.0","","","M","4","","16.1","","98.61","","32","","","","NA"
"-80.38","43.46","KITCHENER/WATERLOO","6144239","2024-06-19 08:00","2024","06","19","08:00","","24.5","","21.1","","81","","0.0","","19","","8","","16.1","","98.67","","33","","","","NA"
"-80.38","43.46","KITCHENER/WATERLOO","6144239","2024-06-19 09:00","2024","06","19","09:00","","26.3","","21.6","","75","","0.0","","19","","8","","16.1","","98.66","","35","","","","NA"
"-80.38","43.46","KITCHENER/WATERLOO","6144239","2024-06-19 10:00","2024","06","19","10:00","","29.1","","21.3","","62","","0.0","","21","","11","","16.1","","98.67","","38","","","","NA"
"-80.38","43.46","KITCHENER/WATERLOO","6144239","2024-06-19 11:00","2024","06","19","11:00","","30.2","","21.7","","60","","0.0","","24","","18","","16.1","","98.68","","39","","","","NA"
"-80.38","43.46","KITCHENER/WATERLOO","6144239","2024-06-19 12:00","2024","06","19","12:00","","31.6","","21.5","","55","","0.0","","23","","24","","16.1","","98.67","","40","","","","NA"
"-80.38","43.46","KITCHENER/WATERLOO","6144239","2024-06-19 13:00","2024","06","19","13:00","","32.0","","22.3","","56","","0.0","","23","","26","","16.1","","98.65","","42","","","","NA"
"-80.38","43.46","KITCHENER/WATERLOO","6144239","2024-06-19 14:00","2024","06","19","14:00","","32.5","","22.0","","53","","0.0","","25","","21","","16.1","","98.62","","42","","","","NA"
"-80.38","43.46","KITCHENER/WATERLOO","6144239","2024-06-19 15:00","2024","06","19","15:00","","32.8","","22.4","","54","","0.0","","24","","18","","16.1","","98.61","","42","","","","NA"
"-80.38","43.46","KITCHENER/WATERLOO","6144239","2024-06-19 16:00","2024","06","19","16:00","","30.9","","22.2","","59","","0.0","","19","","15","","16.1","","98.57","","40","","","","NA"
"-80.38","43.46","KITCHENER/WATERLOO","6144239","2024-06-19 17:00","2024","06","19","17:00","","31.8","","22.7","","58","","0.0","","20","","17","","16.1","","98.55","","42","","","","NA"
"-80.38","43.46","KITCHENER/WATERLOO","6144239","2024-06-19 18:00","2024","06","19","18:00","","29.4","","22.2","","65","","0.0","","22","","11","","11.3","","98.57","","39","","","","Thunderstorms"
"-80.38","43.46","KITCHENER/WATERLOO","6144239","2024-06-19 19:00","2024","06","19","19:00","","24.7","","22.7","","88","","0.2","","30","","21","","16.1","","98.68","","35","","","","Thunderstorms,Rain"
"-80.38","43.46","KITCHENER/WATERLOO","6144239","2024-06-19 20:00","2024","06","19","20:00","","21.9","","20.8","","94","","0.8","","","M","8","","16.1","","98.66","","30","","","","Rain"
"-80.38","43.46","KITCHENER/WATERLOO","6144239","2024-06-19 21:00","2024","06","19","21:00","","20.5","","20.3","","99","","0.0","","8","","5","","16.1","","98.69","","28","","","","NA"
"-80.38","43.46","KITCHENER/WATERLOO","6144239","2024-06-19 22:00","2024","06","19","22:00","","20.0","","20.0","","100","","0.0","","","","0","","16.1","","98.72","","28","","","","NA"
"-80.38","43.46","KITCHENER/WATERLOO","6144239","2024-06-19 23:00","2024","06","19","23:00","","19.7","","19.7","","100","","0.0","","32","","4","","4.0","","98.69","","","","","","Fog"
"-80.38","43.46","KITCHENER/WATERLOO","6144239","2024-06-20 00:00","2024","06","20","00:00","","20.1","","20.1","","100","","0.0","","","","0","","8.1","","98.75","","28","","","","Fog"
"-80.38","43.46","KITCHENER/WATERLOO","6144239","2024-06-20 01:00","2024","06","20","01:00","","21.8","","20.8","","94","","2.5","","26","","34","","16.1","","98.91","","30","","","","Thunderstorms,Moderate Rain"
"-80.38","43.46","KITCHENER/WATERLOO","6144239","2024-06-20 02:00","2024","06","20","02:00","","20.3","","20.3","","100","","10.1","","","","0","","4.0","","98.86","","28","","","","Rain,Fog"
"-80.38","43.46","KITCHENER/WATERLOO","6144239","2024-06-20 03:00","2024","06","20","03:00","","20.0","","20.0","","100","","1.5","","2","","9","","16.1","","98.75","","28","","","","Rain"
"-80.38","43.46","KITCHENER/WATERLOO","6144239","2024-06-20 04:00","2024","06","20","04:00","","19.8","","19.8","","100","","0.0","","","","0","","16.1","","98.77","","","","","","NA"
"-80.38","43.46","KITCHENER/WATERLOO","6144239","2024-06-20 05:00","2024","06","20","05:00","","19.7","","19.7","","100","","0.0","","3","","8","","16.1","","98.77","","","","","","NA"
"-80.38","43.46","KITCHENER/WATERLOO","6144239","2024-06-20 06:00","2024","06","20","06:00","","20.4","","20.4","","100","","0.0","","","","0","","16.1","","98.76","","28","","","","NA"
"-80.38","43.46","KITCHENER/WATERLOO","6144239","2024-06-20 07:00","2024","06","20","07:00","","21.6","","20.6","","94","","0.0","","","M","4","","16.1","","98.82","","30","","","","NA"
"-80.38","43.46","KITCHENER/WATERLOO","6144239","2024-06-20 08:00","2024","06","20","08:00","","23.6","","20.8","","84","","0.0","","17","","9","","16.1","","98.84","","32","","","","NA"
"-80.38","43.46","KITCHENER/WATERLOO","6144239","2024-06-20 09:00","2024","06","20","09:00","","25.0","","21.7","","82","","0.0","","19","","9","","16.1","","98.85","","34","","","","NA"
"-80.38","43.46","KITCHENER/WATERLOO","6144239","2024-06-20 10:00","2024","06","20","10:00","","26.3","","22.1","","77","","0.2","","27","","9","","16.1","","98.85","","36","","","","NA"
"-80.38","43.46","KITCHENER/WATERLOO","6144239","2024-06-20 11:00","2024","06","20","11:00","","26.7","","22.5","","77","","0.0","","28","","11","","16.1","","98.86","","36","","","","NA"
"-80.38","43.46","KITCHENER/WATERLOO","6144239","2024-06-20 12:00","2024","06","20","12:00","","27.8","","22.3","","72","","0.0","","27","","5","","16.1","","98.84","","37","","","","NA"
"-80.38","43.46","KITCHENER/WATERLOO","6144239","2024-06-20 13:00","2024","06","20","13:00","","28.5","","23.2","","72","","0.0","","20","","8","","16.1","","98.80","","39","","","","NA"
"-80.38","43.46","KITCHENER/WATERLOO","6144239","2024-06-20 14:00","2024","06","20","14:00","","28.1","","22.0","","69","","0.0","","","M","4","","16.1","","98.73","","37","","","","NA"
"-80.38","43.46","KITCHENER/WATERLOO","6144239","2024-06-20 15:00","2024","06","20","15:00","","28.8","","21.8","","66","","0.0","","17","","5","","16.1","","98.65","","38","","","","NA"
"-80.38","43.46","KITCHENER/WATERLOO","6144239","2024-06-20 16:00","2024","06","20","16:00","","27.0","","24.2","","84","","0.0","","5","","9","","16.1","","98.62","","38","","","","Thunderstorms,Rain"
"-80.38","43.46","KITCHENER/WATERLOO","6144239","2024-06-20 17:00","2024","06","20","17:00","","23.0","","22.0","","94","","2.8","","19","","9","","16.1","","98.61","","32","","","","Thunderstorms,Rain"
"-80.38","43.46","KITCHENER/WATERLOO","6144239","2024-06-20 18:00","2024","06","20","18:00","","23.8","","22.8","","94","","0.0","","34","","9","","16.1","","98.69","","34","","","","NA"
"-80.38","43.46","KITCHENER/WATERLOO","6144239","2024-06-20 19:00","2024","06","20","19:00","","23.9","","22.0","","89","","0.0","","36","","15","","16.1","","98.63","","33","","","","NA"
"-80.38","43.46","KITCHENER/WATERLOO","6144239","2024-06-20 20:00","2024","06","20","20:00","","22.2","","21.7","","97","","0.0","","5","","8","","16.1","","98.65","","31","","","","NA"
"-80.38","43.46","KITCHENER/WATERLOO","6144239","2024-06-20 21:00","2024","06","20","21:00","","21.1","","21.1","","100","","0.0","","4","","4","","16.1","","98.67","","30","","","","NA"
"-80.38","43.46","KITCHENER/WATERLOO","6144239","2024-06-20 22:00","2024","06","20","22:00","","21.2","","21.0","","99","","0.0","","","M","4","","16.1","","98.67","","30","","","","NA"
"-80.38","43.46","KITCHENER/WATERLOO","6144239","2024-06-20 23:00","2024","06","20","23:00","","20.3","","20.3","","100","","0.0","","4","","4","","9.7","","98.68","","28","","","","Fog"
"-80.38","43.46","KITCHENER/WATERLOO","6144239","2024-06-21 00:00","2024","06","21","00:00","","19.7","","19.7","","100","","0.2","","7","","4","","1.6","","98.65","","","","","","Fog"
"-80.38","43.46","KITCHENER/WATERLOO","6144239","2024-06-21 01:00","2024","06","21","01:00","","20.1","","20.1","","100","","0.0","","6","","4","","8.1","","98.62","","28","","","","Fog"
"-80.38","43.46","KITCHENER/WATERLOO","6144239","2024-06-21 02:00","2024","06","21","02:00","","20.4","","20.4","","100","","0.0","","","M","4","","12.9","","98.57","","28","","","","NA"
"-80.38","43.46","KITCHENER/WATERLOO","6144239","2024-06-21 03:00","2024","06","21","03:00","","20.5","","20.5","","100","","0.0","","4","","4","","8.1","","98.55","","28","","","","Fog"
"-80.38","43.46","KITCHENER/WATERLOO","6144239","2024-06-21 04:00","2024","06","21","04:00","","19.2","","19.2","","100","","0.0","","","","0","","1.0","","98.52","","","","","","Fog"
"-80.38","43.46","KITCHENER/WATERLOO","6144239","2024-06-21 05:00","2024","06","21","05:00","","18.4","","18.4","","100","","0.0","","","","0","","0.8","","98.53","","","","","","Fog"
"-80.38","43.46","KITCHENER/WATERLOO","6144239","2024-06-21 06:00","2024","06","21","06:00","","20.1","","20.1","","100","","0.0","","","","0","","6.4","","98.54","","28","","","","Fog"
"-80.38","43.46","KITCHENER/WATERLOO","6144239","2024-06-21 07:00","2024","06","21","07:00","","21.2","","21.2","","100","","0.0","","4","","5","","12.9","","98.57","","30","","","","NA"
"-80.38","43.46","KITCHENER/WATERLOO","6144239","2024-06-21 08:00","2024","06","21","08:00","","22.7","","22.0","","96","","0.0","","","","0","","8.1","","98.57","","32","","","","Fog"
"-80.38","43.46","KITCHENER/WATERLOO","6144239","2024-06-21 09:00","2024","06","21","09:00","","24.5","","22.6","","89","","0.0","","","","0","","9.7","","98.54","","34","","","","Fog"
"-80.38","43.46","KITCHENER/WATERLOO","6144239","2024-06-21 10:00","2024","06","21","10:00","","26.2","","23.3","","84","","0.0","","","M","5","","12.9","","98.49","","37","","","","NA"
"-80.38","43.46","KITCHENER/WATERLOO","6144239","2024-06-21 11:00","2024","06","21","11:00","","27.6","","22.5","","73","","0.0","","","M","9","","16.1","","98.47","","37","","","","NA"
"-80.38","43.46","KITCHENER/WATERLOO","6144239","2024-06-21 12:00","2024","06","21","12:00","","29.3","","21.8","","63","","0.0","","22","","13","","16.1","","98.41","","38","","","","NA"
"-80.38","43.46","KITCHENER/WATERLOO","6144239","2024-06-21 13:00","2024","06","21","13:00","","27.0","","22.9","","78","","0.2","","25","","13","","16.1","","98.35","","37","","","","Rain"
"-80.38","43.46","KITCHENER/WATERLOO","6144239","2024-06-21 14:00","2024","06","21","14:00","","28.3","","22.9","","72","","0.0","","21","","17","","16.1","","98.27","","38","","","","NA"
"-80.38","43.46","KITCHENER/WATERLOO","6144239","2024-06-21 15:00","2024","06","21","15:00","","29.4","","21.6","","62","","0.0","","28","","24","","16.1","","98.24","","38","","","","NA"
"-80.38","43.46","KITCHENER/WATERLOO","6144239","2024-06-21 16:00","2024","06","21","16:00","","28.8","","21.9","","66","","0.0","","29","","15","","16.1","","98.19","","38","","","","NA"
"-80.38","43.46","KITCHENER/WATERLOO","6144239","2024-06-21 17:00","2024","06","21","17:00","","28.1","","21.7","","68","","0.0","","29","","15","","16.1","","98.18","","37","","","","NA"
"-80.38","43.46","KITCHENER/WATERLOO","6144239","2024-06-21 18:00","2024","06","21","18:00","","27.3","","21.3","","69","","0.0","","31","","15","","16.1","","98.15","","36","","","","NA"
"-80.38","43.46","KITCHENER/WATERLOO","6144239","2024-06-21 19:00","2024","06","21","19:00","","26.4","","22.0","","76","","0.0","","33","","8","","16.1","","98.15","","36","","","","NA"
"-80.38","43.46","KITCHENER/WATERLOO","6144239","2024-06-21 20:00","2024","06","21","20:00","","23.3","","22.3","","94","","0.0","","9","","9","","16.1","","98.17","","33","","","","NA"
"-80.38","43.46","KITCHENER/WATERLOO","6144239","2024-06-21 21:00","2024","06","21","21:00","","21.8","","21.7","","100","","0.0","","7","","8","","16.1","","98.19","","31","","","","NA"
"-80.38","43.46","KITCHENER/WATERLOO","6144239","2024-06-21 22:00","2024","06","21","22:00","","21.5","","21.5","","100","","0.0","","","M","4","","16.1","","98.18","","30","","","","NA"
"-80.38","43.46","KITCHENER/WATERLOO","6144239","2024-06-21 23:00","2024","06","21","23:00","","20.9","","20.9","","100","","0.0","","11","","8","","12.9","","98.13","","29","","","","NA"
"-80.38","43.46","KITCHENER/WATERLOO","6144239","2024-06-22 00:00","2024","06","22","00:00","","20.3","","20.3","","100","","0.0","","8","","5","","9.7","","98.10","","28","","","","Fog"
"-80.38","43.46","KITCHENER/WATERLOO","6144239","2024-06-22 01:00","2024","06","22","01:00","","20.1","","20.1","","100","","0.0","","","M","4","","6.4","","98.07","","28","","","","Fog"
"-80.38","43.46","KITCHENER/WATERLOO","6144239","2024-06-22 02:00","2024","06","22","02:00","","19.9","","19.9","","100","","0.0","","5","","8","","6.4","","98.03","","","","","","Fog"
"-80.38","43.46","KITCHENER/WATERLOO","6144239","2024-06-22 03:00","2024","06","22","03:00","","19.2","","19.2","","100","","0.0","","5","","4","","1.2","","98.01","","","","","","Fog"
"-80.38","43.46","KITCHENER/WATERLOO","6144239","2024-06-22 04:00","2024","06","22","04:00","","18.3","","18.3","","100","","0.0","","3","","4","","1.2","","97.98","","","","","","Fog"
"-80.38","43.46","KITCHENER/WATERLOO","6144239","2024-06-22 05:00","2024","06","22","05:00","","19.1","","19.1","","100","","0.0","","","","0","","3.2","","97.98","","","","","","Fog"
"-80.38","43.46","KITCHENER/WATERLOO","6144239","2024-06-22 06:00","2024","06","22","06:00","","20.0","","20.0","","100","","0.0","","","","0","","4.8","","97.99","","28","","","","Fog"
"-80.38","43.46","KITCHENER/WATERLOO","6144239","2024-06-22 07:00","2024","06","22","07:00","","22.0","","22.0","","100","","0.0","","","","0","","6.4","","97.97","","31","","","","Fog"
"-80.38","43.46","KITCHENER/WATERLOO","6144239","2024-06-22 08:00","2024","06","22","08:00","","23.7","","21.6","","88","","0.0","","","","0","","16.1","","97.94","","33","","","","NA"
"-80.38","43.46","KITCHENER/WATERLOO","6144239","2024-06-22 09:00","2024","06","22","09:00","","25.8","","21.8","","78","","0.0","","","M","4","","16.1","","97.90","","35","","","","NA"
"-80.38","43.46","KITCHENER/WATERLOO","6144239","2024-06-22 10:00","2024","06","22","10:00","","28.0","","21.6","","68","","0.0","","22","","11","","16.1","","97.84","","37","","","","NA"
"-80.38","43.46","KITCHENER/WATERLOO","6144239","2024-06-22 11:00","2024","06","22","11:00","","28.8","","22.6","","69","","0.0","","18","","17","","16.1","","97.76","","39","","","","NA"
"-80.38","43.46","KITCHENER/WATERLOO","6144239","2024-06-22 12:00","2024","06","22","12:00","","26.2","","22.9","","82","","1.3","","26","","17","","16.1","","97.69","","36","","","","Thunderstorms,Rain"
"-80.38","43.46","KITCHENER/WATERLOO","6144239","2024-06-22 13:00","2024","06","22","13:00","","28.7","","24.0","","75","","1.0","","20","","13","","16.1","","97.58","","40","","","","NA"
"-80.38","43.46","KITCHENER/WATERLOO","6144239","2024-06-22 14:00","2024","06","22","14:00","","30.6","","21.8","","59","","0.0","","23","","32","","16.1","","97.50","","40","","","","NA"
"-80.38","43.46","KITCHENER/WATERLOO","6144239","2024-06-22 15:00","2024","06","22","15:00","","29.8","","20.5","","57","","0.0","","22","","26","","16.1","","97.44","","38","","","","NA"
"-80.38","43.46","KITCHENER/WATERLOO","6144239","2024-06-22 16:00","2024","06","22","16:00","","29.7","","19.2","","53","","0.0","","23","","28","","16.1","","97.38","","37","","","","NA"
"-80.38","43.46","KITCHENER/WATERLOO","6144239","2024-06-22 17:00","2024","06","22","17:00","","24.1","","22.2","","89","","0.0","","6","","24","","16.1","","97.38","","34","","","","NA"
"-80.38","43.46","KITCHENER/WATERLOO","6144239","2024-06-22 18:00","2024","06","22","18:00","","21.4","","20.6","","95","","0.0","","9","","17","","6.4","","97.39","","29","","","","Fog"
"-80.38","43.46","KITCHENER/WATERLOO","6144239","2024-06-22 19:00","2024","06","22","19:00","","20.5","","20.0","","97","","0.0","","12","","15","","6.4","","97.34","","28","","","","Fog"
"-80.38","43.46","KITCHENER/WATERLOO","6144239","2024-06-22 20:00","2024","06","22","20:00","","20.2","","19.7","","97","","0.0","","13","","13","","9.7","","97.23","","28","","","","Rain,Fog"
"-80.38","43.46","KITCHENER/WATERLOO","6144239","2024-06-22 21:00","2024","06","22","21:00","","19.8","","19.3","","97","","0.0","","13","","15","","12.9","","97.21","","","","","","NA"
"-80.38","43.46","KITCHENER/WATERLOO","6144239","2024-06-22 22:00","2024","06","22","22:00","","19.6","","19.6","","100","","0.0","","12","","11","","11.3","","97.17","","","","","","Rain"
"-80.38","43.46","KITCHENER/WATERLOO","6144239","2024-06-22 23:00","2024","06","22","23:00","","19.6","","19.6","","100","","0.2","","15","","13","","6.4","","97.08","","","","","","Fog"
"-80.38","43.46","KITCHENER/WATERLOO","6144239","2024-06-23 00:00","2024","06","23","00:00","","20.2","","20.2","","100","","0.0","","15","","8","","6.4","","96.96","","28","","","","Rain,Fog"
"-80.38","43.46","KITCHENER/WATERLOO","6144239","2024-06-23 01:00","2024","06","23","01:00","","20.3","","20.3","","100","","0.0","","15","","9","","4.8","","96.82","","28","","","","Fog"
"-80.38","43.46","KITCHENER/WATERLOO","6144239","2024-06-23 02:00","2024","06","23","02:00","","21.4","","20.9","","97","","0.0","","19","","11","","9.7","","96.75","","30","","","","Fog"
"-80.38","43.46","KITCHENER/WATERLOO","6144239","2024-06-23 03:00","2024","06","23","03:00","","21.9","","21.1","","95","","0.0","","20","","11","","12.9","","96.66","","30","","","","NA"
"-80.38","43.46","KITCHENER/WATERLOO","6144239","2024-06-23 04:00","2024","06","23","04:00","","22.6","","20.9","","90","","0.0","","23","","11","","16.1","","96.55","","31","","","","NA"
"-80.38","43.46","KITCHENER/WATERLOO","6144239","2024-06-23 05:00","2024","06","23","05:00","","22.5","","20.9","","90","","0.0","","20","","9","","16.1","","96.45","","31","","","","NA"
"-80.38","43.46","KITCHENER/WATERLOO","6144239","2024-06-23 06:00","2024","06","23","06:00","","23.3","","20.7","","85","","0.0","","21","","21","","16.1","","96.40","","31","","","","Rain"
"-80.38","43.46","KITCHENER/WATERLOO","6144239","2024-06-23 07:00","2024","06","23","07:00","","22.7","","21.2","","91","","0.8","","23","","22","","14.5","","96.37","","31","","","","Rain"
"-80.38","43.46","KITCHENER/WATERLOO","6144239","2024-06-23 08:00","2024","06","23","08:00","","23.2","","21.8","","92","","0.0","","22","","21","","16.1","","96.37","","32","","","","NA"
"-80.38","43.46","KITCHENER/WATERLOO","6144239","2024-06-23 09:00","2024","06","23","09:00","","25.0","","21.1","","78","","0.0","","24","","24","","16.1","","96.32","","34","","","","NA"
"-80.38","43.46","KITCHENER/WATERLOO","6144239","2024-06-23 10:00","2024","06","23","10:00","","22.0","","19.7","","87","","0.2","","23","","26","","11.3","","96.32","","29","","","","Rain"
"-80.38","43.46","KITCHENER/WATERLOO","6144239","2024-06-23 11:00","2024","06","23","11:00","","22.4","","19.9","","85","","0.2","","23","","34","","16.1","","96.31","","30","","","","NA"
"-80.38","43.46","KITCHENER/WATERLOO","6144239","2024-06-23 12:00","2024","06","23","12:00","","23.1","","20.8","","87","","0.0","","24","","30","","16.1","","96.30","","31","","","","NA"
"-80.38","43.46","KITCHENER/WATERLOO","6144239","2024-06-23 13:00","2024","06","23","13:00","","23.2","","19.6","","80","","0.0","","27","","41","","16.1","","96.29","","30","","","","NA"
"-80.38","43.46","KITCHENER/WATERLOO","6144239","2024-06-23 14:00","2024","06","23","14:00","","23.2","","17.6","","70","","0.0","","28","","48","","16.1","","96.32","","29","","","","NA"
"-80.38","43.46","KITCHENER/WATERLOO","6144239","2024-06-23 15:00","2024","06","23","15:00","","21.8","","17.5","","76","","0.0","","28","","46","","16.1","","96.40","","27","","","","NA"
"-80.38","43.46","KITCHENER/WATERLOO","6144239","2024-06-23 16:00","2024","06","23","16:00","","21.4","","17.8","","79","","0.0","","27","","35","","16.1","","96.43","","27","","","","NA"
"-80.38","43.46","KITCHENER/WATERLOO","6144239","2024-06-23 17:00","2024","06","23","17:00","","20.8","","16.2","","75","","0.0","","29","","45","","16.1","","96.46","","26","","","","NA"
"-80.38","43.46","KITCHENER/WATERLOO","6144239","2024-06-23 18:00","2024","06","23","18:00","","20.1","","15.1","","73","","0.0","","29","","30","","16.1","","96.57","","","","","","NA"
"-80.38","43.46","KITCHENER/WATERLOO","6144239","2024-06-23 19:00","2024","06","23","19:00","","19.3","","14.5","","73","","0.0","","30","","28","","16.1","","96.60","","","","","","NA"
"-80.38","43.46","KITCHENER/WATERLOO","6144239","2024-06-23 20:00","2024","06","23","20:00","","17.9","","14.3","","79","","0.0","","30","","17","","16.1","","96.68","","","","","","NA"
"-80.38","43.46","KITCHENER/WATERLOO","6144239","2024-06-23 21:00","2024","06","23","21:00","","17.6","","14.0","","79","","0.0","","30","","17","","16.1","","96.75","","","","","","NA"
"-80.38","43.46","KITCHENER/WATERLOO","6144239","2024-06-23 22:00","2024","06","23","22:00","","17.0","","13.9","","82","","0.0","","30","","17","","16.1","","96.78","","","","","","NA"
"-80.38","43.46","KITCHENER/WATERLOO","6144239","2024-06-23 23:00","2024","06","23","23:00","","16.1","","13.8","","86","","0.0","","30","","11","","16.1","","96.84","","","","","","NA"
"-80.38","43.46","KITCHENER/WATERLOO","6144239","2024-06-24 00:00","2024","06","24","00:00","","15.0","","13.4","","90","","0.0","","30","","11","","16.1","","96.90","","","","","","NA"
"-80.38","43.46","KITCHENER/WATERLOO","6144239","2024-06-24 01:00","2024","06","24","01:00","","15.3","","13.2","","87","","0.0","","31","","18","","16.1","","96.97","","","","","","NA"
"-80.38","43.46","KITCHENER/WATERLOO","6144239","2024-06-24 02:00","2024","06","24","02:00","","15.6","","12.9","","84","","0.0","","32","","21","","16.1","","97.01","","","","","","NA"
"-80.38","43.46","KITCHENER/WATERLOO","6144239","2024-06-24 03:00","2024","06","24","03:00","","15.7","","12.7","","82","","0.0","","32","","17","","16.1","","97.03","","","","","","NA"
"-80.38","43.46","KITCHENER/WATERLOO","6144239","2024-06-24 04:00","2024","06","24","04:00","","15.4","","12.7","","84","","0.0","","32","","15","","16.1","","97.14","","","","","","NA"
"-80.38","43.46","KITCHENER/WATERLOO","6144239","2024-06-24 05:00","2024","06","24","05:00","","15.5","","13.3","","87","","0.0","","30","","11","","16.1","","97.23","","","","","","NA"
"-80.38","43.46","KITCHENER/WATERLOO","6144239","2024-06-24 06:00","2024","06","24","06:00","","16.0","","13.9","","87","","0.0","","31","","11","","16.1","","97.32","","","","","","NA"
"-80.38","43.46","KITCHENER/WATERLOO","6144239","2024-06-24 07:00","2024","06","24","07:00","","16.9","","14.6","","86","","0.0","","32","","13","","16.1","","97.39","","","","","","NA"
"-80.38","43.46","KITCHENER/WATERLOO","6144239","2024-06-24 08:00","2024","06","24","08:00","","19.5","","14.8","","74","","0.0","","33","","15","","16.1","","97.43","","","","","","NA"
"-80.38","43.46","KITCHENER/WATERLOO","6144239","2024-06-24 09:00","2024","06","24","09:00","","21.9","","15.6","","67","","0.0","","33","","13","","16.1","","97.48","","26","","","","NA"
"-80.38","43.46","KITCHENER/WATERLOO","6144239","2024-06-24 10:00","2024","06","24","10:00","","23.3","","15.7","","62","","0.0","","32","","21","","16.1","","97.55","","28","","","","NA"
"-80.38","43.46","KITCHENER/WATERLOO","6144239","2024-06-24 11:00","2024","06","24","11:00","","24.2","","14.4","","54","","0.0","","34","","17","","16.1","","97.57","","28","","","","NA"
"-80.38","43.46","KITCHENER/WATERLOO","6144239","2024-06-24 12:00","2024","06","24","12:00","","25.2","","15.8","","56","","0.0","","33","","13","","16.1","","97.59","","30","","","","NA"
"-80.38","43.46","KITCHENER/WATERLOO","6144239","2024-06-24 13:00","2024","06","24","13:00","","25.0","","14.2","","51","","0.0","","1","","17","","16.1","","97.60","","28","","","","NA"
"-80.38","43.46","KITCHENER/WATERLOO","6144239","2024-06-24 14:00","2024","06","24","14:00","","26.2","","16.0","","53","","0.0","","33","","15","","16.1","","97.61","","31","","","","NA"
"-80.38","43.46","KITCHENER/WATERLOO","6144239","2024-06-24 15:00","2024","06","24","15:00","","25.4","","13.9","","49","","0.0","","34","","18","","16.1","","97.60","","29","","","","NA"
"-80.38","43.46","KITCHENER/WATERLOO","6144239","2024-06-24 16:00","2024","06","24","16:00","","24.5","","13.9","","51","","0.0","","32","","17","","16.1","","97.59","","28","","","","NA"
"-80.38","43.46","KITCHENER/WATERLOO","6144239","2024-06-24 17:00","2024","06","24","17:00","","25.5","","14.1","","49","","0.0","","31","","21","","16.1","","97.60","","29","","","","NA"
"-80.38","43.46","KITCHENER/WATERLOO","6144239","2024-06-24 18:00","2024","06","24","18:00","","24.5","","12.9","","48","","0.0","","32","","17","","16.1","","97.57","","27","","","","NA"
"-80.38","43.46","KITCHENER/WATERLOO","6144239","2024-06-24 19:00","2024","06","24","19:00","","22.6","","13.3","","55","","0.0","","31","","11","","16.1","","97.60","","26","","","","NA"
"-80.38","43.46","KITCHENER/WATERLOO","6144239","2024-06-24 20:00","2024","06","24","20:00","","19.6","","13.4","","67","","0.0","","32","","5","","16.1","","97.60","","","","","","NA"
"-80.38","43.46","KITCHENER/WATERLOO","6144239","2024-06-24 21:00","2024","06","24","21:00","","16.9","","13.8","","82","","0.0","","","","0","","16.1","","97.60","","","","","","NA"
"-80.38","43.46","KITCHENER/WATERLOO","6144239","2024-06-24 22:00","2024","06","24","22:00","","16.0","","13.9","","87","","0.0","","29","","8","","16.1","","97.62","","","","","","NA"
"-80.38","43.46","KITCHENER/WATERLOO","6144239","2024-06-24 23:00","2024","06","24","23:00","","14.3","","12.6","","89","","0.0","","","","0","","16.1","","97.58","","","","","","NA"
"-80.38","43.46","KITCHENER/WATERLOO","6144239","2024-06-25 00:00","2024","06","25","00:00","","13.9","","13.9","","100","","0.0","","","","0","","16.1","","97.59","","","","","","NA"
"-80.38","43.46","KITCHENER/WATERLOO","6144239","2024-06-25 01:00","2024","06","25","01:00","","13.4","","13.4","","100","","0.0","","","","0","","16.1","","97.64","","","","","","NA"
"-80.38","43.46","KITCHENER/WATERLOO","6144239","2024-06-25 02:00","2024","06","25","02:00","","12.6","","12.6","","100","","0.0","","7","","4","","16.1","","97.63","","","","","","NA"
"-80.38","43.46","KITCHENER/WATERLOO","6144239","2024-06-25 03:00","2024","06","25","03:00","","12.5","","12.5","","100","","0.0","","12","","5","","16.1","","97.49","","","","","","NA"
"-80.38","43.46","KITCHENER/WATERLOO","6144239","2024-06-25 04:00","2024","06","25","04:00","","12.1","","12.1","","100","","0.0","","","","0","","16.1","","97.47","","","","","","NA"
"-80.38","43.46","KITCHENER/WATERLOO","6144239","2024-06-25 05:00","2024","06","25","05:00","","14.7","","13.0","","89","","0.0","","12","","5","","16.1","","97.39","","","","","","NA"
"-80.38","43.46","KITCHENER/WATERLOO","6144239","2024-06-25 06:00","2024","06","25","06:00","","16.6","","13.9","","84","","0.0","","19","","13","","16.1","","97.44","","","","","","NA"
"-80.38","43.46","KITCHENER/WATERLOO","6144239","2024-06-25 07:00","2024","06","25","07:00","","17.4","","14.7","","84","","0.0","","19","","17","","16.1","","97.50","","","","","","NA"
"-80.38","43.46","KITCHENER/WATERLOO","6144239","2024-06-25 08:00","2024","06","25","08:00","","18.6","","15.5","","82","","0.0","","19","","18","","16.1","","97.43","","","","","","NA"
"-80.38","43.46","KITCHENER/WATERLOO","6144239","2024-06-25 09:00","2024","06","25","09:00","","19.5","","15.7","","79","","0.0","","19","","22","","16.1","","97.33","","","","","","NA"
"-80.38","43.46","KITCHENER/WATERLOO","6144239","2024-06-25 10:00","2024","06","25","10:00","","20.4","","16.0","","76","","0.0","","20","","30","","16.1","","97.24","","25","","","","NA"
"-80.38","43.46","KITCHENER/WATERLOO","6144239","2024-06-25 11:00","2024","06","25","11:00","","21.1","","16.1","","73","","0.0","","18","","35","","16.1","","96.97","","26","","","","NA"
"-80.38","43.46","KITCHENER/WATERLOO","6144239","2024-06-25 12:00","2024","06","25","12:00","","22.9","","16.4","","67","","0.0","","18","","28","","16.1","","96.90","","28","","","","NA"
"-80.38","43.46","KITCHENER/WATERLOO","6144239","2024-06-25 13:00","2024","06","25","13:00","","23.1","","17.7","","71","","0.0","","22","","24","","16.1","","96.99","","29","","","","NA"
"-80.38","43.46","KITCHENER/WATERLOO","6144239","2024-06-25 14:00","2024","06","25","14:00","","22.2","","18.5","","79","","0.0","","24","","24","","16.1","","96.97","","29","","","","NA"
"-80.38","43.46","KITCHENER/WATERLOO","6144239","2024-06-25 15:00","2024","06","25","15:00","","24.9","","18.4","","67","","0.0","","22","","39","","16.1","","96.89","","31","","","","NA"
"-80.38","43.46","KITCHENER/WATERLOO","6144239","2024-06-25 16:00","2024","06","25","16:00","","24.0","","18.1","","69","","0.0","","22","","34","","16.1","","96.90","","30","","","","NA"
"-80.38","43.46","KITCHENER/WATERLOO","6144239","2024-06-25 17:00","2024","06","25","17:00","","23.3","","18.8","","76","","0.0","","21","","22","","16.1","","96.90","","30","","","","NA"
"-80.38","43.46","KITCHENER/WATERLOO","6144239","2024-06-25 18:00","2024","06","25","18:00","","23.2","","18.3","","74","","0.0","","22","","30","","16.1","","96.90","","29","","","","NA"
"-80.38","43.46","KITCHENER/WATERLOO","6144239","2024-06-25 19:00","2024","06","25","19:00","","22.6","","18.6","","78","","0.0","","21","","24","","16.1","","96.89","","29","","","","NA"
"-80.38","43.46","KITCHENER/WATERLOO","6144239","2024-06-25 20:00","2024","06","25","20:00","","22.0","","18.8","","82","","0.0","","22","","18","","16.1","","96.90","","29","","","","NA"
"-80.38","43.46","KITCHENER/WATERLOO","6144239","2024-06-25 21:00","2024","06","25","21:00","","21.5","","18.9","","85","","0.0","","21","","15","","16.1","","96.94","","28","","","","NA"
"-80.38","43.46","KITCHENER/WATERLOO","6144239","2024-06-25 22:00","2024","06","25","22:00","","21.1","","19.1","","88","","0.0","","20","","9","","16.1","","96.93","","28","","","","NA"
"-80.38","43.46","KITCHENER/WATERLOO","6144239","2024-06-25 23:00","2024","06","25","23:00","","20.8","","19.1","","90","","0.0","","22","","11","","16.1","","96.90","","28","","","","NA"
"-80.38","43.46","KITCHENER/WATERLOO","6144239","2024-06-26 00:00","2024","06","26","00:00","","20.6","","19.5","","93","","0.0","","24","","15","","16.1","","96.94","","28","","","","NA"
"-80.38","43.46","KITCHENER/WATERLOO","6144239","2024-06-26 01:00","2024","06","26","01:00","","21.1","","19.9","","93","","0.0","","29","","13","","16.1","","97.00","","29","","","","NA"
"-80.38","43.46","KITCHENER/WATERLOO","6144239","2024-06-26 02:00","2024","06","26","02:00","","20.4","","19.8","","96","","0.0","","29","","9","","16.1","","96.99","","28","","","","NA"
"-80.38","43.46","KITCHENER/WATERLOO","6144239","2024-06-26 03:00","2024","06","26","03:00","","19.3","","18.7","","96","","0.0","","29","","8","","16.1","","97.02","","","","","","NA"
"-80.38","43.46","KITCHENER/WATERLOO","6144239","2024-06-26 04:00","2024","06","26","04:00","","17.1","","17.1","","100","","0.0","","23","","8","","16.1","","97.05","","","","","","NA"
"-80.38","43.46","KITCHENER/WATERLOO","6144239","2024-06-26 05:00","2024","06","26","05:00","","16.0","","16.0","","100","","0.0","","19","","5","","1.6","","97.01","","","","","","Fog"
"-80.38","43.46","KITCHENER/WATERLOO","6144239","2024-06-26 06:00","2024","06","26","06:00","","18.7","","18.7","","100","","0.0","","21","","8","","16.1","","97.05","","","","","","NA"
"-80.38","43.46","KITCHENER/WATERLOO","6144239","2024-06-26 07:00","2024","06","26","07:00","","21.2","","17.4","","78","","0.0","","","M","4","","16.1","","97.07","","27","","","","NA"
"-80.38","43.46","KITCHENER/WATERLOO","6144239","2024-06-26 08:00","2024","06","26","08:00","","23.5","","15.8","","61","","0.0","","24","","8","","16.1","","97.07","","28","","","","NA"
"-80.38","43.46","KITCHENER/WATERLOO","6144239","2024-06-26 09:00","2024","06","26","09:00","","25.2","","15.3","","54","","0.0","","23","","18","","16.1","","97.06","","29","","","","NA"
"-80.38","43.46","KITCHENER/WATERLOO","6144239","2024-06-26 10:00","2024","06","26","10:00","","26.6","","14.2","","46","","0.0","","24","","15","","16.1","","97.05","","30","","","","NA"
"-80.38","43.46","KITCHENER/WATERLOO","6144239","2024-06-26 11:00","2024","06","26","11:00","","26.8","","13.9","","45","","0.0","","22","","13","","16.1","","97.01","","30","","","","NA"
"-80.38","43.46","KITCHENER/WATERLOO","6144239","2024-06-26 12:00","2024","06","26","12:00","","25.6","","14.9","","51","","0.0","","20","","13","","16.1","","97.02","","30","","","","NA"
"-80.38","43.46","KITCHENER/WATERLOO","6144239","2024-06-26 13:00","2024","06","26","13:00","","24.9","","15.4","","55","","0.0","","19","","11","","16.1","","96.89","","29","","","","NA"
"-80.38","43.46","KITCHENER/WATERLOO","6144239","2024-06-26 14:00","2024","06","26","14:00","","21.8","","17.4","","76","","0.0","","20","","17","","16.1","","96.94","","27","","","","Thunderstorms,Rain"
"-80.38","43.46","KITCHENER/WATERLOO","6144239","2024-06-26 15:00","2024","06","26","15:00","","17.0","","16.2","","95","","5.0","","20","","18","","16.1","","97.11","","","","","","Thunderstorms,Rain"
"-80.38","43.46","KITCHENER/WATERLOO","6144239","2024-06-26 16:00","2024","06","26","16:00","","17.6","","16.0","","90","","1.8","","27","","13","","16.1","","96.92","","","","","","NA"
"-80.38","43.46","KITCHENER/WATERLOO","6144239","2024-06-26 17:00","2024","06","26","17:00","","18.7","","15.8","","83","","0.0","","16","","11","","16.1","","96.88","","","","","","NA"
"-80.38","43.46","KITCHENER/WATERLOO","6144239","2024-06-26 18:00","2024","06","26","18:00","","18.4","","16.3","","87","","0.0","","20","","11","","16.1","","96.90","","","","","","NA"
"-80.38","43.46","KITCHENER/WATERLOO","6144239","2024-06-26 19:00","2024","06","26","19:00","","19.1","","15.7","","80","","0.0","","","M","4","","16.1","","96.93","","","","","","NA"
"-80.38","43.46","KITCHENER/WATERLOO","6144239","2024-06-26 20:00","2024","06","26","20:00","","17.8","","15.7","","87","","0.0","","24","","11","","16.1","","96.95","","","","","","NA"
"-80.38","43.46","KITCHENER/WATERLOO","6144239","2024-06-26 21:00","2024","06","26","21:00","","17.0","","16.2","","95","","0.0","","24","","11","","16.1","","96.99","","","","","","NA"
"-80.38","43.46","KITCHENER/WATERLOO","6144239","2024-06-26 22:00","2024","06","26","22:00","","16.9","","16.4","","97","","0.0","","29","","9","","16.1","","97.09","","","","","","NA"
"-80.38","43.46","KITCHENER/WATERLOO","6144239","2024-06-26 23:00","2024","06","26","23:00","","15.2","","14.1","","93","","0.0","","31","","13","","16.1","","97.09","","","","","","NA"
"-80.38","43.46","KITCHENER/WATERLOO","6144239","2024-06-27 00:00","2024","06","27","00:00","","14.0","","13.7","","98","","0.0","","32","","8","","16.1","","97.11","","","","","","NA"
"-80.38","43.46","KITCHENER/WATERLOO","6144239","2024-06-27 01:00","2024","06","27","01:00","","13.8","","13.3","","97","","0.0","","31","","8","","16.1","","97.14","","","","","","NA"
"-80.38","43.46","KITCHENER/WATERLOO","6144239","2024-06-27 02:00","2024","06","27","02:00","","13.2","","13.1","","99","","0.0","","31","","11","","16.1","","97.13","","","","","","NA"
"-80.38","43.46","KITCHENER/WATERLOO","6144239","2024-06-27 03:00","2024","06","27","03:00","","12.3","","12.2","","99","","0.0","","30","","11","","16.1","","97.18","","","","","","NA"
"-80.38","43.46","KITCHENER/WATERLOO","6144239","2024-06-27 04:00","2024","06","27","04:00","","11.6","","11.6","","100","","0.0","","30","","11","","16.1","","97.26","","","","","","NA"
"-80.38","43.46","KITCHENER/WATERLOO","6144239","2024-06-27 05:00","2024","06","27","05:00","","11.4","","11.4","","100","","0.0","","30","","9","","16.1","","97.30","","","","","","NA"
"-80.38","43.46","KITCHENER/WATERLOO","6144239","2024-06-27 06:00","2024","06","27","06:00","","12.9","","12.6","","98","","0.0","","30","","8","","16.1","","97.38","","","","","","NA"
"-80.38","43.46","KITCHENER/WATERLOO","6144239","2024-06-27 07:00","2024","06","27","07:00","","14.4","","11.9","","85","","0.0","","32","","11","","16.1","","97.44","","","","","","NA"
"-80.38","43.46","KITCHENER/WATERLOO","6144239","2024-06-27 08:00","2024","06","27","08:00","","15.0","","11.3","","79","","0.0","","33","","17","","16.1","","97.50","","","","","","NA"
"-80.38","43.46","KITCHENER/WATERLOO","6144239","2024-06-27 09:00","2024","06","27","09:00","","16.0","","11.9","","76","","0.0","","30","","13","","16.1","","97.55","","","","","","NA"
"-80.38","43.46","KITCHENER/WATERLOO","6144239","2024-06-27 10:00","2024","06","27","10:00","","17.3","","12.8","","75","","0.0","","34","","15","","16.1","","97.55","","","","","","NA"
"-80.38","43.46","KITCHENER/WATERLOO","6144239","2024-06-27 11:00","2024","06","27","11:00","","18.0","","12.8","","72","","0.0","","32","","5","","16.1","","97.57","","","","","","NA"
"-80.38","43.46","KITCHENER/WATERLOO","6144239","2024-06-27 12:00","2024","06","27","12:00","","20.6","","14.0","","65","","0.0","","28","","15","","16.1","","97.57","","","","","","NA"
"-80.38","43.46","KITCHENER/WATERLOO","6144239","2024-06-27 13:00","2024","06","27","13:00","","18.7","","11.7","","63","","0.0","","33","","13","","16.1","","97.59","","","","","","NA"
"-80.38","43.46","KITCHENER/WATERLOO","6144239","2024-06-27 14:00","2024","06","27","14:00","","20.8","","11.9","","56","","0.0","","30","","17","","16.1","","97.61","","","","","","NA"
"-80.38","43.46","KITCHENER/WATERLOO","6144239","2024-06-27 15:00","2024","06","27","15:00","","19.6","","10.4","","55","","0.0","","34","","21","","16.1","","97.64","","","","","","NA"
"-80.38","43.46","KITCHENER/WATERLOO","6144239","2024-06-27 16:00","2024","06","27","16:00","","21.2","","10.8","","51","","0.0","","31","","15","","16.1","","97.65","","","","","","NA"
"-80.38","43.46","KITCHENER/WATERLOO","6144239","2024-06-27 17:00","2024","06","27","17:00","","20.7","","9.2","","47","","0.0","","34","","17","","16.1","","97.68","","","","","","NA"
"-80.38","43.46","KITCHENER/WATERLOO","6144239","2024-06-27 18:00","2024","06","27","18:00","","20.0","","9.5","","51","","0.0","","36","","17","","16.1","","97.71","","","","","","NA"
"-80.38","43.46","KITCHENER/WATERLOO","6144239","2024-06-27 19:00","2024","06","27","19:00","","18.6","","8.8","","52","","0.0","","34","","9","","16.1","","97.75","","","","","","NA"
"-80.38","43.46","KITCHENER/WATERLOO","6144239","2024-06-27 20:00","2024","06","27","20:00","","15.4","","8.9","","65","","0.0","","32","","8","","16.1","","97.80","","","","","","NA"
"-80.38","43.46","KITCHENER/WATERLOO","6144239","2024-06-27 21:00","2024","06","27","21:00","","13.7","","9.8","","77","","0.0","","36","","8","","16.1","","97.87","","","","","","NA"
"-80.38","43.46","KITCHENER/WATERLOO","6144239","2024-06-27 22:00","2024","06","27","22:00","","10.5","","9.3","","92","","0.0","","","M","4","","16.1","","97.94","","","","","","NA"
"-80.38","43.46","KITCHENER/WATERLOO","6144239","2024-06-27 23:00","2024","06","27","23:00","","8.9","","8.4","","97","","0.0","","","M","4","","16.1","","97.95","","","","","","NA"
"-80.38","43.46","KITCHENER/WATERLOO","6144239","2024-06-28 00:00","2024","06","28","00:00","","8.8","","8.5","","98","","0.0","","6","","5","","16.1","","97.98","","","","","","NA"
"-80.38","43.46","KITCHENER/WATERLOO","6144239","2024-06-28 01:00","2024","06","28","01:00","","9.6","","9.6","","100","","0.0","","","","0","","16.1","","98.01","","","","","","NA"
"-80.38","43.46","KITCHENER/WATERLOO","6144239","2024-06-28 02:00","2024","06","28","02:00","","8.6","","8.6","","100","","0.0","","35","","4","","16.1","","98.00","","","","","","NA"
"-80.38","43.46","KITCHENER/WATERLOO","6144239","2024-06-28 03:00","2024","06","28","03:00","","7.8","","7.8","","100","","0.0","","","","0","","16.1","","98.03","","","","","","NA"
"-80.38","43.46","KITCHENER/WATERLOO","6144239","2024-06-28 04:00","2024","06","28","04:00","","7.1","","7.1","","100","","0.0","","35","","4","","9.7","","98.06","","","","","","Fog"
"-80.38","43.46","KITCHENER/WATERLOO","6144239","2024-06-28 05:00","2024","06","28","05:00","","7.4","","7.4","","100","","0.0","","","","0","","4.8","","98.08","","","","","","Fog"
"-80.38","43.46","KITCHENER/WATERLOO","6144239","2024-06-28 06:00","2024","06","28","06:00","","9.9","","9.9","","100","","0.0","","6","","5","","16.1","","98.09","","","","","","NA"
"-80.38","43.46","KITCHENER/WATERLOO","6144239","2024-06-28 07:00","2024","06","28","07:00","","14.2","","10.2","","77","","0.0","","10","","9","","16.1","","98.14","","","","","","NA"
"-80.38","43.46","KITCHENER/WATERLOO","6144239","2024-06-28 08:00","2024","06","28","08:00","","17.5","","10.7","","64","","0.0","","11","","17","","16.1","","98.13","","","","","","NA"
"-80.38","43.46","KITCHENER/WATERLOO","6144239","2024-06-28 09:00","2024","06","28","09:00","","18.3","","9.7","","57","","0.0","","13","","15","","16.1","","98.10","","","","","","NA"
"-80.38","43.46","KITCHENER/WATERLOO","6144239","2024-06-28 10:00","2024","06","28","10:00","","19.3","","10.7","","57","","0.0","","14","","21","","16.1","","98.09","","","","","","NA"
"-80.38","43.46","KITCHENER/WATERLOO","6144239","2024-06-28 11:00","2024","06","28","11:00","","19.1","","12.7","","66","","0.0","","13","","18","","16.1","","98.07","","","","","","NA"
"-80.38","43.46","KITCHENER/WATERLOO","6144239","2024-06-28 12:00","2024","06","28","12:00","","19.6","","13.6","","68","","0.0","","15","","22","","16.1","","98.01","","","","","","NA"
"-80.38","43.46","KITCHENER/WATERLOO","6144239","2024-06-28 13:00","2024","06","28","13:00","","20.3","","13.2","","63","","0.0","","16","","18","","16.1","","97.96","","","","","","NA"
"-80.38","43.46","KITCHENER/WATERLOO","6144239","2024-06-28 14:00","2024","06","28","14:00","","19.8","","12.8","","64","","0.0","","15","","17","","16.1","","97.89","","","","","","NA"
"-80.38","43.46","KITCHENER/WATERLOO","6144239","2024-06-28 15:00","2024","06","28","15:00","","20.2","","12.3","","60","","0.0","","14","","15","","16.1","","97.88","","","","","","NA"
"-80.38","43.46","KITCHENER/WATERLOO","6144239","2024-06-28 16:00","2024","06","28","16:00","","20.4","","12.4","","60","","0.0","","13","","11","","16.1","","97.84","","","","","","NA"
"-80.38","43.46","KITCHENER/WATERLOO","6144239","2024-06-28 17:00","2024","06","28","17:00","","19.6","","14.1","","70","","0.0","","10","","15","","16.1","","97.73","","","","","","NA"
"-80.38","43.46","KITCHENER/WATERLOO","6144239","2024-06-28 18:00","2024","06","28","18:00","","18.5","","14.3","","76","","0.0","","10","","17","","16.1","","97.76","","","","","","NA"
"-80.38","43.46","KITCHENER/WATERLOO","6144239","2024-06-28 19:00","2024","06","28","19:00","","17.3","","13.7","","79","","0.0","","10","","13","","16.1","","97.75","","","","","","NA"
"-80.38","43.46","KITCHENER/WATERLOO","6144239","2024-06-28 20:00","2024","06","28","20:00","","16.4","","13.2","","81","","0.0","","8","","5","","16.1","","97.74","","","","","","Rain"
"-80.38","43.46","KITCHENER/WATERLOO","6144239","2024-06-28 21:00","2024","06","28","21:00","","16.5","","12.9","","79","","0.0","","13","","8","","16.1","","97.72","","","","","","Rain"
"-80.38","43.46","KITCHENER/WATERLOO","6144239","2024-06-28 22:00","2024","06","28","22:00","","15.6","","13.4","","87","","0.2","","3","","5","","16.1","","97.68","","","","","","Rain"
"-80.38","43.46","KITCHENER/WATERLOO","6144239","2024-06-28 23:00","2024","06","28","23:00","","15.3","","14.7","","96","","0.0","","15","","5","","16.1","","97.60","","","","","","NA"
"-80.38","43.46","KITCHENER/WATERLOO","6144239","2024-06-29 00:00","2024","06","29","00:00","","15.5","","14.7","","95","","0.0","","8","","4","","16.1","","97.58","","","","","","NA"
"-80.38","43.46","KITCHENER/WATERLOO","6144239","2024-06-29 01:00","2024","06","29","01:00","","15.6","","15.3","","98","","0.0","","35","","5","","16.1","","97.59","","","","","","Rain"
"-80.38","43.46","KITCHENER/WATERLOO","6144239","2024-06-29 02:00","2024","06","29","02:00","","15.9","","15.0","","94","","0.0","","9","","9","","16.1","","97.47","","","","","","NA"
"-80.38","43.46","KITCHENER/WATERLOO","6144239","2024-06-29 03:00","2024","06","29","03:00","","17.0","","15.4","","90","","0.0","","10","","9","","16.1","","97.37","","","","","","NA"
"-80.38","43.46","KITCHENER/WATERLOO","6144239","2024-06-29 04:00","2024","06","29","04:00","","17.4","","15.9","","91","","0.0","","9","","9","","16.1","","97.33","","","","","","NA"
"-80.38","43.46","KITCHENER/WATERLOO","6144239","2024-06-29 05:00","2024","06","29","05:00","","17.5","","16.4","","93","","0.0","","14","","11","","16.1","","97.32","","","","","","Rain"
"-80.38","43.46","KITCHENER/WATERLOO","6144239","2024-06-29 06:00","2024","06","29","06:00","","17.8","","17.8","","100","","3.5","","14","","11","","6.4","","97.26","","","","","","Rain,Fog"
"-80.38","43.46","KITCHENER/WATERLOO","6144239","2024-06-29 07:00","2024","06","29","07:00","","18.6","","18.6","","100","","2.8","","21","","8","","2.0","","97.27","","","","","","Rain,Fog"
"-80.38","43.46","KITCHENER/WATERLOO","6144239","2024-06-29 08:00","2024","06","29","08:00","","19.5","","19.5","","100","","1.0","","20","","11","","11.3","","97.24","","","","","","Rain"
"-80.38","43.46","KITCHENER/WATERLOO","6144239","2024-06-29 09:00","2024","06","29","09:00","","20.4","","20.4","","100","","1.8","","25","","15","","16.1","","97.19","","28","","","","Rain"
"-80.38","43.46","KITCHENER/WATERLOO","6144239","2024-06-29 10:00","2024","06","29","10:00","","21.5","","21.3","","99","","0.5","","21","","17","","16.1","","97.21","","30","","","","NA"
"-80.38","43.46","KITCHENER/WATERLOO","6144239","2024-06-29 11:00","2024","06","29","11:00","","21.4","","21.2","","99","","0.0","","20","","11","","16.1","","97.23","","30","","","","NA"
"-80.38","43.46","KITCHENER/WATERLOO","6144239","2024-06-29 12:00","2024","06","29","12:00","","21.6","","21.6","","100","","0.5","","22","","21","","4.0","","97.21","","31","","","","Rain,Fog"
"-80.38","43.46","KITCHENER/WATERLOO","6144239","2024-06-29 13:00","2024","06","29","13:00","","23.1","","22.8","","98","","0.2","","24","","18","","16.1","","97.21","","33","","","","NA"
"-80.38","43.46","KITCHENER/WATERLOO","6144239","2024-06-29 14:00","2024","06","29","14:00","","25.0","","22.7","","87","","0.0","","24","","22","","16.1","","97.23","","35","","","","NA"
"-80.38","43.46","KITCHENER/WATERLOO","6144239","2024-06-29 15:00","2024","06","29","15:00","","25.8","","22.6","","82","","0.0","","23","","24","","16.1","","97.23","","36","","","","NA"
"-80.38","43.46","KITCHENER/WATERLOO","6144239","2024-06-29 16:00","2024","06","29","16:00","","26.5","","22.9","","80","","0.0","","25","","17","","16.1","","97.21","","37","","","","NA"
"-80.38","43.46","KITCHENER/WATERLOO","6144239","2024-06-29 17:00","2024","06","29","17:00","","26.1","","22.5","","80","","0.0","","26","","22","","16.1","","97.22","","36","","","","NA"
"-80.38","43.46","KITCHENER/WATERLOO","6144239","2024-06-29 18:00","2024","06","29","18:00","","26.2","","22.2","","79","","0.0","","27","","18","","16.1","","97.24","","36","","","","NA"
"-80.38","43.46","KITCHENER/WATERLOO","6144239","2024-06-29 19:00","2024","06","29","19:00","","25.6","","22.2","","81","","0.0","","25","","15","","16.1","","97.27","","35","","","","NA"
"-80.38","43.46","KITCHENER/WATERLOO","6144239","2024-06-29 20:00","2024","06","29","20:00","","24.7","","22.3","","86","","0.0","","23","","13","","16.1","","97.31","","34","","","","NA"
"-80.38","43.46","KITCHENER/WATERLOO","6144239","2024-06-29 21:00","2024","06","29","21:00","","23.6","","22.1","","91","","0.0","","20","","9","","16.1","","97.37","","33","","","","NA"
"-80.38","43.46","KITCHENER/WATERLOO","6144239","2024-06-29 22:00","2024","06","29","22:00","","23.1","","22.4","","96","","0.0","","20","","11","","16.1","","97.34","","33","","","","NA"
"-80.38","43.46","KITCHENER/WATERLOO","6144239","2024-06-29 23:00","2024","06","29","23:00","","20.8","","20.2","","96","","0.0","","25","","9","","16.1","","97.34","","29","","","","NA"
"-80.38","43.46","KITCHENER/WATERLOO","6144239","2024-06-30 00:00","2024","06","30","00:00","","22.6","","20.2","","86","","0.0","","25","","18","","16.1","","97.33","","30","","","","NA"
"-80.38","43.46","KITCHENER/WATERLOO","6144239","2024-06-30 01:00","2024","06","30","01:00","","22.2","","19.8","","86","","0.0","","28","","22","","16.1","","97.36","","30","","","","NA"
"-80.38","43.46","KITCHENER/WATERLOO","6144239","2024-06-30 02:00","2024","06","30","02:00","","20.5","","19.0","","91","","0.0","","28","","21","","16.1","","97.42","","27","","","","NA"
"-80.38","43.46","KITCHENER/WATERLOO","6144239","2024-06-30 03:00","2024","06","30","03:00","","19.0","","18.2","","95","","0.0","","30","","18","","16.1","","97.47","","","","","","NA"
"-80.38","43.46","KITCHENER/WATERLOO","6144239","2024-06-30 04:00","2024","06","30","04:00","","17.5","","16.5","","94","","0.0","","31","","18","","16.1","","97.51","","","","","","NA"
"-80.38","43.46","KITCHENER/WATERLOO","6144239","2024-06-30 05:00","2024","06","30","05:00","","15.8","","14.4","","91","","0.0","","30","","21","","16.1","","97.64","","","","","","NA"
"-80.38","43.46","KITCHENER/WATERLOO","6144239","2024-06-30 06:00","2024","06","30","06:00","","15.4","","13.6","","89","","0.0","","31","","17","","16.1","","97.71","","","","","","NA"
"-80.38","43.46","KITCHENER/WATERLOO","6144239","2024-06-30 07:00","2024","06","30","07:00","","14.6","","12.7","","88","","0.0","","30","","18","","16.1","","97.81","","","","","","NA"
"-80.38","43.46","KITCHENER/WATERLOO","6144239","2024-06-30 08:00","2024","06","30","08:00","","13.1","","11.3","","89","","0.0","","31","","30","","16.1","","97.88","","","","","","NA"
"-80.38","43.46","KITCHENER/WATERLOO","6144239","2024-06-30 09:00","2024","06","30","09:00","","13.5","","9.7","","78","","0.0","","30","","26","","16.1","","97.91","","","","","","NA"
"-80.38","43.46","KITCHENER/WATERLOO","6144239","2024-06-30 10:00","2024","06","30","10:00","","14.3","","10.7","","79","","0.0","","29","","24","","16.1","","97.94","","","","","","NA"
"-80.38","43.46","KITCHENER/WATERLOO","6144239","2024-06-30 11:00","2024","06","30","11:00","","16.4","","11.6","","73","","0.0","","31","","30","","16.1","","97.96","","","","","","NA"
"-80.38","43.46","KITCHENER/WATERLOO","6144239","2024-06-30 12:00","2024","06","30","12:00","","17.0","","11.8","","71","","0.0","","29","","32","","16.1","","97.96","","","","","","NA"
"-80.38","43.46","KITCHENER/WATERLOO","6144239","2024-06-30 13:00","2024","06","30","13:00","","16.4","","11.6","","73","","0.0","","30","","32","","16.1","","98.00","","","","","","NA"
"-80.38","43.46","KITCHENER/WATERLOO","6144239","2024-06-30 14:00","2024","06","30","14:00","","15.4","","11.8","","79","","0.0","","32","","28","","16.1","","98.05","","","","","","NA"
"-80.38","43.46","KITCHENER/WATERLOO","6144239","2024-06-30 15:00","2024","06","30","15:00","","14.5","","11.3","","81","","0.0","","31","","26","","16.1","","98.12","","","","","","NA"
"-80.38","43.46","KITCHENER/WATERLOO","6144239","2024-06-30 16:00","2024","06","30","16:00","","14.4","","11.3","","82","","0.0","","33","","21","","16.1","","98.16","","","","","","NA"
"-80.38","43.46","KITCHENER/WATERLOO","6144239","2024-06-30 17:00","2024","06","30","17:00","","14.6","","10.9","","78","","0.0","","33","","22","","16.1","","98.20","","","","","","NA"
"-80.38","43.46","KITCHENER/WATERLOO","6144239","2024-06-30 18:00","2024","06","30","18:00","","14.3","","10.4","","77","","0.0","","31","","17","","16.1","","98.22","","","","","","NA"
"-80.38","43.46","KITCHENER/WATERLOO","6144239","2024-06-30 19:00","2024","06","30","19:00","","13.9","","10.2","","78","","0.0","","32","","17","","16.1","","98.26","","","","","","NA"
"-80.38","43.46","KITCHENER/WATERLOO","6144239","2024-06-30 20:00","2024","06","30","20:00","","13.4","","9.8","","79","","0.0","","32","","18","","16.1","","98.29","","","","","","NA"
"-80.38","43.46","KITCHENER/WATERLOO","6144239","2024-06-30 21:00","2024","06","30","21:00","","11.1","","9.4","","89","","0.0","","31","","11","","16.1","","98.36","","","","","","NA"
"-80.38","43.46","KITCHENER/WATERLOO","6144239","2024-06-30 22:00","2024","06","30","22:00","","10.1","","9.2","","94","","0.0","","30","","11","","16.1","","98.42","","","","","","NA"
"-80.38","43.46","KITCHENER/WATERLOO","6144239","2024-06-30 23:00","2024","06","30","23:00","","10.2","","9.4","","95","","0.0","","31","","13","","16.1","","98.48","","","","","","NA"
