"Longitude (x)","Latitude (y)","Station Name","Climate ID","Date/Time (LST)","Year","Month","Day","Time (LST)","Flag","Temp (°C)","Temp Flag","Dew Point Temp (°C)","Dew Point Temp Flag","Rel Hum (%)","Rel Hum Flag","Precip. Amount (mm)","Precip. Amount Flag","Wind Dir (10s deg)","Wind Dir Flag","Wind Spd (km/h)","Wind Spd Flag","Visibility (km)","Visibility Flag","Stn Press (kPa)","Stn Press Flag","Hmdx","Hmdx Flag","Wind Chill","Wind Chill Flag","Weather"
"-80.38","43.46","KITCHENER/WATERLOO","6144239","2024-07-01 00:00","2024","07","01","00:00","","9.4","","9.1","","98","","0.0","","31","","9","","16.1","","98.50","","","","","","NA"
"-80.38","43.46","KITCHENER/WATERLOO","6144239","2024-07-01 01:00","2024","07","01","01:00","","9.1","","9.1","","100","","0.0","","31","","11","","16.1","","98.50","","","","","","NA"
"-80.38","43.46","KITCHENER/WATERLOO","6144239","2024-07-01 02:00","2024","07","01","02:00","","9.9","","9.9","","100","","0.0","","32","","11","","16.1","","98.51","","","","","","NA"
"-80.38","43.46","KITCHENER/WATERLOO","6144239","2024-07-01 03:00","2024","07","01","03:00","","10.2","","10.2","","100","","0.0","","31","","15","","16.1","","98.55","","","","","","NA"
"-80.38","43.46","KITCHENER/WATERLOO","6144239","2024-07-01 04:00","2024","07","01","04:00","","9.9","","9.9","","100","","0.0","","32","","9","","16.1","","98.56","","","","","","NA"
"-80.38","43.46","KITCHENER/WATERLOO","6144239","2024-07-01 05:00","2024","07","01","05:00","","9.7","","9.7","","100","","0.0","","32","","9","","11.3","","98.61","","","","","","NA"
"-80.38","43.46","KITCHENER/WATERLOO","6144239","2024-07-01 06:00","2024","07","01","06:00","","9.9","","9.9","","100","","0.0","","31","","8","","4.8","","98.69","","","","","","Fog"
"-80.38","43.46","KITCHENER/WATERLOO","6144239","2024-07-01 07:00","2024","07","01","07:00","","11.5","","11.4","","99","","0.0","","31","","11","","16.1","","98.74","","","","","","NA"
"-80.38","43.46","KITCHENER/WATERLOO","6144239","2024-07-01 08:00","2024","07","01","08:00","","14.9","","11.3","","79","","0.0","","32","","11","","16.1","","98.76","","","","","","NA"
"-80.38","43.46","KITCHENER/WATERLOO","6144239","2024-07-01 09:00","2024","07","01","09:00","","18.0","","12.3","","69","","0.0","","32","","11","","16.1","","98.74","","","","","","NA"
"-80.38","43.46","KITCHENER/WATERLOO","6144239","2024-07-01 10:00","2024","07","01","10:00","","19.4","","9.9","","54","","0.0","","2","","13","","16.1","","98.76","","","","","","NA"
"-80.38","43.46","KITCHENER/WATERLOO","6144239","2024-07-01 11:00","2024","07","01","11:00","","20.2","","9.8","","51","","0.0","","35","","11","","16.1","","98.74","","","","","","NA"
"-80.38","43.46","KITCHENER/WATERLOO","6144239","2024-07-01 12:00","2024","07","01","12:00","","21.2","","10.1","","49","","0.0","","2","","9","","16.1","","98.69","","","","","","NA"
"-80.38","43.46","KITCHENER/WATERLOO","6144239","2024-07-01 13:00","2024","07","01","13:00","","22.0","","9.8","","46","","0.0","","4","","13","","16.1","","98.67","","","","","","NA"
"-80.38","43.46","KITCHENER/WATERLOO","6144239","2024-07-01 14:00","2024","07","01","14:00","","23.1","","11.2","","47","","0.0","","33","","15","","16.1","","98.61","","25","","","","NA"
"-80.38","43.46","KITCHENER/WATERLOO","6144239","2024-07-01 15:00","2024","07","01","15:00","","23.1","","11.5","","47","","0.0","","","M","4","","16.1","","98.57","","25","","","","NA"
"-80.38","43.46","KITCHENER/WATERLOO","6144239","2024-07-01 16:00","2024","07","01","16:00","","23.9","","10.4","","42","","0.0","","","M","5","","16.1","","98.55","","25","","","","NA"
"-80.38","43.46","KITCHENER/WATERLOO","6144239","2024-07-01 17:00","2024","07","01","17:00","","24.0","","10.8","","43","","0.0","","32","","8","","16.1","","98.51","","26","","","","NA"
"-80.38","43.46","KITCHENER/WATERLOO","6144239","2024-07-01 18:00","2024","07","01","18:00","","23.6","","12.1","","48","","0.0","","30","","5","","16.1","","98.51","","26","","","","NA"
"-80.38","43.46","KITCHENER/WATERLOO","6144239","2024-07-01 19:00","2024","07","01","19:00","","22.9","","10.8","","46","","0.0","","","","0","","16.1","","98.52","","25","","","","NA"
"-80.38","43.46","KITCHENER/WATERLOO","6144239","2024-07-01 20:00","2024","07","01","20:00","","17.5","","12.8","","74","","0.0","","16","","9","","16.1","","98.53","","","","","","NA"
"-80.38","43.46","KITCHENER/WATERLOO","6144239","2024-07-01 21:00","2024","07","01","21:00","","17.6","","11.9","","69","","0.0","","19","","13","","16.1","","98.61","","","","","","NA"
"-80.38","43.46","KITCHENER/WATERLOO","6144239","2024-07-01 22:00","2024","07","01","22:00","","16.0","","12.0","","77","","0.0","","20","","8","","16.1","","98.62","","","","","","NA"
"-80.38","43.46","KITCHENER/WATERLOO","6144239","2024-07-01 23:00","2024","07","01","23:00","","13.4","","11.8","","90","","0.0","","","M","4","","16.1","","98.61","","","","","","NA"
"-80.38","43.46","KITCHENER/WATERLOO","6144239","2024-07-02 00:00","2024","07","02","00:00","","10.9","","10.9","","100","","0.0","","35","","5","","16.1","","98.56","","","","","","NA"
"-80.38","43.46","KITCHENER/WATERLOO","6144239","2024-07-02 01:00","2024","07","02","01:00","","10.3","","10.3","","100","","0.0","","","M","4","","6.4","","98.55","","","","","","Fog"
"-80.38","43.46","KITCHENER/WATERLOO","6144239","2024-07-02 02:00","2024","07","02","02:00","","10.4","","10.4","","100","","0.0","","","","0","","2.8","","98.57","","","","","","Fog"
"-80.38","43.46","KITCHENER/WATERLOO","6144239","2024-07-02 03:00","2024","07","02","03:00","","9.8","","9.8","","100","","0.0","","","","0","","2.8","","98.56","","","","","","Fog"
"-80.38","43.46","KITCHENER/WATERLOO","6144239","2024-07-02 04:00","2024","07","02","04:00","","9.1","","9.1","","100","","0.0","","","","0","","1.2","","98.59","","","","","","Fog"
"-80.38","43.46","KITCHENER/WATERLOO","6144239","2024-07-02 05:00","2024","07","02","05:00","","9.5","","9.5","","100","","0.0","","","","0","","0.2","","98.66","","","","","","Fog"
"-80.38","43.46","KITCHENER/WATERLOO","6144239","2024-07-02 06:00","2024","07","02","06:00","","11.3","","11.3","","100","","0.0","","","","0","","12.9","","98.68","","","","","","NA"
"-80.38","43.46","KITCHENER/WATERLOO","6144239","2024-07-02 07:00","2024","07","02","07:00","","16.6","","14.0","","84","","0.0","","12","","5","","16.1","","98.65","","","","","","NA"
"-80.38","43.46","KITCHENER/WATERLOO","6144239","2024-07-02 08:00","2024","07","02","08:00","","19.7","","12.1","","61","","0.0","","13","","13","","16.1","","98.63","","","","","","Rain"
"-80.38","43.46","KITCHENER/WATERLOO","6144239","2024-07-02 09:00","2024","07","02","09:00","","21.0","","10.5","","51","","0.0","","15","","18","","16.1","","98.63","","","","","","NA"
"-80.38","43.46","KITCHENER/WATERLOO","6144239","2024-07-02 10:00","2024","07","02","10:00","","21.9","","11.4","","51","","0.0","","14","","18","","16.1","","98.61","","","","","","NA"
"-80.38","43.46","KITCHENER/WATERLOO","6144239","2024-07-02 11:00","2024","07","02","11:00","","22.9","","10.8","","46","","0.0","","15","","17","","16.1","","98.58","","25","","","","NA"
"-80.38","43.46","KITCHENER/WATERLOO","6144239","2024-07-02 12:00","2024","07","02","12:00","","23.5","","11.1","","45","","0.0","","15","","21","","16.1","","98.51","","25","","","","NA"
"-80.38","43.46","KITCHENER/WATERLOO","6144239","2024-07-02 13:00","2024","07","02","13:00","","24.4","","11.2","","43","","0.0","","16","","17","","16.1","","98.44","","26","","","","NA"
"-80.38","43.46","KITCHENER/WATERLOO","6144239","2024-07-02 14:00","2024","07","02","14:00","","23.4","","11.2","","46","","0.0","","13","","17","","16.1","","98.39","","25","","","","NA"
"-80.38","43.46","KITCHENER/WATERLOO","6144239","2024-07-02 15:00","2024","07","02","15:00","","22.8","","10.3","","45","","0.0","","13","","17","","16.1","","98.33","","","","","","NA"
"-80.38","43.46","KITCHENER/WATERLOO","6144239","2024-07-02 16:00","2024","07","02","16:00","","22.5","","12.8","","54","","0.0","","13","","15","","16.1","","98.33","","25","","","","NA"
"-80.38","43.46","KITCHENER/WATERLOO","6144239","2024-07-02 17:00","2024","07","02","17:00","","22.0","","13.4","","58","","0.0","","11","","15","","16.1","","98.28","","25","","","","NA"
"-80.38","43.46","KITCHENER/WATERLOO","6144239","2024-07-02 18:00","2024","07","02","18:00","","20.6","","13.1","","62","","0.0","","11","","17","","16.1","","98.16","","","","","","NA"
"-80.38","43.46","KITCHENER/WATERLOO","6144239","2024-07-02 19:00","2024","07","02","19:00","","19.5","","12.7","","64","","0.0","","12","","13","","16.1","","98.13","","","","","","NA"
"-80.38","43.46","KITCHENER/WATERLOO","6144239","2024-07-02 20:00","2024","07","02","20:00","","18.5","","12.4","","67","","0.0","","11","","17","","16.1","","98.04","","","","","","NA"
"-80.38","43.46","KITCHENER/WATERLOO","6144239","2024-07-02 21:00","2024","07","02","21:00","","18.0","","12.6","","71","","0.0","","11","","9","","16.1","","98.04","","","","","","NA"
"-80.38","43.46","KITCHENER/WATERLOO","6144239","2024-07-02 22:00","2024","07","02","22:00","","17.5","","13.8","","79","","0.0","","9","","11","","16.1","","98.06","","","","","","NA"
"-80.38","43.46","KITCHENER/WATERLOO","6144239","2024-07-02 23:00","2024","07","02","23:00","","16.7","","14.4","","86","","0.0","","7","","4","","16.1","","98.06","","","","","","NA"
"-80.38","43.46","KITCHENER/WATERLOO","6144239","2024-07-03 00:00","2024","07","03","00:00","","16.8","","14.7","","87","","0.0","","6","","5","","16.1","","97.97","","","","","","NA"
"-80.38","43.46","KITCHENER/WATERLOO","6144239","2024-07-03 01:00","2024","07","03","01:00","","17.8","","15.0","","84","","0.0","","12","","8","","16.1","","97.91","","","","","","NA"
"-80.38","43.46","KITCHENER/WATERLOO","6144239","2024-07-03 02:00","2024","07","03","02:00","","17.2","","15.0","","87","","0.0","","14","","11","","16.1","","97.82","","","","","","NA"
"-80.38","43.46","KITCHENER/WATERLOO","6144239","2024-07-03 03:00","2024","07","03","03:00","","16.8","","15.0","","89","","0.0","","13","","11","","16.1","","97.75","","","","","","NA"
"-80.38","43.46","KITCHENER/WATERLOO","6144239","2024-07-03 04:00","2024","07","03","04:00","","16.7","","15.1","","90","","0.0","","14","","13","","16.1","","97.71","","","","","","NA"
"-80.38","43.46","KITCHENER/WATERLOO","6144239","2024-07-03 05:00","2024","07","03","05:00","","17.0","","14.9","","87","","0.0","","14","","8","","16.1","","97.71","","","","","","NA"
"-80.38","43.46","KITCHENER/WATERLOO","6144239","2024-07-03 06:00","2024","07","03","06:00","","18.9","","15.7","","81","","0.0","","12","","11","","16.1","","97.64","","","","","","NA"
"-80.38","43.46","KITCHENER/WATERLOO","6144239","2024-07-03 07:00","2024","07","03","07:00","","21.6","","15.7","","69","","0.0","","17","","21","","16.1","","97.63","","26","","","","NA"
"-80.38","43.46","KITCHENER/WATERLOO","6144239","2024-07-03 08:00","2024","07","03","08:00","","23.5","","17.2","","67","","0.0","","19","","22","","16.1","","97.62","","29","","","","NA"
"-80.38","43.46","KITCHENER/WATERLOO","6144239","2024-07-03 09:00","2024","07","03","09:00","","25.4","","18.8","","66","","0.0","","18","","22","","16.1","","97.55","","32","","","","NA"
"-80.38","43.46","KITCHENER/WATERLOO","6144239","2024-07-03 10:00","2024","07","03","10:00","","26.5","","19.5","","65","","0.0","","19","","26","","16.1","","97.50","","34","","","","NA"
"-80.38","43.46","KITCHENER/WATERLOO","6144239","2024-07-03 11:00","2024","07","03","11:00","","27.4","","19.9","","63","","0.0","","21","","28","","16.1","","97.47","","35","","","","NA"
"-80.38","43.46","KITCHENER/WATERLOO","6144239","2024-07-03 12:00","2024","07","03","12:00","","26.8","","20.9","","70","","0.0","","19","","28","","16.1","","97.46","","35","","","","NA"
"-80.38","43.46","KITCHENER/WATERLOO","6144239","2024-07-03 13:00","2024","07","03","13:00","","27.1","","21.5","","71","","0.0","","20","","26","","16.1","","97.44","","36","","","","NA"
"-80.38","43.46","KITCHENER/WATERLOO","6144239","2024-07-03 14:00","2024","07","03","14:00","","27.1","","21.1","","69","","0.0","","22","","34","","16.1","","97.43","","36","","","","NA"
"-80.38","43.46","KITCHENER/WATERLOO","6144239","2024-07-03 15:00","2024","07","03","15:00","","25.3","","21.8","","81","","0.5","","23","","26","","16.1","","97.43","","34","","","","Rain"
"-80.38","43.46","KITCHENER/WATERLOO","6144239","2024-07-03 16:00","2024","07","03","16:00","","27.9","","22.8","","73","","0.0","","21","","21","","16.1","","97.37","","38","","","","NA"
"-80.38","43.46","KITCHENER/WATERLOO","6144239","2024-07-03 17:00","2024","07","03","17:00","","27.0","","21.5","","71","","0.0","","24","","24","","16.1","","97.40","","36","","","","NA"
"-80.38","43.46","KITCHENER/WATERLOO","6144239","2024-07-03 18:00","2024","07","03","18:00","","26.9","","20.6","","68","","0.0","","24","","21","","16.1","","97.42","","35","","","","NA"
"-80.38","43.46","KITCHENER/WATERLOO","6144239","2024-07-03 19:00","2024","07","03","19:00","","26.1","","20.6","","71","","0.0","","28","","17","","16.1","","97.42","","34","","","","NA"
"-80.38","43.46","KITCHENER/WATERLOO","6144239","2024-07-03 20:00","2024","07","03","20:00","","25.0","","20.6","","76","","0.0","","25","","13","","16.1","","97.44","","33","","","","NA"
"-80.38","43.46","KITCHENER/WATERLOO","6144239","2024-07-03 21:00","2024","07","03","21:00","","22.6","","20.0","","85","","0.0","","26","","5","","16.1","","97.50","","30","","","","NA"
"-80.38","43.46","KITCHENER/WATERLOO","6144239","2024-07-03 22:00","2024","07","03","22:00","","20.2","","20.2","","100","","0.0","","","","0","","16.1","","97.53","","28","","","","NA"
"-80.38","43.46","KITCHENER/WATERLOO","6144239","2024-07-03 23:00","2024","07","03","23:00","","18.5","","18.5","","100","","0.0","","28","","4","","8.1","","97.58","","","","","","Fog"
"-80.38","43.46","KITCHENER/WATERLOO","6144239","2024-07-04 00:00","2024","07","04","00:00","","18.2","","18.2","","100","","0.0","","28","","5","","11.3","","97.56","","","","","","NA"
"-80.38","43.46","KITCHENER/WATERLOO","6144239","2024-07-04 01:00","2024","07","04","01:00","","18.2","","18.2","","100","","0.0","","28","","8","","16.1","","97.59","","","","","","NA"
"-80.38","43.46","KITCHENER/WATERLOO","6144239","2024-07-04 02:00","2024","07","04","02:00","","16.6","","16.6","","100","","0.0","","26","","4","","16.1","","97.60","","","","","","NA"
"-80.38","43.46","KITCHENER/WATERLOO","6144239","2024-07-04 03:00","2024","07","04","03:00","","19.3","","18.3","","94","","0.0","","27","","8","","16.1","","97.60","","","","","","NA"
"-80.38","43.46","KITCHENER/WATERLOO","6144239","2024-07-04 04:00","2024","07","04","04:00","","17.7","","17.4","","98","","0.0","","28","","4","","16.1","","97.59","","","","","","NA"
"-80.38","43.46","KITCHENER/WATERLOO","6144239","2024-07-04 05:00","2024","07","04","05:00","","16.1","","16.1","","100","","0.0","","","M","4","","2.4","","97.62","","","","","","Fog"
"-80.38","43.46","KITCHENER/WATERLOO","6144239","2024-07-04 06:00","2024","07","04","06:00","","17.1","","17.1","","100","","0.0","","","","0","","11.3","","97.62","","","","","","NA"
"-80.38","43.46","KITCHENER/WATERLOO","6144239","2024-07-04 07:00","2024","07","04","07:00","","20.9","","18.9","","88","","0.0","","","","0","","16.1","","97.60","","28","","","","NA"
"-80.38","43.46","KITCHENER/WATERLOO","6144239","2024-07-04 08:00","2024","07","04","08:00","","23.8","","19.1","","74","","0.0","","","M","5","","16.1","","97.58","","31","","","","NA"
"-80.38","43.46","KITCHENER/WATERLOO","6144239","2024-07-04 09:00","2024","07","04","09:00","","25.2","","18.4","","65","","0.0","","19","","11","","16.1","","97.56","","32","","","","NA"
"-80.38","43.46","KITCHENER/WATERLOO","6144239","2024-07-04 10:00","2024","07","04","10:00"
"-80.38","43.46","KITCHENER/WATERLOO","6144239","2024-07-04 11:00","2024","07","04","11:00"
"-80.38","43.46","KITCHENER/WATERLOO","6144239","2024-07-04 12:00","2024","07","04","12:00"
"-80.38","43.46","KITCHENER/WATERLOO","6144239","2024-07-04 13:00","2024","07","04","13:00"
"-80.38","43.46","KITCHENER/WATERLOO","6144239","2024-07-04 14:00","2024","07","04","14:00","","28.0","","18.4","","56","","0.0","","23","","15","","16.1","","97.50","","34","","","","NA"
"-80.38","43.46","KITCHENER/WATERLOO","6144239","2024-07-04 15:00","2024","07","04","15:00","","27.4","","18.1","","56","","0.0","","24","","21","","16.1","","97.46","","33","","","","NA"
"-80.38","43.46","KITCHENER/WATERLOO","6144239","2024-07-04 16:00","2024","07","04","16:00","","26.9","","18.6","","60","","0.0","","23","","18","","16.1","","97.39","","33","","","","NA"
"-80.38","43.46","KITCHENER/WATERLOO","6144239","2024-07-04 17:00","2024","07","04","17:00","","26.2","","18.5","","62","","0.0","","24","","15","","16.1","","97.36","","33","","","","NA"
"-80.38","43.46","KITCHENER/WATERLOO","6144239","2024-07-04 18:00","2024","07","04","18:00","","25.5","","20.0","","71","","0.0","","22","","8","","16.1","","97.33","","33","","","","NA"
"-80.38","43.46","KITCHENER/WATERLOO","6144239","2024-07-04 19:00","2024","07","04","19:00","","24.9","","20.6","","77","","0.0","","22","","5","","16.1","","97.36","","33","","","","NA"
"-80.38","43.46","KITCHENER/WATERLOO","6144239","2024-07-04 20:00","2024","07","04","20:00","","24.2","","19.8","","76","","0.0","","22","","5","","16.1","","97.38","","32","","","","NA"
"-80.38","43.46","KITCHENER/WATERLOO","6144239","2024-07-04 21:00","2024","07","04","21:00","","23.9","","19.7","","77","","0.0","","27","","5","","16.1","","97.40","","31","","","","NA"
"-80.38","43.46","KITCHENER/WATERLOO","6144239","2024-07-04 22:00","2024","07","04","22:00","","22.0","","19.6","","86","","0.0","","32","","18","","16.1","","97.43","","29","","","","NA"
"-80.38","43.46","KITCHENER/WATERLOO","6144239","2024-07-04 23:00","2024","07","04","23:00","","20.5","","19.2","","92","","0.0","","31","","9","","16.1","","97.39","","27","","","","NA"
"-80.38","43.46","KITCHENER/WATERLOO","6144239","2024-07-05 00:00","2024","07","05","00:00","","20.2","","19.7","","97","","0.0","","2","","5","","16.1","","97.31","","28","","","","NA"
"-80.38","43.46","KITCHENER/WATERLOO","6144239","2024-07-05 01:00","2024","07","05","01:00","","19.2","","19.2","","100","","0.0","","6","","5","","16.1","","97.28","","","","","","NA"
"-80.38","43.46","KITCHENER/WATERLOO","6144239","2024-07-05 02:00","2024","07","05","02:00","","17.5","","17.5","","100","","0.0","","4","","5","","6.4","","97.26","","","","","","Fog"
"-80.38","43.46","KITCHENER/WATERLOO","6144239","2024-07-05 03:00","2024","07","05","03:00","","17.0","","17.0","","100","","0.0","","32","","4","","1.6","","97.25","","","","","","Fog"
"-80.38","43.46","KITCHENER/WATERLOO","6144239","2024-07-05 04:00","2024","07","05","04:00","","18.0","","18.0","","100","","0.0","","34","","8","","16.1","","97.24","","","","","","NA"
"-80.38","43.46","KITCHENER/WATERLOO","6144239","2024-07-05 05:00","2024","07","05","05:00","","15.9","","15.9","","100","","0.0","","34","","5","","0.6","","97.28","","","","","","Fog"
"-80.38","43.46","KITCHENER/WATERLOO","6144239","2024-07-05 06:00","2024","07","05","06:00","","18.0","","18.0","","100","","0.0","","30","","5","","6.4","","97.31","","","","","","Fog"
"-80.38","43.46","KITCHENER/WATERLOO","6144239","2024-07-05 07:00","2024","07","05","07:00","","21.4","","19.4","","88","","0.0","","2","","8","","16.1","","97.30","","28","","","","NA"
"-80.38","43.46","KITCHENER/WATERLOO","6144239","2024-07-05 08:00","2024","07","05","08:00","","23.4","","17.5","","69","","0.0","","7","","9","","16.1","","97.28","","29","","","","NA"
"-80.38","43.46","KITCHENER/WATERLOO","6144239","2024-07-05 09:00","2024","07","05","09:00","","25.5","","16.5","","57","","0.0","","10","","8","","16.1","","97.27","","30","","","","NA"
"-80.38","43.46","KITCHENER/WATERLOO","6144239","2024-07-05 10:00","2024","07","05","10:00","","26.2","","17.3","","58","","0.0","","8","","9","","16.1","","97.22","","32","","","","NA"
"-80.38","43.46","KITCHENER/WATERLOO","6144239","2024-07-05 11:00","2024","07","05","11:00","","27.4","","18.5","","58","","0.0","","","M","9","","16.1","","97.25","","34","","","","NA"
"-80.38","43.46","KITCHENER/WATERLOO","6144239","2024-07-05 12:00","2024","07","05","12:00","","26.9","","17.4","","55","","0.0","","23","","5","","16.1","","97.26","","32","","","","NA"
"-80.38","43.46","KITCHENER/WATERLOO","6144239","2024-07-05 13:00","2024","07","05","13:00","","26.0","","17.7","","60","","0.0","","21","","11","","16.1","","97.23","","32","","","","NA"
"-80.38","43.46","KITCHENER/WATERLOO","6144239","2024-07-05 14:00","2024","07","05","14:00","","25.7","","18.7","","65","","0.0","","20","","5","","16.1","","97.19","","32","","","","Rain"
"-80.38","43.46","KITCHENER/WATERLOO","6144239","2024-07-05 15:00","2024","07","05","15:00","","25.8","","19.3","","67","","0.0","","30","","5","","16.1","","97.16","","33","","","","NA"
"-80.38","43.46","KITCHENER/WATERLOO","6144239","2024-07-05 16:00","2024","07","05","16:00","","25.3","","17.7","","62","","0.0","","23","","8","","16.1","","97.19","","31","","","","Rain"
"-80.38","43.46","KITCHENER/WATERLOO","6144239","2024-07-05 17:00","2024","07","05","17:00","","21.4","","19.9","","91","","0.0","","6","","9","","16.1","","97.17","","29","","","","Rain"
"-80.38","43.46","KITCHENER/WATERLOO","6144239","2024-07-05 18:00","2024","07","05","18:00","","20.4","","19.8","","96","","0.0","","10","","17","","16.1","","97.11","","28","","","","Rain"
"-80.38","43.46","KITCHENER/WATERLOO","6144239","2024-07-05 19:00","2024","07","05","19:00","","21.3","","19.2","","88","","0.0","","35","","9","","16.1","","97.10","","28","","","","NA"
"-80.38","43.46","KITCHENER/WATERLOO","6144239","2024-07-05 20:00","2024","07","05","20:00","","20.6","","19.3","","92","","0.0","","36","","5","","16.1","","97.15","","28","","","","NA"
"-80.38","43.46","KITCHENER/WATERLOO","6144239","2024-07-05 21:00","2024","07","05","21:00","","19.8","","19.0","","95","","0.0","","","M","4","","16.1","","97.20","","","","","","NA"
"-80.38","43.46","KITCHENER/WATERLOO","6144239","2024-07-05 22:00","2024","07","05","22:00","","17.9","","17.9","","100","","0.0","","13","","4","","16.1","","97.23","","","","","","NA"
"-80.38","43.46","KITCHENER/WATERLOO","6144239","2024-07-05 23:00","2024","07","05","23:00","","17.2","","17.2","","100","","0.0","","","M","4","","16.1","","97.19","","","","","","NA"
"-80.38","43.46","KITCHENER/WATERLOO","6144239","2024-07-06 00:00","2024","07","06","00:00","","16.3","","16.3","","100","","0.0","","7","","5","","8.1","","97.18","","","","","","Fog"
"-80.38","43.46","KITCHENER/WATERLOO","6144239","2024-07-06 01:00","2024","07","06","01:00","","16.4","","16.4","","100","","0.0","","12","","4","","0.6","","97.13","","","","","","Fog"
"-80.38","43.46","KITCHENER/WATERLOO","6144239","2024-07-06 02:00","2024","07","06","02:00","","15.9","","15.9","","100","","0.0","","16","","5","","1.2","","97.12","","","","","","Fog"
"-80.38","43.46","KITCHENER/WATERLOO","6144239","2024-07-06 03:00","2024","07","06","03:00","","17.0","","17.0","","100","","0.0","","14","","5","","11.3","","97.08","","","","","","NA"
"-80.38","43.46","KITCHENER/WATERLOO","6144239","2024-07-06 04:00","2024","07","06","04:00","","17.7","","17.7","","100","","0.0","","","","0","","4.8","","97.09","","","","","","Fog"
"-80.38","43.46","KITCHENER/WATERLOO","6144239","2024-07-06 05:00","2024","07","06","05:00","","16.2","","16.2","","100","","0.0","","15","","5","","1.2","","97.14","","","","","","Fog"
"-80.38","43.46","KITCHENER/WATERLOO","6144239","2024-07-06 06:00","2024","07","06","06:00","","18.2","","18.2","","100","","0.0","","20","","8","","2.8","","97.23","","","","","","Fog"
"-80.38","43.46","KITCHENER/WATERLOO","6144239","2024-07-06 07:00","2024","07","06","07:00","","20.6","","17.9","","84","","0.0","","27","","15","","16.1","","97.25","","27","","","","NA"
"-80.38","43.46","KITCHENER/WATERLOO","6144239","2024-07-06 08:00","2024","07","06","08:00","","21.6","","17.8","","79","","0.0","","27","","11","","16.1","","97.29","","27","","","","NA"
"-80.38","43.46","KITCHENER/WATERLOO","6144239","2024-07-06 09:00","2024","07","06","09:00","","23.0","","18.1","","73","","0.0","","27","","8","","16.1","","97.31","","29","","","","NA"
"-80.38","43.46","KITCHENER/WATERLOO","6144239","2024-07-06 10:00","2024","07","06","10:00","","22.6","","18.0","","75","","0.0","","25","","17","","16.1","","97.32","","29","","","","NA"
"-80.38","43.46","KITCHENER/WATERLOO","6144239","2024-07-06 11:00","2024","07","06","11:00","","25.0","","17.8","","64","","0.0","","23","","15","","16.1","","97.33","","31","","","","NA"
"-80.38","43.46","KITCHENER/WATERLOO","6144239","2024-07-06 12:00","2024","07","06","12:00","","24.5","","16.7","","61","","0.0","","25","","22","","16.1","","97.35","","30","","","","NA"
"-80.38","43.46","KITCHENER/WATERLOO","6144239","2024-07-06 13:00","2024","07","06","13:00","","26.4","","16.7","","55","","0.0","","23","","24","","16.1","","97.34","","31","","","","NA"
"-80.38","43.46","KITCHENER/WATERLOO","6144239","2024-07-06 14:00","2024","07","06","14:00","","26.0","","17.1","","57","","0.0","","24","","26","","16.1","","97.37","","31","","","","NA"
"-80.38","43.46","KITCHENER/WATERLOO","6144239","2024-07-06 15:00","2024","07","06","15:00","","26.0","","17.3","","58","","0.0","","28","","24","","16.1","","97.39","","31","","","","NA"
"-80.38","43.46","KITCHENER/WATERLOO","6144239","2024-07-06 16:00","2024","07","06","16:00","","25.5","","17.0","","59","","0.0","","26","","22","","16.1","","97.42","","31","","","","NA"
"-80.38","43.46","KITCHENER/WATERLOO","6144239","2024-07-06 17:00","2024","07","06","17:00","","23.4","","17.1","","67","","0.0","","29","","17","","16.1","","97.46","","29","","","","NA"
"-80.38","43.46","KITCHENER/WATERLOO","6144239","2024-07-06 18:00","2024","07","06","18:00","","23.9","","17.2","","66","","0.0","","29","","22","","16.1","","97.50","","29","","","","NA"
"-80.38","43.46","KITCHENER/WATERLOO","6144239","2024-07-06 19:00","2024","07","06","19:00","","22.4","","17.2","","72","","0.0","","30","","15","","16.1","","97.54","","28","","","","NA"
"-80.38","43.46","KITCHENER/WATERLOO","6144239","2024-07-06 20:00","2024","07","06","20:00","","20.6","","16.7","","78","","0.0","","31","","9","","16.1","","97.58","","26","","","","NA"
"-80.38","43.46","KITCHENER/WATERLOO","6144239","2024-07-06 21:00","2024","07","06","21:00","","18.2","","16.4","","89","","0.0","","29","","5","","16.1","","97.63","","","","","","NA"
"-80.38","43.46","KITCHENER/WATERLOO","6144239","2024-07-06 22:00","2024","07","06","22:00","","18.4","","16.4","","88","","0.0","","31","","9","","16.1","","97.68","","","","","","NA"
"-80.38","43.46","KITCHENER/WATERLOO","6144239","2024-07-06 23:00","2024","07","06","23:00","","16.0","","16.0","","100","","0.0","","28","","9","","16.1","","97.73","","","","","","NA"
"-80.38","43.46","KITCHENER/WATERLOO","6144239","2024-07-07 00:00","2024","07","07","00:00","","16.0","","15.9","","99","","0.0","","30","","5","","16.1","","97.75","","","","","","NA"
"-80.38","43.46","KITCHENER/WATERLOO","6144239","2024-07-07 01:00","2024","07","07","01:00","","15.8","","15.8","","100","","0.0","","33","","4","","14.5","","97.78","","","","","","NA"
"-80.38","43.46","KITCHENER/WATERLOO","6144239","2024-07-07 02:00","2024","07","07","02:00","","14.8","","14.8","","100","","0.0","","","","0","","3.2","","97.80","","","","","","Fog"
"-80.38","43.46","KITCHENER/WATERLOO","6144239","2024-07-07 03:00","2024","07","07","03:00","","14.7","","14.7","","100","","0.0","","","","0","","2.4","","97.82","","","","","","Fog"
"-80.38","43.46","KITCHENER/WATERLOO","6144239","2024-07-07 04:00","2024","07","07","04:00","","13.3","","13.3","","100","","0.0","","35","","5","","12.9","","97.82","","","","","","NA"
"-80.38","43.46","KITCHENER/WATERLOO","6144239","2024-07-07 05:00","2024","07","07","05:00","","14.0","","14.0","","100","","0.0","","","M","4","","1.2","","97.84","","","","","","Fog"
"-80.38","43.46","KITCHENER/WATERLOO","6144239","2024-07-07 06:00","2024","07","07","06:00","","14.9","","14.9","","100","","0.0","","","","0","","4.0","","97.88","","","","","","Fog"
"-80.38","43.46","KITCHENER/WATERLOO","6144239","2024-07-07 07:00","2024","07","07","07:00","","17.7","","17.3","","97","","0.0","","","M","4","","16.1","","97.95","","","","","","NA"
"-80.38","43.46","KITCHENER/WATERLOO","6144239","2024-07-07 08:00","2024","07","07","08:00","","20.3","","16.4","","78","","0.0","","","","0","","16.1","","97.97","","25","","","","NA"
"-80.38","43.46","KITCHENER/WATERLOO","6144239","2024-07-07 09:00","2024","07","07","09:00","","23.0","","14.3","","58","","0.0","","","","0","","16.1","","97.95","","27","","","","NA"
"-80.38","43.46","KITCHENER/WATERLOO","6144239","2024-07-07 10:00","2024","07","07","10:00","","23.9","","15.4","","59","","0.0","","35","","5","","16.1","","97.95","","28","","","","NA"
"-80.38","43.46","KITCHENER/WATERLOO","6144239","2024-07-07 11:00","2024","07","07","11:00","","24.2","","15.8","","59","","0.0","","36","","11","","16.1","","97.95","","29","","","","NA"
"-80.38","43.46","KITCHENER/WATERLOO","6144239","2024-07-07 12:00","2024","07","07","12:00","","25.5","","15.2","","53","","0.0","","","M","4","","16.1","","97.95","","30","","","","NA"
"-80.38","43.46","KITCHENER/WATERLOO","6144239","2024-07-07 13:00","2024","07","07","13:00","","26.7","","16.6","","53","","0.0","","18","","17","","16.1","","97.95","","32","","","","NA"
"-80.38","43.46","KITCHENER/WATERLOO","6144239","2024-07-07 14:00","2024","07","07","14:00","","27.7","","15.2","","46","","0.0","","20","","18","","16.1","","97.97","","32","","","","NA"
"-80.38","43.46","KITCHENER/WATERLOO","6144239","2024-07-07 15:00","2024","07","07","15:00","","26.2","","14.8","","49","","0.0","","19","","17","","16.1","","97.94","","30","","","","NA"
"-80.38","43.46","KITCHENER/WATERLOO","6144239","2024-07-07 16:00","2024","07","07","16:00","","27.4","","14.9","","46","","0.0","","23","","15","","16.1","","97.89","","31","","","","NA"
"-80.38","43.46","KITCHENER/WATERLOO","6144239","2024-07-07 17:00","2024","07","07","17:00","","27.4","","14.5","","45","","0.0","","26","","9","","16.1","","97.89","","31","","","","NA"
"-80.38","43.46","KITCHENER/WATERLOO","6144239","2024-07-07 18:00","2024","07","07","18:00","","26.6","","15.4","","50","","0.0","","18","","15","","16.1","","97.87","","31","","","","NA"
"-80.38","43.46","KITCHENER/WATERLOO","6144239","2024-07-07 19:00","2024","07","07","19:00","","25.0","","16.2","","57","","0.0","","21","","11","","16.1","","97.91","","30","","","","NA"
"-80.38","43.46","KITCHENER/WATERLOO","6144239","2024-07-07 20:00","2024","07","07","20:00","","22.6","","16.3","","67","","0.0","","23","","8","","16.1","","97.90","","27","","","","NA"
"-80.38","43.46","KITCHENER/WATERLOO","6144239","2024-07-07 21:00","2024","07","07","21:00","","21.2","","17.1","","77","","0.0","","24","","11","","16.1","","97.95","","27","","","","NA"
"-80.38","43.46","KITCHENER/WATERLOO","6144239","2024-07-07 22:00","2024","07","07","22:00","","20.3","","17.1","","81","","0.0","","24","","8","","16.1","","97.95","","26","","","","NA"
"-80.38","43.46","KITCHENER/WATERLOO","6144239","2024-07-07 23:00","2024","07","07","23:00","","18.2","","16.4","","89","","0.0","","","M","4","","16.1","","97.98","","","","","","NA"
"-80.38","43.46","KITCHENER/WATERLOO","6144239","2024-07-08 00:00","2024","07","08","00:00","","17.6","","17.0","","96","","0.0","","21","","5","","16.1","","97.96","","","","","","NA"
"-80.38","43.46","KITCHENER/WATERLOO","6144239","2024-07-08 01:00","2024","07","08","01:00","","15.9","","15.9","","100","","0.0","","","M","4","","16.1","","97.97","","","","","","NA"
"-80.38","43.46","KITCHENER/WATERLOO","6144239","2024-07-08 02:00","2024","07","08","02:00","","17.2","","17.1","","100","","0.0","","27","","4","","16.1","","97.94","","","","","","NA"
"-80.38","43.46","KITCHENER/WATERLOO","6144239","2024-07-08 03:00","2024","07","08","03:00","","15.2","","15.2","","100","","0.0","","","","0","","4.8","","97.95","","","","","","Fog"
"-80.38","43.46","KITCHENER/WATERLOO","6144239","2024-07-08 04:00","2024","07","08","04:00","","14.4","","14.4","","100","","0.0","","","","0","","1.6","","97.97","","","","","","Fog"
"-80.38","43.46","KITCHENER/WATERLOO","6144239","2024-07-08 05:00","2024","07","08","05:00","","14.3","","14.3","","100","","0.0","","","","0","","2.8","","98.02","","","","","","Fog"
"-80.38","43.46","KITCHENER/WATERLOO","6144239","2024-07-08 06:00","2024","07","08","06:00","","15.4","","15.4","","100","","0.0","","6","","4","","6.4","","98.05","","","","","","Fog"
"-80.38","43.46","KITCHENER/WATERLOO","6144239","2024-07-08 07:00","2024","07","08","07:00","","20.4","","18.1","","87","","0.0","","","M","4","","16.1","","98.03","","26","","","","NA"
"-80.38","43.46","KITCHENER/WATERLOO","6144239","2024-07-08 08:00","2024","07","08","08:00","","22.5","","17.5","","73","","0.0","","18","","11","","16.1","","98.01","","28","","","","NA"
"-80.38","43.46","KITCHENER/WATERLOO","6144239","2024-07-08 09:00","2024","07","08","09:00","","24.1","","16.7","","63","","0.0","","20","","11","","16.1","","98.00","","29","","","","NA"
"-80.38","43.46","KITCHENER/WATERLOO","6144239","2024-07-08 10:00","2024","07","08","10:00","","25.3","","17.2","","60","","0.0","","22","","13","","16.1","","98.01","","31","","","","NA"
"-80.38","43.46","KITCHENER/WATERLOO","6144239","2024-07-08 11:00","2024","07","08","11:00","","26.6","","17.1","","55","","0.0","","18","","13","","16.1","","97.98","","32","","","","NA"
"-80.38","43.46","KITCHENER/WATERLOO","6144239","2024-07-08 12:00","2024","07","08","12:00","","27.6","","17.9","","55","","0.0","","20","","15","","16.1","","97.99","","34","","","","NA"
"-80.38","43.46","KITCHENER/WATERLOO","6144239","2024-07-08 13:00","2024","07","08","13:00","","28.1","","17.2","","51","","0.0","","24","","11","","16.1","","97.94","","34","","","","NA"
"-80.38","43.46","KITCHENER/WATERLOO","6144239","2024-07-08 14:00","2024","07","08","14:00","","29.0","","16.3","","46","","0.0","","20","","13","","16.1","","97.90","","34","","","","NA"
"-80.38","43.46","KITCHENER/WATERLOO","6144239","2024-07-08 15:00","2024","07","08","15:00","","29.5","","16.9","","46","","0.0","","20","","15","","16.1","","97.84","","35","","","","NA"
"-80.38","43.46","KITCHENER/WATERLOO","6144239","2024-07-08 16:00","2024","07","08","16:00","","29.3","","16.7","","46","","0.0","","23","","15","","16.1","","97.79","","34","","","","NA"
"-80.38","43.46","KITCHENER/WATERLOO","6144239","2024-07-08 17:00","2024","07","08","17:00","","28.3","","16.7","","49","","0.0","","22","","15","","16.1","","97.75","","33","","","","NA"
"-80.38","43.46","KITCHENER/WATERLOO","6144239","2024-07-08 18:00","2024","07","08","18:00","","28.2","","16.8","","49","","0.0","","20","","21","","16.1","","97.72","","33","","","","NA"
"-80.38","43.46","KITCHENER/WATERLOO","6144239","2024-07-08 19:00","2024","07","08","19:00","","27.0","","16.6","","53","","0.0","","21","","13","","16.1","","97.72","","32","","","","NA"
"-80.38","43.46","KITCHENER/WATERLOO","6144239","2024-07-08 20:00","2024","07","08","20:00","","24.6","","16.5","","60","","0.0","","21","","9","","16.1","","97.74","","30","","","","NA"
"-80.38","43.46","KITCHENER/WATERLOO","6144239","2024-07-08 21:00","2024","07","08","21:00","","23.5","","16.3","","64","","0.0","","18","","5","","16.1","","97.75","","28","","","","NA"
"-80.38","43.46","KITCHENER/WATERLOO","6144239","2024-07-08 22:00","2024","07","08","22:00","","21.4","","16.4","","73","","0.0","","20","","8","","16.1","","97.76","","26","","","","NA"
"-80.38","43.46","KITCHENER/WATERLOO","6144239","2024-07-08 23:00","2024","07","08","23:00","","19.6","","16.2","","80","","0.0","","20","","5","","16.1","","97.73","","","","","","NA"
"-80.38","43.46","KITCHENER/WATERLOO","6144239","2024-07-09 00:00","2024","07","09","00:00","","16.8","","16.2","","96","","0.0","","19","","5","","16.1","","97.72","","","","","","NA"
"-80.38","43.46","KITCHENER/WATERLOO","6144239","2024-07-09 01:00","2024","07","09","01:00","","19.5","","17.0","","85","","0.0","","19","","9","","16.1","","97.67","","","","","","NA"
"-80.38","43.46","KITCHENER/WATERLOO","6144239","2024-07-09 02:00","2024","07","09","02:00","","19.9","","17.3","","85","","0.0","","19","","9","","16.1","","97.62","","","","","","NA"
"-80.38","43.46","KITCHENER/WATERLOO","6144239","2024-07-09 03:00","2024","07","09","03:00","","20.4","","16.9","","80","","0.0","","19","","5","","16.1","","97.60","","26","","","","NA"
"-80.38","43.46","KITCHENER/WATERLOO","6144239","2024-07-09 04:00","2024","07","09","04:00","","18.7","","17.4","","92","","0.0","","","M","4","","16.1","","97.61","","","","","","NA"
"-80.38","43.46","KITCHENER/WATERLOO","6144239","2024-07-09 05:00","2024","07","09","05:00","","19.2","","17.4","","89","","0.0","","","","0","","16.1","","97.68","","","","","","NA"
"-80.38","43.46","KITCHENER/WATERLOO","6144239","2024-07-09 06:00","2024","07","09","06:00","","19.2","","18.2","","94","","0.0","","","","0","","16.1","","97.62","","","","","","NA"
"-80.38","43.46","KITCHENER/WATERLOO","6144239","2024-07-09 07:00","2024","07","09","07:00","","20.8","","18.6","","87","","0.0","","","","0","","16.1","","97.65","","27","","","","NA"
"-80.38","43.46","KITCHENER/WATERLOO","6144239","2024-07-09 08:00","2024","07","09","08:00","","23.1","","18.9","","77","","0.0","","","M","4","","16.1","","97.62","","30","","","","NA"
"-80.38","43.46","KITCHENER/WATERLOO","6144239","2024-07-09 09:00","2024","07","09","09:00","","24.8","","19.5","","72","","0.0","","30","","15","","16.1","","97.62","","32","","","","NA"
"-80.38","43.46","KITCHENER/WATERLOO","6144239","2024-07-09 10:00","2024","07","09","10:00","","25.0","","20.1","","74","","0.0","","28","","11","","16.1","","97.61","","33","","","","NA"
"-80.38","43.46","KITCHENER/WATERLOO","6144239","2024-07-09 11:00","2024","07","09","11:00","","26.5","","19.4","","65","","0.0","","23","","11","","16.1","","97.62","","34","","","","NA"
"-80.38","43.46","KITCHENER/WATERLOO","6144239","2024-07-09 12:00","2024","07","09","12:00","","27.5","","19.8","","62","","0.0","","25","","17","","16.1","","97.61","","35","","","","NA"
"-80.38","43.46","KITCHENER/WATERLOO","6144239","2024-07-09 13:00","2024","07","09","13:00","","28.4","","19.6","","58","","0.0","","24","","13","","16.1","","97.59","","36","","","","NA"
"-80.38","43.46","KITCHENER/WATERLOO","6144239","2024-07-09 14:00","2024","07","09","14:00","","27.0","","19.8","","64","","0.0","","20","","21","","16.1","","97.59","","34","","","","NA"
"-80.38","43.46","KITCHENER/WATERLOO","6144239","2024-07-09 15:00","2024","07","09","15:00","","26.9","","19.9","","65","","0.0","","23","","21","","16.1","","97.57","","34","","","","NA"
"-80.38","43.46","KITCHENER/WATERLOO","6144239","2024-07-09 16:00","2024","07","09","16:00","","27.3","","19.6","","62","","0.0","","24","","15","","16.1","","97.52","","35","","","","NA"
"-80.38","43.46","KITCHENER/WATERLOO","6144239","2024-07-09 17:00","2024","07","09","17:00","","27.1","","19.9","","64","","0.0","","22","","13","","16.1","","97.50","","35","","","","NA"
"-80.38","43.46","KITCHENER/WATERLOO","6144239","2024-07-09 18:00","2024","07","09","18:00","","26.6","","20.3","","68","","0.0","","23","","15","","16.1","","97.50","","34","","","","NA"
"-80.38","43.46","KITCHENER/WATERLOO","6144239","2024-07-09 19:00","2024","07","09","19:00","","25.8","","20.0","","70","","0.0","","21","","18","","16.1","","97.50","","33","","","","NA"
"-80.38","43.46","KITCHENER/WATERLOO","6144239","2024-07-09 20:00","2024","07","09","20:00","","24.7","","20.0","","75","","0.0","","27","","8","","16.1","","97.51","","32","","","","NA"
"-80.38","43.46","KITCHENER/WATERLOO","6144239","2024-07-09 21:00","2024","07","09","21:00","","23.1","","17.7","","71","","0.0","","33","","8","","16.1","","97.50","","29","","","","NA"
"-80.38","43.46","KITCHENER/WATERLOO","6144239","2024-07-09 22:00","2024","07","09","22:00","","21.9","","17.9","","78","","0.0","","36","","8","","16.1","","97.49","","28","","","","NA"
"-80.38","43.46","KITCHENER/WATERLOO","6144239","2024-07-09 23:00","2024","07","09","23:00","","20.6","","18.8","","89","","0.0","","35","","5","","16.1","","97.49","","27","","","","NA"
"-80.38","43.46","KITCHENER/WATERLOO","6144239","2024-07-10 00:00","2024","07","10","00:00","","22.1","","18.7","","81","","0.0","","4","","11","","16.1","","97.43","","29","","","","NA"
"-80.38","43.46","KITCHENER/WATERLOO","6144239","2024-07-10 01:00","2024","07","10","01:00","","21.2","","18.5","","84","","0.0","","6","","11","","16.1","","97.41","","28","","","","NA"
"-80.38","43.46","KITCHENER/WATERLOO","6144239","2024-07-10 02:00","2024","07","10","02:00","","20.3","","18.1","","87","","0.0","","6","","11","","16.1","","97.29","","26","","","","NA"
"-80.38","43.46","KITCHENER/WATERLOO","6144239","2024-07-10 03:00","2024","07","10","03:00","","20.4","","16.8","","80","","0.0","","6","","17","","16.1","","97.16","","26","","","","NA"
"-80.38","43.46","KITCHENER/WATERLOO","6144239","2024-07-10 04:00","2024","07","10","04:00","","18.7","","17.4","","92","","1.5","","6","","11","","9.7","","97.16","","","","","","Moderate Rain,Fog"
"-80.38","43.46","KITCHENER/WATERLOO","6144239","2024-07-10 05:00","2024","07","10","05:00","","17.8","","17.3","","97","","6.0","","","M","11","","3.6","","97.21","","","","","","Heavy Rain,Fog"
"-80.38","43.46","KITCHENER/WATERLOO","6144239","2024-07-10 06:00","2024","07","10","06:00","","17.0","","16.7","","98","","7.8","","3","","15","","4.8","","97.08","","","","","","Heavy Rain,Fog"
"-80.38","43.46","KITCHENER/WATERLOO","6144239","2024-07-10 07:00","2024","07","10","07:00","","17.0","","17.0","","100","","10.0","","6","","22","","4.8","","97.00","","","","","","Heavy Rain,Fog"
"-80.38","43.46","KITCHENER/WATERLOO","6144239","2024-07-10 08:00","2024","07","10","08:00","","17.4","","17.2","","99","","0.5","","7","","28","","16.1","","96.91","","","","","","NA"
"-80.38","43.46","KITCHENER/WATERLOO","6144239","2024-07-10 09:00","2024","07","10","09:00","","18.3","","18.3","","100","","0.0","","7","","28","","16.1","","96.86","","","","","","NA"
"-80.38","43.46","KITCHENER/WATERLOO","6144239","2024-07-10 10:00","2024","07","10","10:00","","18.9","","18.7","","99","","2.0","","4","","18","","16.1","","96.86","","","","","","NA"
"-80.38","43.46","KITCHENER/WATERLOO","6144239","2024-07-10 11:00","2024","07","10","11:00","","18.4","","18.4","","100","","3.0","","3","","18","","16.1","","96.89","","","","","","Rain"
"-80.38","43.46","KITCHENER/WATERLOO","6144239","2024-07-10 12:00","2024","07","10","12:00","","18.4","","18.2","","99","","0.2","","1","","8","","14.5","","96.91","","","","","","Moderate Rain"
"-80.38","43.46","KITCHENER/WATERLOO","6144239","2024-07-10 13:00","2024","07","10","13:00","","20.3","","19.1","","93","","0.0","","5","","26","","16.1","","96.81","","27","","","","NA"
"-80.38","43.46","KITCHENER/WATERLOO","6144239","2024-07-10 14:00","2024","07","10","14:00","","21.9","","19.3","","85","","0.0","","6","","30","","16.1","","96.73","","29","","","","NA"
"-80.38","43.46","KITCHENER/WATERLOO","6144239","2024-07-10 15:00","2024","07","10","15:00","","21.2","","19.3","","89","","0.0","","7","","21","","16.1","","96.73","","28","","","","NA"
"-80.38","43.46","KITCHENER/WATERLOO","6144239","2024-07-10 16:00","2024","07","10","16:00","","20.8","","19.3","","91","","0.0","","6","","17","","16.1","","96.71","","28","","","","NA"
"-80.38","43.46","KITCHENER/WATERLOO","6144239","2024-07-10 17:00","2024","07","10","17:00","","19.7","","19.7","","100","","9.6","","18","","11","","4.0","","96.84","","","","","","Heavy Rain,Fog"
"-80.38","43.46","KITCHENER/WATERLOO","6144239","2024-07-10 18:00","2024","07","10","18:00","","19.6","","19.6","","100","","3.0","","9","","11","","2.8","","96.84","","","","","","Rain,Fog"
"-80.38","43.46","KITCHENER/WATERLOO","6144239","2024-07-10 19:00","2024","07","10","19:00","","19.5","","19.5","","100","","4.0","","7","","15","","4.8","","96.84","","","","","","Rain,Fog"
"-80.38","43.46","KITCHENER/WATERLOO","6144239","2024-07-10 20:00","2024","07","10","20:00","","18.8","","18.8","","100","","0.2","","5","","18","","6.4","","96.83","","","","","","Rain,Fog"
"-80.38","43.46","KITCHENER/WATERLOO","6144239","2024-07-10 21:00","2024","07","10","21:00","","18.0","","18.0","","100","","3.2","","4","","17","","2.8","","96.88","","","","","","Moderate Rain,Fog"
"-80.38","43.46","KITCHENER/WATERLOO","6144239","2024-07-10 22:00","2024","07","10","22:00","","17.8","","17.8","","100","","0.5","","4","","15","","4.8","","96.92","","","","","","Rain,Fog"
"-80.38","43.46","KITCHENER/WATERLOO","6144239","2024-07-10 23:00","2024","07","10","23:00","","17.9","","17.9","","100","","2.0","","4","","15","","6.4","","96.94","","","","","","Moderate Rain,Fog"
"-80.38","43.46","KITCHENER/WATERLOO","6144239","2024-07-11 00:00","2024","07","11","00:00","","17.7","","17.7","","100","","1.0","","1","","17","","16.1","","96.97","","","","","","Rain"
"-80.38","43.46","KITCHENER/WATERLOO","6144239","2024-07-11 01:00","2024","07","11","01:00","","17.6","","17.6","","100","","0.8","","35","","15","","4.0","","97.01","","","","","","Rain,Fog"
"-80.38","43.46","KITCHENER/WATERLOO","6144239","2024-07-11 02:00","2024","07","11","02:00","","17.5","","17.5","","100","","2.2","","36","","18","","4.8","","97.05","","","","","","Rain,Fog"
"-80.38","43.46","KITCHENER/WATERLOO","6144239","2024-07-11 03:00","2024","07","11","03:00","","17.4","","17.4","","100","","0.8","","35","","15","","8.1","","97.12","","","","","","Rain,Fog"
"-80.38","43.46","KITCHENER/WATERLOO","6144239","2024-07-11 04:00","2024","07","11","04:00","","17.7","","17.5","","99","","0.0","","32","","15","","16.1","","97.23","","","","","","NA"
"-80.38","43.46","KITCHENER/WATERLOO","6144239","2024-07-11 05:00","2024","07","11","05:00","","17.5","","16.8","","95","","0.0","","34","","15","","16.1","","97.34","","","","","","NA"
"-80.38","43.46","KITCHENER/WATERLOO","6144239","2024-07-11 06:00","2024","07","11","06:00","","17.4","","17.1","","98","","0.0","","32","","17","","16.1","","97.43","","","","","","NA"
"-80.38","43.46","KITCHENER/WATERLOO","6144239","2024-07-11 07:00","2024","07","11","07:00","","18.4","","17.3","","93","","0.0","","33","","11","","16.1","","97.57","","","","","","NA"
"-80.38","43.46","KITCHENER/WATERLOO","6144239","2024-07-11 08:00","2024","07","11","08:00","","18.9","","17.8","","94","","0.0","","32","","15","","16.1","","97.64","","","","","","NA"
"-80.38","43.46","KITCHENER/WATERLOO","6144239","2024-07-11 09:00","2024","07","11","09:00","","20.7","","17.8","","83","","0.0","","35","","13","","16.1","","97.70","","27","","","","NA"
"-80.38","43.46","KITCHENER/WATERLOO","6144239","2024-07-11 10:00","2024","07","11","10:00","","22.0","","18.2","","79","","0.0","","33","","13","","16.1","","97.74","","28","","","","NA"
"-80.38","43.46","KITCHENER/WATERLOO","6144239","2024-07-11 11:00","2024","07","11","11:00","","23.1","","17.3","","70","","0.0","","35","","22","","16.1","","97.78","","29","","","","NA"
"-80.38","43.46","KITCHENER/WATERLOO","6144239","2024-07-11 12:00","2024","07","11","12:00","","24.0","","16.8","","64","","0.0","","35","","18","","16.1","","97.83","","29","","","","Rain"
"-80.38","43.46","KITCHENER/WATERLOO","6144239","2024-07-11 13:00","2024","07","11","13:00","","24.0","","17.6","","67","","0.0","","33","","15","","16.1","","97.87","","30","","","","NA"
"-80.38","43.46","KITCHENER/WATERLOO","6144239","2024-07-11 14:00","2024","07","11","14:00","","24.4","","17.1","","63","","0.0","","1","","15","","16.1","","97.89","","30","","","","NA"
"-80.38","43.46","KITCHENER/WATERLOO","6144239","2024-07-11 15:00","2024","07","11","15:00","","24.3","","17.3","","64","","0.0","","34","","11","","16.1","","97.91","","30","","","","NA"
"-80.38","43.46","KITCHENER/WATERLOO","6144239","2024-07-11 16:00","2024","07","11","16:00","","25.9","","16.7","","56","","0.0","","36","","13","","16.1","","97.92","","31","","","","NA"
"-80.38","43.46","KITCHENER/WATERLOO","6144239","2024-07-11 17:00","2024","07","11","17:00","","26.2","","16.1","","53","","0.0","","35","","17","","16.1","","97.95","","31","","","","NA"
"-80.38","43.46","KITCHENER/WATERLOO","6144239","2024-07-11 18:00","2024","07","11","18:00","","25.5","","16.0","","55","","0.0","","34","","13","","16.1","","97.99","","30","","","","NA"
"-80.38","43.46","KITCHENER/WATERLOO","6144239","2024-07-11 19:00","2024","07","11","19:00","","24.2","","16.5","","62","","0.0","","34","","8","","16.1","","98.03","","29","","","","NA"
"-80.38","43.46","KITCHENER/WATERLOO","6144239","2024-07-11 20:00","2024","07","11","20:00","","21.5","","17.7","","79","","0.0","","33","","8","","16.1","","98.08","","27","","","","NA"
"-80.38","43.46","KITCHENER/WATERLOO","6144239","2024-07-11 21:00","2024","07","11","21:00","","18.4","","17.6","","95","","0.0","","12","","9","","16.1","","98.11","","","","","","NA"
"-80.38","43.46","KITCHENER/WATERLOO","6144239","2024-07-11 22:00","2024","07","11","22:00","","17.5","","17.3","","99","","0.0","","3","","5","","16.1","","98.14","","","","","","NA"
"-80.38","43.46","KITCHENER/WATERLOO","6144239","2024-07-11 23:00","2024","07","11","23:00","","18.1","","17.9","","99","","0.0","","6","","8","","16.1","","98.18","","","","","","NA"
"-80.38","43.46","KITCHENER/WATERLOO","6144239","2024-07-12 00:00","2024","07","12","00:00","","16.6","","16.6","","100","","0.0","","33","","4","","16.1","","98.20","","","","","","NA"
"-80.38","43.46","KITCHENER/WATERLOO","6144239","2024-07-12 01:00","2024","07","12","01:00","","16.6","","16.6","","100","","0.0","","35","","4","","9.7","","98.21","","","","","","Fog"
"-80.38","43.46","KITCHENER/WATERLOO","6144239","2024-07-12 02:00","2024","07","12","02:00","","15.3","","15.3","","100","","0.0","","35","","4","","6.4","","98.20","","","","","","Fog"
"-80.38","43.46","KITCHENER/WATERLOO","6144239","2024-07-12 03:00","2024","07","12","03:00","","15.4","","15.4","","100","","0.0","","","","0","","1.0","","98.19","","","","","","Fog"
"-80.38","43.46","KITCHENER/WATERLOO","6144239","2024-07-12 04:00","2024","07","12","04:00","","15.3","","15.3","","100","","0.0","","","","0","","0.4","","98.21","","","","","","Fog"
"-80.38","43.46","KITCHENER/WATERLOO","6144239","2024-07-12 05:00","2024","07","12","05:00","","15.6","","15.6","","100","","0.0","","","","0","","12.9","","98.25","","","","","","NA"
"-80.38","43.46","KITCHENER/WATERLOO","6144239","2024-07-12 06:00","2024","07","12","06:00","","15.9","","15.9","","100","","0.0","","","","0","","11.3","","98.28","","","","","","NA"
"-80.38","43.46","KITCHENER/WATERLOO","6144239","2024-07-12 07:00","2024","07","12","07:00","","19.4","","17.2","","87","","0.0","","","M","4","","16.1","","98.33","","","","","","NA"
"-80.38","43.46","KITCHENER/WATERLOO","6144239","2024-07-12 08:00","2024","07","12","08:00","","22.6","","17.2","","71","","0.0","","16","","5","","11.3","","98.35","","28","","","","NA"
"-80.38","43.46","KITCHENER/WATERLOO","6144239","2024-07-12 09:00","2024","07","12","09:00","","23.6","","18.5","","73","","0.0","","14","","9","","16.1","","98.36","","30","","","","NA"
"-80.38","43.46","KITCHENER/WATERLOO","6144239","2024-07-12 10:00","2024","07","12","10:00","","24.7","","18.1","","66","","0.0","","","","0","","16.1","","98.36","","31","","","","NA"
"-80.38","43.46","KITCHENER/WATERLOO","6144239","2024-07-12 11:00","2024","07","12","11:00","","27.0","","17.9","","57","","0.0","","","M","5","","16.1","","98.35","","33","","","","NA"
"-80.38","43.46","KITCHENER/WATERLOO","6144239","2024-07-12 12:00","2024","07","12","12:00","","26.8","","18.2","","59","","0.0","","12","","9","","16.1","","98.33","","33","","","","NA"
"-80.38","43.46","KITCHENER/WATERLOO","6144239","2024-07-12 13:00","2024","07","12","13:00","","25.2","","18.3","","65","","0.0","","22","","9","","16.1","","98.30","","31","","","","NA"
"-80.38","43.46","KITCHENER/WATERLOO","6144239","2024-07-12 14:00","2024","07","12","14:00","","24.1","","19.4","","75","","0.0","","3","","9","","16.1","","98.29","","31","","","","NA"
"-80.38","43.46","KITCHENER/WATERLOO","6144239","2024-07-12 15:00","2024","07","12","15:00","","27.5","","18.2","","56","","0.0","","20","","11","","16.1","","98.24","","34","","","","NA"
"-80.38","43.46","KITCHENER/WATERLOO","6144239","2024-07-12 16:00","2024","07","12","16:00","","21.7","","20.0","","90","","0.0","","32","","22","","16.1","","98.24","","29","","","","Thunderstorms,Rain"
"-80.38","43.46","KITCHENER/WATERLOO","6144239","2024-07-12 17:00","2024","07","12","17:00","","22.5","","20.7","","89","","0.0","","35","","13","","16.1","","98.24","","31","","","","Thunderstorms"
"-80.38","43.46","KITCHENER/WATERLOO","6144239","2024-07-12 18:00","2024","07","12","18:00","","22.2","","19.4","","84","","0.0","","7","","5","","16.1","","98.27","","29","","","","NA"
"-80.38","43.46","KITCHENER/WATERLOO","6144239","2024-07-12 19:00","2024","07","12","19:00","","22.0","","19.4","","85","","0.0","","12","","11","","16.1","","98.30","","29","","","","NA"
"-80.38","43.46","KITCHENER/WATERLOO","6144239","2024-07-12 20:00","2024","07","12","20:00","","19.7","","18.0","","90","","0.0","","","M","4","","16.1","","98.32","","","","","","NA"
"-80.38","43.46","KITCHENER/WATERLOO","6144239","2024-07-12 21:00","2024","07","12","21:00","","18.0","","18.0","","100","","0.0","","6","","4","","16.1","","98.34","","","","","","NA"
"-80.38","43.46","KITCHENER/WATERLOO","6144239","2024-07-12 22:00","2024","07","12","22:00","","17.2","","17.2","","100","","0.0","","","","0","","1.2","","98.35","","","","","","Fog"
"-80.38","43.46","KITCHENER/WATERLOO","6144239","2024-07-12 23:00","2024","07","12","23:00","","16.0","","16.0","","100","","0.0","","35","","4","","2.0","","98.34","","","","","","Fog"
"-80.38","43.46","KITCHENER/WATERLOO","6144239","2024-07-13 00:00","2024","07","13","00:00","","15.6","","15.6","","100","","0.0","","36","","4","","0.6","","98.36","","","","","","Fog"
"-80.38","43.46","KITCHENER/WATERLOO","6144239","2024-07-13 01:00","2024","07","13","01:00","","14.9","","14.9","","100","","0.0","","","M","4","","0.4","","98.36","","","","","","Fog"
"-80.38","43.46","KITCHENER/WATERLOO","6144239","2024-07-13 02:00","2024","07","13","02:00","","15.1","","15.1","","100","","0.0","","28","","4","","1.0","","98.33","","","","","","Rain,Fog"
"-80.38","43.46","KITCHENER/WATERLOO","6144239","2024-07-13 03:00","2024","07","13","03:00","","14.8","","14.8","","100","","0.0","","","","0","","12.9","","98.35","","","","","","NA"
"-80.38","43.46","KITCHENER/WATERLOO","6144239","2024-07-13 04:00","2024","07","13","04:00","","14.0","","14.0","","100","","0.0","","35","","5","","0.4","","98.38","","","","","","Rain,Fog"
"-80.38","43.46","KITCHENER/WATERLOO","6144239","2024-07-13 05:00","2024","07","13","05:00","","13.8","","13.8","","100","","0.0","","","","0","","0.0","","98.39","","","","","","Fog"
"-80.38","43.46","KITCHENER/WATERLOO","6144239","2024-07-13 06:00","2024","07","13","06:00","","15.0","","15.0","","100","","0.0","","22","","5","","12.9","","98.43","","","","","","NA"
"-80.38","43.46","KITCHENER/WATERLOO","6144239","2024-07-13 07:00","2024","07","13","07:00","","17.7","","17.7","","100","","0.0","","33","","5","","16.1","","98.46","","","","","","NA"
"-80.38","43.46","KITCHENER/WATERLOO","6144239","2024-07-13 08:00","2024","07","13","08:00","","20.6","","19.1","","91","","0.0","","","M","4","","16.1","","98.48","","27","","","","NA"
"-80.38","43.46","KITCHENER/WATERLOO","6144239","2024-07-13 09:00","2024","07","13","09:00","","23.1","","18.7","","76","","0.0","","29","","8","","16.1","","98.45","","30","","","","NA"
"-80.38","43.46","KITCHENER/WATERLOO","6144239","2024-07-13 10:00","2024","07","13","10:00","","25.2","","18.4","","66","","0.0","","29","","9","","16.1","","98.47","","32","","","","NA"
"-80.38","43.46","KITCHENER/WATERLOO","6144239","2024-07-13 11:00","2024","07","13","11:00","","26.2","","14.9","","49","","0.0","","","M","8","","16.1","","98.46","","30","","","","NA"
"-80.38","43.46","KITCHENER/WATERLOO","6144239","2024-07-13 12:00","2024","07","13","12:00","","27.1","","15.8","","50","","0.0","","30","","9","","16.1","","98.43","","32","","","","NA"
"-80.38","43.46","KITCHENER/WATERLOO","6144239","2024-07-13 13:00","2024","07","13","13:00","","27.4","","14.6","","45","","0.0","","34","","9","","16.1","","98.39","","31","","","","NA"
"-80.38","43.46","KITCHENER/WATERLOO","6144239","2024-07-13 14:00","2024","07","13","14:00","","28.0","","15.8","","47","","0.0","","30","","9","","16.1","","98.36","","32","","","","NA"
"-80.38","43.46","KITCHENER/WATERLOO","6144239","2024-07-13 15:00","2024","07","13","15:00","","27.6","","13.8","","42","","0.0","","31","","13","","16.1","","98.32","","31","","","","NA"
"-80.38","43.46","KITCHENER/WATERLOO","6144239","2024-07-13 16:00","2024","07","13","16:00","","27.8","","14.4","","43","","0.0","","33","","15","","16.1","","98.29","","31","","","","NA"
"-80.38","43.46","KITCHENER/WATERLOO","6144239","2024-07-13 17:00","2024","07","13","17:00","","27.1","","15.6","","49","","0.0","","34","","9","","16.1","","98.25","","31","","","","NA"
"-80.38","43.46","KITCHENER/WATERLOO","6144239","2024-07-13 18:00","2024","07","13","18:00","","27.5","","16.3","","50","","0.0","","","M","4","","16.1","","98.24","","32","","","","NA"
"-80.38","43.46","KITCHENER/WATERLOO","6144239","2024-07-13 19:00","2024","07","13","19:00","","25.6","","16.6","","57","","0.0","","17","","5","","16.1","","98.22","","31","","","","NA"
"-80.38","43.46","KITCHENER/WATERLOO","6144239","2024-07-13 20:00","2024","07","13","20:00","","20.9","","17.6","","81","","0.0","","","","0","","16.1","","98.20","","27","","","","NA"
"-80.38","43.46","KITCHENER/WATERLOO","6144239","2024-07-13 21:00","2024","07","13","21:00","","18.5","","17.4","","93","","0.0","","","","0","","16.1","","98.19","","","","","","NA"
"-80.38","43.46","KITCHENER/WATERLOO","6144239","2024-07-13 22:00","2024","07","13","22:00","","17.2","","16.6","","96","","0.0","","","M","4","","16.1","","98.19","","","","","","NA"
"-80.38","43.46","KITCHENER/WATERLOO","6144239","2024-07-13 23:00","2024","07","13","23:00","","18.4","","16.2","","87","","0.0","","24","","5","","16.1","","98.19","","","","","","NA"
"-80.38","43.46","KITCHENER/WATERLOO","6144239","2024-07-14 00:00","2024","07","14","00:00","","17.9","","17.0","","95","","0.0","","21","","5","","16.1","","98.22","","","","","","NA"
"-80.38","43.46","KITCHENER/WATERLOO","6144239","2024-07-14 01:00","2024","07","14","01:00","","18.4","","18.4","","100","","0.0","","","","0","","9.7","","98.15","","","","","","Fog"
"-80.38","43.46","KITCHENER/WATERLOO","6144239","2024-07-14 02:00","2024","07","14","02:00","","17.4","","17.4","","100","","0.0","","10","","5","","4.8","","98.06","","","","","","Fog"
"-80.38","43.46","KITCHENER/WATERLOO","6144239","2024-07-14 03:00","2024","07","14","03:00","","16.4","","16.4","","100","","0.0","","6","","5","","1.6","","98.04","","","","","","Fog"
"-80.38","43.46","KITCHENER/WATERLOO","6144239","2024-07-14 04:00","2024","07","14","04:00","","16.6","","16.6","","100","","0.0","","","","0","","0.4","","98.06","","","","","","Fog"
"-80.38","43.46","KITCHENER/WATERLOO","6144239","2024-07-14 05:00","2024","07","14","05:00","","15.6","","15.6","","100","","0.0","","10","","4","","0.0","","98.02","","","","","","Fog"
"-80.38","43.46","KITCHENER/WATERLOO","6144239","2024-07-14 06:00","2024","07","14","06:00","","17.8","","17.8","","100","","0.0","","10","","4","","4.0","","98.00","","","","","","Fog"
"-80.38","43.46","KITCHENER/WATERLOO","6144239","2024-07-14 07:00","2024","07","14","07:00","","21.1","","17.8","","81","","0.0","","18","","9","","16.1","","97.98","","27","","","","NA"
"-80.38","43.46","KITCHENER/WATERLOO","6144239","2024-07-14 08:00","2024","07","14","08:00","","23.0","","18.9","","78","","0.0","","19","","9","","16.1","","97.96","","30","","","","NA"
"-80.38","43.46","KITCHENER/WATERLOO","6144239","2024-07-14 09:00","2024","07","14","09:00","","25.2","","19.8","","71","","0.0","","19","","15","","16.1","","97.89","","33","","","","NA"
"-80.38","43.46","KITCHENER/WATERLOO","6144239","2024-07-14 10:00","2024","07","14","10:00","","27.5","","21.6","","70","","0.0","","17","","18","","16.1","","97.79","","36","","","","NA"
"-80.38","43.46","KITCHENER/WATERLOO","6144239","2024-07-14 11:00","2024","07","14","11:00","","28.4","","20.8","","63","","0.0","","18","","28","","16.1","","97.70","","37","","","","NA"
"-80.38","43.46","KITCHENER/WATERLOO","6144239","2024-07-14 12:00","2024","07","14","12:00","","22.9","","21.6","","92","","4.6","","24","","37","","4.0","","97.79","","32","","","","Heavy Rain,Fog"
"-80.38","43.46","KITCHENER/WATERLOO","6144239","2024-07-14 13:00","2024","07","14","13:00","","22.0","","21.0","","94","","4.8","","22","","21","","16.1","","97.69","","30","","","","NA"
"-80.38","43.46","KITCHENER/WATERLOO","6144239","2024-07-14 14:00","2024","07","14","14:00","","25.7","","22.4","","82","","0.2","","20","","17","","16.1","","97.61","","35","","","","NA"
"-80.38","43.46","KITCHENER/WATERLOO","6144239","2024-07-14 15:00","2024","07","14","15:00","","27.3","","20.1","","64","","0.0","","23","","32","","16.1","","97.56","","35","","","","NA"
"-80.38","43.46","KITCHENER/WATERLOO","6144239","2024-07-14 16:00","2024","07","14","16:00","","28.3","","20.2","","61","","0.0","","22","","22","","16.1","","97.51","","36","","","","NA"
"-80.38","43.46","KITCHENER/WATERLOO","6144239","2024-07-14 17:00","2024","07","14","17:00","","28.1","","20.2","","62","","0.0","","23","","18","","16.1","","97.47","","36","","","","NA"
"-80.38","43.46","KITCHENER/WATERLOO","6144239","2024-07-14 18:00","2024","07","14","18:00","","27.4","","22.2","","73","","0.0","","21","","18","","16.1","","97.44","","37","","","","Rain"
"-80.38","43.46","KITCHENER/WATERLOO","6144239","2024-07-14 19:00","2024","07","14","19:00","","26.3","","22.1","","77","","0.0","","21","","18","","16.1","","97.46","","36","","","","NA"
"-80.38","43.46","KITCHENER/WATERLOO","6144239","2024-07-14 20:00","2024","07","14","20:00","","25.4","","22.4","","83","","0.0","","22","","17","","16.1","","97.44","","35","","","","NA"
"-80.38","43.46","KITCHENER/WATERLOO","6144239","2024-07-14 21:00","2024","07","14","21:00","","23.9","","22.2","","90","","0.0","","19","","9","","16.1","","97.45","","33","","","","NA"
"-80.38","43.46","KITCHENER/WATERLOO","6144239","2024-07-14 22:00","2024","07","14","22:00","","23.2","","22.2","","94","","0.0","","19","","11","","16.1","","97.44","","33","","","","NA"
"-80.38","43.46","KITCHENER/WATERLOO","6144239","2024-07-14 23:00","2024","07","14","23:00","","22.4","","22.1","","98","","0.0","","20","","8","","16.1","","97.40","","32","","","","NA"
"-80.38","43.46","KITCHENER/WATERLOO","6144239","2024-07-15 00:00","2024","07","15","00:00","","21.2","","21.2","","100","","0.0","","","M","4","","6.4","","97.40","","30","","","","Fog"
"-80.38","43.46","KITCHENER/WATERLOO","6144239","2024-07-15 01:00","2024","07","15","01:00","","22.4","","22.4","","100","","0.0","","24","","18","","9.7","","97.41","","32","","","","Fog"
"-80.38","43.46","KITCHENER/WATERLOO","6144239","2024-07-15 02:00","2024","07","15","02:00","","21.9","","21.9","","100","","0.0","","22","","8","","6.4","","97.38","","31","","","","Fog"
"-80.38","43.46","KITCHENER/WATERLOO","6144239","2024-07-15 03:00","2024","07","15","03:00","","21.5","","21.5","","100","","0.0","","26","","5","","4.8","","97.33","","30","","","","Fog"
"-80.38","43.46","KITCHENER/WATERLOO","6144239","2024-07-15 04:00","2024","07","15","04:00","","21.0","","21.0","","100","","0.0","","20","","5","","4.0","","97.32","","29","","","","Fog"
"-80.38","43.46","KITCHENER/WATERLOO","6144239","2024-07-15 05:00","2024","07","15","05:00","","21.2","","21.2","","100","","0.0","","22","","9","","2.8","","97.34","","30","","","","Fog"
"-80.38","43.46","KITCHENER/WATERLOO","6144239","2024-07-15 06:00","2024","07","15","06:00","","21.5","","21.5","","100","","0.0","","20","","9","","3.6","","97.38","","30","","","","Fog"
"-80.38","43.46","KITCHENER/WATERLOO","6144239","2024-07-15 07:00","2024","07","15","07:00","","21.3","","21.3","","100","","0.0","","19","","15","","1.6","","97.45","","30","","","","Fog"
"-80.38","43.46","KITCHENER/WATERLOO","6144239","2024-07-15 08:00","2024","07","15","08:00","","21.6","","21.6","","100","","0.2","","23","","8","","4.0","","97.44","","31","","","","Rain,Fog"
"-80.38","43.46","KITCHENER/WATERLOO","6144239","2024-07-15 09:00","2024","07","15","09:00","","21.5","","21.5","","100","","0.8","","","","0","","4.8","","97.35","","30","","","","Thunderstorms,Moderate Rain,Fog"
"-80.38","43.46","KITCHENER/WATERLOO","6144239","2024-07-15 10:00","2024","07","15","10:00","","20.8","","20.8","","100","","1.8","","22","","8","","11.3","","97.44","","29","","","","Thunderstorms,Rain"
"-80.38","43.46","KITCHENER/WATERLOO","6144239","2024-07-15 11:00","2024","07","15","11:00","","20.6","","20.6","","100","","5.0","","6","","11","","9.7","","97.23","","29","","","","Rain,Fog"
"-80.38","43.46","KITCHENER/WATERLOO","6144239","2024-07-15 12:00","2024","07","15","12:00","","22.1","","19.9","","87","","0.0","","","M","4","","16.1","","97.23","","30","","","","NA"
"-80.38","43.46","KITCHENER/WATERLOO","6144239","2024-07-15 13:00","2024","07","15","13:00","","21.9","","21.0","","94","","1.0","","","","0","","6.4","","97.18","","30","","","","Moderate Rain,Fog"
"-80.38","43.46","KITCHENER/WATERLOO","6144239","2024-07-15 14:00","2024","07","15","14:00","","22.1","","21.3","","95","","2.8","","31","","11","","16.1","","97.14","","31","","","","Rain"
"-80.38","43.46","KITCHENER/WATERLOO","6144239","2024-07-15 15:00","2024","07","15","15:00","","24.4","","20.6","","79","","0.2","","31","","15","","16.1","","97.10","","32","","","","Thunderstorms"
"-80.38","43.46","KITCHENER/WATERLOO","6144239","2024-07-15 16:00","2024","07","15","16:00","","25.3","","19.3","","69","","0.0","","32","","18","","16.1","","97.06","","32","","","","NA"
"-80.38","43.46","KITCHENER/WATERLOO","6144239","2024-07-15 17:00","2024","07","15","17:00","","25.7","","18.8","","65","","0.0","","29","","18","","16.1","","97.12","","32","","","","NA"
"-80.38","43.46","KITCHENER/WATERLOO","6144239","2024-07-15 18:00","2024","07","15","18:00","","25.2","","19.4","","70","","0.0","","29","","18","","16.1","","97.12","","32","","","","NA"
"-80.38","43.46","KITCHENER/WATERLOO","6144239","2024-07-15 19:00","2024","07","15","19:00","","23.9","","19.4","","76","","0.0","","28","","13","","16.1","","97.14","","31","","","","NA"
"-80.38","43.46","KITCHENER/WATERLOO","6144239","2024-07-15 20:00","2024","07","15","20:00","","22.3","","19.5","","84","","0.0","","23","","11","","16.1","","97.15","","29","","","","NA"
"-80.38","43.46","KITCHENER/WATERLOO","6144239","2024-07-15 21:00","2024","07","15","21:00","","20.4","","19.2","","93","","0.0","","","M","4","","16.1","","97.16","","27","","","","NA"
"-80.38","43.46","KITCHENER/WATERLOO","6144239","2024-07-15 22:00","2024","07","15","22:00","","20.8","","19.8","","94","","0.0","","19","","9","","16.1","","97.17","","28","","","","NA"
"-80.38","43.46","KITCHENER/WATERLOO","6144239","2024-07-15 23:00","2024","07","15","23:00","","20.7","","20.1","","96","","0.0","","17","","9","","16.1","","97.08","","28","","","","NA"
"-80.38","43.46","KITCHENER/WATERLOO","6144239","2024-07-16 00:00","2024","07","16","00:00","","18.6","","18.6","","100","","0.0","","","","0","","16.1","","97.11","","","","","","NA"
"-80.38","43.46","KITCHENER/WATERLOO","6144239","2024-07-16 01:00","2024","07","16","01:00","","19.8","","19.8","","100","","0.0","","17","","8","","16.1","","97.04","","","","","","NA"
"-80.38","43.46","KITCHENER/WATERLOO","6144239","2024-07-16 02:00","2024","07","16","02:00","","20.3","","20.3","","100","","0.0","","19","","9","","16.1","","96.95","","28","","","","NA"
"-80.38","43.46","KITCHENER/WATERLOO","6144239","2024-07-16 03:00","2024","07","16","03:00","","20.2","","20.2","","100","","0.0","","19","","9","","16.1","","96.89","","28","","","","NA"
"-80.38","43.46","KITCHENER/WATERLOO","6144239","2024-07-16 04:00","2024","07","16","04:00","","20.4","","20.2","","99","","0.0","","20","","9","","16.1","","96.89","","28","","","","NA"
"-80.38","43.46","KITCHENER/WATERLOO","6144239","2024-07-16 05:00","2024","07","16","05:00","","20.3","","20.3","","100","","0.0","","5","","5","","16.1","","96.82","","28","","","","NA"
"-80.38","43.46","KITCHENER/WATERLOO","6144239","2024-07-16 06:00","2024","07","16","06:00","","20.7","","20.7","","100","","0.0","","10","","9","","16.1","","96.77","","29","","","","NA"
"-80.38","43.46","KITCHENER/WATERLOO","6144239","2024-07-16 07:00","2024","07","16","07:00","","20.6","","20.6","","100","","0.0","","4","","11","","16.1","","96.55","","29","","","","Rain"
"-80.38","43.46","KITCHENER/WATERLOO","6144239","2024-07-16 08:00","2024","07","16","08:00","","21.1","","21.1","","100","","17.5","","5","","18","","12.9","","96.70","","30","","","","Rain"
"-80.38","43.46","KITCHENER/WATERLOO","6144239","2024-07-16 09:00","2024","07","16","09:00","","20.0","","19.4","","96","","14.7","","27","","15","","4.8","","96.80","","27","","","","Thunderstorms,Heavy Rain,Fog"
"-80.38","43.46","KITCHENER/WATERLOO","6144239","2024-07-16 10:00","2024","07","16","10:00","","19.4","","19.4","","100","","26.1","","35","","8","","14.5","","96.88","","","","","","Moderate Rain"
"-80.38","43.46","KITCHENER/WATERLOO","6144239","2024-07-16 11:00","2024","07","16","11:00","","21.1","","19.9","","93","","3.2","","32","","18","","16.1","","96.99","","29","","","","NA"
"-80.38","43.46","KITCHENER/WATERLOO","6144239","2024-07-16 12:00","2024","07","16","12:00","","23.5","","19.7","","79","","0.0","","33","","9","","16.1","","96.99","","31","","","","NA"
"-80.38","43.46","KITCHENER/WATERLOO","6144239","2024-07-16 13:00","2024","07","16","13:00","","25.6","","20.1","","71","","0.0","","28","","15","","16.1","","96.98","","33","","","","NA"
"-80.38","43.46","KITCHENER/WATERLOO","6144239","2024-07-16 14:00","2024","07","16","14:00","","26.9","","19.9","","65","","0.0","","25","","15","","16.1","","97.02","","34","","","","NA"
"-80.38","43.46","KITCHENER/WATERLOO","6144239","2024-07-16 15:00","2024","07","16","15:00","","27.7","","20.3","","63","","0.0","","22","","24","","16.1","","97.02","","36","","","","NA"
"-80.38","43.46","KITCHENER/WATERLOO","6144239","2024-07-16 16:00","2024","07","16","16:00","","25.3","","20.0","","72","","0.0","","23","","15","","16.1","","97.06","","33","","","","Thunderstorms"
"-80.38","43.46","KITCHENER/WATERLOO","6144239","2024-07-16 17:00","2024","07","16","17:00","","22.9","","22.3","","97","","2.2","","25","","13","","16.1","","97.08","","33","","","","Rain"
"-80.38","43.46","KITCHENER/WATERLOO","6144239","2024-07-16 18:00","2024","07","16","18:00","","22.6","","21.9","","96","","0.0","","20","","17","","16.1","","97.09","","32","","","","NA"
"-80.38","43.46","KITCHENER/WATERLOO","6144239","2024-07-16 19:00","2024","07","16","19:00","","22.7","","22.2","","97","","0.0","","20","","15","","16.1","","97.10","","32","","","","NA"
"-80.38","43.46","KITCHENER/WATERLOO","6144239","2024-07-16 20:00","2024","07","16","20:00","","22.0","","22.0","","100","","0.0","","18","","11","","16.1","","97.08","","31","","","","NA"
"-80.38","43.46","KITCHENER/WATERLOO","6144239","2024-07-16 21:00","2024","07","16","21:00","","21.7","","21.7","","100","","2.0","","19","","15","","16.1","","97.09","","31","","","","Rain"
"-80.38","43.46","KITCHENER/WATERLOO","6144239","2024-07-16 22:00","2024","07","16","22:00","","21.6","","21.6","","100","","0.0","","19","","9","","16.1","","97.09","","31","","","","NA"
"-80.38","43.46","KITCHENER/WATERLOO","6144239","2024-07-16 23:00","2024","07","16","23:00","","20.8","","20.6","","99","","0.0","","21","","17","","16.1","","97.13","","29","","","","NA"
"-80.38","43.46","KITCHENER/WATERLOO","6144239","2024-07-17 00:00","2024","07","17","00:00","","20.0","","20.0","","100","","0.0","","20","","9","","16.1","","97.14","","28","","","","NA"
"-80.38","43.46","KITCHENER/WATERLOO","6144239","2024-07-17 01:00","2024","07","17","01:00","","19.1","","19.1","","100","","0.0","","28","","4","","9.7","","97.16","","","","","","Fog"
"-80.38","43.46","KITCHENER/WATERLOO","6144239","2024-07-17 02:00","2024","07","17","02:00","","19.7","","19.7","","100","","0.0","","31","","11","","16.1","","97.17","","","","","","NA"
"-80.38","43.46","KITCHENER/WATERLOO","6144239","2024-07-17 03:00","2024","07","17","03:00","","18.7","","17.7","","94","","0.0","","32","","8","","16.1","","97.14","","","","","","NA"
"-80.38","43.46","KITCHENER/WATERLOO","6144239","2024-07-17 04:00","2024","07","17","04:00","","18.1","","17.5","","96","","0.0","","30","","5","","16.1","","97.18","","","","","","NA"
"-80.38","43.46","KITCHENER/WATERLOO","6144239","2024-07-17 05:00","2024","07","17","05:00","","17.8","","17.5","","98","","0.0","","30","","8","","16.1","","97.22","","","","","","NA"
"-80.38","43.46","KITCHENER/WATERLOO","6144239","2024-07-17 06:00","2024","07","17","06:00","","18.0","","17.6","","98","","0.0","","30","","8","","16.1","","97.27","","","","","","NA"
"-80.38","43.46","KITCHENER/WATERLOO","6144239","2024-07-17 07:00","2024","07","17","07:00","","18.6","","17.5","","93","","0.0","","31","","13","","16.1","","97.33","","","","","","NA"
"-80.38","43.46","KITCHENER/WATERLOO","6144239","2024-07-17 08:00","2024","07","17","08:00","","19.5","","16.5","","82","","0.0","","32","","9","","16.1","","97.38","","","","","","NA"
"-80.38","43.46","KITCHENER/WATERLOO","6144239","2024-07-17 09:00","2024","07","17","09:00","","21.4","","15.7","","70","","0.0","","31","","9","","16.1","","97.38","","26","","","","NA"
"-80.38","43.46","KITCHENER/WATERLOO","6144239","2024-07-17 10:00","2024","07","17","10:00","","22.7","","16.2","","66","","0.0","","30","","9","","16.1","","97.35","","27","","","","NA"
"-80.38","43.46","KITCHENER/WATERLOO","6144239","2024-07-17 11:00","2024","07","17","11:00","","24.2","","15.8","","59","","0.0","","34","","17","","16.1","","97.37","","29","","","","NA"
"-80.38","43.46","KITCHENER/WATERLOO","6144239","2024-07-17 12:00","2024","07","17","12:00","","24.0","","15.2","","57","","0.0","","31","","11","","16.1","","97.38","","28","","","","NA"
"-80.38","43.46","KITCHENER/WATERLOO","6144239","2024-07-17 13:00","2024","07","17","13:00","","25.5","","16.3","","56","","0.0","","30","","17","","16.1","","97.36","","30","","","","NA"
"-80.38","43.46","KITCHENER/WATERLOO","6144239","2024-07-17 14:00","2024","07","17","14:00","","25.6","","15.7","","54","","0.0","","32","","15","","16.1","","97.35","","30","","","","Rain"
"-80.38","43.46","KITCHENER/WATERLOO","6144239","2024-07-17 15:00","2024","07","17","15:00","","23.8","","15.5","","59","","0.0","","33","","18","","16.1","","97.34","","28","","","","NA"
"-80.38","43.46","KITCHENER/WATERLOO","6144239","2024-07-17 16:00","2024","07","17","16:00","","23.9","","16.1","","61","","0.0","","32","","22","","16.1","","97.34","","29","","","","NA"
"-80.38","43.46","KITCHENER/WATERLOO","6144239","2024-07-17 17:00","2024","07","17","17:00","","23.8","","15.5","","59","","0.0","","34","","18","","16.1","","97.36","","28","","","","NA"
"-80.38","43.46","KITCHENER/WATERLOO","6144239","2024-07-17 18:00","2024","07","17","18:00","","22.9","","14.1","","57","","0.0","","32","","13","","16.1","","97.42","","26","","","","NA"
"-80.38","43.46","KITCHENER/WATERLOO","6144239","2024-07-17 19:00","2024","07","17","19:00","","21.7","","15.0","","65","","0.0","","32","","8","","16.1","","97.46","","26","","","","NA"
"-80.38","43.46","KITCHENER/WATERLOO","6144239","2024-07-17 20:00","2024","07","17","20:00","","19.1","","14.2","","73","","0.0","","32","","9","","16.1","","97.51","","","","","","NA"
"-80.38","43.46","KITCHENER/WATERLOO","6144239","2024-07-17 21:00","2024","07","17","21:00","","17.9","","13.1","","73","","0.0","","32","","13","","16.1","","97.57","","","","","","NA"
"-80.38","43.46","KITCHENER/WATERLOO","6144239","2024-07-17 22:00","2024","07","17","22:00","","16.8","","12.0","","73","","0.0","","32","","13","","16.1","","97.60","","","","","","NA"
"-80.38","43.46","KITCHENER/WATERLOO","6144239","2024-07-17 23:00","2024","07","17","23:00","","15.0","","12.2","","83","","0.0","","30","","9","","16.1","","97.65","","","","","","NA"
"-80.38","43.46","KITCHENER/WATERLOO","6144239","2024-07-18 00:00","2024","07","18","00:00","","14.4","","12.6","","89","","0.0","","30","","9","","16.1","","97.67","","","","","","NA"
"-80.38","43.46","KITCHENER/WATERLOO","6144239","2024-07-18 01:00","2024","07","18","01:00","","14.7","","13.4","","92","","0.0","","31","","13","","16.1","","97.67","","","","","","NA"
"-80.38","43.46","KITCHENER/WATERLOO","6144239","2024-07-18 02:00","2024","07","18","02:00","","14.3","","13.8","","97","","0.0","","31","","15","","16.1","","97.70","","","","","","NA"
"-80.38","43.46","KITCHENER/WATERLOO","6144239","2024-07-18 03:00","2024","07","18","03:00","","13.7","","13.6","","99","","0.0","","31","","11","","16.1","","97.73","","","","","","NA"
"-80.38","43.46","KITCHENER/WATERLOO","6144239","2024-07-18 04:00","2024","07","18","04:00","","13.4","","13.3","","99","","0.0","","30","","9","","16.1","","97.75","","","","","","NA"
"-80.38","43.46","KITCHENER/WATERLOO","6144239","2024-07-18 05:00","2024","07","18","05:00","","13.1","","13.1","","100","","0.0","","31","","11","","16.1","","97.81","","","","","","NA"
"-80.38","43.46","KITCHENER/WATERLOO","6144239","2024-07-18 06:00","2024","07","18","06:00","","13.9","","13.8","","99","","0.0","","30","","11","","16.1","","97.85","","","","","","NA"
"-80.38","43.46","KITCHENER/WATERLOO","6144239","2024-07-18 07:00","2024","07","18","07:00","","15.6","","14.6","","94","","0.0","","32","","15","","16.1","","97.90","","","","","","NA"
"-80.38","43.46","KITCHENER/WATERLOO","6144239","2024-07-18 08:00","2024","07","18","08:00","","16.5","","13.6","","83","","0.0","","35","","22","","16.1","","97.92","","","","","","NA"
"-80.38","43.46","KITCHENER/WATERLOO","6144239","2024-07-18 09:00","2024","07","18","09:00","","17.9","","13.0","","73","","0.0","","33","","18","","16.1","","97.97","","","","","","Rain"
"-80.38","43.46","KITCHENER/WATERLOO","6144239","2024-07-18 10:00","2024","07","18","10:00","","18.8","","13.3","","70","","0.0","","32","","15","","16.1","","98.03","","","","","","NA"
"-80.38","43.46","KITCHENER/WATERLOO","6144239","2024-07-18 11:00","2024","07","18","11:00","","18.7","","12.1","","65","","0.0","","31","","18","","16.1","","98.07","","","","","","NA"
"-80.38","43.46","KITCHENER/WATERLOO","6144239","2024-07-18 12:00","2024","07","18","12:00","","19.6","","12.4","","63","","0.0","","33","","18","","16.1","","98.08","","","","","","NA"
"-80.38","43.46","KITCHENER/WATERLOO","6144239","2024-07-18 13:00","2024","07","18","13:00","","20.2","","11.8","","58","","0.0","","32","","15","","16.1","","98.06","","","","","","NA"
"-80.38","43.46","KITCHENER/WATERLOO","6144239","2024-07-18 14:00","2024","07","18","14:00","","20.8","","12.9","","60","","0.0","","35","","18","","16.1","","98.06","","","","","","NA"
"-80.38","43.46","KITCHENER/WATERLOO","6144239","2024-07-18 15:00","2024","07","18","15:00","","20.6","","12.4","","59","","0.0","","34","","15","","16.1","","98.09","","","","","","NA"
"-80.38","43.46","KITCHENER/WATERLOO","6144239","2024-07-18 16:00","2024","07","18","16:00","","21.1","","11.9","","55","","0.0","","34","","17","","16.1","","98.08","","","","","","NA"
"-80.38","43.46","KITCHENER/WATERLOO","6144239","2024-07-18 17:00","2024","07","18","17:00","","20.5","","11.3","","55","","0.0","","36","","18","","16.1","","98.10","","","","","","NA"
"-80.38","43.46","KITCHENER/WATERLOO","6144239","2024-07-18 18:00","2024","07","18","18:00","","19.7","","10.7","","56","","0.0","","34","","15","","16.1","","98.12","","","","","","NA"
"-80.38","43.46","KITCHENER/WATERLOO","6144239","2024-07-18 19:00","2024","07","18","19:00","","18.1","","11.5","","65","","0.0","","32","","11","","16.1","","98.17","","","","","","NA"
"-80.38","43.46","KITCHENER/WATERLOO","6144239","2024-07-18 20:00","2024","07","18","20:00","","15.9","","12.0","","78","","0.0","","34","","8","","16.1","","98.18","","","","","","NA"
"-80.38","43.46","KITCHENER/WATERLOO","6144239","2024-07-18 21:00","2024","07","18","21:00","","14.4","","11.9","","85","","0.0","","32","","9","","16.1","","98.22","","","","","","NA"
"-80.38","43.46","KITCHENER/WATERLOO","6144239","2024-07-18 22:00","2024","07","18","22:00","","14.1","","12.2","","88","","0.0","","32","","5","","16.1","","98.25","","","","","","NA"
"-80.38","43.46","KITCHENER/WATERLOO","6144239","2024-07-18 23:00","2024","07","18","23:00","","13.2","","12.4","","95","","0.0","","31","","4","","16.1","","98.28","","","","","","NA"
"-80.38","43.46","KITCHENER/WATERLOO","6144239","2024-07-19 00:00","2024","07","19","00:00","","11.7","","11.7","","100","","0.0","","32","","4","","16.1","","98.31","","","","","","NA"
"-80.38","43.46","KITCHENER/WATERLOO","6144239","2024-07-19 01:00","2024","07","19","01:00","","12.1","","12.1","","100","","0.0","","32","","5","","16.1","","98.32","","","","","","NA"
"-80.38","43.46","KITCHENER/WATERLOO","6144239","2024-07-19 02:00","2024","07","19","02:00","","10.8","","10.8","","100","","0.0","","30","","5","","16.1","","98.31","","","","","","NA"
"-80.38","43.46","KITCHENER/WATERLOO","6144239","2024-07-19 03:00","2024","07","19","03:00","","10.0","","10.0","","100","","0.0","","32","","4","","16.1","","98.31","","","","","","NA"
"-80.38","43.46","KITCHENER/WATERLOO","6144239","2024-07-19 04:00","2024","07","19","04:00","","10.3","","10.3","","100","","0.0","","33","","4","","16.1","","98.32","","","","","","NA"
"-80.38","43.46","KITCHENER/WATERLOO","6144239","2024-07-19 05:00","2024","07","19","05:00","","10.1","","10.1","","100","","0.0","","30","","4","","16.1","","98.36","","","","","","NA"
"-80.38","43.46","KITCHENER/WATERLOO","6144239","2024-07-19 06:00","2024","07","19","06:00","","11.1","","11.1","","100","","0.0","","","","0","","16.1","","98.40","","","","","","NA"
"-80.38","43.46","KITCHENER/WATERLOO","6144239","2024-07-19 07:00","2024","07","19","07:00","","13.9","","12.5","","91","","0.0","","32","","5","","16.1","","98.46","","","","","","NA"
"-80.38","43.46","KITCHENER/WATERLOO","6144239","2024-07-19 08:00","2024","07","19","08:00","","16.5","","12.9","","79","","0.0","","30","","11","","16.1","","98.47","","","","","","NA"
"-80.38","43.46","KITCHENER/WATERLOO","6144239","2024-07-19 09:00","2024","07","19","09:00","","18.6","","12.4","","67","","0.0","","30","","9","","16.1","","98.46","","","","","","NA"
"-80.38","43.46","KITCHENER/WATERLOO","6144239","2024-07-19 10:00","2024","07","19","10:00","","20.1","","10.4","","53","","0.0","","26","","9","","16.1","","98.45","","","","","","NA"
"-80.38","43.46","KITCHENER/WATERLOO","6144239","2024-07-19 11:00","2024","07","19","11:00","","21.1","","10.7","","51","","0.0","","30","","5","","16.1","","98.44","","","","","","Rain"
"-80.38","43.46","KITCHENER/WATERLOO","6144239","2024-07-19 12:00","2024","07","19","12:00","","22.0","","11.7","","52","","0.0","","26","","9","","16.1","","98.42","","","","","","NA"
"-80.38","43.46","KITCHENER/WATERLOO","6144239","2024-07-19 13:00","2024","07","19","13:00","","23.2","","11.5","","47","","0.0","","","M","4","","16.1","","98.37","","25","","","","NA"
"-80.38","43.46","KITCHENER/WATERLOO","6144239","2024-07-19 14:00","2024","07","19","14:00","","23.5","","11.1","","45","","0.0","","27","","17","","16.1","","98.33","","25","","","","NA"
"-80.38","43.46","KITCHENER/WATERLOO","6144239","2024-07-19 15:00","2024","07","19","15:00","","22.8","","10.1","","44","","0.0","","25","","13","","16.1","","98.29","","","","","","NA"
"-80.38","43.46","KITCHENER/WATERLOO","6144239","2024-07-19 16:00","2024","07","19","16:00","","22.8","","12.2","","51","","0.0","","28","","9","","16.1","","98.27","","25","","","","NA"
"-80.38","43.46","KITCHENER/WATERLOO","6144239","2024-07-19 17:00","2024","07","19","17:00","","23.2","","11.3","","47","","0.0","","25","","9","","16.1","","98.23","","25","","","","NA"
"-80.38","43.46","KITCHENER/WATERLOO","6144239","2024-07-19 18:00","2024","07","19","18:00","","22.9","","12.6","","52","","0.0","","28","","5","","16.1","","98.21","","25","","","","NA"
"-80.38","43.46","KITCHENER/WATERLOO","6144239","2024-07-19 19:00","2024","07","19","19:00","","21.0","","10.9","","52","","0.0","","30","","11","","16.1","","98.21","","","","","","NA"
"-80.38","43.46","KITCHENER/WATERLOO","6144239","2024-07-19 20:00","2024","07","19","20:00","","17.6","","12.5","","72","","0.0","","28","","5","","16.1","","98.18","","","","","","NA"
"-80.38","43.46","KITCHENER/WATERLOO","6144239","2024-07-19 21:00","2024","07","19","21:00","","14.9","","12.8","","87","","0.0","","","","0","","16.1","","98.23","","","","","","NA"
"-80.38","43.46","KITCHENER/WATERLOO","6144239","2024-07-19 22:00","2024","07","19","22:00","","13.7","","13.1","","96","","0.0","","","","0","","16.1","","98.26","","","","","","NA"
"-80.38","43.46","KITCHENER/WATERLOO","6144239","2024-07-19 23:00","2024","07","19","23:00","","13.3","","12.3","","94","","0.0","","","M","4","","16.1","","98.27","","","","","","NA"
"-80.38","43.46","KITCHENER/WATERLOO","6144239","2024-07-20 00:00","2024","07","20","00:00","","14.7","","13.0","","89","","0.0","","24","","5","","16.1","","98.26","","","","","","NA"
"-80.38","43.46","KITCHENER/WATERLOO","6144239","2024-07-20 01:00","2024","07","20","01:00","","13.8","","13.2","","96","","0.0","","22","","8","","16.1","","98.22","","","","","","NA"
"-80.38","43.46","KITCHENER/WATERLOO","6144239","2024-07-20 02:00","2024","07","20","02:00","","11.7","","11.7","","100","","0.0","","5","","4","","9.7","","98.19","","","","","","Fog"
"-80.38","43.46","KITCHENER/WATERLOO","6144239","2024-07-20 03:00","2024","07","20","03:00","","10.9","","10.9","","100","","0.0","","","","0","","2.8","","98.16","","","","","","Fog"
"-80.38","43.46","KITCHENER/WATERLOO","6144239","2024-07-20 04:00","2024","07","20","04:00","","10.8","","10.8","","100","","0.0","","","","0","","1.6","","98.16","","","","","","Fog"
"-80.38","43.46","KITCHENER/WATERLOO","6144239","2024-07-20 05:00","2024","07","20","05:00","","11.2","","11.2","","100","","0.0","","","M","4","","0.6","","98.18","","","","","","Rain,Fog"
"-80.38","43.46","KITCHENER/WATERLOO","6144239","2024-07-20 06:00","2024","07","20","06:00","","11.7","","11.7","","100","","0.0","","8","","4","","4.0","","98.17","","","","","","Fog"
"-80.38","43.46","KITCHENER/WATERLOO","6144239","2024-07-20 07:00","2024","07","20","07:00","","16.1","","15.2","","94","","0.0","","","","0","","16.1","","98.20","","","","","","NA"
"-80.38","43.46","KITCHENER/WATERLOO","6144239","2024-07-20 08:00","2024","07","20","08:00","","20.1","","16.1","","77","","0.0","","28","","9","","16.1","","98.21","","25","","","","NA"
"-80.38","43.46","KITCHENER/WATERLOO","6144239","2024-07-20 09:00","2024","07","20","09:00","","22.3","","15.2","","64","","0.0","","26","","17","","16.1","","98.15","","26","","","","Rain"
"-80.38","43.46","KITCHENER/WATERLOO","6144239","2024-07-20 10:00","2024","07","20","10:00","","23.4","","14.8","","58","","0.0","","28","","15","","16.1","","98.14","","27","","","","NA"
"-80.38","43.46","KITCHENER/WATERLOO","6144239","2024-07-20 11:00","2024","07","20","11:00","","23.7","","13.9","","54","","0.0","","26","","13","","16.1","","98.12","","27","","","","NA"
"-80.38","43.46","KITCHENER/WATERLOO","6144239","2024-07-20 12:00","2024","07","20","12:00","","24.4","","12.9","","48","","0.0","","32","","13","","16.1","","98.10","","27","","","","NA"
"-80.38","43.46","KITCHENER/WATERLOO","6144239","2024-07-20 13:00","2024","07","20","13:00","","25.6","","13.6","","47","","0.0","","27","","13","","16.1","","98.09","","29","","","","NA"
"-80.38","43.46","KITCHENER/WATERLOO","6144239","2024-07-20 14:00","2024","07","20","14:00","","25.9","","14.2","","48","","0.0","","31","","9","","16.1","","98.05","","29","","","","NA"
"-80.38","43.46","KITCHENER/WATERLOO","6144239","2024-07-20 15:00","2024","07","20","15:00","","25.9","","14.8","","50","","0.0","","32","","17","","16.1","","98.00","","30","","","","NA"
"-80.38","43.46","KITCHENER/WATERLOO","6144239","2024-07-20 16:00","2024","07","20","16:00","","25.5","","14.9","","51","","0.0","","31","","13","","16.1","","98.01","","29","","","","NA"
"-80.38","43.46","KITCHENER/WATERLOO","6144239","2024-07-20 17:00","2024","07","20","17:00","","25.3","","12.2","","44","","0.0","","28","","18","","16.1","","97.98","","28","","","","NA"
"-80.38","43.46","KITCHENER/WATERLOO","6144239","2024-07-20 18:00","2024","07","20","18:00","","23.1","","13.8","","55","","0.0","","31","","15","","16.1","","98.00","","26","","","","NA"
"-80.38","43.46","KITCHENER/WATERLOO","6144239","2024-07-20 19:00","2024","07","20","19:00","","22.6","","13.2","","55","","0.0","","30","","13","","16.1","","98.01","","26","","","","NA"
"-80.38","43.46","KITCHENER/WATERLOO","6144239","2024-07-20 20:00","2024","07","20","20:00","","19.3","","13.5","","69","","0.0","","31","","9","","16.1","","98.02","","","","","","NA"
"-80.38","43.46","KITCHENER/WATERLOO","6144239","2024-07-20 21:00","2024","07","20","21:00","","17.0","","14.5","","85","","0.0","","28","","5","","16.1","","98.06","","","","","","NA"
"-80.38","43.46","KITCHENER/WATERLOO","6144239","2024-07-20 22:00","2024","07","20","22:00","","16.8","","14.2","","85","","0.0","","30","","5","","16.1","","98.06","","","","","","NA"
"-80.38","43.46","KITCHENER/WATERLOO","6144239","2024-07-20 23:00","2024","07","20","23:00","","15.3","","13.8","","91","","0.0","","","","0","","16.1","","98.07","","","","","","NA"
"-80.38","43.46","KITCHENER/WATERLOO","6144239","2024-07-21 00:00","2024","07","21","00:00","","15.5","","14.5","","94","","0.0","","35","","4","","16.1","","98.06","","","","","","NA"
"-80.38","43.46","KITCHENER/WATERLOO","6144239","2024-07-21 01:00","2024","07","21","01:00","","15.3","","13.9","","91","","0.0","","","","0","","16.1","","98.04","","","","","","NA"
"-80.38","43.46","KITCHENER/WATERLOO","6144239","2024-07-21 02:00","2024","07","21","02:00","","14.1","","14.1","","100","","0.0","","36","","4","","16.1","","98.04","","","","","","NA"
"-80.38","43.46","KITCHENER/WATERLOO","6144239","2024-07-21 03:00","2024","07","21","03:00","","14.0","","14.0","","100","","0.0","","","","0","","16.1","","98.00","","","","","","NA"
"-80.38","43.46","KITCHENER/WATERLOO","6144239","2024-07-21 04:00","2024","07","21","04:00","","14.0","","14.0","","100","","0.0","","","","0","","16.1","","98.02","","","","","","NA"
"-80.38","43.46","KITCHENER/WATERLOO","6144239","2024-07-21 05:00","2024","07","21","05:00","","16.1","","15.3","","95","","0.0","","","","0","","16.1","","98.05","","","","","","NA"
"-80.38","43.46","KITCHENER/WATERLOO","6144239","2024-07-21 06:00","2024","07","21","06:00","","16.7","","16.2","","97","","0.0","","10","","4","","16.1","","98.06","","","","","","NA"
"-80.38","43.46","KITCHENER/WATERLOO","6144239","2024-07-21 07:00","2024","07","21","07:00","","17.8","","16.5","","92","","0.0","","3","","4","","16.1","","98.10","","","","","","NA"
"-80.38","43.46","KITCHENER/WATERLOO","6144239","2024-07-21 08:00","2024","07","21","08:00","","20.3","","17.7","","85","","0.0","","","M","4","","16.1","","98.08","","26","","","","NA"
"-80.38","43.46","KITCHENER/WATERLOO","6144239","2024-07-21 09:00","2024","07","21","09:00","","23.2","","17.8","","71","","0.0","","30","","11","","16.1","","98.07","","29","","","","NA"
"-80.38","43.46","KITCHENER/WATERLOO","6144239","2024-07-21 10:00","2024","07","21","10:00","","23.1","","18.4","","75","","0.0","","30","","8","","16.1","","98.09","","29","","","","NA"
"-80.38","43.46","KITCHENER/WATERLOO","6144239","2024-07-21 11:00","2024","07","21","11:00","","24.0","","18.3","","70","","0.0","","","M","4","","16.1","","98.08","","30","","","","NA"
"-80.38","43.46","KITCHENER/WATERLOO","6144239","2024-07-21 12:00","2024","07","21","12:00","","25.8","","18.2","","62","","0.0","","28","","8","","16.1","","98.05","","32","","","","NA"
"-80.38","43.46","KITCHENER/WATERLOO","6144239","2024-07-21 13:00","2024","07","21","13:00","","26.4","","17.7","","58","","0.0","","29","","9","","16.1","","98.02","","32","","","","NA"
"-80.38","43.46","KITCHENER/WATERLOO","6144239","2024-07-21 14:00","2024","07","21","14:00","","25.7","","17.9","","62","","0.0","","36","","5","","16.1","","98.01","","32","","","","NA"
"-80.38","43.46","KITCHENER/WATERLOO","6144239","2024-07-21 15:00","2024","07","21","15:00","","26.0","","18.1","","61","","0.0","","5","","9","","16.1","","98.02","","32","","","","NA"
"-80.38","43.46","KITCHENER/WATERLOO","6144239","2024-07-21 16:00","2024","07","21","16:00","","25.5","","19.1","","67","","0.0","","20","","13","","16.1","","98.00","","32","","","","NA"
"-80.38","43.46","KITCHENER/WATERLOO","6144239","2024-07-21 17:00","2024","07","21","17:00","","25.6","","19.2","","67","","0.0","","20","","8","","16.1","","97.97","","33","","","","NA"
"-80.38","43.46","KITCHENER/WATERLOO","6144239","2024-07-21 18:00","2024","07","21","18:00","","25.1","","17.1","","61","","0.0","","34","","15","","16.1","","97.97","","30","","","","NA"
"-80.38","43.46","KITCHENER/WATERLOO","6144239","2024-07-21 19:00","2024","07","21","19:00","","23.8","","19.6","","77","","0.0","","4","","8","","16.1","","97.99","","31","","","","NA"
"-80.38","43.46","KITCHENER/WATERLOO","6144239","2024-07-21 20:00","2024","07","21","20:00","","21.3","","18.7","","85","","0.0","","6","","8","","16.1","","98.02","","28","","","","NA"
"-80.38","43.46","KITCHENER/WATERLOO","6144239","2024-07-21 21:00","2024","07","21","21:00","","20.6","","15.0","","70","","0.0","","3","","8","","16.1","","98.07","","25","","","","NA"
"-80.38","43.46","KITCHENER/WATERLOO","6144239","2024-07-21 22:00","2024","07","21","22:00","","19.0","","13.1","","68","","0.0","","3","","8","","11.3","","98.10","","","","","","NA"
"-80.38","43.46","KITCHENER/WATERLOO","6144239","2024-07-21 23:00","2024","07","21","23:00","","17.2","","12.8","","75","","0.0","","2","","5","","16.1","","98.13","","","","","","NA"
"-80.38","43.46","KITCHENER/WATERLOO","6144239","2024-07-22 00:00","2024","07","22","00:00","","14.0","","13.4","","96","","0.0","","33","","4","","16.1","","98.14","","","","","","NA"
"-80.38","43.46","KITCHENER/WATERLOO","6144239","2024-07-22 01:00","2024","07","22","01:00","","14.8","","13.7","","93","","0.0","","34","","4","","16.1","","98.11","","","","","","NA"
"-80.38","43.46","KITCHENER/WATERLOO","6144239","2024-07-22 02:00","2024","07","22","02:00","","13.2","","13.1","","99","","0.0","","","M","4","","16.1","","98.07","","","","","","NA"
"-80.38","43.46","KITCHENER/WATERLOO","6144239","2024-07-22 03:00","2024","07","22","03:00","","12.8","","12.5","","98","","0.0","","32","","5","","16.1","","98.03","","","","","","NA"
"-80.38","43.46","KITCHENER/WATERLOO","6144239","2024-07-22 04:00","2024","07","22","04:00","","12.6","","12.1","","97","","0.0","","32","","4","","16.1","","98.03","","","","","","NA"
"-80.38","43.46","KITCHENER/WATERLOO","6144239","2024-07-22 05:00","2024","07","22","05:00","","13.1","","11.8","","92","","0.0","","","M","4","","16.1","","98.02","","","","","","NA"
"-80.38","43.46","KITCHENER/WATERLOO","6144239","2024-07-22 06:00","2024","07","22","06:00","","12.5","","12.2","","98","","0.0","","29","","4","","16.1","","98.02","","","","","","NA"
"-80.38","43.46","KITCHENER/WATERLOO","6144239","2024-07-22 07:00","2024","07","22","07:00","","15.7","","12.6","","82","","0.0","","35","","8","","16.1","","98.02","","","","","","NA"
"-80.38","43.46","KITCHENER/WATERLOO","6144239","2024-07-22 08:00","2024","07","22","08:00","","19.3","","11.4","","60","","0.0","","","M","4","","16.1","","98.02","","","","","","NA"
"-80.38","43.46","KITCHENER/WATERLOO","6144239","2024-07-22 09:00","2024","07","22","09:00","","22.0","","11.1","","50","","0.0","","","M","4","","16.1","","98.03","","","","","","NA"
"-80.38","43.46","KITCHENER/WATERLOO","6144239","2024-07-22 10:00","2024","07","22","10:00","","23.2","","12.8","","52","","0.0","","3","","8","","16.1","","97.99","","26","","","","NA"
"-80.38","43.46","KITCHENER/WATERLOO","6144239","2024-07-22 11:00","2024","07","22","11:00","","24.0","","14.1","","54","","0.0","","3","","8","","16.1","","97.96","","27","","","","NA"
"-80.38","43.46","KITCHENER/WATERLOO","6144239","2024-07-22 12:00","2024","07","22","12:00","","25.3","","13.6","","48","","0.0","","","M","5","","16.1","","97.91","","28","","","","NA"
"-80.38","43.46","KITCHENER/WATERLOO","6144239","2024-07-22 13:00","2024","07","22","13:00","","25.8","","13.3","","45","","0.0","","34","","8","","16.1","","97.85","","29","","","","NA"
"-80.38","43.46","KITCHENER/WATERLOO","6144239","2024-07-22 14:00","2024","07","22","14:00","","25.8","","13.3","","46","","0.0","","4","","5","","16.1","","97.84","","29","","","","NA"
"-80.38","43.46","KITCHENER/WATERLOO","6144239","2024-07-22 15:00","2024","07","22","15:00","","26.2","","13.3","","44","","0.0","","","","0","","16.1","","97.79","","29","","","","NA"
"-80.38","43.46","KITCHENER/WATERLOO","6144239","2024-07-22 16:00","2024","07","22","16:00","","26.1","","13.0","","44","","0.0","","","M","4","","16.1","","97.75","","29","","","","NA"
"-80.38","43.46","KITCHENER/WATERLOO","6144239","2024-07-22 17:00","2024","07","22","17:00","","24.3","","15.3","","57","","0.0","","32","","8","","16.1","","97.74","","28","","","","NA"
"-80.38","43.46","KITCHENER/WATERLOO","6144239","2024-07-22 18:00","2024","07","22","18:00","","23.3","","15.5","","61","","0.0","","32","","9","","16.1","","97.71","","28","","","","NA"
"-80.38","43.46","KITCHENER/WATERLOO","6144239","2024-07-22 19:00","2024","07","22","19:00","","23.0","","14.6","","59","","0.0","","31","","8","","16.1","","97.72","","27","","","","NA"
"-80.38","43.46","KITCHENER/WATERLOO","6144239","2024-07-22 20:00","2024","07","22","20:00","","21.6","","14.9","","65","","0.0","","32","","5","","16.1","","97.74","","26","","","","NA"
"-80.38","43.46","KITCHENER/WATERLOO","6144239","2024-07-22 21:00","2024","07","22","21:00","","19.8","","16.1","","79","","0.0","","1","","5","","16.1","","97.78","","","","","","NA"
"-80.38","43.46","KITCHENER/WATERLOO","6144239","2024-07-22 22:00","2024","07","22","22:00","","19.5","","16.1","","80","","0.0","","31","","4","","16.1","","97.79","","","","","","NA"
"-80.38","43.46","KITCHENER/WATERLOO","6144239","2024-07-22 23:00","2024","07","22","23:00","","20.1","","14.4","","69","","0.0","","19","","8","","16.1","","97.85","","","","","","Rain"
"-80.38","43.46","KITCHENER/WATERLOO","6144239","2024-07-23 00:00","2024","07","23","00:00","","18.6","","15.3","","81","","0.5","","26","","11","","16.1","","97.89","","","","","","Moderate Rain"
"-80.38","43.46","KITCHENER/WATERLOO","6144239","2024-07-23 01:00","2024","07","23","01:00","","16.7","","16.7","","100","","0.8","","35","","4","","16.1","","97.86","","","","","","NA"
"-80.38","43.46","KITCHENER/WATERLOO","6144239","2024-07-23 02:00","2024","07","23","02:00","","16.6","","16.6","","100","","0.0","","","M","4","","16.1","","97.86","","","","","","NA"
"-80.38","43.46","KITCHENER/WATERLOO","6144239","2024-07-23 03:00","2024","07","23","03:00","","17.0","","16.7","","98","","0.0","","34","","8","","16.1","","97.82","","","","","","Rain"
"-80.38","43.46","KITCHENER/WATERLOO","6144239","2024-07-23 04:00","2024","07","23","04:00","","16.8","","16.8","","100","","0.0","","","","0","","16.1","","97.84","","","","","","NA"
"-80.38","43.46","KITCHENER/WATERLOO","6144239","2024-07-23 05:00","2024","07","23","05:00","","16.3","","16.3","","100","","0.2","","","","0","","16.1","","97.87","","","","","","NA"
"-80.38","43.46","KITCHENER/WATERLOO","6144239","2024-07-23 06:00","2024","07","23","06:00","","15.9","","15.9","","100","","0.0","","","M","4","","16.1","","97.91","","","","","","NA"
"-80.38","43.46","KITCHENER/WATERLOO","6144239","2024-07-23 07:00","2024","07","23","07:00","","18.1","","17.0","","93","","0.0","","34","","4","","16.1","","97.95","","","","","","NA"
"-80.38","43.46","KITCHENER/WATERLOO","6144239","2024-07-23 08:00","2024","07","23","08:00","","20.5","","16.4","","77","","0.0","","33","","5","","16.1","","97.97","","25","","","","NA"
"-80.38","43.46","KITCHENER/WATERLOO","6144239","2024-07-23 09:00","2024","07","23","09:00","","22.0","","14.3","","61","","0.0","","","M","4","","16.1","","98.02","","26","","","","NA"
"-80.38","43.46","KITCHENER/WATERLOO","6144239","2024-07-23 10:00","2024","07","23","10:00","","22.6","","15.6","","64","","0.0","","","M","4","","16.1","","98.04","","27","","","","NA"
"-80.38","43.46","KITCHENER/WATERLOO","6144239","2024-07-23 11:00","2024","07","23","11:00","","24.9","","16.8","","60","","0.0","","15","","9","","16.1","","98.03","","30","","","","NA"
"-80.38","43.46","KITCHENER/WATERLOO","6144239","2024-07-23 12:00","2024","07","23","12:00","","26.0","","14.8","","50","","0.0","","19","","11","","16.1","","98.02","","30","","","","NA"
"-80.38","43.46","KITCHENER/WATERLOO","6144239","2024-07-23 13:00","2024","07","23","13:00","","26.3","","16.3","","54","","0.0","","16","","8","","16.1","","97.98","","31","","","","NA"
"-80.38","43.46","KITCHENER/WATERLOO","6144239","2024-07-23 14:00","2024","07","23","14:00","","27.1","","16.6","","52","","0.0","","22","","13","","16.1","","97.96","","32","","","","NA"
"-80.38","43.46","KITCHENER/WATERLOO","6144239","2024-07-23 15:00","2024","07","23","15:00","","27.1","","17.0","","53","","0.0","","16","","11","","16.1","","97.91","","32","","","","NA"
"-80.38","43.46","KITCHENER/WATERLOO","6144239","2024-07-23 16:00","2024","07","23","16:00","","26.0","","16.6","","56","","0.0","","21","","11","","16.1","","97.89","","31","","","","NA"
"-80.38","43.46","KITCHENER/WATERLOO","6144239","2024-07-23 17:00","2024","07","23","17:00","","24.9","","18.4","","67","","0.0","","","","0","","16.1","","97.90","","31","","","","NA"
"-80.38","43.46","KITCHENER/WATERLOO","6144239","2024-07-23 18:00","2024","07","23","18:00","","25.6","","17.1","","59","","0.0","","17","","15","","16.1","","97.88","","31","","","","NA"
"-80.38","43.46","KITCHENER/WATERLOO","6144239","2024-07-23 19:00","2024","07","23","19:00","","24.5","","17.9","","66","","0.0","","16","","13","","16.1","","97.89","","30","","","","NA"
"-80.38","43.46","KITCHENER/WATERLOO","6144239","2024-07-23 20:00","2024","07","23","20:00","","22.5","","17.8","","75","","0.0","","15","","9","","16.1","","97.91","","28","","","","NA"
"-80.38","43.46","KITCHENER/WATERLOO","6144239","2024-07-23 21:00","2024","07","23","21:00","","20.2","","18.0","","87","","0.0","","14","","9","","16.1","","97.98","","26","","","","NA"
"-80.38","43.46","KITCHENER/WATERLOO","6144239","2024-07-23 22:00","2024","07","23","22:00","","20.9","","17.0","","78","","0.0","","18","","5","","16.1","","98.02","","26","","","","NA"
"-80.38","43.46","KITCHENER/WATERLOO","6144239","2024-07-23 23:00","2024","07","23","23:00","","18.7","","16.9","","89","","0.0","","14","","4","","16.1","","97.98","","","","","","NA"
"-80.38","43.46","KITCHENER/WATERLOO","6144239","2024-07-24 00:00","2024","07","24","00:00","","17.4","","16.8","","96","","0.0","","","","0","","16.1","","97.97","","","","","","NA"
"-80.38","43.46","KITCHENER/WATERLOO","6144239","2024-07-24 01:00","2024","07","24","01:00","","17.1","","17.1","","100","","0.0","","13","","4","","16.1","","97.92","","","","","","NA"
"-80.38","43.46","KITCHENER/WATERLOO","6144239","2024-07-24 02:00","2024","07","24","02:00","","17.6","","17.6","","100","","0.0","","","","0","","16.1","","97.87","","","","","","NA"
"-80.38","43.46","KITCHENER/WATERLOO","6144239","2024-07-24 03:00","2024","07","24","03:00","","18.5","","18.0","","97","","0.0","","","M","4","","16.1","","97.82","","","","","","NA"
"-80.38","43.46","KITCHENER/WATERLOO","6144239","2024-07-24 04:00","2024","07","24","04:00","","16.9","","16.9","","100","","0.0","","13","","4","","4.8","","97.81","","","","","","Fog"
"-80.38","43.46","KITCHENER/WATERLOO","6144239","2024-07-24 05:00","2024","07","24","05:00","","16.6","","16.6","","100","","0.0","","19","","5","","3.6","","97.82","","","","","","Fog"
"-80.38","43.46","KITCHENER/WATERLOO","6144239","2024-07-24 06:00","2024","07","24","06:00","","19.1","","19.1","","100","","0.0","","20","","9","","8.1","","97.81","","","","","","Fog"
"-80.38","43.46","KITCHENER/WATERLOO","6144239","2024-07-24 07:00","2024","07","24","07:00","","20.6","","20.0","","96","","0.0","","20","","17","","16.1","","97.82","","28","","","","NA"
"-80.38","43.46","KITCHENER/WATERLOO","6144239","2024-07-24 08:00","2024","07","24","08:00","","22.0","","20.3","","90","","0.0","","23","","15","","16.1","","97.84","","30","","","","NA"
"-80.38","43.46","KITCHENER/WATERLOO","6144239","2024-07-24 09:00","2024","07","24","09:00","","22.1","","19.8","","86","","0.0","","25","","22","","16.1","","97.86","","30","","","","NA"
"-80.38","43.46","KITCHENER/WATERLOO","6144239","2024-07-24 10:00","2024","07","24","10:00","","23.1","","20.4","","84","","0.0","","25","","15","","16.1","","97.82","","31","","","","NA"
"-80.38","43.46","KITCHENER/WATERLOO","6144239","2024-07-24 11:00","2024","07","24","11:00","","23.2","","19.5","","79","","0.0","","27","","15","","16.1","","97.84","","30","","","","NA"
"-80.38","43.46","KITCHENER/WATERLOO","6144239","2024-07-24 12:00","2024","07","24","12:00","","23.0","","18.6","","76","","0.0","","27","","21","","16.1","","97.86","","29","","","","NA"
"-80.38","43.46","KITCHENER/WATERLOO","6144239","2024-07-24 13:00","2024","07","24","13:00","","24.8","","18.9","","69","","0.0","","25","","18","","16.1","","97.83","","31","","","","NA"
"-80.38","43.46","KITCHENER/WATERLOO","6144239","2024-07-24 14:00","2024","07","24","14:00","","23.8","","17.7","","68","","0.0","","24","","28","","16.1","","97.81","","30","","","","NA"
"-80.38","43.46","KITCHENER/WATERLOO","6144239","2024-07-24 15:00","2024","07","24","15:00","","23.2","","19.7","","80","","0.0","","27","","24","","16.1","","97.85","","31","","","","NA"
"-80.38","43.46","KITCHENER/WATERLOO","6144239","2024-07-24 16:00","2024","07","24","16:00","","23.1","","17.1","","69","","0.0","","29","","30","","16.1","","97.84","","28","","","","NA"
"-80.38","43.46","KITCHENER/WATERLOO","6144239","2024-07-24 17:00","2024","07","24","17:00","","22.7","","16.3","","67","","0.0","","30","","28","","16.1","","97.89","","28","","","","NA"
"-80.38","43.46","KITCHENER/WATERLOO","6144239","2024-07-24 18:00","2024","07","24","18:00","","21.2","","15.7","","71","","0.0","","32","","21","","16.1","","97.96","","26","","","","NA"
"-80.38","43.46","KITCHENER/WATERLOO","6144239","2024-07-24 19:00","2024","07","24","19:00","","19.8","","15.8","","77","","0.0","","32","","13","","16.1","","98.00","","","","","","NA"
"-80.38","43.46","KITCHENER/WATERLOO","6144239","2024-07-24 20:00","2024","07","24","20:00","","18.4","","15.1","","81","","0.0","","29","","15","","16.1","","98.01","","","","","","NA"
"-80.38","43.46","KITCHENER/WATERLOO","6144239","2024-07-24 21:00","2024","07","24","21:00","","17.4","","14.9","","85","","0.0","","30","","11","","16.1","","98.08","","","","","","NA"
"-80.38","43.46","KITCHENER/WATERLOO","6144239","2024-07-24 22:00","2024","07","24","22:00","","16.1","","14.8","","92","","0.0","","30","","11","","16.1","","98.11","","","","","","NA"
"-80.38","43.46","KITCHENER/WATERLOO","6144239","2024-07-24 23:00","2024","07","24","23:00","","15.6","","14.7","","94","","0.0","","29","","13","","16.1","","98.15","","","","","","NA"
"-80.38","43.46","KITCHENER/WATERLOO","6144239","2024-07-25 00:00","2024","07","25","00:00","","14.9","","14.8","","99","","0.0","","30","","11","","16.1","","98.16","","","","","","NA"
"-80.38","43.46","KITCHENER/WATERLOO","6144239","2024-07-25 01:00","2024","07","25","01:00","","15.1","","15.0","","99","","0.0","","29","","13","","16.1","","98.19","","","","","","NA"
"-80.38","43.46","KITCHENER/WATERLOO","6144239","2024-07-25 02:00","2024","07","25","02:00","","15.0","","14.9","","99","","0.0","","29","","13","","16.1","","98.21","","","","","","NA"
"-80.38","43.46","KITCHENER/WATERLOO","6144239","2024-07-25 03:00","2024","07","25","03:00","","15.1","","15.1","","100","","0.0","","31","","13","","16.1","","98.22","","","","","","NA"
"-80.38","43.46","KITCHENER/WATERLOO","6144239","2024-07-25 04:00","2024","07","25","04:00","","14.3","","14.3","","100","","0.0","","31","","11","","16.1","","98.22","","","","","","NA"
"-80.38","43.46","KITCHENER/WATERLOO","6144239","2024-07-25 05:00","2024","07","25","05:00","","13.8","","13.8","","100","","0.0","","31","","9","","16.1","","98.27","","","","","","NA"
"-80.38","43.46","KITCHENER/WATERLOO","6144239","2024-07-25 06:00","2024","07","25","06:00","","14.1","","14.1","","100","","0.0","","30","","9","","16.1","","98.31","","","","","","NA"
"-80.38","43.46","KITCHENER/WATERLOO","6144239","2024-07-25 07:00","2024","07","25","07:00","","15.7","","14.3","","91","","0.0","","32","","13","","16.1","","98.35","","","","","","NA"
"-80.38","43.46","KITCHENER/WATERLOO","6144239","2024-07-25 08:00","2024","07","25","08:00","","17.7","","13.3","","75","","0.0","","34","","18","","16.1","","98.38","","","","","","NA"
"-80.38","43.46","KITCHENER/WATERLOO","6144239","2024-07-25 09:00","2024","07","25","09:00","","19.6","","13.7","","68","","0.0","","32","","17","","16.1","","98.40","","","","","","NA"
"-80.38","43.46","KITCHENER/WATERLOO","6144239","2024-07-25 10:00","2024","07","25","10:00","","20.8","","12.8","","60","","0.0","","32","","21","","16.1","","98.39","","","","","","NA"
"-80.38","43.46","KITCHENER/WATERLOO","6144239","2024-07-25 11:00","2024","07","25","11:00","","21.9","","12.4","","55","","0.0","","36","","18","","16.1","","98.39","","","","","","NA"
"-80.38","43.46","KITCHENER/WATERLOO","6144239","2024-07-25 12:00","2024","07","25","12:00","","22.6","","12.6","","53","","0.0","","29","","17","","16.1","","98.38","","25","","","","NA"
"-80.38","43.46","KITCHENER/WATERLOO","6144239","2024-07-25 13:00","2024","07","25","13:00","","22.2","","12.5","","54","","0.0","","28","","9","","16.1","","98.36","","25","","","","NA"
"-80.38","43.46","KITCHENER/WATERLOO","6144239","2024-07-25 14:00","2024","07","25","14:00","","22.2","","12.6","","54","","0.0","","33","","17","","16.1","","98.36","","25","","","","NA"
"-80.38","43.46","KITCHENER/WATERLOO","6144239","2024-07-25 15:00","2024","07","25","15:00","","23.5","","11.1","","45","","0.0","","33","","22","","16.1","","98.33","","25","","","","NA"
"-80.38","43.46","KITCHENER/WATERLOO","6144239","2024-07-25 16:00","2024","07","25","16:00","","22.4","","11.1","","48","","0.0","","34","","22","","16.1","","98.34","","","","","","NA"
"-80.38","43.46","KITCHENER/WATERLOO","6144239","2024-07-25 17:00","2024","07","25","17:00","","22.3","","11.2","","49","","0.0","","34","","18","","16.1","","98.34","","","","","","NA"
"-80.38","43.46","KITCHENER/WATERLOO","6144239","2024-07-25 18:00","2024","07","25","18:00","","21.8","","10.5","","48","","0.0","","32","","13","","16.1","","98.38","","","","","","NA"
"-80.38","43.46","KITCHENER/WATERLOO","6144239","2024-07-25 19:00","2024","07","25","19:00","","20.0","","11.9","","59","","0.0","","35","","13","","16.1","","98.39","","","","","","NA"
"-80.38","43.46","KITCHENER/WATERLOO","6144239","2024-07-25 20:00","2024","07","25","20:00","","18.0","","12.5","","70","","0.0","","34","","5","","16.1","","98.42","","","","","","NA"
"-80.38","43.46","KITCHENER/WATERLOO","6144239","2024-07-25 21:00","2024","07","25","21:00","","16.1","","12.7","","80","","0.0","","31","","8","","16.1","","98.46","","","","","","NA"
"-80.38","43.46","KITCHENER/WATERLOO","6144239","2024-07-25 22:00","2024","07","25","22:00","","15.2","","11.6","","79","","0.0","","32","","9","","16.1","","98.49","","","","","","NA"
"-80.38","43.46","KITCHENER/WATERLOO","6144239","2024-07-25 23:00","2024","07","25","23:00","","13.5","","11.6","","88","","0.0","","30","","4","","16.1","","98.50","","","","","","NA"
"-80.38","43.46","KITCHENER/WATERLOO","6144239","2024-07-26 00:00","2024","07","26","00:00","","13.9","","11.6","","86","","0.0","","33","","5","","16.1","","98.50","","","","","","NA"
"-80.38","43.46","KITCHENER/WATERLOO","6144239","2024-07-26 01:00","2024","07","26","01:00","","12.6","","11.8","","95","","0.0","","32","","8","","16.1","","98.52","","","","","","NA"
"-80.38","43.46","KITCHENER/WATERLOO","6144239","2024-07-26 02:00","2024","07","26","02:00","","11.6","","11.2","","97","","0.0","","33","","5","","16.1","","98.52","","","","","","NA"
"-80.38","43.46","KITCHENER/WATERLOO","6144239","2024-07-26 03:00","2024","07","26","03:00","","12.2","","11.7","","96","","0.0","","30","","5","","16.1","","98.52","","","","","","NA"
"-80.38","43.46","KITCHENER/WATERLOO","6144239","2024-07-26 04:00","2024","07","26","04:00","","12.0","","11.9","","99","","0.0","","31","","5","","16.1","","98.55","","","","","","NA"
"-80.38","43.46","KITCHENER/WATERLOO","6144239","2024-07-26 05:00","2024","07","26","05:00","","11.4","","11.4","","100","","0.0","","31","","5","","16.1","","98.58","","","","","","NA"
"-80.38","43.46","KITCHENER/WATERLOO","6144239","2024-07-26 06:00","2024","07","26","06:00","","11.6","","11.6","","100","","0.0","","30","","4","","16.1","","98.60","","","","","","NA"
"-80.38","43.46","KITCHENER/WATERLOO","6144239","2024-07-26 07:00","2024","07","26","07:00","","14.5","","13.6","","94","","0.0","","29","","5","","16.1","","98.63","","","","","","NA"
"-80.38","43.46","KITCHENER/WATERLOO","6144239","2024-07-26 08:00","2024","07","26","08:00","","17.5","","14.5","","83","","0.0","","35","","8","","16.1","","98.64","","","","","","NA"
"-80.38","43.46","KITCHENER/WATERLOO","6144239","2024-07-26 09:00","2024","07","26","09:00","","20.2","","15.0","","72","","0.0","","33","","9","","16.1","","98.64","","","","","","NA"
"-80.38","43.46","KITCHENER/WATERLOO","6144239","2024-07-26 10:00","2024","07","26","10:00","","21.8","","9.5","","45","","0.0","","2","","8","","11.3","","98.62","","","","","","NA"
"-80.38","43.46","KITCHENER/WATERLOO","6144239","2024-07-26 11:00","2024","07","26","11:00","","22.8","","12.2","","51","","0.0","","","M","8","","16.1","","98.57","","25","","","","NA"
"-80.38","43.46","KITCHENER/WATERLOO","6144239","2024-07-26 12:00","2024","07","26","12:00","","23.4","","11.6","","47","","0.0","","","M","11","","16.1","","98.51","","25","","","","NA"
"-80.38","43.46","KITCHENER/WATERLOO","6144239","2024-07-26 13:00","2024","07","26","13:00","","24.5","","12.0","","45","","0.0","","","M","11","","16.1","","98.50","","27","","","","NA"
"-80.38","43.46","KITCHENER/WATERLOO","6144239","2024-07-26 14:00","2024","07","26","14:00","","24.8","","9.0","","36","","0.0","","1","","5","","16.1","","98.45","","26","","","","NA"
"-80.38","43.46","KITCHENER/WATERLOO","6144239","2024-07-26 15:00","2024","07","26","15:00","","24.9","","11.4","","42","","0.0","","33","","9","","16.1","","98.40","","27","","","","NA"
"-80.38","43.46","KITCHENER/WATERLOO","6144239","2024-07-26 16:00","2024","07","26","16:00","","25.1","","12.3","","44","","0.0","","","M","5","","16.1","","98.37","","28","","","","NA"
"-80.38","43.46","KITCHENER/WATERLOO","6144239","2024-07-26 17:00","2024","07","26","17:00","","25.0","","12.0","","44","","0.0","","35","","8","","16.1","","98.36","","27","","","","NA"
"-80.38","43.46","KITCHENER/WATERLOO","6144239","2024-07-26 18:00","2024","07","26","18:00","","24.1","","14.0","","53","","0.0","","31","","8","","16.1","","98.33","","27","","","","NA"
"-80.38","43.46","KITCHENER/WATERLOO","6144239","2024-07-26 19:00","2024","07","26","19:00","","21.7","","14.2","","62","","0.0","","32","","8","","16.1","","98.34","","25","","","","NA"
"-80.38","43.46","KITCHENER/WATERLOO","6144239","2024-07-26 20:00","2024","07","26","20:00","","20.1","","13.9","","67","","0.0","","35","","8","","16.1","","98.34","","","","","","NA"
"-80.38","43.46","KITCHENER/WATERLOO","6144239","2024-07-26 21:00","2024","07","26","21:00","","19.0","","13.3","","69","","0.0","","1","","8","","16.1","","98.37","","","","","","NA"
"-80.38","43.46","KITCHENER/WATERLOO","6144239","2024-07-26 22:00","2024","07","26","22:00","","15.0","","13.2","","89","","0.0","","","M","9","","16.1","","98.41","","","","","","NA"
"-80.38","43.46","KITCHENER/WATERLOO","6144239","2024-07-26 23:00","2024","07","26","23:00","","13.8","","13.8","","100","","0.0","","33","","8","","16.1","","98.39","","","","","","NA"
"-80.38","43.46","KITCHENER/WATERLOO","6144239","2024-07-27 00:00","2024","07","27","00:00","","12.4","","12.3","","100","","0.0","","2","","4","","16.1","","98.40","","","","","","NA"
"-80.38","43.46","KITCHENER/WATERLOO","6144239","2024-07-27 01:00","2024","07","27","01:00","","12.4","","12.4","","100","","0.0","","36","","4","","16.1","","98.39","","","","","","NA"
"-80.38","43.46","KITCHENER/WATERLOO","6144239","2024-07-27 02:00","2024","07","27","02:00","","11.8","","11.8","","100","","0.0","","32","","4","","16.1","","98.39","","","","","","NA"
"-80.38","43.46","KITCHENER/WATERLOO","6144239","2024-07-27 03:00","2024","07","27","03:00","","11.8","","11.8","","100","","0.0","","35","","4","","16.1","","98.40","","","","","","NA"
"-80.38","43.46","KITCHENER/WATERLOO","6144239","2024-07-27 04:00","2024","07","27","04:00","","11.5","","11.5","","100","","0.0","","","","0","","2.0","","98.39","","","","","","Rain,Fog"
"-80.38","43.46","KITCHENER/WATERLOO","6144239","2024-07-27 05:00","2024","07","27","05:00","","11.0","","11.0","","100","","0.0","","31","","4","","8.1","","98.41","","","","","","Fog"
"-80.38","43.46","KITCHENER/WATERLOO","6144239","2024-07-27 06:00","2024","07","27","06:00","","10.9","","10.9","","100","","0.0","","","","0","","11.3","","98.47","","","","","","NA"
"-80.38","43.46","KITCHENER/WATERLOO","6144239","2024-07-27 07:00","2024","07","27","07:00","","14.8","","14.7","","100","","0.0","","","","0","","16.1","","98.50","","","","","","NA"
"-80.38","43.46","KITCHENER/WATERLOO","6144239","2024-07-27 08:00","2024","07","27","08:00","","18.4","","15.3","","82","","0.0","","","M","4","","16.1","","98.53","","","","","","NA"
"-80.38","43.46","KITCHENER/WATERLOO","6144239","2024-07-27 09:00","2024","07","27","09:00","","21.5","","14.7","","65","","0.0","","","","0","","16.1","","98.51","","25","","","","NA"
"-80.38","43.46","KITCHENER/WATERLOO","6144239","2024-07-27 10:00","2024","07","27","10:00","","23.4","","14.6","","57","","0.0","","","","0","","16.1","","98.52","","27","","","","NA"
"-80.38","43.46","KITCHENER/WATERLOO","6144239","2024-07-27 11:00","2024","07","27","11:00","","24.4","","13.0","","48","","0.0","","16","","8","","16.1","","98.50","","27","","","","NA"
"-80.38","43.46","KITCHENER/WATERLOO","6144239","2024-07-27 12:00","2024","07","27","12:00","","25.7","","14.2","","48","","0.0","","20","","11","","16.1","","98.47","","29","","","","NA"
"-80.38","43.46","KITCHENER/WATERLOO","6144239","2024-07-27 13:00","2024","07","27","13:00","","26.0","","12.7","","43","","0.0","","19","","11","","16.1","","98.44","","29","","","","NA"
"-80.38","43.46","KITCHENER/WATERLOO","6144239","2024-07-27 14:00","2024","07","27","14:00","","26.3","","13.0","","43","","0.0","","23","","8","","16.1","","98.40","","29","","","","NA"
"-80.38","43.46","KITCHENER/WATERLOO","6144239","2024-07-27 15:00","2024","07","27","15:00","","26.8","","14.0","","45","","0.0","","20","","15","","16.1","","98.34","","30","","","","NA"
"-80.38","43.46","KITCHENER/WATERLOO","6144239","2024-07-27 16:00","2024","07","27","16:00","","26.8","","13.1","","42","","0.0","","20","","11","","9.7","","98.31","","30","","","","Haze"
"-80.38","43.46","KITCHENER/WATERLOO","6144239","2024-07-27 17:00","2024","07","27","17:00","","26.5","","14.4","","47","","0.0","","21","","5","","16.1","","98.27","","30","","","","NA"
"-80.38","43.46","KITCHENER/WATERLOO","6144239","2024-07-27 18:00","2024","07","27","18:00","","25.7","","14.3","","49","","0.0","","17","","13","","16.1","","98.26","","29","","","","NA"
"-80.38","43.46","KITCHENER/WATERLOO","6144239","2024-07-27 19:00","2024","07","27","19:00","","23.5","","15.3","","60","","0.0","","14","","11","","16.1","","98.23","","28","","","","NA"
"-80.38","43.46","KITCHENER/WATERLOO","6144239","2024-07-27 20:00","2024","07","27","20:00","","21.4","","14.8","","66","","0.0","","16","","13","","16.1","","98.23","","25","","","","NA"
"-80.38","43.46","KITCHENER/WATERLOO","6144239","2024-07-27 21:00","2024","07","27","21:00","","17.4","","15.1","","86","","0.0","","12","","5","","16.1","","98.25","","","","","","NA"
"-80.38","43.46","KITCHENER/WATERLOO","6144239","2024-07-27 22:00","2024","07","27","22:00","","16.1","","14.7","","91","","0.0","","","","0","","16.1","","98.25","","","","","","NA"
"-80.38","43.46","KITCHENER/WATERLOO","6144239","2024-07-27 23:00","2024","07","27","23:00","","13.8","","13.8","","100","","0.0","","","","0","","16.1","","98.27","","","","","","NA"
"-80.38","43.46","KITCHENER/WATERLOO","6144239","2024-07-28 00:00","2024","07","28","00:00","","13.2","","13.2","","100","","0.0","","7","","9","","9.7","","98.31","","","","","","Fog"
"-80.38","43.46","KITCHENER/WATERLOO","6144239","2024-07-28 01:00","2024","07","28","01:00","","13.1","","13.1","","100","","0.0","","","","0","","4.8","","98.34","","","","","","Fog"
"-80.38","43.46","KITCHENER/WATERLOO","6144239","2024-07-28 02:00","2024","07","28","02:00","","12.9","","12.9","","100","","0.0","","36","","4","","1.2","","98.32","","","","","","Fog"
"-80.38","43.46","KITCHENER/WATERLOO","6144239","2024-07-28 03:00","2024","07","28","03:00","","12.5","","12.5","","100","","0.0","","","","0","","0.6","","98.31","","","","","","Rain,Fog"
"-80.38","43.46","KITCHENER/WATERLOO","6144239","2024-07-28 04:00","2024","07","28","04:00","","12.2","","12.2","","100","","0.0","","","","0","","0.8","","98.29","","","","","","Rain,Fog"
"-80.38","43.46","KITCHENER/WATERLOO","6144239","2024-07-28 05:00","2024","07","28","05:00","","12.0","","12.0","","100","","0.0","","3","","4","","0.4","","98.28","","","","","","Rain,Fog"
"-80.38","43.46","KITCHENER/WATERLOO","6144239","2024-07-28 06:00","2024","07","28","06:00","","12.4","","12.4","","100","","0.0","","32","","5","","6.4","","98.31","","","","","","Fog"
"-80.38","43.46","KITCHENER/WATERLOO","6144239","2024-07-28 07:00","2024","07","28","07:00","","15.7","","15.7","","100","","0.0","","","","0","","14.5","","98.33","","","","","","NA"
"-80.38","43.46","KITCHENER/WATERLOO","6144239","2024-07-28 08:00","2024","07","28","08:00","","19.9","","17.1","","84","","0.0","","","M","4","","16.1","","98.31","","","","","","NA"
"-80.38","43.46","KITCHENER/WATERLOO","6144239","2024-07-28 09:00","2024","07","28","09:00","","23.3","","17.4","","69","","0.0","","12","","5","","16.1","","98.29","","29","","","","NA"
"-80.38","43.46","KITCHENER/WATERLOO","6144239","2024-07-28 10:00","2024","07","28","10:00","","25.8","","17.0","","58","","0.0","","14","","11","","16.1","","98.24","","31","","","","NA"
"-80.38","43.46","KITCHENER/WATERLOO","6144239","2024-07-28 11:00","2024","07","28","11:00","","27.4","","15.4","","47","","0.0","","13","","13","","16.1","","98.22","","32","","","","NA"
"-80.38","43.46","KITCHENER/WATERLOO","6144239","2024-07-28 12:00","2024","07","28","12:00","","28.1","","14.8","","44","","0.0","","20","","17","","16.1","","98.14","","32","","","","NA"
"-80.38","43.46","KITCHENER/WATERLOO","6144239","2024-07-28 13:00","2024","07","28","13:00","","28.7","","16.7","","48","","0.0","","16","","22","","16.1","","98.10","","34","","","","NA"
"-80.38","43.46","KITCHENER/WATERLOO","6144239","2024-07-28 14:00","2024","07","28","14:00","","28.8","","16.7","","47","","0.0","","19","","17","","16.1","","98.07","","34","","","","NA"
"-80.38","43.46","KITCHENER/WATERLOO","6144239","2024-07-28 15:00","2024","07","28","15:00","","29.1","","17.5","","49","","0.0","","19","","18","","16.1","","98.00","","35","","","","NA"
"-80.38","43.46","KITCHENER/WATERLOO","6144239","2024-07-28 16:00","2024","07","28","16:00","","29.4","","16.5","","45","","0.0","","19","","11","","11.3","","97.93","","34","","","","NA"
"-80.38","43.46","KITCHENER/WATERLOO","6144239","2024-07-28 17:00","2024","07","28","17:00","","28.8","","16.4","","46","","0.0","","20","","13","","16.1","","97.88","","34","","","","NA"
"-80.38","43.46","KITCHENER/WATERLOO","6144239","2024-07-28 18:00","2024","07","28","18:00","","28.1","","16.4","","49","","0.0","","16","","13","","16.1","","97.87","","33","","","","NA"
"-80.38","43.46","KITCHENER/WATERLOO","6144239","2024-07-28 19:00","2024","07","28","19:00","","26.3","","15.8","","52","","0.0","","20","","9","","16.1","","97.90","","31","","","","NA"
"-80.38","43.46","KITCHENER/WATERLOO","6144239","2024-07-28 20:00","2024","07","28","20:00","","20.9","","16.9","","77","","0.0","","15","","8","","16.1","","97.91","","26","","","","NA"
"-80.38","43.46","KITCHENER/WATERLOO","6144239","2024-07-28 21:00","2024","07","28","21:00","","20.3","","17.7","","85","","0.0","","11","","9","","16.1","","97.93","","26","","","","NA"
"-80.38","43.46","KITCHENER/WATERLOO","6144239","2024-07-28 22:00","2024","07","28","22:00","","18.8","","18.2","","96","","0.0","","","M","4","","16.1","","97.91","","","","","","NA"
"-80.38","43.46","KITCHENER/WATERLOO","6144239","2024-07-28 23:00","2024","07","28","23:00","","16.6","","16.6","","100","","0.0","","8","","5","","11.3","","97.88","","","","","","NA"
"-80.38","43.46","KITCHENER/WATERLOO","6144239","2024-07-29 00:00","2024","07","29","00:00","","15.6","","15.6","","100","","0.0","","","","0","","6.4","","97.89","","","","","","Fog"
"-80.38","43.46","KITCHENER/WATERLOO","6144239","2024-07-29 01:00","2024","07","29","01:00","","15.5","","15.5","","100","","0.0","","","","0","","2.4","","97.86","","","","","","Fog"
"-80.38","43.46","KITCHENER/WATERLOO","6144239","2024-07-29 02:00","2024","07","29","02:00","","13.8","","13.8","","100","","0.0","","32","","4","","0.6","","97.82","","","","","","Fog"
"-80.38","43.46","KITCHENER/WATERLOO","6144239","2024-07-29 03:00","2024","07","29","03:00","","12.9","","12.9","","100","","0.0","","","M","4","","1.0","","97.79","","","","","","Fog"
"-80.38","43.46","KITCHENER/WATERLOO","6144239","2024-07-29 04:00","2024","07","29","04:00","","13.1","","13.1","","100","","0.0","","","","0","","0.2","","97.77","","","","","","Rain,Fog"
"-80.38","43.46","KITCHENER/WATERLOO","6144239","2024-07-29 05:00","2024","07","29","05:00","","12.2","","12.2","","100","","0.0","","33","","4","","1.2","","97.77","","","","","","Rain,Fog"
"-80.38","43.46","KITCHENER/WATERLOO","6144239","2024-07-29 06:00","2024","07","29","06:00","","13.4","","13.4","","100","","0.0","","29","","8","","0.4","","97.77","","","","","","Rain,Fog"
"-80.38","43.46","KITCHENER/WATERLOO","6144239","2024-07-29 07:00","2024","07","29","07:00","","17.4","","17.4","","100","","0.0","","29","","4","","9.7","","97.78","","","","","","Fog"
"-80.38","43.46","KITCHENER/WATERLOO","6144239","2024-07-29 08:00","2024","07","29","08:00","","21.4","","17.7","","79","","0.0","","","M","4","","16.1","","97.77","","27","","","","NA"
"-80.38","43.46","KITCHENER/WATERLOO","6144239","2024-07-29 09:00","2024","07","29","09:00","","25.1","","15.8","","56","","0.0","","10","","5","","16.1","","97.74","","30","","","","NA"
"-80.38","43.46","KITCHENER/WATERLOO","6144239","2024-07-29 10:00","2024","07","29","10:00","","26.9","","15.9","","50","","0.0","","","M","5","","16.1","","97.75","","31","","","","NA"
"-80.38","43.46","KITCHENER/WATERLOO","6144239","2024-07-29 11:00","2024","07","29","11:00","","28.3","","16.1","","47","","0.0","","","M","8","","11.3","","97.73","","33","","","","NA"
"-80.38","43.46","KITCHENER/WATERLOO","6144239","2024-07-29 12:00","2024","07","29","12:00","","29.2","","18.3","","51","","0.0","","15","","9","","16.1","","97.69","","35","","","","NA"
"-80.38","43.46","KITCHENER/WATERLOO","6144239","2024-07-29 13:00","2024","07","29","13:00","","29.9","","17.7","","47","","0.0","","18","","11","","16.1","","97.61","","36","","","","NA"
"-80.38","43.46","KITCHENER/WATERLOO","6144239","2024-07-29 14:00","2024","07","29","14:00","","30.6","","18.9","","49","","0.0","","19","","15","","12.9","","97.54","","37","","","","NA"
"-80.38","43.46","KITCHENER/WATERLOO","6144239","2024-07-29 15:00","2024","07","29","15:00","","29.9","","19.8","","54","","0.0","","16","","9","","16.1","","97.49","","37","","","","NA"
"-80.38","43.46","KITCHENER/WATERLOO","6144239","2024-07-29 16:00","2024","07","29","16:00","","27.7","","20.9","","66","","0.0","","24","","24","","16.1","","97.47","","36","","","","NA"
"-80.38","43.46","KITCHENER/WATERLOO","6144239","2024-07-29 17:00","2024","07","29","17:00","","24.9","","21.4","","80","","0.0","","13","","18","","16.1","","97.45","","34","","","","Thunderstorms"
"-80.38","43.46","KITCHENER/WATERLOO","6144239","2024-07-29 18:00","2024","07","29","18:00","","26.2","","21.3","","74","","0.0","","15","","9","","16.1","","97.40","","35","","","","NA"
"-80.38","43.46","KITCHENER/WATERLOO","6144239","2024-07-29 19:00","2024","07","29","19:00","","24.5","","21.1","","81","","0.0","","13","","11","","16.1","","97.39","","33","","","","NA"
"-80.38","43.46","KITCHENER/WATERLOO","6144239","2024-07-29 20:00","2024","07","29","20:00","","22.4","","19.0","","81","","0.0","","13","","5","","16.1","","97.40","","29","","","","NA"
"-80.38","43.46","KITCHENER/WATERLOO","6144239","2024-07-29 21:00","2024","07","29","21:00","","20.4","","19.1","","92","","0.0","","","","0","","16.1","","97.42","","27","","","","NA"
"-80.38","43.46","KITCHENER/WATERLOO","6144239","2024-07-29 22:00","2024","07","29","22:00","","20.4","","18.9","","91","","0.0","","11","","5","","16.1","","97.40","","27","","","","NA"
"-80.38","43.46","KITCHENER/WATERLOO","6144239","2024-07-29 23:00","2024","07","29","23:00","","20.2","","19.1","","93","","0.0","","7","","4","","16.1","","97.38","","27","","","","NA"
"-80.38","43.46","KITCHENER/WATERLOO","6144239","2024-07-30 00:00","2024","07","30","00:00","","19.6","","19.6","","100","","0.0","","9","","5","","12.9","","97.34","","","","","","NA"
"-80.38","43.46","KITCHENER/WATERLOO","6144239","2024-07-30 01:00","2024","07","30","01:00","","19.3","","19.3","","100","","0.0","","13","","5","","8.1","","97.34","","","","","","Fog"
"-80.38","43.46","KITCHENER/WATERLOO","6144239","2024-07-30 02:00","2024","07","30","02:00","","19.1","","19.1","","100","","0.0","","","M","4","","4.0","","97.28","","","","","","Fog"
"-80.38","43.46","KITCHENER/WATERLOO","6144239","2024-07-30 03:00","2024","07","30","03:00","","20.0","","20.0","","100","","0.0","","10","","8","","4.0","","97.22","","28","","","","Fog"
"-80.38","43.46","KITCHENER/WATERLOO","6144239","2024-07-30 04:00","2024","07","30","04:00","","19.9","","19.9","","100","","0.0","","15","","8","","4.0","","97.24","","","","","","Fog"
"-80.38","43.46","KITCHENER/WATERLOO","6144239","2024-07-30 05:00","2024","07","30","05:00","","20.0","","20.0","","100","","0.0","","9","","8","","4.8","","97.23","","28","","","","Fog"
"-80.38","43.46","KITCHENER/WATERLOO","6144239","2024-07-30 06:00","2024","07","30","06:00","","21.2","","21.2","","100","","0.0","","15","","8","","6.4","","97.25","","30","","","","Fog"
"-80.38","43.46","KITCHENER/WATERLOO","6144239","2024-07-30 07:00","2024","07","30","07:00","","22.4","","22.4","","100","","0.0","","15","","11","","16.1","","97.25","","32","","","","NA"
"-80.38","43.46","KITCHENER/WATERLOO","6144239","2024-07-30 08:00","2024","07","30","08:00","","23.1","","22.4","","96","","0.0","","15","","13","","16.1","","97.27","","33","","","","NA"
"-80.38","43.46","KITCHENER/WATERLOO","6144239","2024-07-30 09:00","2024","07","30","09:00","","23.8","","22.7","","94","","0.0","","13","","13","","16.1","","97.22","","34","","","","NA"
"-80.38","43.46","KITCHENER/WATERLOO","6144239","2024-07-30 10:00","2024","07","30","10:00","","24.9","","23.4","","91","","0.0","","14","","18","","16.1","","97.15","","36","","","","Rain"
"-80.38","43.46","KITCHENER/WATERLOO","6144239","2024-07-30 11:00","2024","07","30","11:00","","26.6","","22.8","","79","","0.0","","16","","24","","16.1","","97.14","","37","","","","Rain"
"-80.38","43.46","KITCHENER/WATERLOO","6144239","2024-07-30 12:00","2024","07","30","12:00","","26.6","","22.1","","76","","0.0","","17","","21","","16.1","","97.10","","36","","","","NA"
"-80.38","43.46","KITCHENER/WATERLOO","6144239","2024-07-30 13:00","2024","07","30","13:00","","25.4","","23.4","","88","","0.8","","20","","15","","16.1","","97.10","","36","","","","Rain"
"-80.38","43.46","KITCHENER/WATERLOO","6144239","2024-07-30 14:00","2024","07","30","14:00","","24.3","","22.3","","88","","0.2","","20","","17","","16.1","","97.09","","34","","","","NA"
"-80.38","43.46","KITCHENER/WATERLOO","6144239","2024-07-30 15:00","2024","07","30","15:00","","24.4","","21.7","","85","","0.0","","23","","9","","16.1","","97.03","","33","","","","NA"
"-80.38","43.46","KITCHENER/WATERLOO","6144239","2024-07-30 16:00","2024","07","30","16:00","","25.2","","22.0","","82","","0.0","","22","","8","","16.1","","97.05","","35","","","","NA"
"-80.38","43.46","KITCHENER/WATERLOO","6144239","2024-07-30 17:00","2024","07","30","17:00","","25.6","","21.7","","79","","0.0","","18","","13","","16.1","","97.00","","35","","","","NA"
"-80.38","43.46","KITCHENER/WATERLOO","6144239","2024-07-30 18:00","2024","07","30","18:00","","25.5","","22.1","","81","","0.0","","12","","5","","16.1","","97.02","","35","","","","NA"
"-80.38","43.46","KITCHENER/WATERLOO","6144239","2024-07-30 19:00","2024","07","30","19:00","","24.9","","21.7","","82","","0.0","","","M","4","","16.1","","97.03","","34","","","","NA"
"-80.38","43.46","KITCHENER/WATERLOO","6144239","2024-07-30 20:00","2024","07","30","20:00","","23.9","","20.7","","82","","0.0","","18","","9","","16.1","","97.06","","32","","","","NA"
"-80.38","43.46","KITCHENER/WATERLOO","6144239","2024-07-30 21:00","2024","07","30","21:00","","22.8","","21.0","","89","","0.0","","20","","8","","16.1","","97.12","","31","","","","NA"
"-80.38","43.46","KITCHENER/WATERLOO","6144239","2024-07-30 22:00","2024","07","30","22:00","","22.0","","22.0","","100","","0.2","","27","","9","","14.5","","97.16","","31","","","","Rain"
"-80.38","43.46","KITCHENER/WATERLOO","6144239","2024-07-30 23:00","2024","07","30","23:00","","21.7","","21.7","","100","","0.2","","31","","9","","6.4","","97.16","","31","","","","Rain,Fog"
"-80.38","43.46","KITCHENER/WATERLOO","6144239","2024-07-31 00:00","2024","07","31","00:00","","21.2","","21.2","","100","","0.0","","33","","8","","9.7","","97.12","","30","","","","Fog"
"-80.38","43.46","KITCHENER/WATERLOO","6144239","2024-07-31 01:00","2024","07","31","01:00","","20.5","","20.5","","100","","0.0","","31","","11","","4.8","","97.14","","28","","","","Fog"
"-80.38","43.46","KITCHENER/WATERLOO","6144239","2024-07-31 02:00","2024","07","31","02:00","","20.7","","20.7","","100","","0.0","","32","","11","","6.4","","97.17","","29","","","","Fog"
"-80.38","43.46","KITCHENER/WATERLOO","6144239","2024-07-31 03:00","2024","07","31","03:00","","20.6","","20.6","","100","","0.0","","29","","13","","9.7","","97.21","","29","","","","Fog"
"-80.38","43.46","KITCHENER/WATERLOO","6144239","2024-07-31 04:00","2024","07","31","04:00","","20.8","","20.8","","100","","0.0","","31","","8","","11.3","","97.25","","29","","","","NA"
"-80.38","43.46","KITCHENER/WATERLOO","6144239","2024-07-31 05:00","2024","07","31","05:00","","20.7","","20.7","","100","","0.0","","29","","13","","16.1","","97.30","","29","","","","NA"
"-80.38","43.46","KITCHENER/WATERLOO","6144239","2024-07-31 06:00","2024","07","31","06:00","","20.5","","20.5","","100","","0.0","","29","","11","","12.9","","97.37","","28","","","","NA"
"-80.38","43.46","KITCHENER/WATERLOO","6144239","2024-07-31 07:00","2024","07","31","07:00","","20.6","","20.6","","100","","0.0","","30","","15","","14.5","","97.44","","29","","","","NA"
"-80.38","43.46","KITCHENER/WATERLOO","6144239","2024-07-31 08:00","2024","07","31","08:00","","21.6","","20.8","","95","","0.0","","30","","13","","16.1","","97.47","","30","","","","NA"
"-80.38","43.46","KITCHENER/WATERLOO","6144239","2024-07-31 09:00","2024","07","31","09:00","","22.8","","21.6","","93","","0.0","","32","","8","","16.1","","97.45","","32","","","","NA"
"-80.38","43.46","KITCHENER/WATERLOO","6144239","2024-07-31 10:00","2024","07","31","10:00","","25.1","","22.5","","85","","0.2","","29","","18","","16.1","","97.56","","35","","","","NA"
"-80.38","43.46","KITCHENER/WATERLOO","6144239","2024-07-31 11:00","2024","07","31","11:00","","25.3","","21.0","","77","","0.0","","27","","13","","16.1","","97.59","","34","","","","NA"
"-80.38","43.46","KITCHENER/WATERLOO","6144239","2024-07-31 12:00","2024","07","31","12:00","","27.2","","22.1","","73","","0.0","","29","","13","","16.1","","97.57","","37","","","","NA"
"-80.38","43.46","KITCHENER/WATERLOO","6144239","2024-07-31 13:00","2024","07","31","13:00","","28.5","","21.5","","65","","0.0","","26","","11","","16.1","","97.54","","37","","","","NA"
"-80.38","43.46","KITCHENER/WATERLOO","6144239","2024-07-31 14:00","2024","07","31","14:00","","29.2","","20.2","","58","","0.0","","28","","11","","16.1","","97.54","","37","","","","NA"
"-80.38","43.46","KITCHENER/WATERLOO","6144239","2024-07-31 15:00","2024","07","31","15:00","","29.5","","21.3","","61","","0.0","","24","","21","","16.1","","97.51","","38","","","","NA"
"-80.38","43.46","KITCHENER/WATERLOO","6144239","2024-07-31 16:00","2024","07","31","16:00","","29.4","","20.0","","56","","0.0","","26","","21","","16.1","","97.51","","37","","","","NA"
"-80.38","43.46","KITCHENER/WATERLOO","6144239","2024-07-31 17:00","2024","07","31","17:00","","28.7","","19.4","","56","","0.0","","28","","21","","16.1","","97.49","","36","","","","NA"
"-80.38","43.46","KITCHENER/WATERLOO","6144239","2024-07-31 18:00","2024","07","31","18:00","","27.8","","18.9","","58","","0.0","","27","","18","","16.1","","97.49","","34","","","","NA"
"-80.38","43.46","KITCHENER/WATERLOO","6144239","2024-07-31 19:00","2024","07","31","19:00","","25.2","","19.0","","68","","0.0","","31","","9","","16.1","","97.52","","32","","","","NA"
"-80.38","43.46","KITCHENER/WATERLOO","6144239","2024-07-31 20:00","2024","07","31","20:00","","21.9","","19.4","","86","","0.0","","32","","8","","16.1","","97.55","","29","","","","NA"
"-80.38","43.46","KITCHENER/WATERLOO","6144239","2024-07-31 21:00","2024","07","31","21:00","","20.9","","19.7","","93","","0.0","","31","","8","","16.1","","97.62","","28","","","","NA"
"-80.38","43.46","KITCHENER/WATERLOO","6144239","2024-07-31 22:00","2024","07","31","22:00","","20.6","","19.1","","91","","0.0","","","","0","","16.1","","97.67","","27","","","","NA"
"-80.38","43.46","KITCHENER/WATERLOO","6144239","2024-07-31 23:00","2024","07","31","23:00","","18.9","","18.9","","100","","0.0","","","M","4","","12.9","","97.64","","","","","","NA"
