"Longitude (x)","Latitude (y)","Station Name","Climate ID","Date/Time (LST)","Year","Month","Day","Time (LST)","Flag","Temp (°C)","Temp Flag","Dew Point Temp (°C)","Dew Point Temp Flag","Rel Hum (%)","Rel Hum Flag","Precip. Amount (mm)","Precip. Amount Flag","Wind Dir (10s deg)","Wind Dir Flag","Wind Spd (km/h)","Wind Spd Flag","Visibility (km)","Visibility Flag","Stn Press (kPa)","Stn Press Flag","Hmdx","Hmdx Flag","Wind Chill","Wind Chill Flag","Weather"
"-80.38","43.46","KITCHENER/WATERLOO","6144239","2024-04-01 00:00","2024","04","01","00:00","","2.5","","0.6","","87","","0.0","","1","","5","","16.1","","97.56","","","","","","NA"
"-80.38","43.46","KITCHENER/WATERLOO","6144239","2024-04-01 01:00","2024","04","01","01:00","","2.1","","0.2","","87","","0.0","","32","","5","","16.1","","97.54","","","","","","NA"
"-80.38","43.46","KITCHENER/WATERLOO","6144239","2024-04-01 02:00","2024","04","01","02:00","","1.9","","-0.8","","82","","0.0","","3","","13","","16.1","","97.44","","","","","","NA"
"-80.38","43.46","KITCHENER/WATERLOO","6144239","2024-04-01 03:00","2024","04","01","03:00","","1.1","","-2.5","","77","","0.0","","36","","11","","16.1","","97.54","","","","","","NA"
"-80.38","43.46","KITCHENER/WATERLOO","6144239","2024-04-01 04:00","2024","04","01","04:00","","0.7","","-3.0","","76","","0.0","","36","","8","","16.1","","97.57","","","","","","NA"
"-80.38","43.46","KITCHENER/WATERLOO","6144239","2024-04-01 05:00","2024","04","01","05:00","","0.2","","-3.2","","78","","0.0","","4","","5","","16.1","","97.57","","","","","","NA"
"-80.38","43.46","KITCHENER/WATERLOO","6144239","2024-04-01 06:00","2024","04","01","06:00","","-0.1","","-3.7","","77","","0.0","","4","","8","","16.1","","97.63","","","","-3","","NA"
"-80.38","43.46","KITCHENER/WATERLOO","6144239","2024-04-01 07:00","2024","04","01","07:00","","0.2","","-3.0","","79","","0.0","","2","","8","","16.1","","97.69","","","","","","NA"
"-80.38","43.46","KITCHENER/WATERLOO","6144239","2024-04-01 08:00","2024","04","01","08:00","","1.4","","-2.4","","76","","0.0","","3","","9","","16.1","","97.73","","","","","","NA"
"-80.38","43.46","KITCHENER/WATERLOO","6144239","2024-04-01 09:00","2024","04","01","09:00","","4.1","","-0.9","","70","","0.0","","4","","13","","16.1","","97.68","","","","","","NA"
"-80.38","43.46","KITCHENER/WATERLOO","6144239","2024-04-01 10:00","2024","04","01","10:00","","5.6","","-0.5","","65","","0.0","","3","","13","","16.1","","97.66","","","","","","NA"
"-80.38","43.46","KITCHENER/WATERLOO","6144239","2024-04-01 11:00","2024","04","01","11:00","","7.7","","-0.6","","56","","0.0","","36","","15","","16.1","","97.70","","","","","","NA"
"-80.38","43.46","KITCHENER/WATERLOO","6144239","2024-04-01 12:00","2024","04","01","12:00","","8.6","","-1.5","","49","","0.0","","2","","11","","16.1","","97.67","","","","","","NA"
"-80.38","43.46","KITCHENER/WATERLOO","6144239","2024-04-01 13:00","2024","04","01","13:00","","10.3","","-0.6","","47","","0.0","","","M","17","","16.1","","97.62","","","","","","NA"
"-80.38","43.46","KITCHENER/WATERLOO","6144239","2024-04-01 14:00","2024","04","01","14:00","","10.9","","-1.8","","41","","0.0","","6","","5","","16.1","","97.59","","","","","","NA"
"-80.38","43.46","KITCHENER/WATERLOO","6144239","2024-04-01 15:00","2024","04","01","15:00","","11.7","","-0.6","","42","","0.0","","4","","9","","16.1","","97.56","","","","","","NA"
"-80.38","43.46","KITCHENER/WATERLOO","6144239","2024-04-01 16:00","2024","04","01","16:00","","11.3","","-0.6","","44","","0.0","","2","","13","","16.1","","97.53","","","","","","NA"
"-80.38","43.46","KITCHENER/WATERLOO","6144239","2024-04-01 17:00","2024","04","01","17:00","","10.6","","0.1","","48","","0.0","","6","","11","","16.1","","97.62","","","","","","NA"
"-80.38","43.46","KITCHENER/WATERLOO","6144239","2024-04-01 18:00","2024","04","01","18:00","","9.1","","0.1","","53","","0.0","","6","","13","","16.1","","97.66","","","","","","NA"
"-80.38","43.46","KITCHENER/WATERLOO","6144239","2024-04-01 19:00","2024","04","01","19:00","","7.7","","-0.1","","58","","0.0","","10","","13","","16.1","","97.70","","","","","","NA"
"-80.38","43.46","KITCHENER/WATERLOO","6144239","2024-04-01 20:00","2024","04","01","20:00","","6.2","","0.4","","66","","0.0","","8","","13","","16.1","","97.66","","","","","","NA"
"-80.38","43.46","KITCHENER/WATERLOO","6144239","2024-04-01 21:00","2024","04","01","21:00","","6.2","","-0.1","","64","","0.0","","6","","13","","16.1","","97.55","","","","","","NA"
"-80.38","43.46","KITCHENER/WATERLOO","6144239","2024-04-01 22:00","2024","04","01","22:00","","6.2","","-0.8","","61","","0.0","","3","","9","","16.1","","97.63","","","","","","NA"
"-80.38","43.46","KITCHENER/WATERLOO","6144239","2024-04-01 23:00","2024","04","01","23:00","","5.7","","-1.2","","61","","0.0","","10","","11","","16.1","","97.62","","","","","","NA"
"-80.38","43.46","KITCHENER/WATERLOO","6144239","2024-04-02 00:00","2024","04","02","00:00","","5.3","","-1.0","","64","","0.0","","7","","13","","16.1","","97.53","","","","","","NA"
"-80.38","43.46","KITCHENER/WATERLOO","6144239","2024-04-02 01:00","2024","04","02","01:00","","5.1","","-0.9","","65","","0.0","","7","","15","","16.1","","97.52","","","","","","NA"
"-80.38","43.46","KITCHENER/WATERLOO","6144239","2024-04-02 02:00","2024","04","02","02:00","","5.3","","-1.5","","62","","0.0","","9","","24","","16.1","","97.47","","","","","","NA"
"-80.38","43.46","KITCHENER/WATERLOO","6144239","2024-04-02 03:00","2024","04","02","03:00","","5.2","","-2.9","","56","","0.0","","9","","30","","16.1","","97.43","","","","","","NA"
"-80.38","43.46","KITCHENER/WATERLOO","6144239","2024-04-02 04:00","2024","04","02","04:00","","5.2","","-3.6","","53","","0.0","","9","","39","","16.1","","97.34","","","","","","NA"
"-80.38","43.46","KITCHENER/WATERLOO","6144239","2024-04-02 05:00","2024","04","02","05:00","","4.7","","-2.7","","59","","0.0","","9","","34","","16.1","","97.29","","","","","","NA"
"-80.38","43.46","KITCHENER/WATERLOO","6144239","2024-04-02 06:00","2024","04","02","06:00","","4.4","","-3.2","","58","","0.0","","8","","43","","16.1","","97.20","","","","","","NA"
"-80.38","43.46","KITCHENER/WATERLOO","6144239","2024-04-02 07:00","2024","04","02","07:00","","4.1","","-3.8","","56","","0.0","","8","","43","","16.1","","97.24","","","","","","NA"
"-80.38","43.46","KITCHENER/WATERLOO","6144239","2024-04-02 08:00","2024","04","02","08:00","","4.0","","-4.5","","54","","0.0","","8","","37","","16.1","","97.09","","","","","","NA"
"-80.38","43.46","KITCHENER/WATERLOO","6144239","2024-04-02 09:00","2024","04","02","09:00","","4.2","","-4.1","","55","","0.0","","7","","37","","16.1","","97.10","","","","","","NA"
"-80.38","43.46","KITCHENER/WATERLOO","6144239","2024-04-02 10:00","2024","04","02","10:00","","4.8","","-2.9","","57","","0.0","","8","","37","","16.1","","96.96","","","","","","NA"
"-80.38","43.46","KITCHENER/WATERLOO","6144239","2024-04-02 11:00","2024","04","02","11:00","","4.2","","-1.0","","69","","0.0","","7","","43","","16.1","","96.99","","","","","","NA"
"-80.38","43.46","KITCHENER/WATERLOO","6144239","2024-04-02 12:00","2024","04","02","12:00","","3.7","","1.9","","88","","0.0","","8","","41","","16.1","","96.79","","","","","","Rain"
"-80.38","43.46","KITCHENER/WATERLOO","6144239","2024-04-02 13:00","2024","04","02","13:00","","3.6","","1.2","","84","","0.0","","9","","39","","16.1","","96.75","","","","","","NA"
"-80.38","43.46","KITCHENER/WATERLOO","6144239","2024-04-02 14:00","2024","04","02","14:00","","3.0","","2.1","","94","","0.0","","9","","30","","11.3","","96.67","","","","","","Rain"
"-80.38","43.46","KITCHENER/WATERLOO","6144239","2024-04-02 15:00","2024","04","02","15:00","","3.0","","2.1","","94","","0.0","","9","","39","","11.3","","96.68","","","","","","Rain"
"-80.38","43.46","KITCHENER/WATERLOO","6144239","2024-04-02 16:00","2024","04","02","16:00","","3.3","","2.4","","94","","0.0","","8","","39","","16.1","","96.62","","","","","","Rain"
"-80.38","43.46","KITCHENER/WATERLOO","6144239","2024-04-02 17:00","2024","04","02","17:00","","3.8","","3.1","","95","","0.0","","8","","45","","11.3","","96.48","","","","","","Rain"
"-80.38","43.46","KITCHENER/WATERLOO","6144239","2024-04-02 18:00","2024","04","02","18:00","","4.3","","4.0","","98","","0.2","","8","","41","","8.1","","96.39","","","","","","Rain,Fog"
"-80.38","43.46","KITCHENER/WATERLOO","6144239","2024-04-02 19:00","2024","04","02","19:00","","4.9","","4.8","","99","","0.0","","8","","45","","6.4","","96.32","","","","","","Rain,Fog"
"-80.38","43.46","KITCHENER/WATERLOO","6144239","2024-04-02 20:00","2024","04","02","20:00","","5.5","","5.2","","98","","0.0","","9","","41","","8.1","","96.26","","","","","","Rain,Fog"
"-80.38","43.46","KITCHENER/WATERLOO","6144239","2024-04-02 21:00","2024","04","02","21:00","","5.3","","5.2","","99","","0.0","","9","","45","","6.4","","96.21","","","","","","Rain,Fog"
"-80.38","43.46","KITCHENER/WATERLOO","6144239","2024-04-02 22:00","2024","04","02","22:00","","4.8","","4.7","","99","","0.0","","8","","39","","8.1","","96.00","","","","","","Fog"
"-80.38","43.46","KITCHENER/WATERLOO","6144239","2024-04-02 23:00","2024","04","02","23:00","","4.6","","4.6","","100","","0.2","","9","","50","","9.7","","95.91","","","","","","Rain,Fog"
"-80.38","43.46","KITCHENER/WATERLOO","6144239","2024-04-03 00:00","2024","04","03","00:00","","4.7","","4.4","","98","","5.0","","10","","41","","4.8","","95.87","","","","","","Rain,Fog"
"-80.38","43.46","KITCHENER/WATERLOO","6144239","2024-04-03 01:00","2024","04","03","01:00","","4.7","","4.6","","99","","0.0","","9","","45","","14.5","","95.75","","","","","","NA"
"-80.38","43.46","KITCHENER/WATERLOO","6144239","2024-04-03 02:00","2024","04","03","02:00","","4.5","","4.5","","100","","0.0","","9","","34","","6.4","","95.65","","","","","","Fog"
"-80.38","43.46","KITCHENER/WATERLOO","6144239","2024-04-03 03:00","2024","04","03","03:00","","4.5","","4.5","","100","","0.0","","8","","34","","8.1","","95.57","","","","","","Fog"
"-80.38","43.46","KITCHENER/WATERLOO","6144239","2024-04-03 04:00","2024","04","03","04:00","","4.7","","4.7","","100","","4.5","","10","","32","","3.6","","95.57","","","","","","Rain,Fog"
"-80.38","43.46","KITCHENER/WATERLOO","6144239","2024-04-03 05:00","2024","04","03","05:00","","4.9","","4.9","","100","","0.0","","11","","26","","9.7","","95.59","","","","","","Fog"
"-80.38","43.46","KITCHENER/WATERLOO","6144239","2024-04-03 06:00","2024","04","03","06:00","","5.4","","5.4","","100","","0.2","","11","","28","","4.0","","95.55","","","","","","Rain,Fog"
"-80.38","43.46","KITCHENER/WATERLOO","6144239","2024-04-03 07:00","2024","04","03","07:00","","6.2","","6.2","","100","","0.5","","14","","22","","11.3","","95.68","","","","","","Rain"
"-80.38","43.46","KITCHENER/WATERLOO","6144239","2024-04-03 08:00","2024","04","03","08:00","","6.3","","6.3","","100","","0.2","","14","","15","","12.9","","95.68","","","","","","NA"
"-80.38","43.46","KITCHENER/WATERLOO","6144239","2024-04-03 09:00","2024","04","03","09:00","","5.9","","5.8","","99","","0.2","","21","","11","","3.2","","95.70","","","","","","Rain,Fog"
"-80.38","43.46","KITCHENER/WATERLOO","6144239","2024-04-03 10:00","2024","04","03","10:00","","5.6","","4.1","","90","","0.0","","20","","9","","16.1","","95.64","","","","","","NA"
"-80.38","43.46","KITCHENER/WATERLOO","6144239","2024-04-03 11:00","2024","04","03","11:00","","5.5","","4.6","","94","","0.0","","","M","4","","4.0","","95.73","","","","","","Fog"
"-80.38","43.46","KITCHENER/WATERLOO","6144239","2024-04-03 12:00","2024","04","03","12:00","","5.2","","5.1","","99","","0.8","","18","","5","","2.8","","95.72","","","","","","Rain,Fog"
"-80.38","43.46","KITCHENER/WATERLOO","6144239","2024-04-03 13:00","2024","04","03","13:00","","5.3","","4.1","","92","","0.2","","18","","17","","16.1","","95.71","","","","","","NA"
"-80.38","43.46","KITCHENER/WATERLOO","6144239","2024-04-03 14:00","2024","04","03","14:00","","5.2","","4.8","","97","","1.5","","16","","11","","16.1","","95.67","","","","","","Rain"
"-80.38","43.46","KITCHENER/WATERLOO","6144239","2024-04-03 15:00","2024","04","03","15:00","","4.6","","3.8","","95","","1.5","","16","","9","","14.5","","95.71","","","","","","Rain"
"-80.38","43.46","KITCHENER/WATERLOO","6144239","2024-04-03 16:00","2024","04","03","16:00","","4.3","","3.2","","93","","1.2","","","M","4","","11.3","","95.71","","","","","","Rain"
"-80.38","43.46","KITCHENER/WATERLOO","6144239","2024-04-03 17:00","2024","04","03","17:00","","4.0","","3.1","","94","","1.2","","16","","5","","11.3","","95.76","","","","","","Rain"
"-80.38","43.46","KITCHENER/WATERLOO","6144239","2024-04-03 18:00","2024","04","03","18:00","","3.7","","3.3","","97","","1.8","","22","","5","","11.3","","95.79","","","","","","Rain"
"-80.38","43.46","KITCHENER/WATERLOO","6144239","2024-04-03 19:00","2024","04","03","19:00","","3.2","","2.5","","95","","2.0","","31","","5","","12.9","","95.81","","","","","","Rain"
"-80.38","43.46","KITCHENER/WATERLOO","6144239","2024-04-03 20:00","2024","04","03","20:00","","2.8","","2.4","","97","","1.2","","34","","5","","16.1","","95.80","","","","","","Rain"
"-80.38","43.46","KITCHENER/WATERLOO","6144239","2024-04-03 21:00","2024","04","03","21:00","","2.8","","2.3","","96","","0.2","","","M","4","","16.1","","95.75","","","","","","NA"
"-80.38","43.46","KITCHENER/WATERLOO","6144239","2024-04-03 22:00","2024","04","03","22:00","","2.8","","2.5","","98","","0.0","","4","","13","","16.1","","95.70","","","","","","NA"
"-80.38","43.46","KITCHENER/WATERLOO","6144239","2024-04-03 23:00","2024","04","03","23:00","","1.4","","0.7","","95","","0.0","","4","","9","","16.1","","95.69","","","","","","NA"
"-80.38","43.46","KITCHENER/WATERLOO","6144239","2024-04-04 00:00","2024","04","04","00:00","","1.3","","0.3","","93","","0.0","","3","","5","","16.1","","95.71","","","","","","NA"
"-80.38","43.46","KITCHENER/WATERLOO","6144239","2024-04-04 01:00","2024","04","04","01:00","","1.2","","0.3","","94","","0.0","","5","","9","","16.1","","95.74","","","","","","NA"
"-80.38","43.46","KITCHENER/WATERLOO","6144239","2024-04-04 02:00","2024","04","04","02:00","","1.2","","0.5","","95","","0.0","","","M","4","","16.1","","95.66","","","","","","NA"
"-80.38","43.46","KITCHENER/WATERLOO","6144239","2024-04-04 03:00","2024","04","04","03:00","","1.2","","0.5","","95","","0.0","","2","","5","","16.1","","95.65","","","","","","NA"
"-80.38","43.46","KITCHENER/WATERLOO","6144239","2024-04-04 04:00","2024","04","04","04:00","","1.1","","0.5","","96","","0.0","","3","","5","","16.1","","95.66","","","","","","NA"
"-80.38","43.46","KITCHENER/WATERLOO","6144239","2024-04-04 05:00","2024","04","04","05:00","","1.1","","0.5","","96","","0.0","","36","","9","","16.1","","95.64","","","","","","NA"
"-80.38","43.46","KITCHENER/WATERLOO","6144239","2024-04-04 06:00","2024","04","04","06:00","","1.0","","0.6","","97","","0.0","","13","","8","","16.1","","95.70","","","","","","NA"
"-80.38","43.46","KITCHENER/WATERLOO","6144239","2024-04-04 07:00","2024","04","04","07:00","","1.2","","0.9","","98","","0.0","","13","","9","","16.1","","95.74","","","","","","NA"
"-80.38","43.46","KITCHENER/WATERLOO","6144239","2024-04-04 08:00","2024","04","04","08:00","","1.4","","0.8","","96","","0.0","","11","","9","","16.1","","95.78","","","","","","NA"
"-80.38","43.46","KITCHENER/WATERLOO","6144239","2024-04-04 09:00","2024","04","04","09:00","","1.7","","1.1","","96","","0.0","","3","","11","","16.1","","95.85","","","","","","NA"
"-80.38","43.46","KITCHENER/WATERLOO","6144239","2024-04-04 10:00","2024","04","04","10:00","","2.9","","1.6","","91","","0.0","","5","","9","","16.1","","95.92","","","","","","NA"
"-80.38","43.46","KITCHENER/WATERLOO","6144239","2024-04-04 11:00","2024","04","04","11:00","","3.5","","2.2","","91","","0.0","","4","","18","","16.1","","96.00","","","","","","NA"
"-80.38","43.46","KITCHENER/WATERLOO","6144239","2024-04-04 12:00","2024","04","04","12:00","","3.6","","2.3","","91","","0.0","","8","","24","","16.1","","96.07","","","","","","Rain"
"-80.38","43.46","KITCHENER/WATERLOO","6144239","2024-04-04 13:00","2024","04","04","13:00","","3.9","","2.1","","88","","0.0","","8","","26","","16.1","","96.16","","","","","","NA"
"-80.38","43.46","KITCHENER/WATERLOO","6144239","2024-04-04 14:00","2024","04","04","14:00","","3.2","","1.6","","90","","0.0","","6","","17","","16.1","","96.21","","","","","","NA"
"-80.38","43.46","KITCHENER/WATERLOO","6144239","2024-04-04 15:00","2024","04","04","15:00","","3.1","","1.2","","87","","0.0","","7","","18","","14.5","","96.28","","","","","","Rain"
"-80.38","43.46","KITCHENER/WATERLOO","6144239","2024-04-04 16:00","2024","04","04","16:00","","3.0","","1.3","","88","","0.0","","8","","13","","16.1","","96.37","","","","","","NA"
"-80.38","43.46","KITCHENER/WATERLOO","6144239","2024-04-04 17:00","2024","04","04","17:00","","2.2","","0.6","","89","","0.0","","6","","15","","16.1","","96.48","","","","","","NA"
"-80.38","43.46","KITCHENER/WATERLOO","6144239","2024-04-04 18:00","2024","04","04","18:00","","0.8","","0.0","","95","","0.0","","7","","21","","4.0","","96.58","","","","","","Rain,Snow"
"-80.38","43.46","KITCHENER/WATERLOO","6144239","2024-04-04 19:00","2024","04","04","19:00","","0.7","","0.0","","95","","0.2","","5","","13","","8.1","","96.65","","","","","","Rain,Snow"
"-80.38","43.46","KITCHENER/WATERLOO","6144239","2024-04-04 20:00","2024","04","04","20:00","","-0.2","","-1.2","","93","","0.2","","5","","15","","4.8","","96.76","","","","-5","","Snow"
"-80.38","43.46","KITCHENER/WATERLOO","6144239","2024-04-04 21:00","2024","04","04","21:00","","-0.1","","-0.8","","95","","0.0","","2","","8","","6.4","","96.82","","","","-3","","Snow"
"-80.38","43.46","KITCHENER/WATERLOO","6144239","2024-04-04 22:00","2024","04","04","22:00","","-0.3","","-1.4","","93","","0.2","","2","","9","","16.1","","96.84","","","","-3","","Snow"
"-80.38","43.46","KITCHENER/WATERLOO","6144239","2024-04-04 23:00","2024","04","04","23:00","","-0.5","","-2.3","","88","","0.0","","36","","11","","16.1","","96.89","","","","-4","","NA"
"-80.38","43.46","KITCHENER/WATERLOO","6144239","2024-04-05 00:00","2024","04","05","00:00","","-0.5","","-1.9","","90","","0.0","","34","","15","","16.1","","96.90","","","","-5","","NA"
"-80.38","43.46","KITCHENER/WATERLOO","6144239","2024-04-05 01:00","2024","04","05","01:00","","-0.6","","-2.5","","87","","0.0","","34","","13","","16.1","","96.88","","","","-5","","NA"
"-80.38","43.46","KITCHENER/WATERLOO","6144239","2024-04-05 02:00","2024","04","05","02:00","","-0.6","","-2.7","","86","","0.0","","34","","13","","16.1","","96.89","","","","-5","","NA"
"-80.38","43.46","KITCHENER/WATERLOO","6144239","2024-04-05 03:00","2024","04","05","03:00","","-0.8","","-2.4","","89","","0.0","","31","","11","","16.1","","96.88","","","","-5","","NA"
"-80.38","43.46","KITCHENER/WATERLOO","6144239","2024-04-05 04:00","2024","04","05","04:00","","-0.9","","-2.5","","89","","0.0","","31","","15","","16.1","","96.90","","","","-6","","NA"
"-80.38","43.46","KITCHENER/WATERLOO","6144239","2024-04-05 05:00","2024","04","05","05:00","","-0.9","","-2.6","","88","","0.0","","31","","15","","16.1","","96.94","","","","-6","","NA"
"-80.38","43.46","KITCHENER/WATERLOO","6144239","2024-04-05 06:00","2024","04","05","06:00","","-1.3","","-2.9","","89","","0.0","","32","","17","","16.1","","96.99","","","","-6","","NA"
"-80.38","43.46","KITCHENER/WATERLOO","6144239","2024-04-05 07:00","2024","04","05","07:00","","-0.8","","-2.5","","88","","0.0","","31","","17","","16.1","","97.04","","","","-6","","NA"
"-80.38","43.46","KITCHENER/WATERLOO","6144239","2024-04-05 08:00","2024","04","05","08:00","","0.3","","-2.2","","83","","0.0","","32","","17","","16.1","","97.07","","","","","","NA"
"-80.38","43.46","KITCHENER/WATERLOO","6144239","2024-04-05 09:00","2024","04","05","09:00","","1.3","","-1.4","","83","","0.0","","31","","22","","16.1","","97.11","","","","","","NA"
"-80.38","43.46","KITCHENER/WATERLOO","6144239","2024-04-05 10:00","2024","04","05","10:00","","1.8","","-2.4","","74","","0.0","","33","","28","","16.1","","97.12","","","","","","NA"
"-80.38","43.46","KITCHENER/WATERLOO","6144239","2024-04-05 11:00","2024","04","05","11:00","","3.0","","-1.6","","72","","0.0","","33","","32","","16.1","","97.13","","","","","","NA"
"-80.38","43.46","KITCHENER/WATERLOO","6144239","2024-04-05 12:00","2024","04","05","12:00","","3.8","","-1.2","","70","","0.0","","31","","26","","14.5","","97.14","","","","","","NA"
"-80.38","43.46","KITCHENER/WATERLOO","6144239","2024-04-05 13:00","2024","04","05","13:00","","3.4","","-1.3","","71","","0.0","","33","","28","","16.1","","97.16","","","","","","Rain"
"-80.38","43.46","KITCHENER/WATERLOO","6144239","2024-04-05 14:00","2024","04","05","14:00","","3.3","","-1.7","","70","","0.0","","33","","28","","16.1","","97.23","","","","","","Rain"
"-80.38","43.46","KITCHENER/WATERLOO","6144239","2024-04-05 15:00","2024","04","05","15:00","","3.6","","-1.0","","72","","0.0","","34","","32","","16.1","","97.27","","","","","","NA"
"-80.38","43.46","KITCHENER/WATERLOO","6144239","2024-04-05 16:00","2024","04","05","16:00","","3.7","","-1.7","","68","","0.0","","33","","26","","16.1","","97.32","","","","","","NA"
"-80.38","43.46","KITCHENER/WATERLOO","6144239","2024-04-05 17:00","2024","04","05","17:00","","3.8","","-1.0","","71","","0.0","","34","","21","","16.1","","97.41","","","","","","NA"
"-80.38","43.46","KITCHENER/WATERLOO","6144239","2024-04-05 18:00","2024","04","05","18:00","","3.6","","-1.0","","72","","0.0","","33","","22","","16.1","","97.47","","","","","","NA"
"-80.38","43.46","KITCHENER/WATERLOO","6144239","2024-04-05 19:00","2024","04","05","19:00","","3.2","","-0.4","","77","","0.0","","33","","17","","16.1","","97.55","","","","","","NA"
"-80.38","43.46","KITCHENER/WATERLOO","6144239","2024-04-05 20:00","2024","04","05","20:00","","2.9","","0.1","","82","","0.0","","33","","21","","16.1","","97.61","","","","","","NA"
"-80.38","43.46","KITCHENER/WATERLOO","6144239","2024-04-05 21:00","2024","04","05","21:00","","2.5","","0.1","","84","","0.0","","34","","22","","16.1","","97.65","","","","","","NA"
"-80.38","43.46","KITCHENER/WATERLOO","6144239","2024-04-05 22:00","2024","04","05","22:00","","2.1","","0.1","","87","","0.0","","32","","21","","16.1","","97.68","","","","","","NA"
"-80.38","43.46","KITCHENER/WATERLOO","6144239","2024-04-05 23:00","2024","04","05","23:00","","2.6","","0.5","","86","","0.0","","31","","21","","16.1","","97.73","","","","","","NA"
"-80.38","43.46","KITCHENER/WATERLOO","6144239","2024-04-06 00:00","2024","04","06","00:00","","2.3","","0.5","","88","","0.0","","32","","15","","16.1","","97.75","","","","","","NA"
"-80.38","43.46","KITCHENER/WATERLOO","6144239","2024-04-06 01:00","2024","04","06","01:00","","1.3","","0.0","","91","","0.0","","31","","15","","16.1","","97.77","","","","","","NA"
"-80.38","43.46","KITCHENER/WATERLOO","6144239","2024-04-06 02:00","2024","04","06","02:00","","2.4","","0.6","","88","","0.0","","33","","21","","16.1","","97.78","","","","","","NA"
"-80.38","43.46","KITCHENER/WATERLOO","6144239","2024-04-06 03:00","2024","04","06","03:00","","2.9","","1.0","","87","","0.0","","33","","15","","16.1","","97.81","","","","","","NA"
"-80.38","43.46","KITCHENER/WATERLOO","6144239","2024-04-06 04:00","2024","04","06","04:00","","3.1","","1.0","","86","","0.0","","32","","18","","16.1","","97.84","","","","","","NA"
"-80.38","43.46","KITCHENER/WATERLOO","6144239","2024-04-06 05:00","2024","04","06","05:00","","3.2","","0.9","","85","","0.0","","33","","18","","16.1","","97.89","","","","","","NA"
"-80.38","43.46","KITCHENER/WATERLOO","6144239","2024-04-06 06:00","2024","04","06","06:00","","2.4","","0.1","","85","","0.0","","33","","18","","16.1","","97.94","","","","","","NA"
"-80.38","43.46","KITCHENER/WATERLOO","6144239","2024-04-06 07:00","2024","04","06","07:00","","3.0","","0.5","","84","","0.0","","32","","21","","16.1","","98.00","","","","","","NA"
"-80.38","43.46","KITCHENER/WATERLOO","6144239","2024-04-06 08:00","2024","04","06","08:00","","4.4","","0.4","","75","","0.0","","34","","21","","16.1","","98.01","","","","","","NA"
"-80.38","43.46","KITCHENER/WATERLOO","6144239","2024-04-06 09:00","2024","04","06","09:00","","5.7","","0.2","","68","","0.0","","34","","21","","16.1","","98.04","","","","","","NA"
"-80.38","43.46","KITCHENER/WATERLOO","6144239","2024-04-06 10:00","2024","04","06","10:00","","8.1","","1.1","","61","","0.0","","34","","21","","16.1","","98.03","","","","","","NA"
"-80.38","43.46","KITCHENER/WATERLOO","6144239","2024-04-06 11:00","2024","04","06","11:00","","8.4","","-0.4","","54","","0.0","","34","","32","","16.1","","98.02","","","","","","NA"
"-80.38","43.46","KITCHENER/WATERLOO","6144239","2024-04-06 12:00","2024","04","06","12:00","","9.5","","-0.5","","50","","0.0","","35","","22","","16.1","","98.00","","","","","","NA"
"-80.38","43.46","KITCHENER/WATERLOO","6144239","2024-04-06 13:00","2024","04","06","13:00","","10.5","","-1.6","","43","","0.0","","34","","24","","16.1","","97.98","","","","","","NA"
"-80.38","43.46","KITCHENER/WATERLOO","6144239","2024-04-06 14:00","2024","04","06","14:00","","11.2","","-3.4","","36","","0.0","","36","","28","","16.1","","97.93","","","","","","NA"
"-80.38","43.46","KITCHENER/WATERLOO","6144239","2024-04-06 15:00","2024","04","06","15:00","","12.1","","-2.1","","37","","0.0","","33","","24","","16.1","","97.89","","","","","","NA"
"-80.38","43.46","KITCHENER/WATERLOO","6144239","2024-04-06 16:00","2024","04","06","16:00","","11.4","","-3.0","","36","","0.0","","34","","26","","16.1","","97.88","","","","","","NA"
"-80.38","43.46","KITCHENER/WATERLOO","6144239","2024-04-06 17:00","2024","04","06","17:00","","11.1","","-4.6","","33","","0.0","","32","","22","","16.1","","97.89","","","","","","NA"
"-80.38","43.46","KITCHENER/WATERLOO","6144239","2024-04-06 18:00","2024","04","06","18:00","","9.9","","-5.2","","34","","0.0","","32","","24","","16.1","","97.95","","","","","","NA"
"-80.38","43.46","KITCHENER/WATERLOO","6144239","2024-04-06 19:00","2024","04","06","19:00","","7.5","","-3.7","","45","","0.0","","35","","15","","16.1","","98.02","","","","","","NA"
"-80.38","43.46","KITCHENER/WATERLOO","6144239","2024-04-06 20:00","2024","04","06","20:00","","5.3","","-3.2","","54","","0.0","","34","","9","","16.1","","98.08","","","","","","NA"
"-80.38","43.46","KITCHENER/WATERLOO","6144239","2024-04-06 21:00","2024","04","06","21:00","","4.8","","-1.4","","64","","0.0","","31","","18","","16.1","","98.11","","","","","","NA"
"-80.38","43.46","KITCHENER/WATERLOO","6144239","2024-04-06 22:00","2024","04","06","22:00","","3.5","","-1.9","","68","","0.0","","33","","17","","16.1","","98.13","","","","","","NA"
"-80.38","43.46","KITCHENER/WATERLOO","6144239","2024-04-06 23:00","2024","04","06","23:00","","2.9","","-2.2","","69","","0.0","","33","","15","","16.1","","98.13","","","","","","NA"
"-80.38","43.46","KITCHENER/WATERLOO","6144239","2024-04-07 00:00","2024","04","07","00:00","","2.3","","-2.8","","69","","0.0","","35","","11","","16.1","","98.13","","","","","","NA"
"-80.38","43.46","KITCHENER/WATERLOO","6144239","2024-04-07 01:00","2024","04","07","01:00","","0.3","","-3.6","","75","","0.0","","31","","9","","16.1","","98.14","","","","","","NA"
"-80.38","43.46","KITCHENER/WATERLOO","6144239","2024-04-07 02:00","2024","04","07","02:00","","-1.1","","-3.3","","85","","0.0","","29","","8","","16.1","","98.14","","","","-4","","NA"
"-80.38","43.46","KITCHENER/WATERLOO","6144239","2024-04-07 03:00","2024","04","07","03:00","","-0.6","","-3.0","","84","","0.0","","29","","5","","16.1","","98.16","","","","-2","","NA"
"-80.38","43.46","KITCHENER/WATERLOO","6144239","2024-04-07 04:00","2024","04","07","04:00","","-1.0","","-2.4","","90","","0.0","","33","","4","","16.1","","98.21","","","","-2","","NA"
"-80.38","43.46","KITCHENER/WATERLOO","6144239","2024-04-07 05:00","2024","04","07","05:00","","-3.0","","-4.4","","90","","0.0","","31","","4","","16.1","","98.26","","","","-5","","NA"
"-80.38","43.46","KITCHENER/WATERLOO","6144239","2024-04-07 06:00","2024","04","07","06:00","","-3.5","","-3.6","","99","","0.0","","31","","5","","16.1","","98.32","","","","-6","","NA"
"-80.38","43.46","KITCHENER/WATERLOO","6144239","2024-04-07 07:00","2024","04","07","07:00","","0.4","","-1.2","","89","","0.0","","30","","4","","16.1","","98.37","","","","","","NA"
"-80.38","43.46","KITCHENER/WATERLOO","6144239","2024-04-07 08:00","2024","04","07","08:00","","5.5","","-1.2","","62","","0.0","","36","","5","","16.1","","98.42","","","","","","NA"
"-80.38","43.46","KITCHENER/WATERLOO","6144239","2024-04-07 09:00","2024","04","07","09:00","","9.2","","-1.3","","48","","0.0","","9","","11","","16.1","","98.44","","","","","","NA"
"-80.38","43.46","KITCHENER/WATERLOO","6144239","2024-04-07 10:00","2024","04","07","10:00","","11.0","","-1.9","","40","","0.0","","9","","11","","16.1","","98.47","","","","","","NA"
"-80.38","43.46","KITCHENER/WATERLOO","6144239","2024-04-07 11:00","2024","04","07","11:00","","12.0","","-2.4","","36","","0.0","","5","","21","","16.1","","98.47","","","","","","NA"
"-80.38","43.46","KITCHENER/WATERLOO","6144239","2024-04-07 12:00","2024","04","07","12:00","","12.9","","-3.0","","33","","0.0","","11","","17","","16.1","","98.42","","","","","","NA"
"-80.38","43.46","KITCHENER/WATERLOO","6144239","2024-04-07 13:00","2024","04","07","13:00","","13.5","","-2.3","","33","","0.0","","11","","13","","16.1","","98.40","","","","","","NA"
"-80.38","43.46","KITCHENER/WATERLOO","6144239","2024-04-07 14:00","2024","04","07","14:00","","13.9","","-3.1","","31","","0.0","","11","","9","","9.7","","98.35","","","","","","Haze"
"-80.38","43.46","KITCHENER/WATERLOO","6144239","2024-04-07 15:00","2024","04","07","15:00","","14.1","","-4.2","","28","","0.0","","9","","17","","16.1","","98.26","","","","","","NA"
"-80.38","43.46","KITCHENER/WATERLOO","6144239","2024-04-07 16:00","2024","04","07","16:00","","14.2","","-4.4","","27","","0.0","","11","","22","","12.9","","98.24","","","","","","NA"
"-80.38","43.46","KITCHENER/WATERLOO","6144239","2024-04-07 17:00","2024","04","07","17:00","","13.8","","-4.6","","27","","0.0","","12","","18","","16.1","","98.21","","","","","","NA"
"-80.38","43.46","KITCHENER/WATERLOO","6144239","2024-04-07 18:00","2024","04","07","18:00","","11.5","","-3.7","","34","","0.0","","14","","17","","16.1","","98.19","","","","","","NA"
"-80.38","43.46","KITCHENER/WATERLOO","6144239","2024-04-07 19:00","2024","04","07","19:00","","8.8","","-2.5","","45","","0.0","","13","","13","","16.1","","98.18","","","","","","NA"
"-80.38","43.46","KITCHENER/WATERLOO","6144239","2024-04-07 20:00","2024","04","07","20:00","","7.3","","-3.0","","48","","0.0","","12","","11","","16.1","","98.20","","","","","","NA"
"-80.38","43.46","KITCHENER/WATERLOO","6144239","2024-04-07 21:00","2024","04","07","21:00","","5.7","","-1.5","","60","","0.0","","10","","9","","16.1","","98.20","","","","","","NA"
"-80.38","43.46","KITCHENER/WATERLOO","6144239","2024-04-07 22:00","2024","04","07","22:00","","5.2","","-2.4","","58","","0.0","","8","","11","","16.1","","98.19","","","","","","NA"
"-80.38","43.46","KITCHENER/WATERLOO","6144239","2024-04-07 23:00","2024","04","07","23:00","","4.1","","-1.8","","65","","0.0","","8","","15","","16.1","","98.16","","","","","","NA"
"-80.38","43.46","KITCHENER/WATERLOO","6144239","2024-04-08 00:00","2024","04","08","00:00","","4.5","","-2.4","","61","","0.0","","9","","9","","16.1","","98.17","","","","","","NA"
"-80.38","43.46","KITCHENER/WATERLOO","6144239","2024-04-08 01:00","2024","04","08","01:00","","5.5","","-3.5","","53","","0.0","","12","","8","","16.1","","98.18","","","","","","NA"
"-80.38","43.46","KITCHENER/WATERLOO","6144239","2024-04-08 02:00","2024","04","08","02:00","","3.6","","-2.1","","67","","0.0","","9","","8","","16.1","","98.15","","","","","","NA"
"-80.38","43.46","KITCHENER/WATERLOO","6144239","2024-04-08 03:00","2024","04","08","03:00","","4.0","","-3.0","","60","","0.0","","9","","8","","16.1","","98.11","","","","","","NA"
"-80.38","43.46","KITCHENER/WATERLOO","6144239","2024-04-08 04:00","2024","04","08","04:00","","3.8","","-3.5","","59","","0.0","","8","","11","","16.1","","98.09","","","","","","NA"
"-80.38","43.46","KITCHENER/WATERLOO","6144239","2024-04-08 05:00","2024","04","08","05:00","","3.3","","-2.0","","68","","0.0","","6","","5","","16.1","","98.08","","","","","","NA"
"-80.38","43.46","KITCHENER/WATERLOO","6144239","2024-04-08 06:00","2024","04","08","06:00","","4.7","","-2.0","","62","","0.0","","8","","11","","16.1","","98.06","","","","","","NA"
"-80.38","43.46","KITCHENER/WATERLOO","6144239","2024-04-08 07:00","2024","04","08","07:00","","5.9","","-2.2","","56","","0.0","","10","","8","","16.1","","98.08","","","","","","NA"
"-80.38","43.46","KITCHENER/WATERLOO","6144239","2024-04-08 08:00","2024","04","08","08:00","","7.3","","-3.0","","48","","0.0","","10","","9","","16.1","","98.05","","","","","","NA"
"-80.38","43.46","KITCHENER/WATERLOO","6144239","2024-04-08 09:00","2024","04","08","09:00","","8.4","","-2.9","","45","","0.0","","11","","11","","16.1","","98.00","","","","","","NA"
"-80.38","43.46","KITCHENER/WATERLOO","6144239","2024-04-08 10:00","2024","04","08","10:00","","10.2","","-2.0","","42","","0.0","","14","","17","","16.1","","97.99","","","","","","NA"
"-80.38","43.46","KITCHENER/WATERLOO","6144239","2024-04-08 11:00","2024","04","08","11:00","","10.6","","-1.6","","43","","0.0","","13","","15","","16.1","","97.97","","","","","","NA"
"-80.38","43.46","KITCHENER/WATERLOO","6144239","2024-04-08 12:00","2024","04","08","12:00","","11.8","","0.3","","45","","0.0","","14","","13","","16.1","","97.93","","","","","","NA"
"-80.38","43.46","KITCHENER/WATERLOO","6144239","2024-04-08 13:00","2024","04","08","13:00","","11.5","","0.5","","47","","0.0","","14","","13","","16.1","","97.95","","","","","","NA"
"-80.38","43.46","KITCHENER/WATERLOO","6144239","2024-04-08 14:00","2024","04","08","14:00","","12.2","","1.5","","48","","0.0","","11","","13","","16.1","","97.88","","","","","","NA"
"-80.38","43.46","KITCHENER/WATERLOO","6144239","2024-04-08 15:00","2024","04","08","15:00","","12.5","","1.7","","48","","0.0","","11","","13","","16.1","","97.86","","","","","","NA"
"-80.38","43.46","KITCHENER/WATERLOO","6144239","2024-04-08 16:00","2024","04","08","16:00","","14.5","","2.2","","43","","0.0","","12","","15","","16.1","","97.83","","","","","","NA"
"-80.38","43.46","KITCHENER/WATERLOO","6144239","2024-04-08 17:00","2024","04","08","17:00","","15.2","","3.4","","45","","0.0","","13","","13","","16.1","","97.82","","","","","","NA"
"-80.38","43.46","KITCHENER/WATERLOO","6144239","2024-04-08 18:00","2024","04","08","18:00","","13.6","","2.9","","48","","0.0","","14","","15","","16.1","","97.83","","","","","","NA"
"-80.38","43.46","KITCHENER/WATERLOO","6144239","2024-04-08 19:00","2024","04","08","19:00","","9.0","","1.9","","61","","0.0","","13","","13","","16.1","","97.83","","","","","","NA"
"-80.38","43.46","KITCHENER/WATERLOO","6144239","2024-04-08 20:00","2024","04","08","20:00","","7.3","","0.9","","64","","0.0","","11","","9","","16.1","","97.84","","","","","","NA"
"-80.38","43.46","KITCHENER/WATERLOO","6144239","2024-04-08 21:00","2024","04","08","21:00","","5.9","","0.7","","69","","0.0","","13","","8","","16.1","","97.88","","","","","","NA"
"-80.38","43.46","KITCHENER/WATERLOO","6144239","2024-04-08 22:00","2024","04","08","22:00","","4.6","","0.4","","74","","0.0","","15","","4","","16.1","","97.86","","","","","","NA"
"-80.38","43.46","KITCHENER/WATERLOO","6144239","2024-04-08 23:00","2024","04","08","23:00","","2.3","","0.4","","87","","0.0","","","","0","","16.1","","97.84","","","","","","NA"
"-80.38","43.46","KITCHENER/WATERLOO","6144239","2024-04-09 00:00","2024","04","09","00:00","","2.5","","0.4","","86","","0.0","","2","","4","","16.1","","97.85","","","","","","NA"
"-80.38","43.46","KITCHENER/WATERLOO","6144239","2024-04-09 01:00","2024","04","09","01:00","","1.4","","0.4","","93","","0.0","","","","0","","16.1","","97.83","","","","","","NA"
"-80.38","43.46","KITCHENER/WATERLOO","6144239","2024-04-09 02:00","2024","04","09","02:00","","0.8","","0.2","","96","","0.0","","36","","4","","16.1","","97.77","","","","","","NA"
"-80.38","43.46","KITCHENER/WATERLOO","6144239","2024-04-09 03:00","2024","04","09","03:00","","0.8","","0.4","","97","","0.0","","35","","5","","16.1","","97.73","","","","","","NA"
"-80.38","43.46","KITCHENER/WATERLOO","6144239","2024-04-09 04:00","2024","04","09","04:00","","0.2","","-0.4","","96","","0.0","","","","0","","16.1","","97.74","","","","","","NA"
"-80.38","43.46","KITCHENER/WATERLOO","6144239","2024-04-09 05:00","2024","04","09","05:00","","0.7","","0.3","","97","","0.0","","","","0","","16.1","","97.75","","","","","","NA"
"-80.38","43.46","KITCHENER/WATERLOO","6144239","2024-04-09 06:00","2024","04","09","06:00","","0.1","","-0.2","","98","","0.0","","","","0","","16.1","","97.73","","","","","","NA"
"-80.38","43.46","KITCHENER/WATERLOO","6144239","2024-04-09 07:00","2024","04","09","07:00","","3.5","","1.9","","89","","0.0","","8","","4","","16.1","","97.73","","","","","","NA"
"-80.38","43.46","KITCHENER/WATERLOO","6144239","2024-04-09 08:00","2024","04","09","08:00","","8.6","","3.5","","70","","0.0","","15","","5","","16.1","","97.70","","","","","","NA"
"-80.38","43.46","KITCHENER/WATERLOO","6144239","2024-04-09 09:00","2024","04","09","09:00","","14.9","","5.6","","53","","0.0","","17","","18","","16.1","","97.67","","","","","","NA"
"-80.38","43.46","KITCHENER/WATERLOO","6144239","2024-04-09 10:00","2024","04","09","10:00","","18.4","","6.4","","45","","0.0","","17","","24","","16.1","","97.63","","","","","","NA"
"-80.38","43.46","KITCHENER/WATERLOO","6144239","2024-04-09 11:00","2024","04","09","11:00","","20.3","","7.4","","43","","0.0","","18","","21","","16.1","","97.58","","","","","","NA"
"-80.38","43.46","KITCHENER/WATERLOO","6144239","2024-04-09 12:00","2024","04","09","12:00","","22.9","","9.6","","42","","0.0","","17","","28","","16.1","","97.47","","","","","","NA"
"-80.38","43.46","KITCHENER/WATERLOO","6144239","2024-04-09 13:00","2024","04","09","13:00","","22.3","","12.2","","52","","0.0","","20","","30","","16.1","","97.40","","25","","","","NA"
"-80.38","43.46","KITCHENER/WATERLOO","6144239","2024-04-09 14:00","2024","04","09","14:00","","22.9","","13.7","","56","","0.0","","18","","30","","16.1","","97.34","","26","","","","NA"
"-80.38","43.46","KITCHENER/WATERLOO","6144239","2024-04-09 15:00","2024","04","09","15:00","","22.2","","9.8","","45","","0.0","","19","","34","","16.1","","97.30","","","","","","NA"
"-80.38","43.46","KITCHENER/WATERLOO","6144239","2024-04-09 16:00","2024","04","09","16:00","","22.0","","6.7","","37","","0.0","","20","","32","","16.1","","97.22","","","","","","NA"
"-80.38","43.46","KITCHENER/WATERLOO","6144239","2024-04-09 17:00","2024","04","09","17:00","","22.2","","4.9","","32","","0.0","","20","","34","","16.1","","97.19","","","","","","NA"
"-80.38","43.46","KITCHENER/WATERLOO","6144239","2024-04-09 18:00","2024","04","09","18:00","","20.6","","9.6","","49","","0.0","","21","","32","","16.1","","97.16","","","","","","NA"
"-80.38","43.46","KITCHENER/WATERLOO","6144239","2024-04-09 19:00","2024","04","09","19:00","","19.4","","11.7","","61","","0.0","","21","","22","","16.1","","97.12","","","","","","NA"
"-80.38","43.46","KITCHENER/WATERLOO","6144239","2024-04-09 20:00","2024","04","09","20:00","","18.3","","12.6","","69","","0.0","","22","","18","","16.1","","97.24","","","","","","NA"
"-80.38","43.46","KITCHENER/WATERLOO","6144239","2024-04-09 21:00","2024","04","09","21:00","","17.0","","12.4","","74","","0.0","","20","","15","","16.1","","97.25","","","","","","NA"
"-80.38","43.46","KITCHENER/WATERLOO","6144239","2024-04-09 22:00","2024","04","09","22:00","","16.1","","11.5","","74","","0.0","","27","","15","","16.1","","97.28","","","","","","NA"
"-80.38","43.46","KITCHENER/WATERLOO","6144239","2024-04-09 23:00","2024","04","09","23:00","","15.8","","11.5","","75","","0.0","","28","","11","","16.1","","97.38","","","","","","NA"
"-80.38","43.46","KITCHENER/WATERLOO","6144239","2024-04-10 00:00","2024","04","10","00:00","","12.7","","4.1","","56","","0.0","","28","","9","","16.1","","97.41","","","","","","NA"
"-80.38","43.46","KITCHENER/WATERLOO","6144239","2024-04-10 01:00","2024","04","10","01:00","","12.6","","3.0","","52","","0.0","","26","","15","","16.1","","97.44","","","","","","NA"
"-80.38","43.46","KITCHENER/WATERLOO","6144239","2024-04-10 02:00","2024","04","10","02:00","","11.0","","3.3","","59","","0.0","","31","","15","","16.1","","97.44","","","","","","NA"
"-80.38","43.46","KITCHENER/WATERLOO","6144239","2024-04-10 03:00","2024","04","10","03:00","","8.3","","3.8","","73","","0.0","","30","","9","","16.1","","97.40","","","","","","NA"
"-80.38","43.46","KITCHENER/WATERLOO","6144239","2024-04-10 04:00","2024","04","10","04:00","","7.5","","4.1","","79","","0.0","","31","","13","","16.1","","97.42","","","","","","NA"
"-80.38","43.46","KITCHENER/WATERLOO","6144239","2024-04-10 05:00","2024","04","10","05:00","","6.6","","3.6","","81","","0.0","","31","","9","","16.1","","97.46","","","","","","NA"
"-80.38","43.46","KITCHENER/WATERLOO","6144239","2024-04-10 06:00","2024","04","10","06:00","","4.4","","3.2","","92","","0.0","","29","","8","","16.1","","97.54","","","","","","NA"
"-80.38","43.46","KITCHENER/WATERLOO","6144239","2024-04-10 07:00","2024","04","10","07:00","","5.7","","3.9","","88","","0.0","","30","","11","","16.1","","97.59","","","","","","NA"
"-80.38","43.46","KITCHENER/WATERLOO","6144239","2024-04-10 08:00","2024","04","10","08:00","","9.4","","4.1","","69","","0.0","","33","","9","","16.1","","97.60","","","","","","NA"
"-80.38","43.46","KITCHENER/WATERLOO","6144239","2024-04-10 09:00","2024","04","10","09:00","","11.5","","4.4","","62","","0.0","","31","","15","","16.1","","97.67","","","","","","NA"
"-80.38","43.46","KITCHENER/WATERLOO","6144239","2024-04-10 10:00","2024","04","10","10:00","","13.0","","3.8","","53","","0.0","","29","","18","","16.1","","97.69","","","","","","NA"
"-80.38","43.46","KITCHENER/WATERLOO","6144239","2024-04-10 11:00","2024","04","10","11:00","","14.8","","3.2","","46","","0.0","","29","","17","","16.1","","97.71","","","","","","NA"
"-80.38","43.46","KITCHENER/WATERLOO","6144239","2024-04-10 12:00","2024","04","10","12:00","","14.8","","2.5","","43","","0.0","","30","","21","","16.1","","97.71","","","","","","NA"
"-80.38","43.46","KITCHENER/WATERLOO","6144239","2024-04-10 13:00","2024","04","10","13:00","","15.6","","2.7","","42","","0.0","","31","","15","","16.1","","97.69","","","","","","NA"
"-80.38","43.46","KITCHENER/WATERLOO","6144239","2024-04-10 14:00","2024","04","10","14:00","","16.0","","3.8","","44","","0.0","","31","","15","","16.1","","97.67","","","","","","NA"
"-80.38","43.46","KITCHENER/WATERLOO","6144239","2024-04-10 15:00","2024","04","10","15:00","","16.0","","2.8","","41","","0.0","","31","","5","","16.1","","97.60","","","","","","NA"
"-80.38","43.46","KITCHENER/WATERLOO","6144239","2024-04-10 16:00","2024","04","10","16:00","","16.4","","2.8","","40","","0.0","","32","","5","","16.1","","97.61","","","","","","NA"
"-80.38","43.46","KITCHENER/WATERLOO","6144239","2024-04-10 17:00","2024","04","10","17:00","","15.9","","2.0","","39","","0.0","","32","","9","","11.3","","97.64","","","","","","NA"
"-80.38","43.46","KITCHENER/WATERLOO","6144239","2024-04-10 18:00","2024","04","10","18:00","","15.2","","1.8","","40","","0.0","","35","","8","","16.1","","97.63","","","","","","NA"
"-80.38","43.46","KITCHENER/WATERLOO","6144239","2024-04-10 19:00","2024","04","10","19:00","","13.8","","2.1","","45","","0.0","","1","","5","","16.1","","97.63","","","","","","NA"
"-80.38","43.46","KITCHENER/WATERLOO","6144239","2024-04-10 20:00","2024","04","10","20:00","","10.9","","3.3","","59","","0.0","","2","","5","","16.1","","97.64","","","","","","NA"
"-80.38","43.46","KITCHENER/WATERLOO","6144239","2024-04-10 21:00","2024","04","10","21:00","","10.2","","4.6","","68","","0.0","","6","","13","","16.1","","97.63","","","","","","NA"
"-80.38","43.46","KITCHENER/WATERLOO","6144239","2024-04-10 22:00","2024","04","10","22:00","","10.0","","3.5","","64","","0.0","","7","","15","","16.1","","97.61","","","","","","NA"
"-80.38","43.46","KITCHENER/WATERLOO","6144239","2024-04-10 23:00","2024","04","10","23:00","","10.1","","3.2","","62","","0.0","","7","","15","","16.1","","97.57","","","","","","NA"
"-80.38","43.46","KITCHENER/WATERLOO","6144239","2024-04-11 00:00","2024","04","11","00:00","","10.0","","3.1","","62","","0.0","","7","","13","","16.1","","97.49","","","","","","NA"
"-80.38","43.46","KITCHENER/WATERLOO","6144239","2024-04-11 01:00","2024","04","11","01:00","","9.9","","3.4","","64","","0.0","","7","","13","","16.1","","97.43","","","","","","NA"
"-80.38","43.46","KITCHENER/WATERLOO","6144239","2024-04-11 02:00","2024","04","11","02:00","","9.9","","4.1","","67","","0.0","","11","","18","","16.1","","97.34","","","","","","Rain"
"-80.38","43.46","KITCHENER/WATERLOO","6144239","2024-04-11 03:00","2024","04","11","03:00","","8.1","","5.8","","85","","1.0","","9","","18","","11.3","","97.27","","","","","","Rain"
"-80.38","43.46","KITCHENER/WATERLOO","6144239","2024-04-11 04:00","2024","04","11","04:00","","7.2","","6.2","","94","","2.8","","7","","22","","8.1","","97.16","","","","","","Rain,Fog"
"-80.38","43.46","KITCHENER/WATERLOO","6144239","2024-04-11 05:00","2024","04","11","05:00","","7.1","","6.7","","97","","2.8","","7","","21","","6.4","","97.04","","","","","","Rain,Fog"
"-80.38","43.46","KITCHENER/WATERLOO","6144239","2024-04-11 06:00","2024","04","11","06:00","","7.0","","6.7","","98","","5.0","","8","","28","","4.8","","96.96","","","","","","Rain,Fog"
"-80.38","43.46","KITCHENER/WATERLOO","6144239","2024-04-11 07:00","2024","04","11","07:00","","7.6","","7.3","","98","","1.0","","7","","26","","14.5","","96.87","","","","","","Rain"
"-80.38","43.46","KITCHENER/WATERLOO","6144239","2024-04-11 08:00","2024","04","11","08:00","","7.8","","7.7","","99","","0.5","","7","","34","","16.1","","96.83","","","","","","Rain"
"-80.38","43.46","KITCHENER/WATERLOO","6144239","2024-04-11 09:00","2024","04","11","09:00","","8.3","","8.3","","100","","0.2","","8","","22","","12.9","","96.73","","","","","","Rain"
"-80.38","43.46","KITCHENER/WATERLOO","6144239","2024-04-11 10:00","2024","04","11","10:00","","8.7","","8.7","","100","","0.5","","9","","18","","11.3","","96.67","","","","","","NA"
"-80.38","43.46","KITCHENER/WATERLOO","6144239","2024-04-11 11:00","2024","04","11","11:00","","9.3","","9.3","","100","","0.0","","7","","21","","14.5","","96.51","","","","","","NA"
"-80.38","43.46","KITCHENER/WATERLOO","6144239","2024-04-11 12:00","2024","04","11","12:00","","10.2","","10.2","","100","","0.0","","8","","22","","11.3","","96.37","","","","","","NA"
"-80.38","43.46","KITCHENER/WATERLOO","6144239","2024-04-11 13:00","2024","04","11","13:00","","10.4","","10.4","","100","","0.8","","8","","18","","4.8","","96.25","","","","","","Rain,Fog"
"-80.38","43.46","KITCHENER/WATERLOO","6144239","2024-04-11 14:00","2024","04","11","14:00","","10.7","","10.7","","100","","0.0","","10","","13","","11.3","","96.20","","","","","","NA"
"-80.38","43.46","KITCHENER/WATERLOO","6144239","2024-04-11 15:00","2024","04","11","15:00","","11.4","","11.4","","100","","1.5","","10","","9","","8.1","","96.09","","","","","","Rain,Fog"
"-80.38","43.46","KITCHENER/WATERLOO","6144239","2024-04-11 16:00","2024","04","11","16:00","","11.9","","11.9","","100","","1.5","","9","","13","","6.4","","95.98","","","","","","Rain,Fog"
"-80.38","43.46","KITCHENER/WATERLOO","6144239","2024-04-11 17:00","2024","04","11","17:00","","12.2","","12.2","","100","","0.5","","10","","15","","9.7","","95.87","","","","","","Rain,Fog"
"-80.38","43.46","KITCHENER/WATERLOO","6144239","2024-04-11 18:00","2024","04","11","18:00","","12.4","","12.4","","100","","0.5","","10","","15","","8.1","","95.78","","","","","","Fog"
"-80.38","43.46","KITCHENER/WATERLOO","6144239","2024-04-11 19:00","2024","04","11","19:00","","12.8","","12.8","","100","","0.0","","10","","17","","6.4","","95.66","","","","","","Fog"
"-80.38","43.46","KITCHENER/WATERLOO","6144239","2024-04-11 20:00","2024","04","11","20:00","","13.3","","13.3","","100","","0.5","","11","","18","","4.0","","95.56","","","","","","Rain,Fog"
"-80.38","43.46","KITCHENER/WATERLOO","6144239","2024-04-11 21:00","2024","04","11","21:00","","13.4","","13.4","","100","","1.0","","10","","22","","2.4","","95.47","","","","","","Rain,Fog"
"-80.38","43.46","KITCHENER/WATERLOO","6144239","2024-04-11 22:00","2024","04","11","22:00","","13.7","","13.7","","100","","0.0","","11","","18","","14.5","","95.37","","","","","","NA"
"-80.38","43.46","KITCHENER/WATERLOO","6144239","2024-04-11 23:00","2024","04","11","23:00","","13.4","","13.4","","100","","4.0","","10","","15","","8.1","","95.22","","","","","","Rain,Fog"
"-80.38","43.46","KITCHENER/WATERLOO","6144239","2024-04-12 00:00","2024","04","12","00:00","","14.1","","14.1","","100","","0.2","","13","","13","","16.1","","95.10","","","","","","NA"
"-80.38","43.46","KITCHENER/WATERLOO","6144239","2024-04-12 01:00","2024","04","12","01:00","","13.9","","13.9","","100","","0.2","","12","","13","","14.5","","94.99","","","","","","Rain"
"-80.38","43.46","KITCHENER/WATERLOO","6144239","2024-04-12 02:00","2024","04","12","02:00","","13.0","","13.0","","100","","0.2","","11","","11","","4.8","","94.88","","","","","","Rain,Fog"
"-80.38","43.46","KITCHENER/WATERLOO","6144239","2024-04-12 03:00","2024","04","12","03:00","","13.1","","13.1","","100","","0.5","","13","","11","","4.8","","94.75","","","","","","Rain,Fog"
"-80.38","43.46","KITCHENER/WATERLOO","6144239","2024-04-12 04:00","2024","04","12","04:00","","12.9","","12.9","","100","","3.5","","19","","5","","3.6","","94.67","","","","","","Rain,Fog"
"-80.38","43.46","KITCHENER/WATERLOO","6144239","2024-04-12 05:00","2024","04","12","05:00","","12.4","","12.4","","100","","1.8","","19","","8","","6.4","","94.60","","","","","","Rain,Fog"
"-80.38","43.46","KITCHENER/WATERLOO","6144239","2024-04-12 06:00","2024","04","12","06:00","","7.9","","7.9","","100","","1.8","","22","","26","","4.0","","94.65","","","","","","Rain,Fog"
"-80.38","43.46","KITCHENER/WATERLOO","6144239","2024-04-12 07:00","2024","04","12","07:00","","5.7","","5.7","","100","","0.0","","24","","24","","8.1","","94.74","","","","","","Fog"
"-80.38","43.46","KITCHENER/WATERLOO","6144239","2024-04-12 08:00","2024","04","12","08:00","","5.9","","5.3","","96","","0.0","","25","","26","","16.1","","94.79","","","","","","NA"
"-80.38","43.46","KITCHENER/WATERLOO","6144239","2024-04-12 09:00","2024","04","12","09:00","","6.0","","5.1","","94","","0.2","","26","","32","","16.1","","94.86","","","","","","Rain"
"-80.38","43.46","KITCHENER/WATERLOO","6144239","2024-04-12 10:00","2024","04","12","10:00","","6.3","","5.2","","92","","0.2","","26","","39","","16.1","","94.93","","","","","","Rain"
"-80.38","43.46","KITCHENER/WATERLOO","6144239","2024-04-12 11:00","2024","04","12","11:00","","6.8","","5.4","","91","","0.2","","26","","45","","16.1","","94.95","","","","","","Rain"
"-80.38","43.46","KITCHENER/WATERLOO","6144239","2024-04-12 12:00","2024","04","12","12:00","","7.1","","5.7","","91","","0.0","","26","","37","","16.1","","94.97","","","","","","NA"
"-80.38","43.46","KITCHENER/WATERLOO","6144239","2024-04-12 13:00","2024","04","12","13:00","","6.9","","5.0","","88","","0.0","","27","","37","","16.1","","94.99","","","","","","NA"
"-80.38","43.46","KITCHENER/WATERLOO","6144239","2024-04-12 14:00","2024","04","12","14:00","","6.7","","5.1","","90","","0.0","","27","","39","","16.1","","95.03","","","","","","Rain"
"-80.38","43.46","KITCHENER/WATERLOO","6144239","2024-04-12 15:00","2024","04","12","15:00","","6.5","","5.1","","91","","0.2","","27","","32","","16.1","","95.07","","","","","","Rain"
"-80.38","43.46","KITCHENER/WATERLOO","6144239","2024-04-12 16:00","2024","04","12","16:00","","5.8","","4.3","","90","","0.2","","28","","34","","16.1","","95.16","","","","","","Rain"
"-80.38","43.46","KITCHENER/WATERLOO","6144239","2024-04-12 17:00","2024","04","12","17:00","","4.9","","3.6","","91","","0.2","","28","","30","","14.5","","95.24","","","","","","Rain"
"-80.38","43.46","KITCHENER/WATERLOO","6144239","2024-04-12 18:00","2024","04","12","18:00","","4.5","","2.9","","89","","0.0","","29","","41","","16.1","","95.34","","","","","","Rain"
"-80.38","43.46","KITCHENER/WATERLOO","6144239","2024-04-12 19:00","2024","04","12","19:00","","4.4","","2.7","","89","","0.2","","30","","39","","16.1","","95.44","","","","","","Rain"
"-80.38","43.46","KITCHENER/WATERLOO","6144239","2024-04-12 20:00","2024","04","12","20:00","","4.0","","2.6","","90","","0.0","","29","","37","","16.1","","95.61","","","","","","Rain"
"-80.38","43.46","KITCHENER/WATERLOO","6144239","2024-04-12 21:00","2024","04","12","21:00","","3.4","","2.1","","91","","0.2","","30","","43","","16.1","","95.77","","","","","","Rain"
"-80.38","43.46","KITCHENER/WATERLOO","6144239","2024-04-12 22:00","2024","04","12","22:00","","3.0","","1.7","","91","","0.2","","29","","50","","14.5","","95.84","","","","","","Rain"
"-80.38","43.46","KITCHENER/WATERLOO","6144239","2024-04-12 23:00","2024","04","12","23:00","","2.7","","1.7","","93","","0.0","","29","","41","","16.1","","95.98","","","","","","Rain"
"-80.38","43.46","KITCHENER/WATERLOO","6144239","2024-04-13 00:00","2024","04","13","00:00","","2.8","","1.8","","93","","0.2","","29","","43","","16.1","","96.09","","","","","","Rain"
"-80.38","43.46","KITCHENER/WATERLOO","6144239","2024-04-13 01:00","2024","04","13","01:00","","2.8","","1.8","","93","","0.2","","29","","45","","16.1","","96.18","","","","","","Rain"
"-80.38","43.46","KITCHENER/WATERLOO","6144239","2024-04-13 02:00","2024","04","13","02:00","","2.5","","1.5","","93","","0.2","","28","","43","","16.1","","96.24","","","","","","Rain"
"-80.38","43.46","KITCHENER/WATERLOO","6144239","2024-04-13 03:00","2024","04","13","03:00","","2.7","","1.5","","92","","0.2","","28","","45","","16.1","","96.33","","","","","","Rain"
"-80.38","43.46","KITCHENER/WATERLOO","6144239","2024-04-13 04:00","2024","04","13","04:00","","2.3","","1.1","","92","","0.0","","29","","41","","16.1","","96.45","","","","","","Rain"
"-80.38","43.46","KITCHENER/WATERLOO","6144239","2024-04-13 05:00","2024","04","13","05:00","","3.0","","0.9","","86","","0.0","","29","","34","","16.1","","96.57","","","","","","Rain"
"-80.38","43.46","KITCHENER/WATERLOO","6144239","2024-04-13 06:00","2024","04","13","06:00","","2.9","","0.8","","86","","0.0","","29","","37","","16.1","","96.69","","","","","","Rain"
"-80.38","43.46","KITCHENER/WATERLOO","6144239","2024-04-13 07:00","2024","04","13","07:00","","3.4","","0.8","","83","","0.0","","30","","43","","16.1","","96.80","","","","","","NA"
"-80.38","43.46","KITCHENER/WATERLOO","6144239","2024-04-13 08:00","2024","04","13","08:00","","3.7","","0.4","","79","","0.0","","30","","43","","16.1","","96.89","","","","","","NA"
"-80.38","43.46","KITCHENER/WATERLOO","6144239","2024-04-13 09:00","2024","04","13","09:00","","4.3","","0.6","","77","","0.0","","30","","39","","16.1","","97.00","","","","","","NA"
"-80.38","43.46","KITCHENER/WATERLOO","6144239","2024-04-13 10:00","2024","04","13","10:00","","4.5","","0.0","","72","","0.0","","30","","39","","16.1","","97.08","","","","","","NA"
"-80.38","43.46","KITCHENER/WATERLOO","6144239","2024-04-13 11:00","2024","04","13","11:00","","4.9","","-0.1","","70","","0.0","","30","","43","","16.1","","97.14","","","","","","NA"
"-80.38","43.46","KITCHENER/WATERLOO","6144239","2024-04-13 12:00","2024","04","13","12:00","","6.5","","0.2","","64","","0.0","","30","","41","","16.1","","97.17","","","","","","NA"
"-80.38","43.46","KITCHENER/WATERLOO","6144239","2024-04-13 13:00","2024","04","13","13:00","","7.8","","0.4","","59","","0.0","","30","","46","","16.1","","97.22","","","","","","NA"
"-80.38","43.46","KITCHENER/WATERLOO","6144239","2024-04-13 14:00","2024","04","13","14:00","","9.1","","0.9","","57","","0.0","","30","","39","","16.1","","97.26","","","","","","NA"
"-80.38","43.46","KITCHENER/WATERLOO","6144239","2024-04-13 15:00","2024","04","13","15:00","","9.7","","0.4","","52","","0.0","","30","","43","","16.1","","97.27","","","","","","Rain"
"-80.38","43.46","KITCHENER/WATERLOO","6144239","2024-04-13 16:00","2024","04","13","16:00","","10.5","","-0.9","","45","","0.0","","29","","45","","16.1","","97.29","","","","","","NA"
"-80.38","43.46","KITCHENER/WATERLOO","6144239","2024-04-13 17:00","2024","04","13","17:00","","10.9","","-0.7","","44","","0.0","","29","","28","","16.1","","97.35","","","","","","NA"
"-80.38","43.46","KITCHENER/WATERLOO","6144239","2024-04-13 18:00","2024","04","13","18:00","","10.3","","-0.8","","46","","0.0","","28","","32","","16.1","","97.38","","","","","","NA"
"-80.38","43.46","KITCHENER/WATERLOO","6144239","2024-04-13 19:00","2024","04","13","19:00","","9.1","","-0.2","","52","","0.0","","26","","22","","16.1","","97.36","","","","","","NA"
"-80.38","43.46","KITCHENER/WATERLOO","6144239","2024-04-13 20:00","2024","04","13","20:00","","7.2","","0.0","","60","","0.0","","26","","13","","16.1","","97.41","","","","","","NA"
"-80.38","43.46","KITCHENER/WATERLOO","6144239","2024-04-13 21:00","2024","04","13","21:00","","6.1","","0.0","","65","","0.0","","24","","9","","16.1","","97.45","","","","","","NA"
"-80.38","43.46","KITCHENER/WATERLOO","6144239","2024-04-13 22:00","2024","04","13","22:00","","5.7","","0.3","","68","","0.0","","24","","11","","16.1","","97.39","","","","","","NA"
"-80.38","43.46","KITCHENER/WATERLOO","6144239","2024-04-13 23:00","2024","04","13","23:00","","6.2","","0.3","","66","","0.0","","23","","11","","16.1","","97.35","","","","","","NA"
"-80.38","43.46","KITCHENER/WATERLOO","6144239","2024-04-14 00:00","2024","04","14","00:00","","7.6","","2.5","","70","","0.2","","27","","15","","16.1","","97.40","","","","","","Moderate Rain"
"-80.38","43.46","KITCHENER/WATERLOO","6144239","2024-04-14 01:00","2024","04","14","01:00","","6.2","","4.0","","86","","1.2","","31","","8","","16.1","","97.34","","","","","","NA"
"-80.38","43.46","KITCHENER/WATERLOO","6144239","2024-04-14 02:00","2024","04","14","02:00","","5.7","","4.1","","89","","0.0","","29","","4","","16.1","","97.30","","","","","","NA"
"-80.38","43.46","KITCHENER/WATERLOO","6144239","2024-04-14 03:00","2024","04","14","03:00","","5.2","","4.8","","97","","0.0","","15","","5","","16.1","","97.20","","","","","","NA"
"-80.38","43.46","KITCHENER/WATERLOO","6144239","2024-04-14 04:00","2024","04","14","04:00","","5.5","","4.8","","95","","0.0","","","","0","","16.1","","97.25","","","","","","NA"
"-80.38","43.46","KITCHENER/WATERLOO","6144239","2024-04-14 05:00","2024","04","14","05:00","","5.4","","5.0","","97","","0.0","","7","","13","","16.1","","97.08","","","","","","Rain"
"-80.38","43.46","KITCHENER/WATERLOO","6144239","2024-04-14 06:00","2024","04","14","06:00","","5.7","","4.8","","94","","1.2","","","M","4","","8.1","","97.15","","","","","","Rain,Fog"
"-80.38","43.46","KITCHENER/WATERLOO","6144239","2024-04-14 07:00","2024","04","14","07:00","","5.6","","5.5","","99","","3.5","","13","","22","","16.1","","96.88","","","","","","Rain"
"-80.38","43.46","KITCHENER/WATERLOO","6144239","2024-04-14 08:00","2024","04","14","08:00","","6.5","","5.1","","91","","0.0","","15","","17","","16.1","","96.73","","","","","","Rain"
"-80.38","43.46","KITCHENER/WATERLOO","6144239","2024-04-14 09:00","2024","04","14","09:00","","7.8","","6.3","","90","","0.0","","17","","21","","16.1","","96.57","","","","","","NA"
"-80.38","43.46","KITCHENER/WATERLOO","6144239","2024-04-14 10:00","2024","04","14","10:00","","11.2","","7.7","","79","","0.0","","20","","13","","16.1","","96.59","","","","","","NA"
"-80.38","43.46","KITCHENER/WATERLOO","6144239","2024-04-14 11:00","2024","04","14","11:00","","14.1","","8.4","","68","","0.0","","22","","13","","16.1","","96.50","","","","","","NA"
"-80.38","43.46","KITCHENER/WATERLOO","6144239","2024-04-14 12:00","2024","04","14","12:00","","16.2","","9.0","","62","","0.0","","27","","17","","16.1","","96.49","","","","","","NA"
"-80.38","43.46","KITCHENER/WATERLOO","6144239","2024-04-14 13:00","2024","04","14","13:00","","17.0","","9.4","","61","","0.0","","29","","26","","16.1","","96.51","","","","","","NA"
"-80.38","43.46","KITCHENER/WATERLOO","6144239","2024-04-14 14:00","2024","04","14","14:00","","18.1","","10.2","","59","","0.0","","29","","22","","16.1","","96.53","","","","","","NA"
"-80.38","43.46","KITCHENER/WATERLOO","6144239","2024-04-14 15:00","2024","04","14","15:00","","19.2","","10.4","","56","","0.0","","28","","24","","16.1","","96.54","","","","","","NA"
"-80.38","43.46","KITCHENER/WATERLOO","6144239","2024-04-14 16:00","2024","04","14","16:00","","19.0","","10.1","","56","","0.0","","28","","26","","16.1","","96.59","","","","","","NA"
"-80.38","43.46","KITCHENER/WATERLOO","6144239","2024-04-14 17:00","2024","04","14","17:00","","18.4","","8.6","","53","","0.0","","30","","21","","16.1","","96.67","","","","","","NA"
"-80.38","43.46","KITCHENER/WATERLOO","6144239","2024-04-14 18:00","2024","04","14","18:00","","17.0","","7.8","","54","","0.0","","30","","21","","16.1","","96.71","","","","","","NA"
"-80.38","43.46","KITCHENER/WATERLOO","6144239","2024-04-14 19:00","2024","04","14","19:00","","15.2","","8.0","","62","","0.0","","30","","15","","16.1","","96.75","","","","","","NA"
"-80.38","43.46","KITCHENER/WATERLOO","6144239","2024-04-14 20:00","2024","04","14","20:00","","13.6","","8.1","","69","","0.0","","33","","22","","16.1","","96.86","","","","","","NA"
"-80.38","43.46","KITCHENER/WATERLOO","6144239","2024-04-14 21:00","2024","04","14","21:00","","11.0","","6.3","","73","","0.0","","32","","15","","16.1","","96.95","","","","","","NA"
"-80.38","43.46","KITCHENER/WATERLOO","6144239","2024-04-14 22:00","2024","04","14","22:00","","9.5","","5.7","","77","","0.0","","29","","13","","16.1","","96.97","","","","","","NA"
"-80.38","43.46","KITCHENER/WATERLOO","6144239","2024-04-14 23:00","2024","04","14","23:00","","8.6","","5.0","","78","","0.0","","33","","15","","16.1","","97.02","","","","","","NA"
"-80.38","43.46","KITCHENER/WATERLOO","6144239","2024-04-15 00:00","2024","04","15","00:00","","6.7","","4.7","","87","","0.0","","35","","8","","16.1","","97.06","","","","","","NA"
"-80.38","43.46","KITCHENER/WATERLOO","6144239","2024-04-15 01:00","2024","04","15","01:00","","4.0","","3.3","","95","","0.0","","28","","8","","16.1","","97.13","","","","","","NA"
"-80.38","43.46","KITCHENER/WATERLOO","6144239","2024-04-15 02:00","2024","04","15","02:00","","3.5","","3.1","","97","","0.0","","28","","4","","16.1","","97.13","","","","","","NA"
"-80.38","43.46","KITCHENER/WATERLOO","6144239","2024-04-15 03:00","2024","04","15","03:00","","4.5","","4.5","","100","","0.0","","34","","8","","16.1","","97.14","","","","","","NA"
"-80.38","43.46","KITCHENER/WATERLOO","6144239","2024-04-15 04:00","2024","04","15","04:00","","4.4","","4.4","","100","","0.0","","29","","9","","16.1","","97.20","","","","","","NA"
"-80.38","43.46","KITCHENER/WATERLOO","6144239","2024-04-15 05:00","2024","04","15","05:00","","4.2","","4.1","","99","","0.0","","29","","9","","16.1","","97.30","","","","","","NA"
"-80.38","43.46","KITCHENER/WATERLOO","6144239","2024-04-15 06:00","2024","04","15","06:00","","4.4","","4.3","","99","","0.0","","30","","8","","16.1","","97.39","","","","","","NA"
"-80.38","43.46","KITCHENER/WATERLOO","6144239","2024-04-15 07:00","2024","04","15","07:00","","5.8","","5.1","","95","","0.0","","24","","5","","16.1","","97.50","","","","","","NA"
"-80.38","43.46","KITCHENER/WATERLOO","6144239","2024-04-15 08:00","2024","04","15","08:00","","5.6","","4.1","","90","","0.0","","31","","17","","16.1","","97.56","","","","","","NA"
"-80.38","43.46","KITCHENER/WATERLOO","6144239","2024-04-15 09:00","2024","04","15","09:00","","7.7","","4.6","","81","","0.0","","31","","13","","16.1","","97.59","","","","","","Rain"
"-80.38","43.46","KITCHENER/WATERLOO","6144239","2024-04-15 10:00","2024","04","15","10:00","","9.6","","4.9","","72","","0.0","","31","","15","","16.1","","97.63","","","","","","NA"
"-80.38","43.46","KITCHENER/WATERLOO","6144239","2024-04-15 11:00","2024","04","15","11:00","","11.7","","4.7","","62","","0.0","","29","","18","","16.1","","97.63","","","","","","NA"
"-80.38","43.46","KITCHENER/WATERLOO","6144239","2024-04-15 12:00","2024","04","15","12:00","","13.7","","2.7","","47","","0.0","","29","","24","","16.1","","97.60","","","","","","NA"
"-80.38","43.46","KITCHENER/WATERLOO","6144239","2024-04-15 13:00","2024","04","15","13:00","","14.0","","1.5","","42","","0.0","","29","","24","","16.1","","97.61","","","","","","NA"
"-80.38","43.46","KITCHENER/WATERLOO","6144239","2024-04-15 14:00","2024","04","15","14:00","","14.2","","0.8","","40","","0.0","","29","","28","","16.1","","97.65","","","","","","NA"
"-80.38","43.46","KITCHENER/WATERLOO","6144239","2024-04-15 15:00","2024","04","15","15:00","","14.9","","0.6","","38","","0.0","","30","","30","","16.1","","97.68","","","","","","NA"
"-80.38","43.46","KITCHENER/WATERLOO","6144239","2024-04-15 16:00","2024","04","15","16:00","","14.2","","0.9","","40","","0.0","","31","","22","","16.1","","97.74","","","","","","NA"
"-80.38","43.46","KITCHENER/WATERLOO","6144239","2024-04-15 17:00","2024","04","15","17:00","","13.9","","0.2","","39","","0.0","","33","","26","","16.1","","97.77","","","","","","NA"
"-80.38","43.46","KITCHENER/WATERLOO","6144239","2024-04-15 18:00","2024","04","15","18:00","","13.1","","-0.1","","40","","0.0","","32","","21","","16.1","","97.80","","","","","","NA"
"-80.38","43.46","KITCHENER/WATERLOO","6144239","2024-04-15 19:00","2024","04","15","19:00","","11.3","","0.4","","47","","0.0","","1","","8","","16.1","","97.81","","","","","","NA"
"-80.38","43.46","KITCHENER/WATERLOO","6144239","2024-04-15 20:00","2024","04","15","20:00","","9.8","","1.6","","57","","0.0","","35","","5","","16.1","","97.91","","","","","","NA"
"-80.38","43.46","KITCHENER/WATERLOO","6144239","2024-04-15 21:00","2024","04","15","21:00","","9.5","","1.4","","57","","0.0","","32","","8","","16.1","","97.99","","","","","","NA"
"-80.38","43.46","KITCHENER/WATERLOO","6144239","2024-04-15 22:00","2024","04","15","22:00","","9.7","","1.9","","58","","0.0","","28","","5","","16.1","","98.03","","","","","","NA"
"-80.38","43.46","KITCHENER/WATERLOO","6144239","2024-04-15 23:00","2024","04","15","23:00","","9.6","","1.7","","58","","0.0","","27","","5","","16.1","","98.06","","","","","","NA"
"-80.38","43.46","KITCHENER/WATERLOO","6144239","2024-04-16 00:00","2024","04","16","00:00","","8.7","","1.5","","61","","0.0","","32","","8","","16.1","","98.09","","","","","","NA"
"-80.38","43.46","KITCHENER/WATERLOO","6144239","2024-04-16 01:00","2024","04","16","01:00","","7.8","","1.4","","64","","0.0","","33","","11","","16.1","","98.13","","","","","","NA"
"-80.38","43.46","KITCHENER/WATERLOO","6144239","2024-04-16 02:00","2024","04","16","02:00","","7.1","","1.2","","66","","0.0","","29","","8","","16.1","","98.14","","","","","","NA"
"-80.38","43.46","KITCHENER/WATERLOO","6144239","2024-04-16 03:00","2024","04","16","03:00","","5.8","","0.6","","69","","0.0","","32","","9","","16.1","","98.18","","","","","","NA"
"-80.38","43.46","KITCHENER/WATERLOO","6144239","2024-04-16 04:00","2024","04","16","04:00","","4.5","","-0.3","","71","","0.0","","31","","8","","16.1","","98.21","","","","","","NA"
"-80.38","43.46","KITCHENER/WATERLOO","6144239","2024-04-16 05:00","2024","04","16","05:00","","4.4","","-0.4","","71","","0.0","","","","0","","16.1","","98.26","","","","","","NA"
"-80.38","43.46","KITCHENER/WATERLOO","6144239","2024-04-16 06:00","2024","04","16","06:00","","3.3","","-0.5","","76","","0.0","","32","","4","","16.1","","98.33","","","","","","NA"
"-80.38","43.46","KITCHENER/WATERLOO","6144239","2024-04-16 07:00","2024","04","16","07:00","","5.8","","0.5","","69","","0.0","","31","","8","","16.1","","98.38","","","","","","NA"
"-80.38","43.46","KITCHENER/WATERLOO","6144239","2024-04-16 08:00","2024","04","16","08:00","","7.8","","0.8","","61","","0.0","","1","","8","","16.1","","98.39","","","","","","NA"
"-80.38","43.46","KITCHENER/WATERLOO","6144239","2024-04-16 09:00","2024","04","16","09:00","","10.2","","1.4","","54","","0.0","","","M","4","","16.1","","98.42","","","","","","NA"
"-80.38","43.46","KITCHENER/WATERLOO","6144239","2024-04-16 10:00","2024","04","16","10:00","","13.3","","0.9","","43","","0.0","","","","0","","12.9","","98.46","","","","","","NA"
"-80.38","43.46","KITCHENER/WATERLOO","6144239","2024-04-16 11:00","2024","04","16","11:00","","14.7","","1.3","","40","","0.0","","26","","15","","16.1","","98.44","","","","","","NA"
"-80.38","43.46","KITCHENER/WATERLOO","6144239","2024-04-16 12:00","2024","04","16","12:00","","16.3","","1.0","","35","","0.0","","27","","11","","16.1","","98.38","","","","","","NA"
"-80.38","43.46","KITCHENER/WATERLOO","6144239","2024-04-16 13:00","2024","04","16","13:00","","16.5","","-0.7","","31","","0.0","","34","","17","","16.1","","98.40","","","","","","NA"
"-80.38","43.46","KITCHENER/WATERLOO","6144239","2024-04-16 14:00","2024","04","16","14:00","","16.9","","-1.4","","29","","0.0","","36","","15","","16.1","","98.34","","","","","","NA"
"-80.38","43.46","KITCHENER/WATERLOO","6144239","2024-04-16 15:00","2024","04","16","15:00","","16.8","","-4.6","","23","","0.0","","7","","5","","16.1","","98.28","","","","","","NA"
"-80.38","43.46","KITCHENER/WATERLOO","6144239","2024-04-16 16:00","2024","04","16","16:00","","17.4","","-4.5","","22","","0.0","","36","","8","","16.1","","98.25","","","","","","NA"
"-80.38","43.46","KITCHENER/WATERLOO","6144239","2024-04-16 17:00","2024","04","16","17:00","","17.4","","-2.3","","26","","0.0","","6","","11","","16.1","","98.19","","","","","","NA"
"-80.38","43.46","KITCHENER/WATERLOO","6144239","2024-04-16 18:00","2024","04","16","18:00","","15.6","","1.4","","38","","0.0","","10","","18","","16.1","","98.17","","","","","","NA"
"-80.38","43.46","KITCHENER/WATERLOO","6144239","2024-04-16 19:00","2024","04","16","19:00","","12.4","","1.1","","46","","0.0","","5","","17","","16.1","","98.18","","","","","","NA"
"-80.38","43.46","KITCHENER/WATERLOO","6144239","2024-04-16 20:00","2024","04","16","20:00","","8.9","","-1.6","","48","","0.0","","7","","18","","16.1","","98.25","","","","","","NA"
"-80.38","43.46","KITCHENER/WATERLOO","6144239","2024-04-16 21:00","2024","04","16","21:00","","7.2","","-2.0","","52","","0.0","","7","","15","","16.1","","98.25","","","","","","NA"
"-80.38","43.46","KITCHENER/WATERLOO","6144239","2024-04-16 22:00","2024","04","16","22:00","","6.3","","-2.6","","53","","0.0","","7","","13","","16.1","","98.23","","","","","","NA"
"-80.38","43.46","KITCHENER/WATERLOO","6144239","2024-04-16 23:00","2024","04","16","23:00","","7.2","","-2.4","","50","","0.0","","7","","15","","16.1","","98.17","","","","","","NA"
"-80.38","43.46","KITCHENER/WATERLOO","6144239","2024-04-17 00:00","2024","04","17","00:00","","6.7","","-1.8","","55","","0.0","","6","","13","","16.1","","98.10","","","","","","NA"
"-80.38","43.46","KITCHENER/WATERLOO","6144239","2024-04-17 01:00","2024","04","17","01:00","","6.7","","-0.9","","58","","0.0","","7","","11","","16.1","","98.05","","","","","","NA"
"-80.38","43.46","KITCHENER/WATERLOO","6144239","2024-04-17 02:00","2024","04","17","02:00","","7.8","","-1.5","","52","","0.0","","8","","22","","16.1","","97.88","","","","","","NA"
"-80.38","43.46","KITCHENER/WATERLOO","6144239","2024-04-17 03:00","2024","04","17","03:00","","7.9","","-0.1","","57","","0.0","","8","","15","","16.1","","97.92","","","","","","Rain"
"-80.38","43.46","KITCHENER/WATERLOO","6144239","2024-04-17 04:00","2024","04","17","04:00","","7.9","","0.4","","59","","0.2","","34","","13","","16.1","","98.10","","","","","","Moderate Rain"
"-80.38","43.46","KITCHENER/WATERLOO","6144239","2024-04-17 05:00","2024","04","17","05:00","","6.1","","2.6","","78","","0.8","","7","","41","","16.1","","97.79","","","","","","Rain"
"-80.38","43.46","KITCHENER/WATERLOO","6144239","2024-04-17 06:00","2024","04","17","06:00","","6.0","","2.3","","77","","0.2","","8","","39","","16.1","","97.73","","","","","","Rain"
"-80.38","43.46","KITCHENER/WATERLOO","6144239","2024-04-17 07:00","2024","04","17","07:00","","4.9","","2.7","","85","","1.8","","9","","32","","11.3","","97.87","","","","","","Rain"
"-80.38","43.46","KITCHENER/WATERLOO","6144239","2024-04-17 08:00","2024","04","17","08:00","","4.2","","2.6","","89","","1.0","","9","","35","","16.1","","97.76","","","","","","NA"
"-80.38","43.46","KITCHENER/WATERLOO","6144239","2024-04-17 09:00","2024","04","17","09:00","","4.5","","2.7","","88","","0.0","","9","","30","","16.1","","97.70","","","","","","NA"
"-80.38","43.46","KITCHENER/WATERLOO","6144239","2024-04-17 10:00","2024","04","17","10:00","","4.2","","3.2","","93","","0.5","","9","","30","","16.1","","97.65","","","","","","Rain"
"-80.38","43.46","KITCHENER/WATERLOO","6144239","2024-04-17 11:00","2024","04","17","11:00","","4.3","","3.8","","97","","1.0","","10","","26","","16.1","","97.63","","","","","","Rain"
"-80.38","43.46","KITCHENER/WATERLOO","6144239","2024-04-17 12:00","2024","04","17","12:00","","5.4","","4.8","","96","","0.0","","8","","34","","16.1","","97.41","","","","","","NA"
"-80.38","43.46","KITCHENER/WATERLOO","6144239","2024-04-17 13:00","2024","04","17","13:00","","5.7","","5.1","","96","","0.0","","9","","28","","16.1","","97.32","","","","","","NA"
"-80.38","43.46","KITCHENER/WATERLOO","6144239","2024-04-17 14:00","2024","04","17","14:00","","5.1","","4.8","","98","","0.0","","8","","30","","16.1","","97.27","","","","","","NA"
"-80.38","43.46","KITCHENER/WATERLOO","6144239","2024-04-17 15:00","2024","04","17","15:00","","5.5","","5.2","","98","","0.2","","8","","28","","16.1","","97.19","","","","","","NA"
"-80.38","43.46","KITCHENER/WATERLOO","6144239","2024-04-17 16:00","2024","04","17","16:00","","5.5","","5.2","","98","","0.0","","8","","30","","16.1","","97.17","","","","","","NA"
"-80.38","43.46","KITCHENER/WATERLOO","6144239","2024-04-17 17:00","2024","04","17","17:00","","5.7","","5.7","","100","","0.0","","8","","28","","16.1","","97.11","","","","","","NA"
"-80.38","43.46","KITCHENER/WATERLOO","6144239","2024-04-17 18:00","2024","04","17","18:00","","5.8","","5.7","","99","","0.0","","8","","26","","16.1","","97.06","","","","","","NA"
"-80.38","43.46","KITCHENER/WATERLOO","6144239","2024-04-17 19:00","2024","04","17","19:00","","6.0","","6.0","","100","","0.2","","8","","32","","4.8","","96.98","","","","","","Rain,Fog"
"-80.38","43.46","KITCHENER/WATERLOO","6144239","2024-04-17 20:00","2024","04","17","20:00","","6.2","","6.2","","100","","6.0","","9","","18","","2.8","","97.13","","","","","","Thunderstorms,Moderate Rain,Fog"
"-80.38","43.46","KITCHENER/WATERLOO","6144239","2024-04-17 21:00","2024","04","17","21:00","","6.4","","6.3","","99","","3.8","","7","","21","","11.3","","97.07","","","","","","Rain"
"-80.38","43.46","KITCHENER/WATERLOO","6144239","2024-04-17 22:00","2024","04","17","22:00","","6.4","","6.4","","100","","0.8","","9","","5","","2.8","","97.19","","","","","","Rain,Fog"
"-80.38","43.46","KITCHENER/WATERLOO","6144239","2024-04-17 23:00","2024","04","17","23:00","","6.3","","6.3","","100","","0.5","","8","","8","","16.1","","97.18","","","","","","NA"
"-80.38","43.46","KITCHENER/WATERLOO","6144239","2024-04-18 00:00","2024","04","18","00:00","","6.3","","6.3","","100","","0.2","","","M","4","","12.9","","97.19","","","","","","NA"
"-80.38","43.46","KITCHENER/WATERLOO","6144239","2024-04-18 01:00","2024","04","18","01:00","","6.3","","6.2","","99","","0.0","","","","0","","16.1","","97.20","","","","","","NA"
"-80.38","43.46","KITCHENER/WATERLOO","6144239","2024-04-18 02:00","2024","04","18","02:00","","6.4","","6.4","","100","","0.2","","20","","5","","14.5","","97.22","","","","","","NA"
"-80.38","43.46","KITCHENER/WATERLOO","6144239","2024-04-18 03:00","2024","04","18","03:00","","6.5","","6.5","","100","","0.0","","19","","5","","2.8","","97.27","","","","","","Fog"
"-80.38","43.46","KITCHENER/WATERLOO","6144239","2024-04-18 04:00","2024","04","18","04:00","","7.0","","7.0","","100","","0.0","","","M","4","","3.6","","97.29","","","","","","Fog"
"-80.38","43.46","KITCHENER/WATERLOO","6144239","2024-04-18 05:00","2024","04","18","05:00","","7.4","","7.4","","100","","0.0","","","M","4","","3.6","","97.33","","","","","","Fog"
"-80.38","43.46","KITCHENER/WATERLOO","6144239","2024-04-18 06:00","2024","04","18","06:00","","9.5","","9.3","","98","","0.0","","26","","18","","14.5","","97.37","","","","","","NA"
"-80.38","43.46","KITCHENER/WATERLOO","6144239","2024-04-18 07:00","2024","04","18","07:00","","9.5","","8.3","","92","","0.0","","28","","22","","16.1","","97.49","","","","","","NA"
"-80.38","43.46","KITCHENER/WATERLOO","6144239","2024-04-18 08:00","2024","04","18","08:00","","9.3","","7.9","","91","","0.0","","28","","21","","16.1","","97.63","","","","","","NA"
"-80.38","43.46","KITCHENER/WATERLOO","6144239","2024-04-18 09:00","2024","04","18","09:00","","9.6","","7.5","","87","","0.0","","27","","26","","16.1","","97.64","","","","","","NA"
"-80.38","43.46","KITCHENER/WATERLOO","6144239","2024-04-18 10:00","2024","04","18","10:00","","10.0","","6.8","","81","","0.0","","28","","32","","16.1","","97.82","","","","","","NA"
"-80.38","43.46","KITCHENER/WATERLOO","6144239","2024-04-18 11:00","2024","04","18","11:00","","9.3","","6.2","","81","","0.0","","29","","26","","16.1","","97.81","","","","","","NA"
"-80.38","43.46","KITCHENER/WATERLOO","6144239","2024-04-18 12:00","2024","04","18","12:00","","9.9","","6.5","","79","","0.0","","27","","17","","16.1","","97.85","","","","","","NA"
"-80.38","43.46","KITCHENER/WATERLOO","6144239","2024-04-18 13:00","2024","04","18","13:00","","9.1","","6.7","","85","","0.0","","29","","21","","16.1","","97.88","","","","","","NA"
"-80.38","43.46","KITCHENER/WATERLOO","6144239","2024-04-18 14:00","2024","04","18","14:00","","9.3","","6.0","","80","","0.0","","27","","18","","16.1","","97.91","","","","","","NA"
"-80.38","43.46","KITCHENER/WATERLOO","6144239","2024-04-18 15:00","2024","04","18","15:00","","9.5","","6.0","","79","","0.0","","27","","18","","16.1","","97.93","","","","","","NA"
"-80.38","43.46","KITCHENER/WATERLOO","6144239","2024-04-18 16:00","2024","04","18","16:00","","10.3","","6.0","","75","","0.0","","27","","17","","16.1","","97.91","","","","","","NA"
"-80.38","43.46","KITCHENER/WATERLOO","6144239","2024-04-18 17:00","2024","04","18","17:00","","10.4","","5.9","","73","","0.0","","27","","15","","16.1","","97.94","","","","","","NA"
"-80.38","43.46","KITCHENER/WATERLOO","6144239","2024-04-18 18:00","2024","04","18","18:00","","10.4","","6.0","","74","","0.0","","25","","11","","16.1","","97.91","","","","","","NA"
"-80.38","43.46","KITCHENER/WATERLOO","6144239","2024-04-18 19:00","2024","04","18","19:00","","8.9","","5.9","","81","","0.0","","15","","5","","16.1","","97.83","","","","","","NA"
"-80.38","43.46","KITCHENER/WATERLOO","6144239","2024-04-18 20:00","2024","04","18","20:00","","8.1","","6.4","","89","","0.0","","","M","4","","16.1","","97.91","","","","","","NA"
"-80.38","43.46","KITCHENER/WATERLOO","6144239","2024-04-18 21:00","2024","04","18","21:00","","7.8","","6.7","","93","","0.0","","12","","5","","16.1","","97.91","","","","","","NA"
"-80.38","43.46","KITCHENER/WATERLOO","6144239","2024-04-18 22:00","2024","04","18","22:00","","7.9","","7.3","","96","","0.0","","","","0","","16.1","","97.89","","","","","","Rain"
"-80.38","43.46","KITCHENER/WATERLOO","6144239","2024-04-18 23:00","2024","04","18","23:00","","8.0","","7.1","","94","","0.0","","7","","8","","16.1","","97.81","","","","","","NA"
"-80.38","43.46","KITCHENER/WATERLOO","6144239","2024-04-19 00:00","2024","04","19","00:00","","7.6","","7.3","","98","","0.0","","10","","5","","16.1","","97.75","","","","","","Rain"
"-80.38","43.46","KITCHENER/WATERLOO","6144239","2024-04-19 01:00","2024","04","19","01:00","","6.8","","6.4","","97","","0.0","","9","","8","","16.1","","97.69","","","","","","NA"
"-80.38","43.46","KITCHENER/WATERLOO","6144239","2024-04-19 02:00","2024","04","19","02:00","","5.6","","5.5","","99","","0.0","","9","","11","","16.1","","97.57","","","","","","NA"
"-80.38","43.46","KITCHENER/WATERLOO","6144239","2024-04-19 03:00","2024","04","19","03:00","","6.4","","6.1","","98","","0.0","","9","","9","","16.1","","97.56","","","","","","NA"
"-80.38","43.46","KITCHENER/WATERLOO","6144239","2024-04-19 04:00","2024","04","19","04:00","","7.0","","6.6","","97","","0.0","","9","","11","","16.1","","97.42","","","","","","NA"
"-80.38","43.46","KITCHENER/WATERLOO","6144239","2024-04-19 05:00","2024","04","19","05:00","","7.6","","6.8","","95","","0.0","","9","","11","","16.1","","97.36","","","","","","NA"
"-80.38","43.46","KITCHENER/WATERLOO","6144239","2024-04-19 06:00","2024","04","19","06:00","","7.4","","6.4","","93","","0.0","","9","","9","","16.1","","97.41","","","","","","Rain"
"-80.38","43.46","KITCHENER/WATERLOO","6144239","2024-04-19 07:00","2024","04","19","07:00","","7.3","","6.7","","96","","1.0","","5","","13","","8.1","","97.31","","","","","","Rain,Fog"
"-80.38","43.46","KITCHENER/WATERLOO","6144239","2024-04-19 08:00","2024","04","19","08:00","","7.9","","7.5","","97","","1.2","","10","","11","","6.4","","97.17","","","","","","Rain,Fog"
"-80.38","43.46","KITCHENER/WATERLOO","6144239","2024-04-19 09:00","2024","04","19","09:00","","8.7","","8.3","","97","","0.8","","","M","8","","6.4","","97.13","","","","","","Rain,Fog"
"-80.38","43.46","KITCHENER/WATERLOO","6144239","2024-04-19 10:00","2024","04","19","10:00","","8.6","","8.6","","100","","1.0","","24","","13","","4.0","","97.20","","","","","","Rain,Fog"
"-80.38","43.46","KITCHENER/WATERLOO","6144239","2024-04-19 11:00","2024","04","19","11:00","","9.7","","9.3","","97","","0.2","","29","","22","","8.1","","97.24","","","","","","Fog"
"-80.38","43.46","KITCHENER/WATERLOO","6144239","2024-04-19 12:00","2024","04","19","12:00","","11.0","","8.8","","86","","0.0","","29","","32","","16.1","","97.20","","","","","","NA"
"-80.38","43.46","KITCHENER/WATERLOO","6144239","2024-04-19 13:00","2024","04","19","13:00","","10.3","","7.3","","82","","0.0","","29","","35","","16.1","","97.28","","","","","","NA"
"-80.38","43.46","KITCHENER/WATERLOO","6144239","2024-04-19 14:00","2024","04","19","14:00","","12.4","","4.9","","60","","0.0","","29","","32","","16.1","","97.32","","","","","","NA"
"-80.38","43.46","KITCHENER/WATERLOO","6144239","2024-04-19 15:00","2024","04","19","15:00","","13.0","","2.9","","50","","0.0","","25","","41","","16.1","","97.35","","","","","","NA"
"-80.38","43.46","KITCHENER/WATERLOO","6144239","2024-04-19 16:00","2024","04","19","16:00","","12.6","","3.4","","53","","0.0","","26","","30","","16.1","","97.42","","","","","","NA"
"-80.38","43.46","KITCHENER/WATERLOO","6144239","2024-04-19 17:00","2024","04","19","17:00","","11.7","","0.6","","46","","0.0","","26","","30","","16.1","","97.45","","","","","","NA"
"-80.38","43.46","KITCHENER/WATERLOO","6144239","2024-04-19 18:00","2024","04","19","18:00","","11.0","","-0.6","","45","","0.0","","26","","30","","16.1","","97.48","","","","","","NA"
"-80.38","43.46","KITCHENER/WATERLOO","6144239","2024-04-19 19:00","2024","04","19","19:00","","9.4","","-0.4","","50","","0.0","","29","","18","","16.1","","97.51","","","","","","NA"
"-80.38","43.46","KITCHENER/WATERLOO","6144239","2024-04-19 20:00","2024","04","19","20:00","","7.6","","-0.6","","56","","0.0","","30","","15","","16.1","","97.61","","","","","","NA"
"-80.38","43.46","KITCHENER/WATERLOO","6144239","2024-04-19 21:00","2024","04","19","21:00","","6.8","","-1.9","","54","","0.0","","28","","17","","16.1","","97.67","","","","","","NA"
"-80.38","43.46","KITCHENER/WATERLOO","6144239","2024-04-19 22:00","2024","04","19","22:00","","6.2","","-1.7","","57","","0.0","","29","","21","","16.1","","97.69","","","","","","NA"
"-80.38","43.46","KITCHENER/WATERLOO","6144239","2024-04-19 23:00","2024","04","19","23:00","","4.7","","-2.0","","62","","0.0","","29","","13","","16.1","","97.71","","","","","","NA"
"-80.38","43.46","KITCHENER/WATERLOO","6144239","2024-04-20 00:00","2024","04","20","00:00","","4.5","","-1.9","","63","","0.0","","21","","4","","16.1","","97.70","","","","","","NA"
"-80.38","43.46","KITCHENER/WATERLOO","6144239","2024-04-20 01:00","2024","04","20","01:00","","3.3","","-1.7","","70","","0.0","","19","","13","","16.1","","97.65","","","","","","NA"
"-80.38","43.46","KITCHENER/WATERLOO","6144239","2024-04-20 02:00","2024","04","20","02:00","","3.3","","-1.3","","72","","0.0","","19","","13","","16.1","","97.58","","","","","","NA"
"-80.38","43.46","KITCHENER/WATERLOO","6144239","2024-04-20 03:00","2024","04","20","03:00","","3.5","","-1.4","","70","","0.0","","19","","15","","16.1","","97.55","","","","","","NA"
"-80.38","43.46","KITCHENER/WATERLOO","6144239","2024-04-20 04:00","2024","04","20","04:00","","3.7","","-1.3","","70","","0.0","","22","","13","","16.1","","97.51","","","","","","NA"
"-80.38","43.46","KITCHENER/WATERLOO","6144239","2024-04-20 05:00","2024","04","20","05:00","","4.7","","-2.0","","62","","0.0","","25","","18","","16.1","","97.50","","","","","","NA"
"-80.38","43.46","KITCHENER/WATERLOO","6144239","2024-04-20 06:00","2024","04","20","06:00","","2.7","","-0.8","","78","","0.0","","31","","26","","16.1","","97.61","","","","","","NA"
"-80.38","43.46","KITCHENER/WATERLOO","6144239","2024-04-20 07:00","2024","04","20","07:00","","2.4","","-2.4","","71","","0.0","","30","","18","","16.1","","97.63","","","","","","NA"
"-80.38","43.46","KITCHENER/WATERLOO","6144239","2024-04-20 08:00","2024","04","20","08:00","","3.4","","-1.8","","69","","0.0","","26","","24","","16.1","","97.64","","","","","","NA"
"-80.38","43.46","KITCHENER/WATERLOO","6144239","2024-04-20 09:00","2024","04","20","09:00","","3.5","","-5.0","","54","","0.0","","28","","34","","16.1","","97.67","","","","","","NA"
"-80.38","43.46","KITCHENER/WATERLOO","6144239","2024-04-20 10:00","2024","04","20","10:00","","3.5","","-3.3","","61","","0.0","","28","","37","","16.1","","97.74","","","","","","Rain"
"-80.38","43.46","KITCHENER/WATERLOO","6144239","2024-04-20 11:00","2024","04","20","11:00","","3.1","","-1.4","","72","","0.0","","26","","28","","16.1","","97.82","","","","","","NA"
"-80.38","43.46","KITCHENER/WATERLOO","6144239","2024-04-20 12:00","2024","04","20","12:00","","4.0","","0.2","","76","","0.0","","26","","22","","16.1","","97.82","","","","","","Rain"
"-80.38","43.46","KITCHENER/WATERLOO","6144239","2024-04-20 13:00","2024","04","20","13:00","","3.8","","-3.0","","61","","0.0","","26","","35","","16.1","","97.86","","","","","","Rain"
"-80.38","43.46","KITCHENER/WATERLOO","6144239","2024-04-20 14:00","2024","04","20","14:00","","4.9","","-3.5","","55","","0.0","","27","","35","","16.1","","97.90","","","","","","NA"
"-80.38","43.46","KITCHENER/WATERLOO","6144239","2024-04-20 15:00","2024","04","20","15:00","","4.0","","-3.3","","59","","0.0","","27","","34","","16.1","","97.93","","","","","","NA"
"-80.38","43.46","KITCHENER/WATERLOO","6144239","2024-04-20 16:00","2024","04","20","16:00","","4.3","","-3.4","","57","","0.0","","27","","26","","16.1","","97.95","","","","","","NA"
"-80.38","43.46","KITCHENER/WATERLOO","6144239","2024-04-20 17:00","2024","04","20","17:00","","4.6","","-3.3","","56","","0.0","","26","","24","","16.1","","97.97","","","","","","NA"
"-80.38","43.46","KITCHENER/WATERLOO","6144239","2024-04-20 18:00","2024","04","20","18:00","","4.0","","-3.7","","57","","0.0","","27","","26","","16.1","","98.01","","","","","","NA"
"-80.38","43.46","KITCHENER/WATERLOO","6144239","2024-04-20 19:00","2024","04","20","19:00","","3.6","","-3.7","","59","","0.0","","26","","22","","16.1","","97.99","","","","","","NA"
"-80.38","43.46","KITCHENER/WATERLOO","6144239","2024-04-20 20:00","2024","04","20","20:00","","3.6","","-3.6","","59","","0.0","","25","","18","","16.1","","98.00","","","","","","NA"
"-80.38","43.46","KITCHENER/WATERLOO","6144239","2024-04-20 21:00","2024","04","20","21:00","","3.3","","-3.1","","63","","0.0","","25","","13","","16.1","","98.00","","","","","","NA"
"-80.38","43.46","KITCHENER/WATERLOO","6144239","2024-04-20 22:00","2024","04","20","22:00","","3.1","","-3.0","","65","","0.0","","24","","11","","16.1","","97.98","","","","","","NA"
"-80.38","43.46","KITCHENER/WATERLOO","6144239","2024-04-20 23:00","2024","04","20","23:00","","3.0","","-2.7","","66","","0.0","","24","","11","","16.1","","97.90","","","","","","NA"
"-80.38","43.46","KITCHENER/WATERLOO","6144239","2024-04-21 00:00","2024","04","21","00:00","","3.1","","-2.5","","67","","0.0","","23","","11","","16.1","","97.89","","","","","","NA"
"-80.38","43.46","KITCHENER/WATERLOO","6144239","2024-04-21 01:00","2024","04","21","01:00","","3.0","","-2.3","","68","","0.0","","24","","13","","16.1","","97.82","","","","","","NA"
"-80.38","43.46","KITCHENER/WATERLOO","6144239","2024-04-21 02:00","2024","04","21","02:00","","3.2","","-2.2","","68","","0.0","","27","","15","","16.1","","97.78","","","","","","NA"
"-80.38","43.46","KITCHENER/WATERLOO","6144239","2024-04-21 03:00","2024","04","21","03:00","","2.8","","-2.1","","70","","0.0","","29","","11","","16.1","","97.80","","","","","","NA"
"-80.38","43.46","KITCHENER/WATERLOO","6144239","2024-04-21 04:00","2024","04","21","04:00","","2.5","","-2.2","","71","","0.0","","29","","11","","16.1","","97.84","","","","","","NA"
"-80.38","43.46","KITCHENER/WATERLOO","6144239","2024-04-21 05:00","2024","04","21","05:00","","2.3","","-2.7","","70","","0.0","","29","","17","","16.1","","97.83","","","","","","NA"
"-80.38","43.46","KITCHENER/WATERLOO","6144239","2024-04-21 06:00","2024","04","21","06:00","","2.1","","-2.6","","71","","0.0","","27","","13","","16.1","","97.85","","","","","","NA"
"-80.38","43.46","KITCHENER/WATERLOO","6144239","2024-04-21 07:00","2024","04","21","07:00","","2.4","","-3.2","","66","","0.0","","29","","21","","16.1","","97.87","","","","","","NA"
"-80.38","43.46","KITCHENER/WATERLOO","6144239","2024-04-21 08:00","2024","04","21","08:00","","3.2","","-3.4","","62","","0.0","","26","","22","","16.1","","97.85","","","","","","NA"
"-80.38","43.46","KITCHENER/WATERLOO","6144239","2024-04-21 09:00","2024","04","21","09:00","","3.3","","-5.9","","51","","0.0","","27","","26","","16.1","","97.85","","","","","","NA"
"-80.38","43.46","KITCHENER/WATERLOO","6144239","2024-04-21 10:00","2024","04","21","10:00","","4.7","","-4.8","","50","","0.0","","28","","18","","16.1","","97.86","","","","","","NA"
"-80.38","43.46","KITCHENER/WATERLOO","6144239","2024-04-21 11:00","2024","04","21","11:00","","5.5","","-4.9","","47","","0.0","","28","","35","","16.1","","97.83","","","","","","NA"
"-80.38","43.46","KITCHENER/WATERLOO","6144239","2024-04-21 12:00","2024","04","21","12:00","","6.2","","-4.6","","46","","0.0","","27","","22","","16.1","","97.77","","","","","","NA"
"-80.38","43.46","KITCHENER/WATERLOO","6144239","2024-04-21 13:00","2024","04","21","13:00","","7.0","","-2.8","","50","","0.0","","29","","28","","16.1","","97.76","","","","","","NA"
"-80.38","43.46","KITCHENER/WATERLOO","6144239","2024-04-21 14:00","2024","04","21","14:00","","7.9","","-4.1","","42","","0.0","","25","","30","","16.1","","97.74","","","","","","NA"
"-80.38","43.46","KITCHENER/WATERLOO","6144239","2024-04-21 15:00","2024","04","21","15:00","","7.5","","-4.3","","43","","0.0","","29","","32","","16.1","","97.70","","","","","","NA"
"-80.38","43.46","KITCHENER/WATERLOO","6144239","2024-04-21 16:00","2024","04","21","16:00","","7.0","","-3.9","","46","","0.0","","29","","34","","16.1","","97.67","","","","","","NA"
"-80.38","43.46","KITCHENER/WATERLOO","6144239","2024-04-21 17:00","2024","04","21","17:00","","7.8","","-3.7","","44","","0.0","","29","","26","","16.1","","97.69","","","","","","NA"
"-80.38","43.46","KITCHENER/WATERLOO","6144239","2024-04-21 18:00","2024","04","21","18:00","","8.1","","-3.5","","44","","0.0","","30","","21","","16.1","","97.69","","","","","","NA"
"-80.38","43.46","KITCHENER/WATERLOO","6144239","2024-04-21 19:00","2024","04","21","19:00","","6.7","","-3.2","","49","","0.0","","27","","17","","16.1","","97.70","","","","","","NA"
"-80.38","43.46","KITCHENER/WATERLOO","6144239","2024-04-21 20:00","2024","04","21","20:00","","5.2","","-3.1","","55","","0.0","","24","","11","","16.1","","97.74","","","","","","NA"
"-80.38","43.46","KITCHENER/WATERLOO","6144239","2024-04-21 21:00","2024","04","21","21:00","","3.7","","-3.1","","61","","0.0","","25","","8","","16.1","","97.79","","","","","","NA"
"-80.38","43.46","KITCHENER/WATERLOO","6144239","2024-04-21 22:00","2024","04","21","22:00","","1.8","","-2.5","","73","","0.0","","31","","8","","16.1","","97.83","","","","","","NA"
"-80.38","43.46","KITCHENER/WATERLOO","6144239","2024-04-21 23:00","2024","04","21","23:00","","2.9","","-2.5","","68","","0.0","","30","","9","","16.1","","97.84","","","","","","NA"
"-80.38","43.46","KITCHENER/WATERLOO","6144239","2024-04-22 00:00","2024","04","22","00:00","","2.8","","-3.7","","62","","0.0","","31","","15","","16.1","","97.88","","","","","","NA"
"-80.38","43.46","KITCHENER/WATERLOO","6144239","2024-04-22 01:00","2024","04","22","01:00","","1.4","","-5.7","","59","","0.0","","29","","11","","16.1","","97.87","","","","","","NA"
"-80.38","43.46","KITCHENER/WATERLOO","6144239","2024-04-22 02:00","2024","04","22","02:00","","0.7","","-6.5","","59","","0.0","","30","","13","","16.1","","97.87","","","","","","NA"
"-80.38","43.46","KITCHENER/WATERLOO","6144239","2024-04-22 03:00","2024","04","22","03:00","","-0.8","","-6.4","","66","","0.0","","31","","11","","16.1","","97.91","","","","-5","","NA"
"-80.38","43.46","KITCHENER/WATERLOO","6144239","2024-04-22 04:00","2024","04","22","04:00","","-0.9","","-5.9","","69","","0.0","","29","","9","","16.1","","97.94","","","","-4","","NA"
"-80.38","43.46","KITCHENER/WATERLOO","6144239","2024-04-22 05:00","2024","04","22","05:00","","-2.3","","-6.8","","72","","0.0","","29","","4","","16.1","","97.97","","","","-4","","NA"
"-80.38","43.46","KITCHENER/WATERLOO","6144239","2024-04-22 06:00","2024","04","22","06:00","","-1.1","","-5.7","","71","","0.0","","25","","5","","16.1","","98.01","","","","-3","","NA"
"-80.38","43.46","KITCHENER/WATERLOO","6144239","2024-04-22 07:00","2024","04","22","07:00","","1.8","","-5.0","","61","","0.0","","27","","9","","16.1","","98.10","","","","","","NA"
"-80.38","43.46","KITCHENER/WATERLOO","6144239","2024-04-22 08:00","2024","04","22","08:00","","3.7","","-5.0","","53","","0.0","","28","","13","","16.1","","98.13","","","","","","NA"
"-80.38","43.46","KITCHENER/WATERLOO","6144239","2024-04-22 09:00","2024","04","22","09:00","","5.5","","-8.1","","37","","0.0","","30","","11","","16.1","","98.13","","","","","","NA"
"-80.38","43.46","KITCHENER/WATERLOO","6144239","2024-04-22 10:00","2024","04","22","10:00","","7.6","","-10.0","","28","","0.0","","28","","8","","16.1","","98.11","","","","","","NA"
"-80.38","43.46","KITCHENER/WATERLOO","6144239","2024-04-22 11:00","2024","04","22","11:00","","10.0","","-7.9","","28","","0.0","","","M","5","","16.1","","98.10","","","","","","NA"
"-80.38","43.46","KITCHENER/WATERLOO","6144239","2024-04-22 12:00","2024","04","22","12:00","","11.3","","-4.7","","32","","0.0","","22","","18","","16.1","","98.07","","","","","","NA"
"-80.38","43.46","KITCHENER/WATERLOO","6144239","2024-04-22 13:00","2024","04","22","13:00","","12.0","","-3.3","","34","","0.0","","25","","13","","16.1","","98.02","","","","","","NA"
"-80.38","43.46","KITCHENER/WATERLOO","6144239","2024-04-22 14:00","2024","04","22","14:00","","13.6","","-1.8","","34","","0.0","","24","","24","","16.1","","97.96","","","","","","NA"
"-80.38","43.46","KITCHENER/WATERLOO","6144239","2024-04-22 15:00","2024","04","22","15:00","","13.0","","-1.6","","36","","0.0","","24","","32","","16.1","","97.93","","","","","","NA"
"-80.38","43.46","KITCHENER/WATERLOO","6144239","2024-04-22 16:00","2024","04","22","16:00","","12.7","","-1.9","","36","","0.0","","21","","18","","16.1","","97.89","","","","","","NA"
"-80.38","43.46","KITCHENER/WATERLOO","6144239","2024-04-22 17:00","2024","04","22","17:00","","12.7","","-0.7","","40","","0.0","","20","","22","","16.1","","97.85","","","","","","NA"
"-80.38","43.46","KITCHENER/WATERLOO","6144239","2024-04-22 18:00","2024","04","22","18:00","","12.0","","-0.5","","42","","0.0","","18","","21","","16.1","","97.81","","","","","","NA"
"-80.38","43.46","KITCHENER/WATERLOO","6144239","2024-04-22 19:00","2024","04","22","19:00","","10.7","","1.8","","54","","0.0","","19","","15","","16.1","","97.76","","","","","","NA"
"-80.38","43.46","KITCHENER/WATERLOO","6144239","2024-04-22 20:00","2024","04","22","20:00","","9.6","","-0.5","","49","","0.0","","18","","15","","16.1","","97.75","","","","","","NA"
"-80.38","43.46","KITCHENER/WATERLOO","6144239","2024-04-22 21:00","2024","04","22","21:00","","8.1","","-0.4","","55","","0.0","","18","","13","","16.1","","97.74","","","","","","NA"
"-80.38","43.46","KITCHENER/WATERLOO","6144239","2024-04-22 22:00","2024","04","22","22:00","","7.8","","-0.8","","54","","0.0","","19","","15","","16.1","","97.71","","","","","","NA"
"-80.38","43.46","KITCHENER/WATERLOO","6144239","2024-04-22 23:00","2024","04","22","23:00","","6.8","","-0.6","","59","","0.0","","19","","13","","16.1","","97.71","","","","","","NA"
"-80.38","43.46","KITCHENER/WATERLOO","6144239","2024-04-23 00:00","2024","04","23","00:00","","6.8","","-0.4","","60","","0.0","","20","","13","","16.1","","97.69","","","","","","NA"
"-80.38","43.46","KITCHENER/WATERLOO","6144239","2024-04-23 01:00","2024","04","23","01:00","","6.2","","-0.5","","62","","0.0","","19","","15","","16.1","","97.65","","","","","","NA"
"-80.38","43.46","KITCHENER/WATERLOO","6144239","2024-04-23 02:00","2024","04","23","02:00","","5.8","","-0.7","","63","","0.0","","19","","13","","16.1","","97.60","","","","","","NA"
"-80.38","43.46","KITCHENER/WATERLOO","6144239","2024-04-23 03:00","2024","04","23","03:00","","6.2","","-0.6","","62","","0.0","","19","","15","","16.1","","97.55","","","","","","NA"
"-80.38","43.46","KITCHENER/WATERLOO","6144239","2024-04-23 04:00","2024","04","23","04:00","","6.0","","-0.7","","62","","0.0","","19","","15","","16.1","","97.52","","","","","","NA"
"-80.38","43.46","KITCHENER/WATERLOO","6144239","2024-04-23 05:00","2024","04","23","05:00","","5.7","","-0.8","","63","","0.0","","19","","15","","16.1","","97.47","","","","","","NA"
"-80.38","43.46","KITCHENER/WATERLOO","6144239","2024-04-23 06:00","2024","04","23","06:00","","6.6","","-0.5","","60","","0.0","","19","","17","","16.1","","97.41","","","","","","NA"
"-80.38","43.46","KITCHENER/WATERLOO","6144239","2024-04-23 07:00","2024","04","23","07:00","","8.3","","0.3","","57","","0.0","","20","","21","","16.1","","97.38","","","","","","NA"
"-80.38","43.46","KITCHENER/WATERLOO","6144239","2024-04-23 08:00","2024","04","23","08:00","","10.8","","1.7","","53","","0.0","","20","","24","","16.1","","97.34","","","","","","NA"
"-80.38","43.46","KITCHENER/WATERLOO","6144239","2024-04-23 09:00","2024","04","23","09:00","","13.6","","1.6","","44","","0.0","","21","","39","","16.1","","97.23","","","","","","NA"
"-80.38","43.46","KITCHENER/WATERLOO","6144239","2024-04-23 10:00","2024","04","23","10:00","","14.7","","2.0","","42","","0.0","","22","","30","","16.1","","97.14","","","","","","NA"
"-80.38","43.46","KITCHENER/WATERLOO","6144239","2024-04-23 11:00","2024","04","23","11:00","","12.6","","1.9","","48","","0.0","","20","","28","","16.1","","97.09","","","","","","NA"
"-80.38","43.46","KITCHENER/WATERLOO","6144239","2024-04-23 12:00","2024","04","23","12:00","","12.2","","3.5","","55","","0.0","","21","","41","","16.1","","97.08","","","","","","Rain"
"-80.38","43.46","KITCHENER/WATERLOO","6144239","2024-04-23 13:00","2024","04","23","13:00","","11.7","","3.6","","57","","0.0","","21","","39","","16.1","","97.06","","","","","","NA"
"-80.38","43.46","KITCHENER/WATERLOO","6144239","2024-04-23 14:00","2024","04","23","14:00","","12.4","","4.2","","57","","0.2","","21","","30","","16.1","","97.02","","","","","","NA"
"-80.38","43.46","KITCHENER/WATERLOO","6144239","2024-04-23 15:00","2024","04","23","15:00","","12.7","","5.0","","59","","0.0","","22","","37","","16.1","","96.96","","","","","","NA"
"-80.38","43.46","KITCHENER/WATERLOO","6144239","2024-04-23 16:00","2024","04","23","16:00","","12.1","","5.8","","65","","0.0","","24","","32","","16.1","","96.94","","","","","","NA"
"-80.38","43.46","KITCHENER/WATERLOO","6144239","2024-04-23 17:00","2024","04","23","17:00","","11.4","","6.7","","73","","0.0","","20","","30","","16.1","","96.88","","","","","","NA"
"-80.38","43.46","KITCHENER/WATERLOO","6144239","2024-04-23 18:00","2024","04","23","18:00","","10.3","","7.6","","83","","0.0","","21","","28","","16.1","","96.94","","","","","","NA"
"-80.38","43.46","KITCHENER/WATERLOO","6144239","2024-04-23 19:00","2024","04","23","19:00","","10.0","","7.6","","85","","0.0","","21","","28","","16.1","","97.00","","","","","","NA"
"-80.38","43.46","KITCHENER/WATERLOO","6144239","2024-04-23 20:00","2024","04","23","20:00","","9.4","","7.2","","86","","0.0","","21","","21","","16.1","","97.04","","","","","","NA"
"-80.38","43.46","KITCHENER/WATERLOO","6144239","2024-04-23 21:00","2024","04","23","21:00","","9.1","","6.9","","86","","0.0","","22","","18","","16.1","","97.09","","","","","","NA"
"-80.38","43.46","KITCHENER/WATERLOO","6144239","2024-04-23 22:00","2024","04","23","22:00","","9.2","","7.2","","87","","0.0","","23","","22","","16.1","","97.13","","","","","","Rain"
"-80.38","43.46","KITCHENER/WATERLOO","6144239","2024-04-23 23:00","2024","04","23","23:00","","9.1","","6.9","","86","","0.0","","22","","22","","16.1","","97.10","","","","","","NA"
"-80.38","43.46","KITCHENER/WATERLOO","6144239","2024-04-24 00:00","2024","04","24","00:00","","7.1","","5.1","","87","","0.0","","31","","8","","16.1","","97.06","","","","","","NA"
"-80.38","43.46","KITCHENER/WATERLOO","6144239","2024-04-24 01:00","2024","04","24","01:00","","6.5","","5.1","","91","","0.0","","22","","13","","16.1","","97.03","","","","","","NA"
"-80.38","43.46","KITCHENER/WATERLOO","6144239","2024-04-24 02:00","2024","04","24","02:00","","5.9","","4.2","","89","","0.0","","24","","9","","16.1","","97.03","","","","","","NA"
"-80.38","43.46","KITCHENER/WATERLOO","6144239","2024-04-24 03:00","2024","04","24","03:00","","6.3","","4.3","","87","","0.0","","26","","13","","16.1","","97.09","","","","","","NA"
"-80.38","43.46","KITCHENER/WATERLOO","6144239","2024-04-24 04:00","2024","04","24","04:00","","6.7","","5.0","","89","","0.0","","31","","13","","16.1","","97.15","","","","","","NA"
"-80.38","43.46","KITCHENER/WATERLOO","6144239","2024-04-24 05:00","2024","04","24","05:00","","6.9","","5.5","","91","","0.0","","29","","15","","16.1","","97.18","","","","","","NA"
"-80.38","43.46","KITCHENER/WATERLOO","6144239","2024-04-24 06:00","2024","04","24","06:00","","7.1","","6.4","","95","","0.0","","29","","13","","16.1","","97.24","","","","","","NA"
"-80.38","43.46","KITCHENER/WATERLOO","6144239","2024-04-24 07:00","2024","04","24","07:00","","7.1","","6.5","","96","","0.0","","31","","15","","16.1","","97.36","","","","","","NA"
"-80.38","43.46","KITCHENER/WATERLOO","6144239","2024-04-24 08:00","2024","04","24","08:00","","3.9","","2.1","","88","","0.0","","35","","26","","16.1","","97.54","","","","","","NA"
"-80.38","43.46","KITCHENER/WATERLOO","6144239","2024-04-24 09:00","2024","04","24","09:00","","3.3","","0.9","","85","","0.0","","34","","24","","16.1","","97.68","","","","","","NA"
"-80.38","43.46","KITCHENER/WATERLOO","6144239","2024-04-24 10:00","2024","04","24","10:00","","4.4","","0.6","","76","","0.0","","1","","17","","16.1","","97.79","","","","","","NA"
"-80.38","43.46","KITCHENER/WATERLOO","6144239","2024-04-24 11:00","2024","04","24","11:00","","5.4","","0.2","","69","","0.0","","36","","24","","16.1","","97.89","","","","","","NA"
"-80.38","43.46","KITCHENER/WATERLOO","6144239","2024-04-24 12:00","2024","04","24","12:00","","5.9","","-0.1","","65","","0.0","","36","","26","","16.1","","97.98","","","","","","NA"
"-80.38","43.46","KITCHENER/WATERLOO","6144239","2024-04-24 13:00","2024","04","24","13:00","","6.1","","-0.4","","63","","0.0","","35","","24","","16.1","","98.08","","","","","","NA"
"-80.38","43.46","KITCHENER/WATERLOO","6144239","2024-04-24 14:00","2024","04","24","14:00","","7.1","","-0.9","","57","","0.0","","35","","18","","16.1","","98.14","","","","","","NA"
"-80.38","43.46","KITCHENER/WATERLOO","6144239","2024-04-24 15:00","2024","04","24","15:00","","7.6","","-2.3","","50","","0.0","","36","","18","","16.1","","98.18","","","","","","NA"
"-80.38","43.46","KITCHENER/WATERLOO","6144239","2024-04-24 16:00","2024","04","24","16:00","","7.6","","-3.7","","45","","0.0","","2","","17","","16.1","","98.23","","","","","","NA"
"-80.38","43.46","KITCHENER/WATERLOO","6144239","2024-04-24 17:00","2024","04","24","17:00","","7.9","","-4.5","","41","","0.0","","2","","17","","16.1","","98.29","","","","","","NA"
"-80.38","43.46","KITCHENER/WATERLOO","6144239","2024-04-24 18:00","2024","04","24","18:00","","6.9","","-5.7","","40","","0.0","","36","","17","","16.1","","98.35","","","","","","NA"
"-80.38","43.46","KITCHENER/WATERLOO","6144239","2024-04-24 19:00","2024","04","24","19:00","","5.5","","-6.6","","42","","0.0","","1","","11","","16.1","","98.43","","","","","","NA"
"-80.38","43.46","KITCHENER/WATERLOO","6144239","2024-04-24 20:00","2024","04","24","20:00","","3.4","","-6.7","","48","","0.0","","1","","11","","16.1","","98.51","","","","","","NA"
"-80.38","43.46","KITCHENER/WATERLOO","6144239","2024-04-24 21:00","2024","04","24","21:00","","1.5","","-5.7","","59","","0.0","","36","","17","","16.1","","98.61","","","","","","NA"
"-80.38","43.46","KITCHENER/WATERLOO","6144239","2024-04-24 22:00","2024","04","24","22:00","","0.0","","-6.2","","63","","0.0","","36","","11","","16.1","","98.65","","","","-4","","NA"
"-80.38","43.46","KITCHENER/WATERLOO","6144239","2024-04-24 23:00","2024","04","24","23:00","","-0.9","","-6.9","","64","","0.0","","36","","5","","16.1","","98.68","","","","-3","","NA"
"-80.38","43.46","KITCHENER/WATERLOO","6144239","2024-04-25 00:00","2024","04","25","00:00","","-1.9","","-6.1","","73","","0.0","","34","","8","","16.1","","98.73","","","","-5","","NA"
"-80.38","43.46","KITCHENER/WATERLOO","6144239","2024-04-25 01:00","2024","04","25","01:00","","-2.2","","-6.4","","73","","0.0","","34","","8","","16.1","","98.76","","","","-5","","NA"
"-80.38","43.46","KITCHENER/WATERLOO","6144239","2024-04-25 02:00","2024","04","25","02:00","","-1.4","","-6.8","","67","","0.0","","36","","5","","16.1","","98.74","","","","-3","","NA"
"-80.38","43.46","KITCHENER/WATERLOO","6144239","2024-04-25 03:00","2024","04","25","03:00","","-2.9","","-6.8","","75","","0.0","","1","","5","","16.1","","98.77","","","","-5","","NA"
"-80.38","43.46","KITCHENER/WATERLOO","6144239","2024-04-25 04:00","2024","04","25","04:00","","-1.9","","-7.0","","68","","0.0","","4","","8","","16.1","","98.82","","","","-5","","NA"
"-80.38","43.46","KITCHENER/WATERLOO","6144239","2024-04-25 05:00","2024","04","25","05:00","","-2.8","","-7.5","","70","","0.0","","5","","8","","16.1","","98.85","","","","-6","","NA"
"-80.38","43.46","KITCHENER/WATERLOO","6144239","2024-04-25 06:00","2024","04","25","06:00","","-2.7","","-7.5","","70","","0.0","","5","","8","","16.1","","98.93","","","","-6","","NA"
"-80.38","43.46","KITCHENER/WATERLOO","6144239","2024-04-25 07:00","2024","04","25","07:00","","0.2","","-5.3","","67","","0.0","","8","","11","","16.1","","99.01","","","","","","NA"
"-80.38","43.46","KITCHENER/WATERLOO","6144239","2024-04-25 08:00","2024","04","25","08:00","","2.8","","-3.9","","61","","0.0","","10","","15","","16.1","","99.06","","","","","","NA"
"-80.38","43.46","KITCHENER/WATERLOO","6144239","2024-04-25 09:00","2024","04","25","09:00","","4.7","","-3.4","","56","","0.0","","13","","15","","16.1","","99.06","","","","","","NA"
"-80.38","43.46","KITCHENER/WATERLOO","6144239","2024-04-25 10:00","2024","04","25","10:00","","6.0","","-4.1","","48","","0.0","","10","","15","","16.1","","99.07","","","","","","NA"
"-80.38","43.46","KITCHENER/WATERLOO","6144239","2024-04-25 11:00","2024","04","25","11:00","","6.5","","-3.9","","47","","0.0","","","M","4","","16.1","","99.04","","","","","","NA"
"-80.38","43.46","KITCHENER/WATERLOO","6144239","2024-04-25 12:00","2024","04","25","12:00","","7.3","","-3.2","","47","","0.0","","13","","9","","16.1","","99.01","","","","","","NA"
"-80.38","43.46","KITCHENER/WATERLOO","6144239","2024-04-25 13:00","2024","04","25","13:00","","8.1","","-4.0","","42","","0.0","","4","","5","","16.1","","98.97","","","","","","NA"
"-80.38","43.46","KITCHENER/WATERLOO","6144239","2024-04-25 14:00","2024","04","25","14:00","","9.1","","-2.7","","44","","0.0","","15","","11","","16.1","","98.93","","","","","","NA"
"-80.38","43.46","KITCHENER/WATERLOO","6144239","2024-04-25 15:00","2024","04","25","15:00","","9.4","","-3.2","","41","","0.0","","18","","9","","16.1","","98.89","","","","","","NA"
"-80.38","43.46","KITCHENER/WATERLOO","6144239","2024-04-25 16:00","2024","04","25","16:00","","9.6","","-2.8","","42","","0.0","","11","","11","","16.1","","98.86","","","","","","NA"
"-80.38","43.46","KITCHENER/WATERLOO","6144239","2024-04-25 17:00","2024","04","25","17:00","","10.1","","-2.6","","41","","0.0","","12","","9","","16.1","","98.85","","","","","","NA"
"-80.38","43.46","KITCHENER/WATERLOO","6144239","2024-04-25 18:00","2024","04","25","18:00","","8.6","","-4.4","","40","","0.0","","16","","17","","16.1","","98.86","","","","","","NA"
"-80.38","43.46","KITCHENER/WATERLOO","6144239","2024-04-25 19:00","2024","04","25","19:00","","6.1","","-6.9","","39","","0.0","","14","","15","","16.1","","98.87","","","","","","NA"
"-80.38","43.46","KITCHENER/WATERLOO","6144239","2024-04-25 20:00","2024","04","25","20:00","","3.7","","-8.4","","41","","0.0","","12","","11","","16.1","","98.88","","","","","","NA"
"-80.38","43.46","KITCHENER/WATERLOO","6144239","2024-04-25 21:00","2024","04","25","21:00","","1.5","","-5.9","","58","","0.0","","8","","11","","16.1","","98.91","","","","","","NA"
"-80.38","43.46","KITCHENER/WATERLOO","6144239","2024-04-25 22:00","2024","04","25","22:00","","-0.1","","-5.5","","67","","0.0","","7","","4","","16.1","","98.96","","","","-1","","NA"
"-80.38","43.46","KITCHENER/WATERLOO","6144239","2024-04-25 23:00","2024","04","25","23:00","","0.2","","-5.0","","68","","0.0","","6","","5","","16.1","","98.99","","","","","","NA"
"-80.38","43.46","KITCHENER/WATERLOO","6144239","2024-04-26 00:00","2024","04","26","00:00","","-1.1","","-6.2","","68","","0.0","","7","","4","","16.1","","99.03","","","","-2","","NA"
"-80.38","43.46","KITCHENER/WATERLOO","6144239","2024-04-26 01:00","2024","04","26","01:00","","-2.1","","-5.4","","78","","0.0","","2","","5","","16.1","","99.00","","","","-4","","NA"
"-80.38","43.46","KITCHENER/WATERLOO","6144239","2024-04-26 02:00","2024","04","26","02:00","","-2.2","","-5.2","","80","","0.0","","3","","4","","16.1","","98.98","","","","-4","","NA"
"-80.38","43.46","KITCHENER/WATERLOO","6144239","2024-04-26 03:00","2024","04","26","03:00","","-3.1","","-4.9","","88","","0.0","","6","","5","","16.1","","99.00","","","","-5","","NA"
"-80.38","43.46","KITCHENER/WATERLOO","6144239","2024-04-26 04:00","2024","04","26","04:00","","-2.5","","-5.7","","79","","0.0","","6","","5","","16.1","","99.02","","","","-4","","NA"
"-80.38","43.46","KITCHENER/WATERLOO","6144239","2024-04-26 05:00","2024","04","26","05:00","","-3.8","","-6.0","","85","","0.0","","7","","8","","16.1","","99.01","","","","-7","","NA"
"-80.38","43.46","KITCHENER/WATERLOO","6144239","2024-04-26 06:00","2024","04","26","06:00","","-0.9","","-6.4","","66","","0.0","","6","","5","","16.1","","99.05","","","","-3","","NA"
"-80.38","43.46","KITCHENER/WATERLOO","6144239","2024-04-26 07:00","2024","04","26","07:00","","1.8","","-3.3","","69","","0.0","","7","","11","","16.1","","99.03","","","","","","NA"
"-80.38","43.46","KITCHENER/WATERLOO","6144239","2024-04-26 08:00","2024","04","26","08:00","","6.2","","-6.0","","41","","0.0","","9","","22","","16.1","","99.04","","","","","","NA"
"-80.38","43.46","KITCHENER/WATERLOO","6144239","2024-04-26 09:00","2024","04","26","09:00","","8.1","","-6.3","","36","","0.0","","10","","28","","16.1","","99.01","","","","","","NA"
"-80.38","43.46","KITCHENER/WATERLOO","6144239","2024-04-26 10:00","2024","04","26","10:00","","10.0","","-7.3","","29","","0.0","","8","","24","","16.1","","98.99","","","","","","NA"
"-80.38","43.46","KITCHENER/WATERLOO","6144239","2024-04-26 11:00","2024","04","26","11:00","","11.7","","-7.6","","25","","0.0","","8","","22","","16.1","","98.99","","","","","","NA"
"-80.38","43.46","KITCHENER/WATERLOO","6144239","2024-04-26 12:00","2024","04","26","12:00","","12.3","","-4.4","","31","","0.0","","8","","24","","16.1","","99.02","","","","","","NA"
"-80.38","43.46","KITCHENER/WATERLOO","6144239","2024-04-26 13:00","2024","04","26","13:00","","12.8","","-2.6","","34","","0.0","","11","","26","","16.1","","98.97","","","","","","NA"
"-80.38","43.46","KITCHENER/WATERLOO","6144239","2024-04-26 14:00","2024","04","26","14:00","","13.2","","-1.8","","35","","0.0","","11","","30","","16.1","","98.85","","","","","","NA"
"-80.38","43.46","KITCHENER/WATERLOO","6144239","2024-04-26 15:00","2024","04","26","15:00","","13.0","","-1.8","","36","","0.0","","8","","24","","16.1","","98.78","","","","","","NA"
"-80.38","43.46","KITCHENER/WATERLOO","6144239","2024-04-26 16:00","2024","04","26","16:00","","12.7","","-2.7","","34","","0.0","","11","","28","","16.1","","98.72","","","","","","NA"
"-80.38","43.46","KITCHENER/WATERLOO","6144239","2024-04-26 17:00","2024","04","26","17:00","","11.3","","-4.5","","33","","0.0","","9","","30","","16.1","","98.73","","","","","","NA"
"-80.38","43.46","KITCHENER/WATERLOO","6144239","2024-04-26 18:00","2024","04","26","18:00","","9.6","","-4.7","","36","","0.0","","8","","21","","16.1","","98.70","","","","","","NA"
"-80.38","43.46","KITCHENER/WATERLOO","6144239","2024-04-26 19:00","2024","04","26","19:00","","7.9","","-5.6","","38","","0.0","","9","","17","","16.1","","98.65","","","","","","NA"
"-80.38","43.46","KITCHENER/WATERLOO","6144239","2024-04-26 20:00","2024","04","26","20:00","","7.0","","-5.7","","40","","0.0","","8","","22","","16.1","","98.59","","","","","","NA"
"-80.38","43.46","KITCHENER/WATERLOO","6144239","2024-04-26 21:00","2024","04","26","21:00","","7.1","","-5.2","","41","","0.0","","10","","18","","16.1","","98.58","","","","","","NA"
"-80.38","43.46","KITCHENER/WATERLOO","6144239","2024-04-26 22:00","2024","04","26","22:00","","7.7","","-5.7","","38","","0.0","","9","","22","","16.1","","98.48","","","","","","NA"
"-80.38","43.46","KITCHENER/WATERLOO","6144239","2024-04-26 23:00","2024","04","26","23:00","","7.5","","-5.1","","41","","0.0","","9","","22","","16.1","","98.44","","","","","","NA"
"-80.38","43.46","KITCHENER/WATERLOO","6144239","2024-04-27 00:00","2024","04","27","00:00","","7.0","","-4.2","","45","","0.0","","9","","15","","16.1","","98.46","","","","","","NA"
"-80.38","43.46","KITCHENER/WATERLOO","6144239","2024-04-27 01:00","2024","04","27","01:00","","6.2","","-2.5","","54","","0.0","","11","","13","","16.1","","98.40","","","","","","NA"
"-80.38","43.46","KITCHENER/WATERLOO","6144239","2024-04-27 02:00","2024","04","27","02:00","","6.9","","-1.2","","56","","0.0","","10","","11","","16.1","","98.42","","","","","","NA"
"-80.38","43.46","KITCHENER/WATERLOO","6144239","2024-04-27 03:00","2024","04","27","03:00","","6.6","","2.5","","75","","0.0","","11","","11","","16.1","","98.39","","","","","","Rain"
"-80.38","43.46","KITCHENER/WATERLOO","6144239","2024-04-27 04:00","2024","04","27","04:00","","7.9","","4.4","","78","","0.2","","12","","11","","16.1","","98.36","","","","","","Rain"
"-80.38","43.46","KITCHENER/WATERLOO","6144239","2024-04-27 05:00","2024","04","27","05:00","","7.1","","5.4","","89","","1.2","","10","","18","","16.1","","98.28","","","","","","Rain"
"-80.38","43.46","KITCHENER/WATERLOO","6144239","2024-04-27 06:00","2024","04","27","06:00","","7.4","","5.8","","90","","0.0","","11","","17","","16.1","","98.24","","","","","","NA"
"-80.38","43.46","KITCHENER/WATERLOO","6144239","2024-04-27 07:00","2024","04","27","07:00","","8.0","","6.6","","91","","0.0","","13","","21","","16.1","","98.25","","","","","","Rain"
"-80.38","43.46","KITCHENER/WATERLOO","6144239","2024-04-27 08:00","2024","04","27","08:00","","8.3","","7.6","","95","","0.2","","13","","18","","16.1","","98.23","","","","","","Rain"
"-80.38","43.46","KITCHENER/WATERLOO","6144239","2024-04-27 09:00","2024","04","27","09:00","","9.6","","9.3","","98","","0.2","","15","","18","","16.1","","98.17","","","","","","Rain"
"-80.38","43.46","KITCHENER/WATERLOO","6144239","2024-04-27 10:00","2024","04","27","10:00","","11.2","","10.6","","96","","0.5","","16","","21","","16.1","","98.18","","","","","","Rain"
"-80.38","43.46","KITCHENER/WATERLOO","6144239","2024-04-27 11:00","2024","04","27","11:00","","11.5","","11.0","","97","","0.8","","17","","21","","16.1","","98.12","","","","","","NA"
"-80.38","43.46","KITCHENER/WATERLOO","6144239","2024-04-27 12:00","2024","04","27","12:00","","13.2","","12.1","","93","","0.0","","17","","22","","16.1","","98.05","","","","","","NA"
"-80.38","43.46","KITCHENER/WATERLOO","6144239","2024-04-27 13:00","2024","04","27","13:00","","13.7","","12.6","","93","","0.0","","17","","22","","16.1","","98.01","","","","","","Rain"
"-80.38","43.46","KITCHENER/WATERLOO","6144239","2024-04-27 14:00","2024","04","27","14:00","","16.1","","14.2","","88","","0.2","","17","","22","","16.1","","97.96","","","","","","NA"
"-80.38","43.46","KITCHENER/WATERLOO","6144239","2024-04-27 15:00","2024","04","27","15:00","","17.4","","13.7","","79","","0.0","","16","","24","","16.1","","97.89","","","","","","NA"
"-80.38","43.46","KITCHENER/WATERLOO","6144239","2024-04-27 16:00","2024","04","27","16:00","","17.5","","13.4","","77","","0.0","","17","","26","","16.1","","97.82","","","","","","NA"
"-80.38","43.46","KITCHENER/WATERLOO","6144239","2024-04-27 17:00","2024","04","27","17:00","","19.2","","13.9","","71","","0.0","","16","","21","","16.1","","97.78","","","","","","NA"
"-80.38","43.46","KITCHENER/WATERLOO","6144239","2024-04-27 18:00","2024","04","27","18:00","","20.2","","14.4","","69","","0.0","","18","","21","","16.1","","97.74","","","","","","NA"
"-80.38","43.46","KITCHENER/WATERLOO","6144239","2024-04-27 19:00","2024","04","27","19:00","","19.5","","14.0","","70","","0.0","","18","","18","","16.1","","97.72","","","","","","NA"
"-80.38","43.46","KITCHENER/WATERLOO","6144239","2024-04-27 20:00","2024","04","27","20:00","","18.6","","14.1","","75","","0.0","","19","","21","","16.1","","97.74","","","","","","NA"
"-80.38","43.46","KITCHENER/WATERLOO","6144239","2024-04-27 21:00","2024","04","27","21:00","","18.4","","13.9","","75","","0.0","","20","","17","","16.1","","97.79","","","","","","NA"
"-80.38","43.46","KITCHENER/WATERLOO","6144239","2024-04-27 22:00","2024","04","27","22:00","","18.8","","13.4","","70","","0.0","","21","","21","","16.1","","97.76","","","","","","NA"
"-80.38","43.46","KITCHENER/WATERLOO","6144239","2024-04-27 23:00","2024","04","27","23:00","","17.5","","12.9","","74","","0.0","","20","","18","","16.1","","97.79","","","","","","NA"
"-80.38","43.46","KITCHENER/WATERLOO","6144239","2024-04-28 00:00","2024","04","28","00:00","","16.8","","12.6","","76","","0.0","","19","","15","","16.1","","97.82","","","","","","NA"
"-80.38","43.46","KITCHENER/WATERLOO","6144239","2024-04-28 01:00","2024","04","28","01:00","","15.7","","12.3","","80","","0.0","","20","","15","","16.1","","97.79","","","","","","NA"
"-80.38","43.46","KITCHENER/WATERLOO","6144239","2024-04-28 02:00","2024","04","28","02:00","","15.6","","12.4","","81","","0.0","","21","","11","","16.1","","97.82","","","","","","NA"
"-80.38","43.46","KITCHENER/WATERLOO","6144239","2024-04-28 03:00","2024","04","28","03:00","","15.3","","12.7","","84","","0.0","","20","","11","","16.1","","97.80","","","","","","NA"
"-80.38","43.46","KITCHENER/WATERLOO","6144239","2024-04-28 04:00","2024","04","28","04:00","","15.1","","12.8","","86","","0.0","","20","","15","","16.1","","97.75","","","","","","NA"
"-80.38","43.46","KITCHENER/WATERLOO","6144239","2024-04-28 05:00","2024","04","28","05:00","","15.1","","12.8","","86","","0.0","","23","","15","","16.1","","97.78","","","","","","NA"
"-80.38","43.46","KITCHENER/WATERLOO","6144239","2024-04-28 06:00","2024","04","28","06:00","","15.6","","13.3","","86","","0.0","","23","","9","","16.1","","97.81","","","","","","NA"
"-80.38","43.46","KITCHENER/WATERLOO","6144239","2024-04-28 07:00","2024","04","28","07:00","","16.1","","13.6","","85","","0.0","","22","","17","","16.1","","97.92","","","","","","NA"
"-80.38","43.46","KITCHENER/WATERLOO","6144239","2024-04-28 08:00","2024","04","28","08:00","","18.1","","14.2","","78","","0.0","","22","","15","","16.1","","97.89","","","","","","NA"
"-80.38","43.46","KITCHENER/WATERLOO","6144239","2024-04-28 09:00","2024","04","28","09:00","","17.3","","15.1","","87","","0.0","","24","","11","","16.1","","97.89","","","","","","Rain"
"-80.38","43.46","KITCHENER/WATERLOO","6144239","2024-04-28 10:00","2024","04","28","10:00","","16.9","","15.6","","92","","0.0","","22","","17","","16.1","","97.95","","","","","","Rain"
"-80.38","43.46","KITCHENER/WATERLOO","6144239","2024-04-28 11:00","2024","04","28","11:00","","17.3","","16.2","","93","","0.0","","24","","21","","16.1","","97.96","","","","","","Rain"
"-80.38","43.46","KITCHENER/WATERLOO","6144239","2024-04-28 12:00","2024","04","28","12:00","","18.9","","17.4","","91","","0.2","","24","","17","","16.1","","97.91","","","","","","Rain"
"-80.38","43.46","KITCHENER/WATERLOO","6144239","2024-04-28 13:00","2024","04","28","13:00","","19.1","","16.3","","83","","0.0","","23","","26","","16.1","","97.93","","","","","","NA"
"-80.38","43.46","KITCHENER/WATERLOO","6144239","2024-04-28 14:00","2024","04","28","14:00","","20.4","","16.2","","76","","0.0","","24","","17","","16.1","","97.89","","25","","","","NA"
"-80.38","43.46","KITCHENER/WATERLOO","6144239","2024-04-28 15:00","2024","04","28","15:00","","20.5","","15.9","","75","","0.0","","26","","21","","16.1","","97.89","","25","","","","NA"
"-80.38","43.46","KITCHENER/WATERLOO","6144239","2024-04-28 16:00","2024","04","28","16:00","","20.2","","15.8","","76","","0.0","","27","","13","","16.1","","97.88","","25","","","","NA"
"-80.38","43.46","KITCHENER/WATERLOO","6144239","2024-04-28 17:00","2024","04","28","17:00","","20.8","","16.1","","74","","0.0","","25","","13","","16.1","","97.88","","25","","","","NA"
"-80.38","43.46","KITCHENER/WATERLOO","6144239","2024-04-28 18:00","2024","04","28","18:00","","19.8","","15.5","","76","","0.0","","25","","11","","16.1","","97.90","","","","","","NA"
"-80.38","43.46","KITCHENER/WATERLOO","6144239","2024-04-28 19:00","2024","04","28","19:00","","18.7","","16.2","","85","","0.0","","23","","11","","16.1","","97.91","","","","","","NA"
"-80.38","43.46","KITCHENER/WATERLOO","6144239","2024-04-28 20:00","2024","04","28","20:00","","17.7","","16.0","","89","","0.0","","","M","13","","16.1","","97.91","","","","","","NA"
"-80.38","43.46","KITCHENER/WATERLOO","6144239","2024-04-28 21:00","2024","04","28","21:00","","14.8","","13.1","","90","","0.0","","8","","13","","16.1","","97.97","","","","","","NA"
"-80.38","43.46","KITCHENER/WATERLOO","6144239","2024-04-28 22:00","2024","04","28","22:00","","14.1","","12.7","","91","","0.0","","8","","13","","16.1","","97.93","","","","","","NA"
"-80.38","43.46","KITCHENER/WATERLOO","6144239","2024-04-28 23:00","2024","04","28","23:00","","13.7","","12.3","","91","","0.0","","9","","13","","16.1","","97.89","","","","","","NA"
"-80.38","43.46","KITCHENER/WATERLOO","6144239","2024-04-29 00:00","2024","04","29","00:00","","13.3","","12.3","","93","","0.0","","10","","17","","16.1","","97.83","","","","","","NA"
"-80.38","43.46","KITCHENER/WATERLOO","6144239","2024-04-29 01:00","2024","04","29","01:00","","13.0","","12.7","","98","","0.0","","11","","13","","8.1","","97.79","","","","","","Fog"
"-80.38","43.46","KITCHENER/WATERLOO","6144239","2024-04-29 02:00","2024","04","29","02:00","","12.8","","12.8","","100","","0.2","","20","","8","","4.8","","97.84","","","","","","Rain,Fog"
"-80.38","43.46","KITCHENER/WATERLOO","6144239","2024-04-29 03:00","2024","04","29","03:00","","11.8","","11.7","","99","","0.0","","8","","11","","8.1","","97.78","","","","","","Fog"
"-80.38","43.46","KITCHENER/WATERLOO","6144239","2024-04-29 04:00","2024","04","29","04:00","","11.0","","11.0","","100","","0.0","","8","","15","","4.8","","97.79","","","","","","Fog"
"-80.38","43.46","KITCHENER/WATERLOO","6144239","2024-04-29 05:00","2024","04","29","05:00","","11.0","","11.0","","100","","0.0","","10","","9","","6.4","","97.80","","","","","","Fog"
"-80.38","43.46","KITCHENER/WATERLOO","6144239","2024-04-29 06:00","2024","04","29","06:00","","10.8","","10.4","","97","","0.0","","9","","15","","16.1","","97.84","","","","","","NA"
"-80.38","43.46","KITCHENER/WATERLOO","6144239","2024-04-29 07:00","2024","04","29","07:00","","10.1","","9.3","","95","","0.0","","9","","21","","16.1","","97.87","","","","","","NA"
"-80.38","43.46","KITCHENER/WATERLOO","6144239","2024-04-29 08:00","2024","04","29","08:00","","10.3","","8.9","","91","","0.0","","9","","22","","16.1","","97.89","","","","","","NA"
"-80.38","43.46","KITCHENER/WATERLOO","6144239","2024-04-29 09:00","2024","04","29","09:00","","10.2","","8.4","","88","","0.0","","9","","18","","16.1","","97.94","","","","","","NA"
"-80.38","43.46","KITCHENER/WATERLOO","6144239","2024-04-29 10:00","2024","04","29","10:00","","10.7","","8.8","","88","","0.0","","8","","21","","16.1","","97.92","","","","","","NA"
"-80.38","43.46","KITCHENER/WATERLOO","6144239","2024-04-29 11:00","2024","04","29","11:00","","11.5","","8.3","","81","","0.0","","10","","22","","16.1","","97.92","","","","","","NA"
"-80.38","43.46","KITCHENER/WATERLOO","6144239","2024-04-29 12:00","2024","04","29","12:00","","11.7","","8.8","","82","","0.0","","11","","22","","16.1","","97.85","","","","","","NA"
"-80.38","43.46","KITCHENER/WATERLOO","6144239","2024-04-29 13:00","2024","04","29","13:00","","12.9","","8.9","","76","","0.0","","9","","24","","16.1","","97.81","","","","","","NA"
"-80.38","43.46","KITCHENER/WATERLOO","6144239","2024-04-29 14:00","2024","04","29","14:00","","13.6","","9.0","","74","","0.0","","10","","22","","16.1","","97.72","","","","","","NA"
"-80.38","43.46","KITCHENER/WATERLOO","6144239","2024-04-29 15:00","2024","04","29","15:00","","13.6","","9.4","","76","","0.0","","9","","22","","16.1","","97.61","","","","","","NA"
"-80.38","43.46","KITCHENER/WATERLOO","6144239","2024-04-29 16:00","2024","04","29","16:00","","11.6","","8.8","","83","","0.0","","9","","26","","16.1","","97.48","","","","","","NA"
"-80.38","43.46","KITCHENER/WATERLOO","6144239","2024-04-29 17:00","2024","04","29","17:00","","11.8","","8.7","","81","","0.0","","10","","18","","16.1","","97.47","","","","","","NA"
"-80.38","43.46","KITCHENER/WATERLOO","6144239","2024-04-29 18:00","2024","04","29","18:00","","8.9","","8.0","","94","","0.0","","10","","22","","9.7","","97.47","","","","","","Fog"
"-80.38","43.46","KITCHENER/WATERLOO","6144239","2024-04-29 19:00","2024","04","29","19:00","","8.6","","8.2","","97","","0.0","","9","","17","","14.5","","97.47","","","","","","NA"
"-80.38","43.46","KITCHENER/WATERLOO","6144239","2024-04-29 20:00","2024","04","29","20:00","","9.3","","8.4","","94","","0.0","","1","","17","","16.1","","97.55","","","","","","NA"
"-80.38","43.46","KITCHENER/WATERLOO","6144239","2024-04-29 21:00","2024","04","29","21:00","","9.6","","8.2","","91","","0.0","","5","","13","","16.1","","97.58","","","","","","NA"
"-80.38","43.46","KITCHENER/WATERLOO","6144239","2024-04-29 22:00","2024","04","29","22:00","","9.0","","8.9","","99","","5.3","","7","","11","","6.4","","97.54","","","","","","Rain,Fog"
"-80.38","43.46","KITCHENER/WATERLOO","6144239","2024-04-29 23:00","2024","04","29","23:00","","9.1","","9.1","","100","","2.5","","10","","13","","2.8","","97.47","","","","","","Moderate Rain,Fog"
"-80.38","43.46","KITCHENER/WATERLOO","6144239","2024-04-30 00:00","2024","04","30","00:00","","9.2","","9.2","","100","","5.2","","11","","8","","2.8","","97.46","","","","","","Moderate Rain,Fog"
"-80.38","43.46","KITCHENER/WATERLOO","6144239","2024-04-30 01:00","2024","04","30","01:00","","9.4","","9.4","","100","","1.2","","11","","5","","4.8","","97.41","","","","","","Rain,Fog"
"-80.38","43.46","KITCHENER/WATERLOO","6144239","2024-04-30 02:00","2024","04","30","02:00","","9.7","","9.7","","100","","0.2","","14","","11","","8.1","","97.38","","","","","","Rain,Fog"
"-80.38","43.46","KITCHENER/WATERLOO","6144239","2024-04-30 03:00","2024","04","30","03:00","","9.7","","9.7","","100","","0.5","","12","","5","","4.0","","97.36","","","","","","Rain,Fog"
"-80.38","43.46","KITCHENER/WATERLOO","6144239","2024-04-30 04:00","2024","04","30","04:00","","9.6","","9.6","","100","","1.0","","8","","5","","3.2","","97.36","","","","","","Rain,Fog"
"-80.38","43.46","KITCHENER/WATERLOO","6144239","2024-04-30 05:00","2024","04","30","05:00","","9.3","","9.3","","100","","0.5","","13","","17","","4.8","","97.31","","","","","","Rain,Fog"
"-80.38","43.46","KITCHENER/WATERLOO","6144239","2024-04-30 06:00","2024","04","30","06:00","","9.4","","9.3","","99","","0.0","","11","","5","","6.4","","97.38","","","","","","Fog"
"-80.38","43.46","KITCHENER/WATERLOO","6144239","2024-04-30 07:00","2024","04","30","07:00","","9.5","","9.4","","99","","0.0","","14","","9","","8.1","","97.42","","","","","","Rain,Fog"
"-80.38","43.46","KITCHENER/WATERLOO","6144239","2024-04-30 08:00","2024","04","30","08:00","","9.8","","9.8","","100","","0.5","","13","","9","","2.8","","97.44","","","","","","Rain,Fog"
"-80.38","43.46","KITCHENER/WATERLOO","6144239","2024-04-30 09:00","2024","04","30","09:00","","10.6","","10.6","","100","","1.2","","13","","8","","4.8","","97.42","","","","","","Rain,Fog"
"-80.38","43.46","KITCHENER/WATERLOO","6144239","2024-04-30 10:00","2024","04","30","10:00","","12.2","","12.2","","100","","0.2","","15","","5","","12.9","","97.39","","","","","","NA"
"-80.38","43.46","KITCHENER/WATERLOO","6144239","2024-04-30 11:00","2024","04","30","11:00","","13.7","","13.7","","100","","0.0","","21","","13","","12.9","","97.40","","","","","","NA"
"-80.38","43.46","KITCHENER/WATERLOO","6144239","2024-04-30 12:00","2024","04","30","12:00","","15.6","","14.6","","94","","0.0","","19","","9","","16.1","","97.35","","","","","","NA"
"-80.38","43.46","KITCHENER/WATERLOO","6144239","2024-04-30 13:00","2024","04","30","13:00","","18.6","","14.1","","75","","0.0","","20","","13","","16.1","","97.31","","","","","","NA"
"-80.38","43.46","KITCHENER/WATERLOO","6144239","2024-04-30 14:00","2024","04","30","14:00","","20.1","","11.3","","56","","0.0","","22","","28","","16.1","","97.28","","","","","","NA"
"-80.38","43.46","KITCHENER/WATERLOO","6144239","2024-04-30 15:00","2024","04","30","15:00","","20.9","","10.5","","51","","0.0","","23","","24","","16.1","","97.28","","","","","","NA"
"-80.38","43.46","KITCHENER/WATERLOO","6144239","2024-04-30 16:00","2024","04","30","16:00","","19.3","","12.0","","62","","0.0","","30","","17","","16.1","","97.30","","","","","","NA"
"-80.38","43.46","KITCHENER/WATERLOO","6144239","2024-04-30 17:00","2024","04","30","17:00","","18.4","","10.9","","61","","0.0","","29","","22","","16.1","","97.34","","","","","","NA"
"-80.38","43.46","KITCHENER/WATERLOO","6144239","2024-04-30 18:00","2024","04","30","18:00","","16.5","","9.2","","62","","0.0","","31","","15","","16.1","","97.38","","","","","","NA"
"-80.38","43.46","KITCHENER/WATERLOO","6144239","2024-04-30 19:00","2024","04","30","19:00","","14.8","","8.6","","66","","0.0","","30","","15","","16.1","","97.42","","","","","","NA"
"-80.38","43.46","KITCHENER/WATERLOO","6144239","2024-04-30 20:00","2024","04","30","20:00","","12.6","","8.7","","77","","0.0","","32","","11","","16.1","","97.47","","","","","","NA"
"-80.38","43.46","KITCHENER/WATERLOO","6144239","2024-04-30 21:00","2024","04","30","21:00","","11.2","","8.1","","81","","0.0","","34","","9","","16.1","","97.52","","","","","","NA"
"-80.38","43.46","KITCHENER/WATERLOO","6144239","2024-04-30 22:00","2024","04","30","22:00","","10.9","","8.1","","83","","0.0","","35","","5","","16.1","","97.50","","","","","","NA"
"-80.38","43.46","KITCHENER/WATERLOO","6144239","2024-04-30 23:00","2024","04","30","23:00","","10.4","","8.8","","90","","0.0","","30","","4","","16.1","","97.50","","","","","","NA"
