"Longitude (x)","Latitude (y)","Station Name","Climate ID","Date/Time (LST)","Year","Month","Day","Time (LST)","Flag","Temp (°C)","Temp Flag","Dew Point Temp (°C)","Dew Point Temp Flag","Rel Hum (%)","Rel Hum Flag","Precip. Amount (mm)","Precip. Amount Flag","Wind Dir (10s deg)","Wind Dir Flag","Wind Spd (km/h)","Wind Spd Flag","Visibility (km)","Visibility Flag","Stn Press (kPa)","Stn Press Flag","Hmdx","Hmdx Flag","Wind Chill","Wind Chill Flag","Weather"
"-80.38","43.46","KITCHENER/WATERLOO","6144239","2024-02-01 00:00","2024","02","01","00:00","","1.1","","-0.1","","92","","0.0","","23","","28","","14.5","","97.44","","","","","","NA"
"-80.38","43.46","KITCHENER/WATERLOO","6144239","2024-02-01 01:00","2024","02","01","01:00","","1.1","","0.1","","93","","0.0","","24","","15","","11.3","","97.43","","","","","","NA"
"-80.38","43.46","KITCHENER/WATERLOO","6144239","2024-02-01 02:00","2024","02","01","02:00","","1.3","","0.0","","91","","0.0","","24","","24","","11.3","","97.39","","","","","","NA"
"-80.38","43.46","KITCHENER/WATERLOO","6144239","2024-02-01 03:00","2024","02","01","03:00","","1.2","","0.2","","93","","0.0","","24","","21","","4.8","","97.37","","","","","","Fog"
"-80.38","43.46","KITCHENER/WATERLOO","6144239","2024-02-01 04:00","2024","02","01","04:00","","1.1","","0.4","","95","","0.0","","23","","24","","8.1","","97.33","","","","","","Fog"
"-80.38","43.46","KITCHENER/WATERLOO","6144239","2024-02-01 05:00","2024","02","01","05:00","","1.0","","0.4","","96","","0.0","","23","","21","","6.4","","97.30","","","","","","Fog"
"-80.38","43.46","KITCHENER/WATERLOO","6144239","2024-02-01 06:00","2024","02","01","06:00","","0.9","","0.5","","97","","0.0","","23","","15","","4.8","","97.31","","","","","","Fog"
"-80.38","43.46","KITCHENER/WATERLOO","6144239","2024-02-01 07:00","2024","02","01","07:00","","0.9","","0.6","","98","","0.0","","22","","15","","3.6","","97.29","","","","","","Fog"
"-80.38","43.46","KITCHENER/WATERLOO","6144239","2024-02-01 08:00","2024","02","01","08:00","","1.1","","1.0","","99","","0.0","","24","","18","","2.8","","97.36","","","","","","Fog"
"-80.38","43.46","KITCHENER/WATERLOO","6144239","2024-02-01 09:00","2024","02","01","09:00","","1.3","","1.2","","99","","0.0","","24","","13","","2.4","","97.37","","","","","","Fog"
"-80.38","43.46","KITCHENER/WATERLOO","6144239","2024-02-01 10:00","2024","02","01","10:00","","1.3","","1.3","","100","","0.0","","23","","17","","2.0","","97.31","","","","","","Snow"
"-80.38","43.46","KITCHENER/WATERLOO","6144239","2024-02-01 11:00","2024","02","01","11:00","","1.5","","1.5","","100","","0.0","","23","","22","","2.0","","97.29","","","","","","Fog"
"-80.38","43.46","KITCHENER/WATERLOO","6144239","2024-02-01 12:00","2024","02","01","12:00","","1.7","","1.7","","100","","0.0","","25","","21","","1.6","","97.24","","","","","","Fog"
"-80.38","43.46","KITCHENER/WATERLOO","6144239","2024-02-01 13:00","2024","02","01","13:00","","2.1","","2.0","","99","","0.0","","24","","15","","2.8","","97.19","","","","","","Fog"
"-80.38","43.46","KITCHENER/WATERLOO","6144239","2024-02-01 14:00","2024","02","01","14:00","","2.4","","2.0","","97","","0.0","","26","","15","","4.8","","97.13","","","","","","Fog"
"-80.38","43.46","KITCHENER/WATERLOO","6144239","2024-02-01 15:00","2024","02","01","15:00","","2.5","","1.8","","95","","0.0","","25","","11","","8.1","","97.13","","","","","","Fog"
"-80.38","43.46","KITCHENER/WATERLOO","6144239","2024-02-01 16:00","2024","02","01","16:00","","2.5","","1.8","","95","","0.0","","26","","11","","6.4","","97.15","","","","","","Fog"
"-80.38","43.46","KITCHENER/WATERLOO","6144239","2024-02-01 17:00","2024","02","01","17:00","","2.5","","1.8","","95","","0.0","","27","","13","","16.1","","97.16","","","","","","NA"
"-80.38","43.46","KITCHENER/WATERLOO","6144239","2024-02-01 18:00","2024","02","01","18:00","","2.3","","1.6","","95","","0.0","","27","","13","","14.5","","97.20","","","","","","NA"
"-80.38","43.46","KITCHENER/WATERLOO","6144239","2024-02-01 19:00","2024","02","01","19:00","","2.0","","1.9","","99","","0.0","","29","","13","","2.4","","97.25","","","","","","Fog"
"-80.38","43.46","KITCHENER/WATERLOO","6144239","2024-02-01 20:00","2024","02","01","20:00","","1.9","","1.9","","100","","0.0","","29","","13","","1.2","","97.28","","","","","","Fog"
"-80.38","43.46","KITCHENER/WATERLOO","6144239","2024-02-01 21:00","2024","02","01","21:00","","1.7","","1.7","","100","","0.0","","30","","9","","1.0","","97.32","","","","","","Fog"
"-80.38","43.46","KITCHENER/WATERLOO","6144239","2024-02-01 22:00","2024","02","01","22:00","","1.6","","1.6","","100","","0.0","","32","","9","","0.8","","97.35","","","","","","Fog"
"-80.38","43.46","KITCHENER/WATERLOO","6144239","2024-02-01 23:00","2024","02","01","23:00","","1.6","","1.6","","100","","0.0","","32","","11","","3.6","","97.37","","","","","","Fog"
"-80.38","43.46","KITCHENER/WATERLOO","6144239","2024-02-02 00:00","2024","02","02","00:00","","1.8","","1.8","","100","","0.0","","34","","13","","14.5","","97.42","","","","","","NA"
"-80.38","43.46","KITCHENER/WATERLOO","6144239","2024-02-02 01:00","2024","02","02","01:00","","1.8","","1.1","","95","","0.0","","35","","13","","16.1","","97.44","","","","","","NA"
"-80.38","43.46","KITCHENER/WATERLOO","6144239","2024-02-02 02:00","2024","02","02","02:00","","1.6","","0.7","","94","","0.0","","35","","13","","16.1","","97.50","","","","","","NA"
"-80.38","43.46","KITCHENER/WATERLOO","6144239","2024-02-02 03:00","2024","02","02","03:00","","1.3","","0.1","","92","","0.0","","34","","13","","16.1","","97.55","","","","","","NA"
"-80.38","43.46","KITCHENER/WATERLOO","6144239","2024-02-02 04:00","2024","02","02","04:00","","0.7","","-0.6","","91","","0.0","","33","","15","","16.1","","97.61","","","","","","NA"
"-80.38","43.46","KITCHENER/WATERLOO","6144239","2024-02-02 05:00","2024","02","02","05:00","","-0.2","","-1.9","","88","","0.0","","34","","24","","16.1","","97.70","","","","-6","","NA"
"-80.38","43.46","KITCHENER/WATERLOO","6144239","2024-02-02 06:00","2024","02","02","06:00","","-0.9","","-3.0","","86","","0.0","","35","","18","","16.1","","97.77","","","","-6","","NA"
"-80.38","43.46","KITCHENER/WATERLOO","6144239","2024-02-02 07:00","2024","02","02","07:00","","-1.0","","-3.5","","83","","0.0","","34","","15","","16.1","","97.88","","","","-6","","NA"
"-80.38","43.46","KITCHENER/WATERLOO","6144239","2024-02-02 08:00","2024","02","02","08:00","","-1.9","","-4.1","","85","","0.0","","35","","18","","16.1","","97.95","","","","-7","","NA"
"-80.38","43.46","KITCHENER/WATERLOO","6144239","2024-02-02 09:00","2024","02","02","09:00","","-2.0","","-4.0","","86","","0.0","","36","","21","","16.1","","98.00","","","","-8","","NA"
"-80.38","43.46","KITCHENER/WATERLOO","6144239","2024-02-02 10:00","2024","02","02","10:00","","-1.8","","-3.9","","86","","0.0","","35","","22","","16.1","","98.07","","","","-8","","NA"
"-80.38","43.46","KITCHENER/WATERLOO","6144239","2024-02-02 11:00","2024","02","02","11:00","","-0.7","","-3.7","","80","","0.0","","2","","21","","16.1","","98.11","","","","-6","","NA"
"-80.38","43.46","KITCHENER/WATERLOO","6144239","2024-02-02 12:00","2024","02","02","12:00","","-0.6","","-3.5","","81","","0.0","","34","","17","","16.1","","98.11","","","","-6","","NA"
"-80.38","43.46","KITCHENER/WATERLOO","6144239","2024-02-02 13:00","2024","02","02","13:00","","-0.1","","-3.4","","79","","0.0","","1","","13","","16.1","","98.08","","","","-4","","NA"
"-80.38","43.46","KITCHENER/WATERLOO","6144239","2024-02-02 14:00","2024","02","02","14:00","","0.5","","-3.1","","77","","0.0","","33","","11","","16.1","","98.05","","","","","","NA"
"-80.38","43.46","KITCHENER/WATERLOO","6144239","2024-02-02 15:00","2024","02","02","15:00","","0.9","","-3.2","","74","","0.0","","33","","13","","16.1","","98.08","","","","","","NA"
"-80.38","43.46","KITCHENER/WATERLOO","6144239","2024-02-02 16:00","2024","02","02","16:00","","0.5","","-3.2","","76","","0.0","","34","","18","","16.1","","98.13","","","","","","NA"
"-80.38","43.46","KITCHENER/WATERLOO","6144239","2024-02-02 17:00","2024","02","02","17:00","","-0.7","","-3.7","","80","","0.0","","35","","13","","16.1","","98.18","","","","-5","","NA"
"-80.38","43.46","KITCHENER/WATERLOO","6144239","2024-02-02 18:00","2024","02","02","18:00","","-1.8","","-4.0","","85","","0.0","","35","","17","","16.1","","98.23","","","","-7","","NA"
"-80.38","43.46","KITCHENER/WATERLOO","6144239","2024-02-02 19:00","2024","02","02","19:00","","-2.2","","-4.2","","86","","0.0","","36","","9","","16.1","","98.28","","","","-6","","NA"
"-80.38","43.46","KITCHENER/WATERLOO","6144239","2024-02-02 20:00","2024","02","02","20:00","","-2.8","","-4.5","","88","","0.0","","1","","8","","16.1","","98.30","","","","-6","","NA"
"-80.38","43.46","KITCHENER/WATERLOO","6144239","2024-02-02 21:00","2024","02","02","21:00","","-2.2","","-4.2","","86","","0.0","","1","","11","","16.1","","98.33","","","","-6","","NA"
"-80.38","43.46","KITCHENER/WATERLOO","6144239","2024-02-02 22:00","2024","02","02","22:00","","-2.4","","-4.3","","87","","0.0","","2","","11","","16.1","","98.35","","","","-6","","NA"
"-80.38","43.46","KITCHENER/WATERLOO","6144239","2024-02-02 23:00","2024","02","02","23:00","","-2.9","","-4.8","","87","","0.0","","35","","8","","16.1","","98.34","","","","-6","","NA"
"-80.38","43.46","KITCHENER/WATERLOO","6144239","2024-02-03 00:00","2024","02","03","00:00","","-3.8","","-5.3","","90","","0.0","","35","","5","","16.1","","98.35","","","","-6","","NA"
"-80.38","43.46","KITCHENER/WATERLOO","6144239","2024-02-03 01:00","2024","02","03","01:00","","-4.8","","-5.3","","96","","0.0","","33","","5","","16.1","","98.33","","","","-7","","NA"
"-80.38","43.46","KITCHENER/WATERLOO","6144239","2024-02-03 02:00","2024","02","03","02:00","","-4.8","","-5.3","","96","","0.0","","34","","5","","16.1","","98.33","","","","-7","","NA"
"-80.38","43.46","KITCHENER/WATERLOO","6144239","2024-02-03 03:00","2024","02","03","03:00","","-6.5","","-7.0","","96","","0.0","","","M","4","","16.1","","98.30","","","","-8","","NA"
"-80.38","43.46","KITCHENER/WATERLOO","6144239","2024-02-03 04:00","2024","02","03","04:00","","-5.2","","-5.9","","95","","0.0","","35","","8","","16.1","","98.33","","","","-9","","NA"
"-80.38","43.46","KITCHENER/WATERLOO","6144239","2024-02-03 05:00","2024","02","03","05:00","","-5.5","","-6.3","","94","","0.0","","33","","8","","16.1","","98.34","","","","-9","","NA"
"-80.38","43.46","KITCHENER/WATERLOO","6144239","2024-02-03 06:00","2024","02","03","06:00","","-7.0","","-7.7","","95","","0.0","","31","","8","","16.1","","98.32","","","","-11","","NA"
"-80.38","43.46","KITCHENER/WATERLOO","6144239","2024-02-03 07:00","2024","02","03","07:00","","-6.3","","-6.7","","97","","0.0","","31","","5","","16.1","","98.37","","","","-9","","NA"
"-80.38","43.46","KITCHENER/WATERLOO","6144239","2024-02-03 08:00","2024","02","03","08:00","","-6.8","","-7.3","","96","","0.0","","31","","8","","16.1","","98.37","","","","-11","","NA"
"-80.38","43.46","KITCHENER/WATERLOO","6144239","2024-02-03 09:00","2024","02","03","09:00","","-4.8","","-5.6","","94","","0.0","","","M","4","","16.1","","98.38","","","","-7","","NA"
"-80.38","43.46","KITCHENER/WATERLOO","6144239","2024-02-03 10:00","2024","02","03","10:00","","-4.6","","-5.0","","97","","0.0","","","M","4","","11.3","","98.39","","","","-6","","NA"
"-80.38","43.46","KITCHENER/WATERLOO","6144239","2024-02-03 11:00","2024","02","03","11:00","","-2.8","","-3.5","","95","","0.0","","28","","8","","12.9","","98.38","","","","-6","","NA"
"-80.38","43.46","KITCHENER/WATERLOO","6144239","2024-02-03 12:00","2024","02","03","12:00","","-0.5","","-4.2","","76","","0.0","","32","","9","","16.1","","98.33","","","","-4","","NA"
"-80.38","43.46","KITCHENER/WATERLOO","6144239","2024-02-03 13:00","2024","02","03","13:00","","1.1","","-4.1","","68","","0.0","","","M","4","","16.1","","98.25","","","","","","NA"
"-80.38","43.46","KITCHENER/WATERLOO","6144239","2024-02-03 14:00","2024","02","03","14:00","","1.4","","-3.4","","71","","0.0","","3","","8","","16.1","","98.17","","","","","","NA"
"-80.38","43.46","KITCHENER/WATERLOO","6144239","2024-02-03 15:00","2024","02","03","15:00","","1.8","","-3.1","","70","","0.0","","35","","9","","16.1","","98.17","","","","","","NA"
"-80.38","43.46","KITCHENER/WATERLOO","6144239","2024-02-03 16:00","2024","02","03","16:00","","1.4","","-3.2","","72","","0.0","","29","","9","","16.1","","98.14","","","","","","NA"
"-80.38","43.46","KITCHENER/WATERLOO","6144239","2024-02-03 17:00","2024","02","03","17:00","","0.0","","-3.7","","76","","0.0","","32","","8","","16.1","","98.14","","","","-3","","NA"
"-80.38","43.46","KITCHENER/WATERLOO","6144239","2024-02-03 18:00","2024","02","03","18:00","","-1.8","","-4.2","","84","","0.0","","31","","8","","16.1","","98.15","","","","-5","","NA"
"-80.38","43.46","KITCHENER/WATERLOO","6144239","2024-02-03 19:00","2024","02","03","19:00","","-3.3","","-4.4","","92","","0.0","","30","","9","","16.1","","98.15","","","","-7","","NA"
"-80.38","43.46","KITCHENER/WATERLOO","6144239","2024-02-03 20:00","2024","02","03","20:00","","-3.1","","-4.1","","93","","0.0","","29","","8","","16.1","","98.16","","","","-6","","NA"
"-80.38","43.46","KITCHENER/WATERLOO","6144239","2024-02-03 21:00","2024","02","03","21:00","","-3.3","","-4.1","","94","","0.0","","31","","8","","16.1","","98.13","","","","-7","","NA"
"-80.38","43.46","KITCHENER/WATERLOO","6144239","2024-02-03 22:00","2024","02","03","22:00","","-4.2","","-4.8","","96","","0.0","","31","","8","","16.1","","98.09","","","","-8","","NA"
"-80.38","43.46","KITCHENER/WATERLOO","6144239","2024-02-03 23:00","2024","02","03","23:00","","-4.3","","-4.8","","96","","0.0","","31","","4","","16.1","","98.07","","","","-6","","NA"
"-80.38","43.46","KITCHENER/WATERLOO","6144239","2024-02-04 00:00","2024","02","04","00:00","","-4.8","","-5.0","","98","","0.0","","30","","4","","9.7","","98.05","","","","-7","","Fog"
"-80.38","43.46","KITCHENER/WATERLOO","6144239","2024-02-04 01:00","2024","02","04","01:00","","-5.8","","-5.9","","99","","0.0","","28","","4","","8.1","","98.04","","","","-8","","Fog"
"-80.38","43.46","KITCHENER/WATERLOO","6144239","2024-02-04 02:00","2024","02","04","02:00","","-5.5","","-5.6","","99","","0.0","","31","","4","","8.1","","98.02","","","","-7","","Fog"
"-80.38","43.46","KITCHENER/WATERLOO","6144239","2024-02-04 03:00","2024","02","04","03:00","","-7.2","","-7.5","","98","","0.0","","29","","5","","8.1","","97.99","","","","-10","","Fog"
"-80.38","43.46","KITCHENER/WATERLOO","6144239","2024-02-04 04:00","2024","02","04","04:00","","-6.3","","-6.7","","97","","0.0","","31","","4","","9.7","","97.97","","","","-8","","Fog"
"-80.38","43.46","KITCHENER/WATERLOO","6144239","2024-02-04 05:00","2024","02","04","05:00","","-6.9","","-7.3","","97","","0.0","","34","","4","","8.1","","97.95","","","","-9","","Fog"
"-80.38","43.46","KITCHENER/WATERLOO","6144239","2024-02-04 06:00","2024","02","04","06:00","","-8.3","","-9.0","","95","","0.0","","28","","8","","14.5","","97.96","","","","-12","","NA"
"-80.38","43.46","KITCHENER/WATERLOO","6144239","2024-02-04 07:00","2024","02","04","07:00","","-7.6","","-8.3","","95","","0.0","","30","","9","","16.1","","97.96","","","","-12","","NA"
"-80.38","43.46","KITCHENER/WATERLOO","6144239","2024-02-04 08:00","2024","02","04","08:00","","-6.9","","-7.6","","95","","0.0","","32","","4","","16.1","","97.98","","","","-9","","NA"
"-80.38","43.46","KITCHENER/WATERLOO","6144239","2024-02-04 09:00","2024","02","04","09:00","","-4.4","","-4.9","","96","","0.0","","34","","4","","16.1","","98.01","","","","-6","","NA"
"-80.38","43.46","KITCHENER/WATERLOO","6144239","2024-02-04 10:00","2024","02","04","10:00","","-1.7","","-3.6","","87","","0.0","","35","","13","","16.1","","98.00","","","","-6","","NA"
"-80.38","43.46","KITCHENER/WATERLOO","6144239","2024-02-04 11:00","2024","02","04","11:00","","-0.6","","-3.6","","81","","0.0","","34","","9","","16.1","","97.94","","","","-4","","NA"
"-80.38","43.46","KITCHENER/WATERLOO","6144239","2024-02-04 12:00","2024","02","04","12:00","","1.8","","-3.1","","70","","0.0","","31","","11","","16.1","","97.90","","","","","","NA"
"-80.38","43.46","KITCHENER/WATERLOO","6144239","2024-02-04 13:00","2024","02","04","13:00","","3.4","","-3.4","","61","","0.0","","29","","8","","16.1","","97.82","","","","","","NA"
"-80.38","43.46","KITCHENER/WATERLOO","6144239","2024-02-04 14:00","2024","02","04","14:00","","4.2","","-4.2","","55","","0.0","","32","","13","","16.1","","97.79","","","","","","NA"
"-80.38","43.46","KITCHENER/WATERLOO","6144239","2024-02-04 15:00","2024","02","04","15:00","","4.0","","-2.3","","63","","0.0","","30","","17","","16.1","","97.80","","","","","","NA"
"-80.38","43.46","KITCHENER/WATERLOO","6144239","2024-02-04 16:00","2024","02","04","16:00","","3.0","","-2.5","","67","","0.0","","33","","17","","16.1","","97.81","","","","","","NA"
"-80.38","43.46","KITCHENER/WATERLOO","6144239","2024-02-04 17:00","2024","02","04","17:00","","1.8","","-2.2","","75","","0.0","","32","","11","","16.1","","97.78","","","","","","NA"
"-80.38","43.46","KITCHENER/WATERLOO","6144239","2024-02-04 18:00","2024","02","04","18:00","","-0.4","","-2.4","","86","","0.0","","31","","11","","16.1","","97.82","","","","-4","","NA"
"-80.38","43.46","KITCHENER/WATERLOO","6144239","2024-02-04 19:00","2024","02","04","19:00","","-1.3","","-2.4","","92","","0.0","","31","","11","","16.1","","97.83","","","","-5","","NA"
"-80.38","43.46","KITCHENER/WATERLOO","6144239","2024-02-04 20:00","2024","02","04","20:00","","-1.5","","-2.6","","92","","0.0","","32","","11","","16.1","","97.82","","","","-5","","NA"
"-80.38","43.46","KITCHENER/WATERLOO","6144239","2024-02-04 21:00","2024","02","04","21:00","","-2.5","","-3.2","","95","","0.0","","31","","9","","16.1","","97.82","","","","-6","","NA"
"-80.38","43.46","KITCHENER/WATERLOO","6144239","2024-02-04 22:00","2024","02","04","22:00","","-2.8","","-3.2","","97","","0.0","","31","","8","","16.1","","97.82","","","","-6","","NA"
"-80.38","43.46","KITCHENER/WATERLOO","6144239","2024-02-04 23:00","2024","02","04","23:00","","-3.1","","-3.5","","97","","0.0","","33","","9","","14.5","","97.82","","","","-7","","NA"
"-80.38","43.46","KITCHENER/WATERLOO","6144239","2024-02-05 00:00","2024","02","05","00:00","","-3.3","","-3.7","","97","","0.0","","31","","8","","16.1","","97.82","","","","-7","","NA"
"-80.38","43.46","KITCHENER/WATERLOO","6144239","2024-02-05 01:00","2024","02","05","01:00","","-4.1","","-4.5","","97","","0.0","","32","","5","","16.1","","97.81","","","","-6","","NA"
"-80.38","43.46","KITCHENER/WATERLOO","6144239","2024-02-05 02:00","2024","02","05","02:00","","-4.8","","-5.2","","97","","0.0","","32","","4","","16.1","","97.79","","","","-7","","NA"
"-80.38","43.46","KITCHENER/WATERLOO","6144239","2024-02-05 03:00","2024","02","05","03:00","","-4.5","","-4.6","","99","","0.0","","31","","5","","16.1","","97.78","","","","-7","","NA"
"-80.38","43.46","KITCHENER/WATERLOO","6144239","2024-02-05 04:00","2024","02","05","04:00","","-3.5","","-4.2","","95","","0.0","","2","","5","","16.1","","97.79","","","","-6","","NA"
"-80.38","43.46","KITCHENER/WATERLOO","6144239","2024-02-05 05:00","2024","02","05","05:00","","-3.1","","-3.2","","99","","0.0","","1","","11","","4.0","","97.82","","","","-7","","Fog"
"-80.38","43.46","KITCHENER/WATERLOO","6144239","2024-02-05 06:00","2024","02","05","06:00","","-2.1","","-2.2","","99","","0.0","","1","","9","","16.1","","97.86","","","","-6","","NA"
"-80.38","43.46","KITCHENER/WATERLOO","6144239","2024-02-05 07:00","2024","02","05","07:00","","-2.8","","-3.2","","97","","0.0","","35","","8","","16.1","","97.92","","","","-6","","NA"
"-80.38","43.46","KITCHENER/WATERLOO","6144239","2024-02-05 08:00","2024","02","05","08:00","","-2.1","","-2.8","","95","","0.0","","36","","8","","16.1","","97.95","","","","-5","","NA"
"-80.38","43.46","KITCHENER/WATERLOO","6144239","2024-02-05 09:00","2024","02","05","09:00","","-0.6","","-2.2","","89","","0.0","","2","","5","","16.1","","98.00","","","","-2","","NA"
"-80.38","43.46","KITCHENER/WATERLOO","6144239","2024-02-05 10:00","2024","02","05","10:00","","-0.3","","-2.2","","87","","0.0","","5","","13","","16.1","","98.00","","","","-4","","NA"
"-80.38","43.46","KITCHENER/WATERLOO","6144239","2024-02-05 11:00","2024","02","05","11:00","","-0.2","","-2.6","","84","","0.0","","4","","13","","16.1","","98.04","","","","-4","","NA"
"-80.38","43.46","KITCHENER/WATERLOO","6144239","2024-02-05 12:00","2024","02","05","12:00","","-0.2","","-2.9","","82","","0.0","","6","","17","","16.1","","98.04","","","","-5","","NA"
"-80.38","43.46","KITCHENER/WATERLOO","6144239","2024-02-05 13:00","2024","02","05","13:00","","0.0","","-3.3","","79","","0.0","","5","","17","","16.1","","98.02","","","","-5","","NA"
"-80.38","43.46","KITCHENER/WATERLOO","6144239","2024-02-05 14:00","2024","02","05","14:00","","0.2","","-3.7","","75","","0.0","","3","","9","","16.1","","98.02","","","","","","NA"
"-80.38","43.46","KITCHENER/WATERLOO","6144239","2024-02-05 15:00","2024","02","05","15:00","","-0.1","","-4.4","","73","","0.0","","4","","11","","16.1","","98.04","","","","-4","","NA"
"-80.38","43.46","KITCHENER/WATERLOO","6144239","2024-02-05 16:00","2024","02","05","16:00","","0.0","","-4.5","","72","","0.0","","5","","11","","16.1","","98.04","","","","-4","","NA"
"-80.38","43.46","KITCHENER/WATERLOO","6144239","2024-02-05 17:00","2024","02","05","17:00","","-0.4","","-4.7","","73","","0.0","","3","","5","","16.1","","98.07","","","","-2","","NA"
"-80.38","43.46","KITCHENER/WATERLOO","6144239","2024-02-05 18:00","2024","02","05","18:00","","-1.2","","-4.6","","78","","0.0","","36","","4","","16.1","","98.14","","","","-3","","NA"
"-80.38","43.46","KITCHENER/WATERLOO","6144239","2024-02-05 19:00","2024","02","05","19:00","","-1.9","","-4.5","","82","","0.0","","36","","8","","16.1","","98.20","","","","-5","","NA"
"-80.38","43.46","KITCHENER/WATERLOO","6144239","2024-02-05 20:00","2024","02","05","20:00","","-2.7","","-4.6","","87","","0.0","","36","","8","","16.1","","98.25","","","","-6","","NA"
"-80.38","43.46","KITCHENER/WATERLOO","6144239","2024-02-05 21:00","2024","02","05","21:00","","-2.7","","-4.7","","86","","0.0","","1","","13","","16.1","","98.28","","","","-7","","NA"
"-80.38","43.46","KITCHENER/WATERLOO","6144239","2024-02-05 22:00","2024","02","05","22:00","","-3.9","","-5.3","","90","","0.0","","35","","5","","16.1","","98.30","","","","-6","","NA"
"-80.38","43.46","KITCHENER/WATERLOO","6144239","2024-02-05 23:00","2024","02","05","23:00","","-3.5","","-5.0","","89","","0.0","","1","","8","","16.1","","98.31","","","","-7","","NA"
"-80.38","43.46","KITCHENER/WATERLOO","6144239","2024-02-06 00:00","2024","02","06","00:00","","-5.7","","-6.5","","94","","0.0","","32","","5","","16.1","","98.32","","","","-8","","NA"
"-80.38","43.46","KITCHENER/WATERLOO","6144239","2024-02-06 01:00","2024","02","06","01:00","","-5.8","","-6.3","","96","","0.0","","32","","5","","16.1","","98.34","","","","-8","","NA"
"-80.38","43.46","KITCHENER/WATERLOO","6144239","2024-02-06 02:00","2024","02","06","02:00","","-6.8","","-7.1","","98","","0.0","","","","0","","9.7","","98.34","","","","","","Fog"
"-80.38","43.46","KITCHENER/WATERLOO","6144239","2024-02-06 03:00","2024","02","06","03:00","","-6.3","","-6.6","","98","","0.0","","","","0","","16.1","","98.34","","","","","","NA"
"-80.38","43.46","KITCHENER/WATERLOO","6144239","2024-02-06 04:00","2024","02","06","04:00","","-7.6","","-8.1","","96","","0.0","","36","","4","","16.1","","98.33","","","","-10","","NA"
"-80.38","43.46","KITCHENER/WATERLOO","6144239","2024-02-06 05:00","2024","02","06","05:00","","-7.4","","-7.8","","97","","0.0","","1","","4","","16.1","","98.39","","","","-9","","NA"
"-80.38","43.46","KITCHENER/WATERLOO","6144239","2024-02-06 06:00","2024","02","06","06:00","","-7.9","","-8.4","","96","","0.0","","29","","8","","16.1","","98.48","","","","-12","","NA"
"-80.38","43.46","KITCHENER/WATERLOO","6144239","2024-02-06 07:00","2024","02","06","07:00","","-7.9","","-8.4","","96","","0.0","","","","0","","16.1","","98.53","","","","","","NA"
"-80.38","43.46","KITCHENER/WATERLOO","6144239","2024-02-06 08:00","2024","02","06","08:00","","-7.8","","-8.3","","96","","0.0","","31","","4","","16.1","","98.56","","","","-10","","NA"
"-80.38","43.46","KITCHENER/WATERLOO","6144239","2024-02-06 09:00","2024","02","06","09:00","","-4.0","","-4.6","","96","","0.0","","","","0","","16.1","","98.61","","","","","","NA"
"-80.38","43.46","KITCHENER/WATERLOO","6144239","2024-02-06 10:00","2024","02","06","10:00","","-0.8","","-4.2","","78","","0.0","","8","","8","","16.1","","98.64","","","","-4","","NA"
"-80.38","43.46","KITCHENER/WATERLOO","6144239","2024-02-06 11:00","2024","02","06","11:00","","1.3","","-3.5","","71","","0.0","","","","0","","16.1","","98.71","","","","","","NA"
"-80.38","43.46","KITCHENER/WATERLOO","6144239","2024-02-06 12:00","2024","02","06","12:00","","2.1","","-4.2","","63","","0.0","","","M","4","","16.1","","98.63","","","","","","NA"
"-80.38","43.46","KITCHENER/WATERLOO","6144239","2024-02-06 13:00","2024","02","06","13:00","","3.1","","-4.7","","57","","0.0","","","M","4","","16.1","","98.59","","","","","","NA"
"-80.38","43.46","KITCHENER/WATERLOO","6144239","2024-02-06 14:00","2024","02","06","14:00","","4.1","","-4.4","","54","","0.0","","","M","11","","16.1","","98.51","","","","","","NA"
"-80.38","43.46","KITCHENER/WATERLOO","6144239","2024-02-06 15:00","2024","02","06","15:00","","4.3","","-5.8","","48","","0.0","","14","","11","","16.1","","98.44","","","","","","NA"
"-80.38","43.46","KITCHENER/WATERLOO","6144239","2024-02-06 16:00","2024","02","06","16:00","","4.6","","-5.8","","47","","0.0","","","M","4","","16.1","","98.48","","","","","","NA"
"-80.38","43.46","KITCHENER/WATERLOO","6144239","2024-02-06 17:00","2024","02","06","17:00","","3.5","","-5.1","","54","","0.0","","16","","8","","16.1","","98.50","","","","","","NA"
"-80.38","43.46","KITCHENER/WATERLOO","6144239","2024-02-06 18:00","2024","02","06","18:00","","0.6","","-5.2","","65","","0.0","","16","","5","","16.1","","98.55","","","","","","NA"
"-80.38","43.46","KITCHENER/WATERLOO","6144239","2024-02-06 19:00","2024","02","06","19:00","","-2.2","","-5.7","","77","","0.0","","13","","8","","16.1","","98.61","","","","-5","","NA"
"-80.38","43.46","KITCHENER/WATERLOO","6144239","2024-02-06 20:00","2024","02","06","20:00","","-3.0","","-5.0","","86","","0.0","","","","0","","16.1","","98.63","","","","","","NA"
"-80.38","43.46","KITCHENER/WATERLOO","6144239","2024-02-06 21:00","2024","02","06","21:00","","-3.8","","-5.8","","86","","0.0","","12","","4","","16.1","","98.63","","","","-5","","NA"
"-80.38","43.46","KITCHENER/WATERLOO","6144239","2024-02-06 22:00","2024","02","06","22:00","","-2.6","","-5.3","","82","","0.0","","11","","5","","16.1","","98.59","","","","-5","","NA"
"-80.38","43.46","KITCHENER/WATERLOO","6144239","2024-02-06 23:00","2024","02","06","23:00","","-3.4","","-4.4","","93","","0.0","","8","","4","","16.1","","98.60","","","","-5","","NA"
"-80.38","43.46","KITCHENER/WATERLOO","6144239","2024-02-07 00:00","2024","02","07","00:00","","-3.5","","-4.8","","91","","0.0","","10","","4","","16.1","","98.60","","","","-5","","NA"
"-80.38","43.46","KITCHENER/WATERLOO","6144239","2024-02-07 01:00","2024","02","07","01:00","","-4.3","","-5.6","","91","","0.0","","12","","8","","16.1","","98.52","","","","-8","","NA"
"-80.38","43.46","KITCHENER/WATERLOO","6144239","2024-02-07 02:00","2024","02","07","02:00","","-3.9","","-4.9","","93","","0.0","","7","","5","","16.1","","98.57","","","","-6","","NA"
"-80.38","43.46","KITCHENER/WATERLOO","6144239","2024-02-07 03:00","2024","02","07","03:00","","-3.6","","-4.3","","95","","0.0","","12","","4","","16.1","","98.48","","","","-5","","NA"
"-80.38","43.46","KITCHENER/WATERLOO","6144239","2024-02-07 04:00","2024","02","07","04:00","","-3.5","","-4.8","","91","","0.0","","3","","8","","16.1","","98.60","","","","-7","","NA"
"-80.38","43.46","KITCHENER/WATERLOO","6144239","2024-02-07 05:00","2024","02","07","05:00","","-5.5","","-6.5","","93","","0.0","","29","","5","","16.1","","98.60","","","","-8","","NA"
"-80.38","43.46","KITCHENER/WATERLOO","6144239","2024-02-07 06:00","2024","02","07","06:00","","-4.2","","-4.3","","99","","0.0","","","","0","","16.1","","98.63","","","","","","NA"
"-80.38","43.46","KITCHENER/WATERLOO","6144239","2024-02-07 07:00","2024","02","07","07:00","","-5.1","","-5.4","","98","","0.0","","","","0","","11.3","","98.66","","","","","","NA"
"-80.38","43.46","KITCHENER/WATERLOO","6144239","2024-02-07 08:00","2024","02","07","08:00","","-4.0","","-4.3","","98","","0.0","","","","0","","16.1","","98.73","","","","","","NA"
"-80.38","43.46","KITCHENER/WATERLOO","6144239","2024-02-07 09:00","2024","02","07","09:00","","-2.3","","-3.6","","91","","0.0","","","","0","","16.1","","98.74","","","","","","NA"
"-80.38","43.46","KITCHENER/WATERLOO","6144239","2024-02-07 10:00","2024","02","07","10:00","","-0.3","","-4.4","","74","","0.0","","13","","5","","16.1","","98.69","","","","-2","","NA"
"-80.38","43.46","KITCHENER/WATERLOO","6144239","2024-02-07 11:00","2024","02","07","11:00","","1.9","","-4.3","","64","","0.0","","","M","4","","16.1","","98.68","","","","","","NA"
"-80.38","43.46","KITCHENER/WATERLOO","6144239","2024-02-07 12:00","2024","02","07","12:00","","3.8","","-4.3","","56","","0.0","","18","","11","","16.1","","98.66","","","","","","NA"
"-80.38","43.46","KITCHENER/WATERLOO","6144239","2024-02-07 13:00","2024","02","07","13:00","","5.1","","-4.1","","51","","0.0","","17","","11","","16.1","","98.61","","","","","","NA"
"-80.38","43.46","KITCHENER/WATERLOO","6144239","2024-02-07 14:00","2024","02","07","14:00","","6.6","","-4.1","","46","","0.0","","","M","5","","16.1","","98.52","","","","","","NA"
"-80.38","43.46","KITCHENER/WATERLOO","6144239","2024-02-07 15:00","2024","02","07","15:00","","5.8","","-4.5","","47","","0.0","","17","","9","","16.1","","98.49","","","","","","NA"
"-80.38","43.46","KITCHENER/WATERLOO","6144239","2024-02-07 16:00","2024","02","07","16:00","","6.3","","-3.5","","49","","0.0","","19","","13","","16.1","","98.46","","","","","","NA"
"-80.38","43.46","KITCHENER/WATERLOO","6144239","2024-02-07 17:00","2024","02","07","17:00","","5.4","","-3.7","","52","","0.0","","17","","11","","16.1","","98.43","","","","","","NA"
"-80.38","43.46","KITCHENER/WATERLOO","6144239","2024-02-07 18:00","2024","02","07","18:00","","3.7","","-3.6","","59","","0.0","","17","","8","","16.1","","98.46","","","","","","NA"
"-80.38","43.46","KITCHENER/WATERLOO","6144239","2024-02-07 19:00","2024","02","07","19:00","","2.8","","-3.1","","65","","0.0","","13","","8","","16.1","","98.51","","","","","","NA"
"-80.38","43.46","KITCHENER/WATERLOO","6144239","2024-02-07 20:00","2024","02","07","20:00","","1.1","","-2.3","","78","","0.0","","12","","9","","16.1","","98.46","","","","","","NA"
"-80.38","43.46","KITCHENER/WATERLOO","6144239","2024-02-07 21:00","2024","02","07","21:00","","0.1","","-2.6","","82","","0.0","","13","","8","","16.1","","98.46","","","","","","NA"
"-80.38","43.46","KITCHENER/WATERLOO","6144239","2024-02-07 22:00","2024","02","07","22:00","","-1.8","","-4.2","","84","","0.0","","8","","8","","16.1","","98.49","","","","-5","","NA"
"-80.38","43.46","KITCHENER/WATERLOO","6144239","2024-02-07 23:00","2024","02","07","23:00","","-2.3","","-3.5","","92","","0.0","","","","0","","16.1","","98.51","","","","","","NA"
"-80.38","43.46","KITCHENER/WATERLOO","6144239","2024-02-08 00:00","2024","02","08","00:00","","-1.4","","-3.3","","87","","0.0","","12","","4","","16.1","","98.45","","","","-3","","NA"
"-80.38","43.46","KITCHENER/WATERLOO","6144239","2024-02-08 01:00","2024","02","08","01:00","","-1.7","","-3.1","","90","","0.0","","8","","5","","16.1","","98.43","","","","-4","","NA"
"-80.38","43.46","KITCHENER/WATERLOO","6144239","2024-02-08 02:00","2024","02","08","02:00","","-1.9","","-2.9","","93","","0.0","","6","","4","","16.1","","98.38","","","","-3","","NA"
"-80.38","43.46","KITCHENER/WATERLOO","6144239","2024-02-08 03:00","2024","02","08","03:00","","-2.1","","-3.4","","91","","0.0","","","","0","","16.1","","98.37","","","","","","NA"
"-80.38","43.46","KITCHENER/WATERLOO","6144239","2024-02-08 04:00","2024","02","08","04:00","","-3.4","","-3.6","","99","","0.0","","7","","5","","12.9","","98.34","","","","-5","","NA"
"-80.38","43.46","KITCHENER/WATERLOO","6144239","2024-02-08 05:00","2024","02","08","05:00","","-3.2","","-3.7","","96","","0.0","","3","","5","","16.1","","98.34","","","","-5","","NA"
"-80.38","43.46","KITCHENER/WATERLOO","6144239","2024-02-08 06:00","2024","02","08","06:00","","-2.8","","-4.0","","92","","0.0","","7","","9","","16.1","","98.31","","","","-6","","NA"
"-80.38","43.46","KITCHENER/WATERLOO","6144239","2024-02-08 07:00","2024","02","08","07:00","","-4.0","","-5.0","","93","","0.0","","10","","5","","16.1","","98.29","","","","-6","","NA"
"-80.38","43.46","KITCHENER/WATERLOO","6144239","2024-02-08 08:00","2024","02","08","08:00","","-2.3","","-3.4","","93","","0.0","","8","","4","","16.1","","98.31","","","","-4","","NA"
"-80.38","43.46","KITCHENER/WATERLOO","6144239","2024-02-08 09:00","2024","02","08","09:00","","-0.5","","-1.8","","91","","0.0","","8","","5","","16.1","","98.32","","","","-2","","NA"
"-80.38","43.46","KITCHENER/WATERLOO","6144239","2024-02-08 10:00","2024","02","08","10:00","","1.1","","-1.2","","85","","0.0","","10","","8","","16.1","","98.27","","","","","","NA"
"-80.38","43.46","KITCHENER/WATERLOO","6144239","2024-02-08 11:00","2024","02","08","11:00","","2.5","","-1.5","","75","","0.0","","13","","13","","16.1","","98.16","","","","","","NA"
"-80.38","43.46","KITCHENER/WATERLOO","6144239","2024-02-08 12:00","2024","02","08","12:00","","5.2","","-2.3","","58","","0.0","","15","","17","","16.1","","98.12","","","","","","NA"
"-80.38","43.46","KITCHENER/WATERLOO","6144239","2024-02-08 13:00","2024","02","08","13:00","","6.8","","-1.6","","55","","0.0","","15","","15","","16.1","","98.01","","","","","","NA"
"-80.38","43.46","KITCHENER/WATERLOO","6144239","2024-02-08 14:00","2024","02","08","14:00","","7.9","","-2.2","","49","","0.0","","16","","15","","16.1","","97.93","","","","","","NA"
"-80.38","43.46","KITCHENER/WATERLOO","6144239","2024-02-08 15:00","2024","02","08","15:00","","7.3","","-1.1","","55","","0.0","","15","","17","","16.1","","97.86","","","","","","NA"
"-80.38","43.46","KITCHENER/WATERLOO","6144239","2024-02-08 16:00","2024","02","08","16:00","","6.9","","-0.7","","58","","0.0","","15","","18","","16.1","","97.79","","","","","","NA"
"-80.38","43.46","KITCHENER/WATERLOO","6144239","2024-02-08 17:00","2024","02","08","17:00","","6.0","","-0.5","","63","","0.0","","13","","17","","16.1","","97.69","","","","","","NA"
"-80.38","43.46","KITCHENER/WATERLOO","6144239","2024-02-08 18:00","2024","02","08","18:00","","4.1","","-1.3","","68","","0.0","","11","","9","","16.1","","97.63","","","","","","NA"
"-80.38","43.46","KITCHENER/WATERLOO","6144239","2024-02-08 19:00","2024","02","08","19:00","","2.3","","-1.9","","74","","0.0","","10","","13","","16.1","","97.64","","","","","","NA"
"-80.38","43.46","KITCHENER/WATERLOO","6144239","2024-02-08 20:00","2024","02","08","20:00","","1.0","","-2.4","","78","","0.0","","11","","11","","16.1","","97.60","","","","","","NA"
"-80.38","43.46","KITCHENER/WATERLOO","6144239","2024-02-08 21:00","2024","02","08","21:00","","1.6","","-2.2","","76","","0.0","","16","","5","","16.1","","97.50","","","","","","NA"
"-80.38","43.46","KITCHENER/WATERLOO","6144239","2024-02-08 22:00","2024","02","08","22:00","","2.7","","-2.1","","71","","0.0","","16","","9","","16.1","","97.42","","","","","","NA"
"-80.38","43.46","KITCHENER/WATERLOO","6144239","2024-02-08 23:00","2024","02","08","23:00","","4.1","","-2.1","","64","","0.0","","15","","11","","16.1","","97.34","","","","","","NA"
"-80.38","43.46","KITCHENER/WATERLOO","6144239","2024-02-09 00:00","2024","02","09","00:00","","4.5","","-1.6","","65","","0.0","","20","","9","","16.1","","97.35","","","","","","NA"
"-80.38","43.46","KITCHENER/WATERLOO","6144239","2024-02-09 01:00","2024","02","09","01:00","","5.1","","1.6","","78","","0.8","","17","","15","","16.1","","97.27","","","","","","Rain"
"-80.38","43.46","KITCHENER/WATERLOO","6144239","2024-02-09 02:00","2024","02","09","02:00","","5.8","","2.8","","81","","0.0","","16","","15","","16.1","","97.18","","","","","","NA"
"-80.38","43.46","KITCHENER/WATERLOO","6144239","2024-02-09 03:00","2024","02","09","03:00","","5.4","","1.9","","78","","0.0","","17","","17","","16.1","","97.17","","","","","","NA"
"-80.38","43.46","KITCHENER/WATERLOO","6144239","2024-02-09 04:00","2024","02","09","04:00","","4.9","","0.9","","75","","0.0","","17","","15","","16.1","","97.14","","","","","","NA"
"-80.38","43.46","KITCHENER/WATERLOO","6144239","2024-02-09 05:00","2024","02","09","05:00","","5.6","","0.8","","71","","0.0","","19","","17","","16.1","","97.12","","","","","","NA"
"-80.38","43.46","KITCHENER/WATERLOO","6144239","2024-02-09 06:00","2024","02","09","06:00","","6.0","","1.9","","75","","0.0","","20","","17","","16.1","","97.13","","","","","","NA"
"-80.38","43.46","KITCHENER/WATERLOO","6144239","2024-02-09 07:00","2024","02","09","07:00","","7.7","","3.6","","75","","0.0","","19","","18","","16.1","","97.11","","","","","","NA"
"-80.38","43.46","KITCHENER/WATERLOO","6144239","2024-02-09 08:00","2024","02","09","08:00","","8.4","","4.6","","77","","0.0","","20","","17","","16.1","","97.16","","","","","","NA"
"-80.38","43.46","KITCHENER/WATERLOO","6144239","2024-02-09 09:00","2024","02","09","09:00","","9.0","","5.2","","77","","0.0","","21","","24","","16.1","","97.16","","","","","","NA"
"-80.38","43.46","KITCHENER/WATERLOO","6144239","2024-02-09 10:00","2024","02","09","10:00","","10.3","","6.2","","76","","0.0","","22","","22","","16.1","","97.14","","","","","","NA"
"-80.38","43.46","KITCHENER/WATERLOO","6144239","2024-02-09 11:00","2024","02","09","11:00","","11.6","","7.3","","75","","0.0","","21","","28","","16.1","","97.11","","","","","","NA"
"-80.38","43.46","KITCHENER/WATERLOO","6144239","2024-02-09 12:00","2024","02","09","12:00","","11.6","","6.9","","73","","0.0","","22","","35","","16.1","","97.09","","","","","","NA"
"-80.38","43.46","KITCHENER/WATERLOO","6144239","2024-02-09 13:00","2024","02","09","13:00","","12.7","","7.2","","69","","0.0","","21","","34","","16.1","","97.01","","","","","","NA"
"-80.38","43.46","KITCHENER/WATERLOO","6144239","2024-02-09 14:00","2024","02","09","14:00","","13.6","","7.1","","65","","0.0","","20","","35","","16.1","","96.93","","","","","","NA"
"-80.38","43.46","KITCHENER/WATERLOO","6144239","2024-02-09 15:00","2024","02","09","15:00","","13.9","","6.6","","61","","0.0","","21","","43","","16.1","","96.89","","","","","","NA"
"-80.38","43.46","KITCHENER/WATERLOO","6144239","2024-02-09 16:00","2024","02","09","16:00","","12.8","","7.1","","68","","0.0","","20","","34","","16.1","","96.88","","","","","","NA"
"-80.38","43.46","KITCHENER/WATERLOO","6144239","2024-02-09 17:00","2024","02","09","17:00","","12.4","","7.4","","71","","0.0","","21","","30","","16.1","","96.84","","","","","","NA"
"-80.38","43.46","KITCHENER/WATERLOO","6144239","2024-02-09 18:00","2024","02","09","18:00","","11.6","","6.8","","72","","0.0","","21","","28","","16.1","","96.87","","","","","","NA"
"-80.38","43.46","KITCHENER/WATERLOO","6144239","2024-02-09 19:00","2024","02","09","19:00","","11.9","","6.3","","68","","0.0","","22","","28","","16.1","","96.88","","","","","","NA"
"-80.38","43.46","KITCHENER/WATERLOO","6144239","2024-02-09 20:00","2024","02","09","20:00","","11.8","","6.3","","69","","0.0","","22","","32","","16.1","","96.87","","","","","","NA"
"-80.38","43.46","KITCHENER/WATERLOO","6144239","2024-02-09 21:00","2024","02","09","21:00","","11.6","","6.4","","70","","0.0","","23","","26","","16.1","","96.88","","","","","","NA"
"-80.38","43.46","KITCHENER/WATERLOO","6144239","2024-02-09 22:00","2024","02","09","22:00","","10.6","","6.4","","75","","0.0","","23","","24","","16.1","","96.89","","","","","","NA"
"-80.38","43.46","KITCHENER/WATERLOO","6144239","2024-02-09 23:00","2024","02","09","23:00","","9.6","","6.5","","81","","0.0","","22","","22","","16.1","","96.90","","","","","","NA"
"-80.38","43.46","KITCHENER/WATERLOO","6144239","2024-02-10 00:00","2024","02","10","00:00","","9.6","","6.4","","80","","0.0","","21","","21","","16.1","","96.87","","","","","","NA"
"-80.38","43.46","KITCHENER/WATERLOO","6144239","2024-02-10 01:00","2024","02","10","01:00","","9.5","","6.6","","82","","0.0","","24","","21","","16.1","","96.83","","","","","","NA"
"-80.38","43.46","KITCHENER/WATERLOO","6144239","2024-02-10 02:00","2024","02","10","02:00","","7.3","","6.0","","91","","0.0","","21","","11","","16.1","","96.85","","","","","","NA"
"-80.38","43.46","KITCHENER/WATERLOO","6144239","2024-02-10 03:00","2024","02","10","03:00","","6.2","","5.6","","96","","0.0","","19","","9","","16.1","","96.87","","","","","","NA"
"-80.38","43.46","KITCHENER/WATERLOO","6144239","2024-02-10 04:00","2024","02","10","04:00","","2.9","","2.8","","99","","0.0","","20","","4","","2.4","","96.84","","","","","","Fog"
"-80.38","43.46","KITCHENER/WATERLOO","6144239","2024-02-10 05:00","2024","02","10","05:00","","2.6","","2.6","","100","","0.0","","24","","8","","0.4","","96.86","","","","","","Fog"
"-80.38","43.46","KITCHENER/WATERLOO","6144239","2024-02-10 06:00","2024","02","10","06:00","","3.2","","3.2","","100","","0.0","","26","","13","","16.1","","96.88","","","","","","NA"
"-80.38","43.46","KITCHENER/WATERLOO","6144239","2024-02-10 07:00","2024","02","10","07:00","","3.1","","1.6","","90","","0.0","","27","","13","","16.1","","96.91","","","","","","NA"
"-80.38","43.46","KITCHENER/WATERLOO","6144239","2024-02-10 08:00","2024","02","10","08:00","","3.2","","0.9","","85","","0.0","","27","","18","","16.1","","96.95","","","","","","NA"
"-80.38","43.46","KITCHENER/WATERLOO","6144239","2024-02-10 09:00","2024","02","10","09:00","","3.7","","0.8","","81","","0.0","","28","","24","","16.1","","97.02","","","","","","NA"
"-80.38","43.46","KITCHENER/WATERLOO","6144239","2024-02-10 10:00","2024","02","10","10:00","","3.9","","0.0","","76","","0.0","","29","","28","","16.1","","97.03","","","","","","NA"
"-80.38","43.46","KITCHENER/WATERLOO","6144239","2024-02-10 11:00","2024","02","10","11:00","","4.2","","-0.2","","73","","0.0","","28","","28","","16.1","","97.07","","","","","","NA"
"-80.38","43.46","KITCHENER/WATERLOO","6144239","2024-02-10 12:00","2024","02","10","12:00","","5.1","","-0.4","","68","","0.0","","29","","32","","16.1","","97.06","","","","","","NA"
"-80.38","43.46","KITCHENER/WATERLOO","6144239","2024-02-10 13:00","2024","02","10","13:00","","4.4","","-1.4","","66","","0.0","","30","","30","","16.1","","97.05","","","","","","NA"
"-80.38","43.46","KITCHENER/WATERLOO","6144239","2024-02-10 14:00","2024","02","10","14:00","","4.8","","-1.2","","65","","0.0","","28","","32","","16.1","","97.06","","","","","","NA"
"-80.38","43.46","KITCHENER/WATERLOO","6144239","2024-02-10 15:00","2024","02","10","15:00","","4.1","","-1.5","","67","","0.0","","27","","30","","16.1","","97.10","","","","","","NA"
"-80.38","43.46","KITCHENER/WATERLOO","6144239","2024-02-10 16:00","2024","02","10","16:00","","3.7","","-1.6","","68","","0.0","","27","","22","","16.1","","97.17","","","","","","NA"
"-80.38","43.46","KITCHENER/WATERLOO","6144239","2024-02-10 17:00","2024","02","10","17:00","","3.0","","-1.9","","70","","0.0","","28","","28","","16.1","","97.24","","","","","","NA"
"-80.38","43.46","KITCHENER/WATERLOO","6144239","2024-02-10 18:00","2024","02","10","18:00","","2.8","","-1.6","","73","","0.0","","28","","26","","16.1","","97.30","","","","","","NA"
"-80.38","43.46","KITCHENER/WATERLOO","6144239","2024-02-10 19:00","2024","02","10","19:00","","2.1","","-2.0","","74","","0.0","","28","","15","","16.1","","97.40","","","","","","NA"
"-80.38","43.46","KITCHENER/WATERLOO","6144239","2024-02-10 20:00","2024","02","10","20:00","","2.2","","-1.8","","75","","0.0","","27","","15","","16.1","","97.44","","","","","","NA"
"-80.38","43.46","KITCHENER/WATERLOO","6144239","2024-02-10 21:00","2024","02","10","21:00","","1.9","","-1.7","","77","","0.0","","29","","22","","16.1","","97.47","","","","","","NA"
"-80.38","43.46","KITCHENER/WATERLOO","6144239","2024-02-10 22:00","2024","02","10","22:00","","1.3","","-2.3","","77","","0.0","","30","","30","","16.1","","97.51","","","","","","NA"
"-80.38","43.46","KITCHENER/WATERLOO","6144239","2024-02-10 23:00","2024","02","10","23:00","","1.1","","-2.7","","76","","0.0","","28","","21","","16.1","","97.56","","","","","","NA"
"-80.38","43.46","KITCHENER/WATERLOO","6144239","2024-02-11 00:00","2024","02","11","00:00","","0.7","","-2.4","","80","","0.0","","29","","21","","16.1","","97.56","","","","","","NA"
"-80.38","43.46","KITCHENER/WATERLOO","6144239","2024-02-11 01:00","2024","02","11","01:00","","0.7","","-2.4","","80","","0.0","","27","","15","","16.1","","97.59","","","","","","NA"
"-80.38","43.46","KITCHENER/WATERLOO","6144239","2024-02-11 02:00","2024","02","11","02:00","","0.3","","-1.8","","86","","0.0","","30","","11","","16.1","","97.61","","","","","","NA"
"-80.38","43.46","KITCHENER/WATERLOO","6144239","2024-02-11 03:00","2024","02","11","03:00","","-0.5","","-2.7","","85","","0.0","","31","","26","","16.1","","97.66","","","","-7","","Snow"
"-80.38","43.46","KITCHENER/WATERLOO","6144239","2024-02-11 04:00","2024","02","11","04:00","","-0.4","","-4.2","","75","","0.0","","30","","17","","16.1","","97.64","","","","-5","","NA"
"-80.38","43.46","KITCHENER/WATERLOO","6144239","2024-02-11 05:00","2024","02","11","05:00","","-0.9","","-4.1","","79","","0.0","","30","","17","","16.1","","97.64","","","","-6","","NA"
"-80.38","43.46","KITCHENER/WATERLOO","6144239","2024-02-11 06:00","2024","02","11","06:00","","-0.8","","-4.3","","77","","0.0","","29","","13","","16.1","","97.66","","","","-5","","NA"
"-80.38","43.46","KITCHENER/WATERLOO","6144239","2024-02-11 07:00","2024","02","11","07:00","","-0.8","","-4.2","","78","","0.0","","30","","13","","16.1","","97.69","","","","-5","","NA"
"-80.38","43.46","KITCHENER/WATERLOO","6144239","2024-02-11 08:00","2024","02","11","08:00","","-0.9","","-4.9","","75","","0.0","","30","","15","","16.1","","97.74","","","","-6","","NA"
"-80.38","43.46","KITCHENER/WATERLOO","6144239","2024-02-11 09:00","2024","02","11","09:00","","-0.9","","-4.6","","76","","0.0","","30","","13","","16.1","","97.76","","","","-5","","NA"
"-80.38","43.46","KITCHENER/WATERLOO","6144239","2024-02-11 10:00","2024","02","11","10:00","","-0.6","","-4.4","","76","","0.0","","27","","15","","16.1","","97.82","","","","-5","","NA"
"-80.38","43.46","KITCHENER/WATERLOO","6144239","2024-02-11 11:00","2024","02","11","11:00","","-0.3","","-4.6","","73","","0.0","","28","","17","","16.1","","97.81","","","","-5","","NA"
"-80.38","43.46","KITCHENER/WATERLOO","6144239","2024-02-11 12:00","2024","02","11","12:00","","0.1","","-4.4","","72","","0.0","","29","","18","","16.1","","97.76","","","","","","NA"
"-80.38","43.46","KITCHENER/WATERLOO","6144239","2024-02-11 13:00","2024","02","11","13:00","","0.2","","-4.3","","72","","0.0","","27","","13","","16.1","","97.70","","","","","","NA"
"-80.38","43.46","KITCHENER/WATERLOO","6144239","2024-02-11 14:00","2024","02","11","14:00","","0.4","","-4.3","","71","","0.0","","25","","9","","16.1","","97.67","","","","","","NA"
"-80.38","43.46","KITCHENER/WATERLOO","6144239","2024-02-11 15:00","2024","02","11","15:00","","0.3","","-4.4","","71","","0.0","","30","","11","","16.1","","97.67","","","","","","NA"
"-80.38","43.46","KITCHENER/WATERLOO","6144239","2024-02-11 16:00","2024","02","11","16:00","","0.3","","-4.0","","73","","0.0","","25","","13","","16.1","","97.60","","","","","","NA"
"-80.38","43.46","KITCHENER/WATERLOO","6144239","2024-02-11 17:00","2024","02","11","17:00","","-0.1","","-4.2","","74","","0.0","","29","","15","","16.1","","97.63","","","","-5","","NA"
"-80.38","43.46","KITCHENER/WATERLOO","6144239","2024-02-11 18:00","2024","02","11","18:00","","-0.3","","-4.0","","76","","0.0","","25","","13","","16.1","","97.64","","","","-4","","NA"
"-80.38","43.46","KITCHENER/WATERLOO","6144239","2024-02-11 19:00","2024","02","11","19:00","","-0.3","","-3.9","","77","","0.0","","30","","15","","16.1","","97.66","","","","-5","","NA"
"-80.38","43.46","KITCHENER/WATERLOO","6144239","2024-02-11 20:00","2024","02","11","20:00","","-0.3","","-3.7","","78","","0.0","","29","","15","","16.1","","97.63","","","","-5","","NA"
"-80.38","43.46","KITCHENER/WATERLOO","6144239","2024-02-11 21:00","2024","02","11","21:00","","-0.9","","-3.9","","80","","0.0","","30","","15","","16.1","","97.61","","","","-6","","NA"
"-80.38","43.46","KITCHENER/WATERLOO","6144239","2024-02-11 22:00","2024","02","11","22:00","","-1.4","","-4.3","","81","","0.0","","30","","17","","16.1","","97.64","","","","-7","","NA"
"-80.38","43.46","KITCHENER/WATERLOO","6144239","2024-02-11 23:00","2024","02","11","23:00","","-1.5","","-4.4","","81","","0.0","","29","","9","","16.1","","97.60","","","","-5","","NA"
"-80.38","43.46","KITCHENER/WATERLOO","6144239","2024-02-12 00:00","2024","02","12","00:00","","-1.3","","-4.5","","79","","0.0","","27","","8","","16.1","","97.57","","","","-4","","NA"
"-80.38","43.46","KITCHENER/WATERLOO","6144239","2024-02-12 01:00","2024","02","12","01:00","","-1.1","","-4.6","","77","","0.0","","27","","13","","16.1","","97.54","","","","-5","","NA"
"-80.38","43.46","KITCHENER/WATERLOO","6144239","2024-02-12 02:00","2024","02","12","02:00","","-0.9","","-4.6","","76","","0.0","","22","","8","","16.1","","97.52","","","","-4","","NA"
"-80.38","43.46","KITCHENER/WATERLOO","6144239","2024-02-12 03:00","2024","02","12","03:00","","-0.7","","-4.2","","77","","0.0","","26","","9","","16.1","","97.53","","","","-4","","NA"
"-80.38","43.46","KITCHENER/WATERLOO","6144239","2024-02-12 04:00","2024","02","12","04:00","","-0.8","","-4.3","","77","","0.0","","29","","15","","16.1","","97.45","","","","-5","","NA"
"-80.38","43.46","KITCHENER/WATERLOO","6144239","2024-02-12 05:00","2024","02","12","05:00","","-0.7","","-4.8","","74","","0.0","","28","","11","","16.1","","97.48","","","","-4","","NA"
"-80.38","43.46","KITCHENER/WATERLOO","6144239","2024-02-12 06:00","2024","02","12","06:00","","-0.7","","-4.4","","76","","0.0","","29","","9","","16.1","","97.54","","","","-4","","NA"
"-80.38","43.46","KITCHENER/WATERLOO","6144239","2024-02-12 07:00","2024","02","12","07:00","","-0.7","","-5.1","","72","","0.0","","31","","8","","16.1","","97.48","","","","-4","","NA"
"-80.38","43.46","KITCHENER/WATERLOO","6144239","2024-02-12 08:00","2024","02","12","08:00","","-0.6","","-5.2","","71","","0.0","","25","","5","","16.1","","97.48","","","","-2","","NA"
"-80.38","43.46","KITCHENER/WATERLOO","6144239","2024-02-12 09:00","2024","02","12","09:00","","-0.2","","-5.6","","67","","0.0","","24","","9","","16.1","","97.52","","","","-3","","NA"
"-80.38","43.46","KITCHENER/WATERLOO","6144239","2024-02-12 10:00","2024","02","12","10:00","","0.4","","-7.2","","57","","0.0","","27","","15","","16.1","","97.43","","","","","","NA"
"-80.38","43.46","KITCHENER/WATERLOO","6144239","2024-02-12 11:00","2024","02","12","11:00","","1.1","","-7.2","","54","","0.0","","23","","9","","16.1","","97.46","","","","","","NA"
"-80.38","43.46","KITCHENER/WATERLOO","6144239","2024-02-12 12:00","2024","02","12","12:00","","2.3","","-6.9","","51","","0.0","","23","","15","","16.1","","97.41","","","","","","NA"
"-80.38","43.46","KITCHENER/WATERLOO","6144239","2024-02-12 13:00","2024","02","12","13:00","","1.9","","-7.5","","50","","0.0","","19","","5","","16.1","","97.26","","","","","","NA"
"-80.38","43.46","KITCHENER/WATERLOO","6144239","2024-02-12 14:00","2024","02","12","14:00","","2.0","","-7.6","","49","","0.0","","29","","13","","16.1","","97.22","","","","","","NA"
"-80.38","43.46","KITCHENER/WATERLOO","6144239","2024-02-12 15:00","2024","02","12","15:00","","1.5","","-6.8","","54","","0.0","","28","","8","","16.1","","97.28","","","","","","NA"
"-80.38","43.46","KITCHENER/WATERLOO","6144239","2024-02-12 16:00","2024","02","12","16:00","","2.7","","-7.8","","46","","0.0","","27","","8","","16.1","","97.21","","","","","","NA"
"-80.38","43.46","KITCHENER/WATERLOO","6144239","2024-02-12 17:00","2024","02","12","17:00","","1.9","","-7.2","","51","","0.0","","25","","9","","16.1","","97.21","","","","","","NA"
"-80.38","43.46","KITCHENER/WATERLOO","6144239","2024-02-12 18:00","2024","02","12","18:00","","-0.1","","-6.6","","62","","0.0","","30","","8","","16.1","","97.21","","","","-3","","NA"
"-80.38","43.46","KITCHENER/WATERLOO","6144239","2024-02-12 19:00","2024","02","12","19:00","","-1.1","","-6.8","","66","","0.0","","2","","8","","16.1","","97.14","","","","-4","","NA"
"-80.38","43.46","KITCHENER/WATERLOO","6144239","2024-02-12 20:00","2024","02","12","20:00","","-2.0","","-6.4","","72","","0.0","","6","","5","","16.1","","97.07","","","","-4","","NA"
"-80.38","43.46","KITCHENER/WATERLOO","6144239","2024-02-12 21:00","2024","02","12","21:00","","-2.8","","-6.2","","78","","0.0","","7","","5","","16.1","","97.02","","","","-5","","NA"
"-80.38","43.46","KITCHENER/WATERLOO","6144239","2024-02-12 22:00","2024","02","12","22:00","","-3.6","","-6.9","","78","","0.0","","13","","5","","16.1","","96.99","","","","-6","","NA"
"-80.38","43.46","KITCHENER/WATERLOO","6144239","2024-02-12 23:00","2024","02","12","23:00","","-4.7","","-6.5","","88","","0.0","","","","0","","16.1","","96.95","","","","","","NA"
"-80.38","43.46","KITCHENER/WATERLOO","6144239","2024-02-13 00:00","2024","02","13","00:00","","-4.6","","-6.0","","90","","0.0","","","","0","","16.1","","96.91","","","","","","NA"
"-80.38","43.46","KITCHENER/WATERLOO","6144239","2024-02-13 01:00","2024","02","13","01:00","","-5.4","","-6.5","","92","","0.0","","11","","5","","16.1","","96.87","","","","-8","","NA"
"-80.38","43.46","KITCHENER/WATERLOO","6144239","2024-02-13 02:00","2024","02","13","02:00","","-6.8","","-7.3","","97","","0.0","","","M","4","","12.9","","96.83","","","","-9","","NA"
"-80.38","43.46","KITCHENER/WATERLOO","6144239","2024-02-13 03:00","2024","02","13","03:00","","-7.0","","-7.1","","99","","0.0","","35","","4","","4.0","","96.83","","","","-9","","Fog"
"-80.38","43.46","KITCHENER/WATERLOO","6144239","2024-02-13 04:00","2024","02","13","04:00","","-5.8","","-6.2","","97","","0.0","","","","0","","16.1","","96.79","","","","","","NA"
"-80.38","43.46","KITCHENER/WATERLOO","6144239","2024-02-13 05:00","2024","02","13","05:00","","-3.8","","-4.8","","93","","0.0","","30","","11","","16.1","","96.80","","","","-8","","NA"
"-80.38","43.46","KITCHENER/WATERLOO","6144239","2024-02-13 06:00","2024","02","13","06:00","","-3.7","","-5.0","","91","","0.0","","29","","9","","16.1","","96.83","","","","-7","","NA"
"-80.38","43.46","KITCHENER/WATERLOO","6144239","2024-02-13 07:00","2024","02","13","07:00","","-3.0","","-4.4","","90","","0.0","","31","","4","","16.1","","96.84","","","","-5","","NA"
"-80.38","43.46","KITCHENER/WATERLOO","6144239","2024-02-13 08:00","2024","02","13","08:00","","-1.3","","-2.6","","91","","0.0","","30","","15","","16.1","","96.87","","","","-6","","NA"
"-80.38","43.46","KITCHENER/WATERLOO","6144239","2024-02-13 09:00","2024","02","13","09:00","","-0.2","","-2.4","","85","","0.0","","29","","24","","16.1","","96.90","","","","-6","","NA"
"-80.38","43.46","KITCHENER/WATERLOO","6144239","2024-02-13 10:00","2024","02","13","10:00","","-0.2","","-3.2","","80","","0.0","","28","","21","","16.1","","96.92","","","","-6","","NA"
"-80.38","43.46","KITCHENER/WATERLOO","6144239","2024-02-13 11:00","2024","02","13","11:00","","1.0","","-4.2","","68","","0.0","","29","","22","","16.1","","96.96","","","","","","NA"
"-80.38","43.46","KITCHENER/WATERLOO","6144239","2024-02-13 12:00","2024","02","13","12:00","","0.1","","-2.5","","83","","0.0","","31","","28","","11.3","","97.02","","","","","","Snow"
"-80.38","43.46","KITCHENER/WATERLOO","6144239","2024-02-13 13:00","2024","02","13","13:00","","2.3","","-7.0","","51","","0.0","","30","","34","","16.1","","96.98","","","","","","NA"
"-80.38","43.46","KITCHENER/WATERLOO","6144239","2024-02-13 14:00","2024","02","13","14:00","","1.7","","-7.3","","51","","0.0","","32","","35","","16.1","","97.00","","","","","","NA"
"-80.38","43.46","KITCHENER/WATERLOO","6144239","2024-02-13 15:00","2024","02","13","15:00","","1.5","","-7.4","","52","","0.0","","31","","26","","16.1","","97.07","","","","","","NA"
"-80.38","43.46","KITCHENER/WATERLOO","6144239","2024-02-13 16:00","2024","02","13","16:00","","-0.2","","-6.2","","64","","0.0","","31","","32","","16.1","","97.19","","","","-7","","NA"
"-80.38","43.46","KITCHENER/WATERLOO","6144239","2024-02-13 17:00","2024","02","13","17:00","","-1.9","","-7.2","","67","","0.0","","31","","22","","16.1","","97.30","","","","-8","","NA"
"-80.38","43.46","KITCHENER/WATERLOO","6144239","2024-02-13 18:00","2024","02","13","18:00","","-2.3","","-9.7","","57","","0.0","","32","","32","","16.1","","97.40","","","","-10","","NA"
"-80.38","43.46","KITCHENER/WATERLOO","6144239","2024-02-13 19:00","2024","02","13","19:00","","-2.9","","-8.6","","65","","0.0","","33","","28","","16.1","","97.50","","","","-10","","Rain,Snow"
"-80.38","43.46","KITCHENER/WATERLOO","6144239","2024-02-13 20:00","2024","02","13","20:00","","-3.3","","-8.4","","68","","0.0","","33","","26","","16.1","","97.57","","","","-10","","Snow"
"-80.38","43.46","KITCHENER/WATERLOO","6144239","2024-02-13 21:00","2024","02","13","21:00","","-4.0","","-10.2","","63","","0.0","","33","","24","","16.1","","97.63","","","","-11","","NA"
"-80.38","43.46","KITCHENER/WATERLOO","6144239","2024-02-13 22:00","2024","02","13","22:00","","-4.3","","-11.2","","59","","0.0","","32","","24","","16.1","","97.70","","","","-11","","NA"
"-80.38","43.46","KITCHENER/WATERLOO","6144239","2024-02-13 23:00","2024","02","13","23:00","","-4.8","","-12.3","","56","","0.0","","33","","21","","16.1","","97.76","","","","-11","","NA"
"-80.38","43.46","KITCHENER/WATERLOO","6144239","2024-02-14 00:00","2024","02","14","00:00","","-4.9","","-13.5","","51","","0.0","","32","","22","","16.1","","97.83","","","","-12","","NA"
"-80.38","43.46","KITCHENER/WATERLOO","6144239","2024-02-14 01:00","2024","02","14","01:00","","-5.3","","-14.2","","50","","0.0","","33","","17","","16.1","","97.89","","","","-11","","NA"
"-80.38","43.46","KITCHENER/WATERLOO","6144239","2024-02-14 02:00","2024","02","14","02:00","","-5.6","","-14.0","","52","","0.0","","32","","11","","16.1","","97.95","","","","-10","","NA"
"-80.38","43.46","KITCHENER/WATERLOO","6144239","2024-02-14 03:00","2024","02","14","03:00","","-7.0","","-13.7","","59","","0.0","","32","","13","","16.1","","97.99","","","","-13","","NA"
"-80.38","43.46","KITCHENER/WATERLOO","6144239","2024-02-14 04:00","2024","02","14","04:00","","-7.8","","-12.6","","69","","0.0","","32","","9","","16.1","","98.02","","","","-12","","NA"
"-80.38","43.46","KITCHENER/WATERLOO","6144239","2024-02-14 05:00","2024","02","14","05:00","","-8.1","","-11.8","","75","","0.0","","32","","9","","16.1","","98.12","","","","-13","","NA"
"-80.38","43.46","KITCHENER/WATERLOO","6144239","2024-02-14 06:00","2024","02","14","06:00","","-8.6","","-11.8","","78","","0.0","","33","","11","","16.1","","98.17","","","","-14","","NA"
"-80.38","43.46","KITCHENER/WATERLOO","6144239","2024-02-14 07:00","2024","02","14","07:00","","-9.2","","-11.9","","81","","0.0","","31","","11","","16.1","","98.25","","","","-15","","NA"
"-80.38","43.46","KITCHENER/WATERLOO","6144239","2024-02-14 08:00","2024","02","14","08:00","","-8.3","","-11.2","","80","","0.0","","35","","8","","16.1","","98.33","","","","-12","","NA"
"-80.38","43.46","KITCHENER/WATERLOO","6144239","2024-02-14 09:00","2024","02","14","09:00","","-6.0","","-11.6","","65","","0.0","","34","","17","","16.1","","98.38","","","","-12","","NA"
"-80.38","43.46","KITCHENER/WATERLOO","6144239","2024-02-14 10:00","2024","02","14","10:00","","-4.3","","-12.1","","55","","0.0","","33","","22","","16.1","","98.37","","","","-11","","NA"
"-80.38","43.46","KITCHENER/WATERLOO","6144239","2024-02-14 11:00","2024","02","14","11:00","","-3.5","","-11.4","","54","","0.0","","28","","21","","16.1","","98.40","","","","-10","","NA"
"-80.38","43.46","KITCHENER/WATERLOO","6144239","2024-02-14 12:00","2024","02","14","12:00","","-2.0","","-10.9","","51","","0.0","","29","","22","","16.1","","98.40","","","","-8","","NA"
"-80.38","43.46","KITCHENER/WATERLOO","6144239","2024-02-14 13:00","2024","02","14","13:00","","-2.7","","-11.3","","52","","0.0","","29","","26","","16.1","","98.40","","","","-10","","NA"
"-80.38","43.46","KITCHENER/WATERLOO","6144239","2024-02-14 14:00","2024","02","14","14:00","","-2.5","","-10.4","","55","","0.0","","31","","22","","16.1","","98.36","","","","-9","","Snow"
"-80.38","43.46","KITCHENER/WATERLOO","6144239","2024-02-14 15:00","2024","02","14","15:00","","-2.5","","-10.6","","54","","0.0","","29","","26","","16.1","","98.39","","","","-9","","NA"
"-80.38","43.46","KITCHENER/WATERLOO","6144239","2024-02-14 16:00","2024","02","14","16:00","","-2.8","","-9.3","","61","","0.0","","29","","13","","16.1","","98.38","","","","-7","","NA"
"-80.38","43.46","KITCHENER/WATERLOO","6144239","2024-02-14 17:00","2024","02","14","17:00","","-3.0","","-9.9","","59","","0.0","","29","","13","","16.1","","98.37","","","","-8","","NA"
"-80.38","43.46","KITCHENER/WATERLOO","6144239","2024-02-14 18:00","2024","02","14","18:00","","-3.2","","-8.8","","66","","0.0","","29","","17","","16.1","","98.38","","","","-9","","NA"
"-80.38","43.46","KITCHENER/WATERLOO","6144239","2024-02-14 19:00","2024","02","14","19:00","","-3.3","","-8.6","","67","","0.0","","29","","21","","16.1","","98.45","","","","-10","","NA"
"-80.38","43.46","KITCHENER/WATERLOO","6144239","2024-02-14 20:00","2024","02","14","20:00","","-3.4","","-9.5","","63","","0.0","","27","","15","","16.1","","98.44","","","","-9","","NA"
"-80.38","43.46","KITCHENER/WATERLOO","6144239","2024-02-14 21:00","2024","02","14","21:00","","-6.2","","-10.6","","71","","0.0","","27","","8","","16.1","","98.42","","","","-10","","NA"
"-80.38","43.46","KITCHENER/WATERLOO","6144239","2024-02-14 22:00","2024","02","14","22:00","","-6.3","","-10.0","","76","","0.0","","25","","8","","16.1","","98.46","","","","-10","","NA"
"-80.38","43.46","KITCHENER/WATERLOO","6144239","2024-02-14 23:00","2024","02","14","23:00","","-5.6","","-9.9","","72","","0.0","","","","0","","16.1","","98.44","","","","","","NA"
"-80.38","43.46","KITCHENER/WATERLOO","6144239","2024-02-15 00:00","2024","02","15","00:00","","-7.1","","-10.3","","78","","0.0","","9","","4","","16.1","","98.38","","","","-9","","NA"
"-80.38","43.46","KITCHENER/WATERLOO","6144239","2024-02-15 01:00","2024","02","15","01:00","","-8.8","","-10.2","","90","","0.0","","","","0","","16.1","","98.36","","","","","","NA"
"-80.38","43.46","KITCHENER/WATERLOO","6144239","2024-02-15 02:00","2024","02","15","02:00","","-8.8","","-10.3","","89","","0.0","","","","0","","16.1","","98.33","","","","","","NA"
"-80.38","43.46","KITCHENER/WATERLOO","6144239","2024-02-15 03:00","2024","02","15","03:00","","-8.0","","-10.0","","86","","0.0","","17","","4","","16.1","","98.29","","","","-10","","NA"
"-80.38","43.46","KITCHENER/WATERLOO","6144239","2024-02-15 04:00","2024","02","15","04:00","","-7.3","","-9.9","","82","","0.0","","19","","5","","16.1","","98.26","","","","-10","","NA"
"-80.38","43.46","KITCHENER/WATERLOO","6144239","2024-02-15 05:00","2024","02","15","05:00","","-6.1","","-9.3","","78","","0.0","","18","","8","","16.1","","98.22","","","","-10","","NA"
"-80.38","43.46","KITCHENER/WATERLOO","6144239","2024-02-15 06:00","2024","02","15","06:00","","-5.3","","-9.9","","70","","0.0","","17","","11","","16.1","","98.12","","","","-10","","NA"
"-80.38","43.46","KITCHENER/WATERLOO","6144239","2024-02-15 07:00","2024","02","15","07:00","","-4.9","","-9.0","","73","","0.0","","15","","11","","16.1","","97.94","","","","-9","","NA"
"-80.38","43.46","KITCHENER/WATERLOO","6144239","2024-02-15 08:00","2024","02","15","08:00","","-3.8","","-8.1","","72","","0.0","","15","","15","","16.1","","97.84","","","","-9","","NA"
"-80.38","43.46","KITCHENER/WATERLOO","6144239","2024-02-15 09:00","2024","02","15","09:00","","-3.2","","-8.3","","68","","0.0","","16","","22","","16.1","","97.74","","","","-10","","NA"
"-80.38","43.46","KITCHENER/WATERLOO","6144239","2024-02-15 10:00","2024","02","15","10:00","","-2.4","","-7.3","","69","","0.0","","15","","26","","16.1","","97.51","","","","-9","","NA"
"-80.38","43.46","KITCHENER/WATERLOO","6144239","2024-02-15 11:00","2024","02","15","11:00","","-2.1","","-5.8","","76","","0.0","","14","","28","","16.1","","97.25","","","","-9","","Snow"
"-80.38","43.46","KITCHENER/WATERLOO","6144239","2024-02-15 12:00","2024","02","15","12:00","","-1.7","","-6.0","","73","","0.0","","14","","18","","16.1","","97.06","","","","-7","","Snow"
"-80.38","43.46","KITCHENER/WATERLOO","6144239","2024-02-15 13:00","2024","02","15","13:00","","-2.4","","-4.4","","86","","0.0","","11","","24","","2.8","","96.68","","","","-9","","Snow"
"-80.38","43.46","KITCHENER/WATERLOO","6144239","2024-02-15 14:00","2024","02","15","14:00","","-2.7","","-3.4","","95","","1.2","","12","","13","","1.2","","96.60","","","","-7","","Snow"
"-80.38","43.46","KITCHENER/WATERLOO","6144239","2024-02-15 15:00","2024","02","15","15:00","","-2.5","","-3.3","","94","","1.2","","14","","8","","16.1","","96.49","","","","-6","","Snow"
"-80.38","43.46","KITCHENER/WATERLOO","6144239","2024-02-15 16:00","2024","02","15","16:00","","-2.1","","-2.4","","98","","0.0","","","M","5","","2.4","","96.50","","","","-4","","Snow"
"-80.38","43.46","KITCHENER/WATERLOO","6144239","2024-02-15 17:00","2024","02","15","17:00","","-0.7","","-1.8","","92","","0.0","","27","","26","","16.1","","96.56","","","","-7","","Snow"
"-80.38","43.46","KITCHENER/WATERLOO","6144239","2024-02-15 18:00","2024","02","15","18:00","","-0.6","","-3.5","","81","","0.0","","29","","35","","16.1","","96.67","","","","-8","","Snow"
"-80.38","43.46","KITCHENER/WATERLOO","6144239","2024-02-15 19:00","2024","02","15","19:00","","-0.5","","-2.7","","85","","0.0","","28","","30","","16.1","","96.81","","","","-7","","Snow"
"-80.38","43.46","KITCHENER/WATERLOO","6144239","2024-02-15 20:00","2024","02","15","20:00","","-0.3","","-4.2","","75","","0.0","","30","","39","","16.1","","96.87","","","","-8","","NA"
"-80.38","43.46","KITCHENER/WATERLOO","6144239","2024-02-15 21:00","2024","02","15","21:00","","-0.9","","-4.1","","79","","0.0","","29","","39","","16.1","","96.99","","","","-9","","Snow"
"-80.38","43.46","KITCHENER/WATERLOO","6144239","2024-02-15 22:00","2024","02","15","22:00","","-1.5","","-4.7","","79","","0.0","","29","","39","","16.1","","97.12","","","","-9","","Snow"
"-80.38","43.46","KITCHENER/WATERLOO","6144239","2024-02-15 23:00","2024","02","15","23:00","","-2.5","","-5.3","","81","","0.0","","28","","37","","16.1","","97.20","","","","-10","","Snow"
"-80.38","43.46","KITCHENER/WATERLOO","6144239","2024-02-16 00:00","2024","02","16","00:00","","-3.0","","-9.1","","63","","0.0","","30","","48","","16.1","","97.25","","","","-12","","NA"
"-80.38","43.46","KITCHENER/WATERLOO","6144239","2024-02-16 01:00","2024","02","16","01:00","","-3.7","","-8.8","","68","","0.0","","28","","34","","16.1","","97.34","","","","-12","","NA"
"-80.38","43.46","KITCHENER/WATERLOO","6144239","2024-02-16 02:00","2024","02","16","02:00","","-4.1","","-9.2","","68","","0.0","","29","","32","","16.1","","97.43","","","","-12","","NA"
"-80.38","43.46","KITCHENER/WATERLOO","6144239","2024-02-16 03:00","2024","02","16","03:00","","-4.6","","-9.5","","69","","0.0","","29","","28","","16.1","","97.53","","","","-12","","NA"
"-80.38","43.46","KITCHENER/WATERLOO","6144239","2024-02-16 04:00","2024","02","16","04:00","","-4.6","","-9.5","","69","","0.0","","29","","28","","16.1","","97.59","","","","-12","","NA"
"-80.38","43.46","KITCHENER/WATERLOO","6144239","2024-02-16 05:00","2024","02","16","05:00","","-4.3","","-10.1","","64","","0.0","","28","","34","","16.1","","97.63","","","","-13","","Snow"
"-80.38","43.46","KITCHENER/WATERLOO","6144239","2024-02-16 06:00","2024","02","16","06:00","","-4.0","","-9.2","","68","","0.0","","28","","26","","16.1","","97.68","","","","-11","","NA"
"-80.38","43.46","KITCHENER/WATERLOO","6144239","2024-02-16 07:00","2024","02","16","07:00","","-3.9","","-9.8","","64","","0.0","","28","","30","","16.1","","97.72","","","","-12","","Snow"
"-80.38","43.46","KITCHENER/WATERLOO","6144239","2024-02-16 08:00","2024","02","16","08:00","","-4.1","","-9.0","","69","","0.0","","28","","22","","16.1","","97.78","","","","-11","","Snow"
"-80.38","43.46","KITCHENER/WATERLOO","6144239","2024-02-16 09:00","2024","02","16","09:00","","-3.8","","-9.1","","67","","0.0","","28","","22","","16.1","","97.81","","","","-10","","NA"
"-80.38","43.46","KITCHENER/WATERLOO","6144239","2024-02-16 10:00","2024","02","16","10:00","","-3.4","","-8.9","","66","","0.0","","28","","24","","16.1","","97.82","","","","-10","","NA"
"-80.38","43.46","KITCHENER/WATERLOO","6144239","2024-02-16 11:00","2024","02","16","11:00","","-3.0","","-9.9","","59","","0.0","","27","","28","","16.1","","97.79","","","","-10","","NA"
"-80.38","43.46","KITCHENER/WATERLOO","6144239","2024-02-16 12:00","2024","02","16","12:00","","-2.8","","-9.2","","61","","0.0","","27","","32","","16.1","","97.75","","","","-10","","NA"
"-80.38","43.46","KITCHENER/WATERLOO","6144239","2024-02-16 13:00","2024","02","16","13:00","","-2.7","","-9.0","","62","","0.0","","28","","28","","16.1","","97.70","","","","-10","","NA"
"-80.38","43.46","KITCHENER/WATERLOO","6144239","2024-02-16 14:00","2024","02","16","14:00","","-3.3","","-9.8","","61","","0.0","","28","","26","","16.1","","97.65","","","","-10","","NA"
"-80.38","43.46","KITCHENER/WATERLOO","6144239","2024-02-16 15:00","2024","02","16","15:00","","-3.6","","-10.0","","61","","0.0","","28","","24","","16.1","","97.59","","","","-10","","Snow"
"-80.38","43.46","KITCHENER/WATERLOO","6144239","2024-02-16 16:00","2024","02","16","16:00","","-3.9","","-10.1","","63","","0.0","","29","","22","","16.1","","97.56","","","","-10","","Snow"
"-80.38","43.46","KITCHENER/WATERLOO","6144239","2024-02-16 17:00","2024","02","16","17:00","","-4.5","","-9.2","","70","","0.0","","29","","17","","16.1","","97.53","","","","-10","","Snow"
"-80.38","43.46","KITCHENER/WATERLOO","6144239","2024-02-16 18:00","2024","02","16","18:00","","-5.1","","-8.4","","78","","0.0","","29","","13","","16.1","","97.53","","","","-10","","Snow"
"-80.38","43.46","KITCHENER/WATERLOO","6144239","2024-02-16 19:00","2024","02","16","19:00","","-5.5","","-7.5","","86","","0.0","","28","","9","","6.4","","97.52","","","","-10","","Snow"
"-80.38","43.46","KITCHENER/WATERLOO","6144239","2024-02-16 20:00","2024","02","16","20:00","","-5.5","","-7.9","","83","","0.0","","28","","8","","16.1","","97.46","","","","-9","","Snow"
"-80.38","43.46","KITCHENER/WATERLOO","6144239","2024-02-16 21:00","2024","02","16","21:00","","-5.6","","-8.9","","78","","0.0","","29","","13","","16.1","","97.45","","","","-11","","Snow"
"-80.38","43.46","KITCHENER/WATERLOO","6144239","2024-02-16 22:00","2024","02","16","22:00","","-5.7","","-9.2","","77","","0.0","","29","","9","","16.1","","97.40","","","","-10","","NA"
"-80.38","43.46","KITCHENER/WATERLOO","6144239","2024-02-16 23:00","2024","02","16","23:00","","-5.9","","-9.3","","77","","0.0","","28","","5","","16.1","","97.36","","","","-8","","Snow"
"-80.38","43.46","KITCHENER/WATERLOO","6144239","2024-02-17 00:00","2024","02","17","00:00","","-6.2","","-8.5","","84","","0.0","","25","","9","","16.1","","97.29","","","","-10","","Snow"
"-80.38","43.46","KITCHENER/WATERLOO","6144239","2024-02-17 01:00","2024","02","17","01:00","","-6.1","","-8.9","","81","","0.0","","25","","9","","16.1","","97.25","","","","-10","","NA"
"-80.38","43.46","KITCHENER/WATERLOO","6144239","2024-02-17 02:00","2024","02","17","02:00","","-6.2","","-8.6","","83","","0.0","","24","","9","","16.1","","97.23","","","","-10","","Snow"
"-80.38","43.46","KITCHENER/WATERLOO","6144239","2024-02-17 03:00","2024","02","17","03:00","","-6.3","","-8.4","","85","","0.0","","24","","11","","16.1","","97.19","","","","-11","","Snow"
"-80.38","43.46","KITCHENER/WATERLOO","6144239","2024-02-17 04:00","2024","02","17","04:00","","-6.4","","-8.0","","89","","0.0","","24","","9","","6.4","","97.15","","","","-11","","Snow"
"-80.38","43.46","KITCHENER/WATERLOO","6144239","2024-02-17 05:00","2024","02","17","05:00","","-6.3","","-8.7","","83","","0.0","","29","","17","","16.1","","97.15","","","","-13","","Snow"
"-80.38","43.46","KITCHENER/WATERLOO","6144239","2024-02-17 06:00","2024","02","17","06:00","","-8.0","","-11.2","","78","","0.0","","33","","18","","16.1","","97.26","","","","-15","","Snow"
"-80.38","43.46","KITCHENER/WATERLOO","6144239","2024-02-17 07:00","2024","02","17","07:00","","-10.4","","-13.4","","79","","0.0","","31","","11","","16.1","","97.29","","","","-16","","NA"
"-80.38","43.46","KITCHENER/WATERLOO","6144239","2024-02-17 08:00","2024","02","17","08:00","","-9.6","","-12.3","","81","","0.0","","26","","11","","16.1","","97.34","","","","-15","","NA"
"-80.38","43.46","KITCHENER/WATERLOO","6144239","2024-02-17 09:00","2024","02","17","09:00","","-9.0","","-12.8","","74","","0.0","","28","","11","","16.1","","97.37","","","","-14","","NA"
"-80.38","43.46","KITCHENER/WATERLOO","6144239","2024-02-17 10:00","2024","02","17","10:00","","-7.1","","-12.5","","66","","0.0","","28","","30","","16.1","","97.36","","","","-16","","NA"
"-80.38","43.46","KITCHENER/WATERLOO","6144239","2024-02-17 11:00","2024","02","17","11:00","","-7.3","","-12.3","","68","","0.0","","30","","35","","16.1","","97.38","","","","-17","","Snow"
"-80.38","43.46","KITCHENER/WATERLOO","6144239","2024-02-17 12:00","2024","02","17","12:00","","-7.2","","-13.1","","63","","0.0","","30","","24","","16.1","","97.38","","","","-15","","Snow"
"-80.38","43.46","KITCHENER/WATERLOO","6144239","2024-02-17 13:00","2024","02","17","13:00","","-6.6","","-12.3","","64","","0.0","","29","","30","","16.1","","97.33","","","","-15","","Snow"
"-80.38","43.46","KITCHENER/WATERLOO","6144239","2024-02-17 14:00","2024","02","17","14:00","","-6.9","","-11.8","","68","","0.0","","28","","34","","9.7","","97.34","","","","-16","","Snow"
"-80.38","43.46","KITCHENER/WATERLOO","6144239","2024-02-17 15:00","2024","02","17","15:00","","-7.2","","-12.3","","67","","0.0","","29","","32","","2.4","","97.30","","","","-16","","Snow"
"-80.38","43.46","KITCHENER/WATERLOO","6144239","2024-02-17 16:00","2024","02","17","16:00","","-6.5","","-13.5","","58","","0.0","","26","","35","","16.1","","97.29","","","","-16","","NA"
"-80.38","43.46","KITCHENER/WATERLOO","6144239","2024-02-17 17:00","2024","02","17","17:00","","-7.3","","-13.0","","64","","0.0","","25","","30","","16.1","","97.26","","","","-16","","NA"
"-80.38","43.46","KITCHENER/WATERLOO","6144239","2024-02-17 18:00","2024","02","17","18:00","","-7.8","","-12.0","","72","","0.0","","24","","21","","16.1","","97.22","","","","-15","","Snow"
"-80.38","43.46","KITCHENER/WATERLOO","6144239","2024-02-17 19:00","2024","02","17","19:00","","-7.5","","-12.8","","66","","0.0","","23","","18","","16.1","","97.18","","","","-14","","NA"
"-80.38","43.46","KITCHENER/WATERLOO","6144239","2024-02-17 20:00","2024","02","17","20:00","","-8.4","","-14.1","","64","","0.0","","22","","17","","16.1","","97.08","","","","-15","","NA"
"-80.38","43.46","KITCHENER/WATERLOO","6144239","2024-02-17 21:00","2024","02","17","21:00","","-9.0","","-13.9","","68","","0.0","","22","","15","","16.1","","97.00","","","","-16","","NA"
"-80.38","43.46","KITCHENER/WATERLOO","6144239","2024-02-17 22:00","2024","02","17","22:00","","-8.3","","-14.0","","64","","0.0","","22","","18","","16.1","","96.86","","","","-15","","NA"
"-80.38","43.46","KITCHENER/WATERLOO","6144239","2024-02-17 23:00","2024","02","17","23:00","","-7.7","","-10.9","","78","","0.0","","25","","18","","2.8","","96.89","","","","-15","","Snow"
"-80.38","43.46","KITCHENER/WATERLOO","6144239","2024-02-18 00:00","2024","02","18","00:00","","-7.7","","-9.4","","88","","0.0","","22","","21","","2.0","","96.80","","","","-15","","Snow"
"-80.38","43.46","KITCHENER/WATERLOO","6144239","2024-02-18 01:00","2024","02","18","01:00","","-7.8","","-10.2","","83","","0.0","","23","","34","","3.6","","96.72","","","","-17","","Snow"
"-80.38","43.46","KITCHENER/WATERLOO","6144239","2024-02-18 02:00","2024","02","18","02:00","","-8.2","","-10.6","","83","","0.0","","22","","39","","2.4","","96.62","","","","-18","","Snow"
"-80.38","43.46","KITCHENER/WATERLOO","6144239","2024-02-18 03:00","2024","02","18","03:00","","-8.4","","-10.5","","85","","0.0","","22","","30","","2.8","","96.58","","","","-17","","Snow"
"-80.38","43.46","KITCHENER/WATERLOO","6144239","2024-02-18 04:00","2024","02","18","04:00","","-8.2","","-10.9","","81","","0.0","","23","","32","","9.7","","96.52","","","","-17","","Snow"
"-80.38","43.46","KITCHENER/WATERLOO","6144239","2024-02-18 05:00","2024","02","18","05:00","","-8.1","","-10.8","","81","","0.0","","22","","30","","11.3","","96.50","","","","-17","","Snow"
"-80.38","43.46","KITCHENER/WATERLOO","6144239","2024-02-18 06:00","2024","02","18","06:00","","-8.2","","-10.9","","81","","0.0","","24","","37","","9.7","","96.49","","","","-18","","Snow"
"-80.38","43.46","KITCHENER/WATERLOO","6144239","2024-02-18 07:00","2024","02","18","07:00","","-8.1","","-11.0","","80","","0.0","","23","","32","","16.1","","96.46","","","","-17","","Snow"
"-80.38","43.46","KITCHENER/WATERLOO","6144239","2024-02-18 08:00","2024","02","18","08:00","","-7.7","","-10.4","","81","","0.0","","23","","28","","16.1","","96.50","","","","-16","","Snow"
"-80.38","43.46","KITCHENER/WATERLOO","6144239","2024-02-18 09:00","2024","02","18","09:00","","-7.0","","-10.1","","79","","0.0","","22","","35","","16.1","","96.51","","","","-16","","Snow"
"-80.38","43.46","KITCHENER/WATERLOO","6144239","2024-02-18 10:00","2024","02","18","10:00","","-6.2","","-9.4","","78","","0.0","","22","","28","","12.9","","96.50","","","","-14","","Snow"
"-80.38","43.46","KITCHENER/WATERLOO","6144239","2024-02-18 11:00","2024","02","18","11:00","","-5.2","","-8.8","","76","","0.0","","22","","30","","16.1","","96.49","","","","-13","","Snow"
"-80.38","43.46","KITCHENER/WATERLOO","6144239","2024-02-18 12:00","2024","02","18","12:00","","-4.4","","-8.0","","76","","0.0","","24","","28","","16.1","","96.49","","","","-12","","Snow"
"-80.38","43.46","KITCHENER/WATERLOO","6144239","2024-02-18 13:00","2024","02","18","13:00","","-3.6","","-7.2","","76","","0.0","","22","","30","","16.1","","96.45","","","","-11","","Snow"
"-80.38","43.46","KITCHENER/WATERLOO","6144239","2024-02-18 14:00","2024","02","18","14:00","","-2.5","","-6.6","","73","","0.0","","25","","37","","16.1","","96.47","","","","-10","","Snow"
"-80.38","43.46","KITCHENER/WATERLOO","6144239","2024-02-18 15:00","2024","02","18","15:00","","-2.0","","-5.8","","75","","0.0","","25","","32","","9.7","","96.52","","","","-9","","Snow"
"-80.38","43.46","KITCHENER/WATERLOO","6144239","2024-02-18 16:00","2024","02","18","16:00","","-2.1","","-5.8","","76","","0.0","","25","","32","","16.1","","96.64","","","","-9","","Snow"
"-80.38","43.46","KITCHENER/WATERLOO","6144239","2024-02-18 17:00","2024","02","18","17:00","","-2.2","","-5.6","","78","","0.0","","25","","22","","16.1","","96.74","","","","-8","","Snow"
"-80.38","43.46","KITCHENER/WATERLOO","6144239","2024-02-18 18:00","2024","02","18","18:00","","-2.4","","-5.9","","77","","0.0","","25","","28","","16.1","","96.84","","","","-9","","NA"
"-80.38","43.46","KITCHENER/WATERLOO","6144239","2024-02-18 19:00","2024","02","18","19:00","","-2.2","","-6.1","","75","","0.0","","25","","26","","16.1","","96.97","","","","-9","","NA"
"-80.38","43.46","KITCHENER/WATERLOO","6144239","2024-02-18 20:00","2024","02","18","20:00","","-2.4","","-5.4","","80","","0.0","","29","","26","","14.5","","97.09","","","","-9","","Snow"
"-80.38","43.46","KITCHENER/WATERLOO","6144239","2024-02-18 21:00","2024","02","18","21:00","","-2.5","","-4.9","","83","","0.0","","30","","26","","16.1","","97.22","","","","-9","","Snow"
"-80.38","43.46","KITCHENER/WATERLOO","6144239","2024-02-18 22:00","2024","02","18","22:00","","-3.5","","-7.7","","73","","0.0","","31","","24","","16.1","","97.37","","","","-10","","Snow"
"-80.38","43.46","KITCHENER/WATERLOO","6144239","2024-02-18 23:00","2024","02","18","23:00","","-4.8","","-9.5","","70","","0.0","","32","","17","","16.1","","97.54","","","","-11","","NA"
"-80.38","43.46","KITCHENER/WATERLOO","6144239","2024-02-19 00:00","2024","02","19","00:00","","-5.4","","-9.7","","72","","0.0","","32","","17","","16.1","","97.68","","","","-11","","NA"
"-80.38","43.46","KITCHENER/WATERLOO","6144239","2024-02-19 01:00","2024","02","19","01:00","","-7.2","","-9.7","","83","","0.0","","30","","11","","16.1","","97.75","","","","-12","","NA"
"-80.38","43.46","KITCHENER/WATERLOO","6144239","2024-02-19 02:00","2024","02","19","02:00","","-6.1","","-8.4","","84","","0.0","","32","","4","","16.1","","97.83","","","","-8","","Snow"
"-80.38","43.46","KITCHENER/WATERLOO","6144239","2024-02-19 03:00","2024","02","19","03:00","","-6.2","","-10.1","","74","","0.0","","34","","17","","16.1","","97.89","","","","-12","","Snow"
"-80.38","43.46","KITCHENER/WATERLOO","6144239","2024-02-19 04:00","2024","02","19","04:00","","-7.2","","-11.8","","70","","0.0","","35","","8","","16.1","","97.97","","","","-11","","NA"
"-80.38","43.46","KITCHENER/WATERLOO","6144239","2024-02-19 05:00","2024","02","19","05:00","","-7.6","","-12.8","","67","","0.0","","3","","5","","16.1","","98.04","","","","-10","","NA"
"-80.38","43.46","KITCHENER/WATERLOO","6144239","2024-02-19 06:00","2024","02","19","06:00","","-7.5","","-14.0","","60","","0.0","","2","","5","","16.1","","98.15","","","","-10","","NA"
"-80.38","43.46","KITCHENER/WATERLOO","6144239","2024-02-19 07:00","2024","02","19","07:00","","-7.7","","-14.4","","59","","0.0","","","","0","","16.1","","98.24","","","","","","NA"
"-80.38","43.46","KITCHENER/WATERLOO","6144239","2024-02-19 08:00","2024","02","19","08:00","","-7.3","","-15.1","","54","","0.0","","","","0","","16.1","","98.34","","","","","","NA"
"-80.38","43.46","KITCHENER/WATERLOO","6144239","2024-02-19 09:00","2024","02","19","09:00","","-6.7","","-15.0","","52","","0.0","","8","","4","","16.1","","98.41","","","","-9","","NA"
"-80.38","43.46","KITCHENER/WATERLOO","6144239","2024-02-19 10:00","2024","02","19","10:00","","-6.4","","-14.4","","53","","0.0","","","","0","","16.1","","98.46","","","","","","NA"
"-80.38","43.46","KITCHENER/WATERLOO","6144239","2024-02-19 11:00","2024","02","19","11:00","","-4.8","","-13.5","","51","","0.0","","","","0","","16.1","","98.48","","","","","","NA"
"-80.38","43.46","KITCHENER/WATERLOO","6144239","2024-02-19 12:00","2024","02","19","12:00","","-4.0","","-12.4","","52","","0.0","","","M","4","","16.1","","98.52","","","","-6","","NA"
"-80.38","43.46","KITCHENER/WATERLOO","6144239","2024-02-19 13:00","2024","02","19","13:00","","-3.9","","-11.3","","57","","0.0","","9","","9","","16.1","","98.48","","","","-8","","NA"
"-80.38","43.46","KITCHENER/WATERLOO","6144239","2024-02-19 14:00","2024","02","19","14:00","","-3.2","","-11.7","","52","","0.0","","","M","4","","16.1","","98.43","","","","-5","","NA"
"-80.38","43.46","KITCHENER/WATERLOO","6144239","2024-02-19 15:00","2024","02","19","15:00","","-2.5","","-10.7","","54","","0.0","","31","","11","","16.1","","98.43","","","","-7","","NA"
"-80.38","43.46","KITCHENER/WATERLOO","6144239","2024-02-19 16:00","2024","02","19","16:00","","-2.4","","-9.8","","57","","0.0","","20","","11","","16.1","","98.45","","","","-6","","NA"
"-80.38","43.46","KITCHENER/WATERLOO","6144239","2024-02-19 17:00","2024","02","19","17:00","","-2.5","","-9.3","","60","","0.0","","23","","8","","16.1","","98.48","","","","-6","","NA"
"-80.38","43.46","KITCHENER/WATERLOO","6144239","2024-02-19 18:00","2024","02","19","18:00","","-3.5","","-9.8","","62","","0.0","","19","","8","","16.1","","98.53","","","","-7","","NA"
"-80.38","43.46","KITCHENER/WATERLOO","6144239","2024-02-19 19:00","2024","02","19","19:00","","-3.3","","-9.6","","62","","0.0","","17","","5","","16.1","","98.59","","","","-5","","NA"
"-80.38","43.46","KITCHENER/WATERLOO","6144239","2024-02-19 20:00","2024","02","19","20:00","","-6.6","","-10.7","","73","","0.0","","11","","4","","16.1","","98.62","","","","-9","","NA"
"-80.38","43.46","KITCHENER/WATERLOO","6144239","2024-02-19 21:00","2024","02","19","21:00","","-5.3","","-9.1","","75","","0.0","","19","","5","","16.1","","98.69","","","","-8","","NA"
"-80.38","43.46","KITCHENER/WATERLOO","6144239","2024-02-19 22:00","2024","02","19","22:00","","-6.7","","-9.1","","83","","0.0","","14","","5","","16.1","","98.69","","","","-9","","NA"
"-80.38","43.46","KITCHENER/WATERLOO","6144239","2024-02-19 23:00","2024","02","19","23:00","","-7.1","","-8.8","","88","","0.0","","13","","5","","16.1","","98.68","","","","-10","","NA"
"-80.38","43.46","KITCHENER/WATERLOO","6144239","2024-02-20 00:00","2024","02","20","00:00","","-8.9","","-10.0","","92","","0.0","","15","","4","","16.1","","98.70","","","","-11","","NA"
"-80.38","43.46","KITCHENER/WATERLOO","6144239","2024-02-20 01:00","2024","02","20","01:00","","-9.5","","-10.4","","93","","0.0","","8","","4","","16.1","","98.70","","","","-12","","NA"
"-80.38","43.46","KITCHENER/WATERLOO","6144239","2024-02-20 02:00","2024","02","20","02:00","","-10.5","","-11.3","","94","","0.0","","6","","4","","16.1","","98.71","","","","-13","","NA"
"-80.38","43.46","KITCHENER/WATERLOO","6144239","2024-02-20 03:00","2024","02","20","03:00","","-10.6","","-11.4","","94","","0.0","","7","","4","","16.1","","98.76","","","","-13","","NA"
"-80.38","43.46","KITCHENER/WATERLOO","6144239","2024-02-20 04:00","2024","02","20","04:00","","-11.4","","-12.3","","93","","0.0","","","","0","","16.1","","98.77","","","","","","NA"
"-80.38","43.46","KITCHENER/WATERLOO","6144239","2024-02-20 05:00","2024","02","20","05:00","","-11.4","","-12.3","","93","","0.0","","","","0","","16.1","","98.78","","","","","","NA"
"-80.38","43.46","KITCHENER/WATERLOO","6144239","2024-02-20 06:00","2024","02","20","06:00","","-11.5","","-12.4","","93","","0.0","","","","0","","16.1","","98.79","","","","","","NA"
"-80.38","43.46","KITCHENER/WATERLOO","6144239","2024-02-20 07:00","2024","02","20","07:00","","-12.5","","-13.8","","90","","0.0","","","","0","","16.1","","98.81","","","","","","NA"
"-80.38","43.46","KITCHENER/WATERLOO","6144239","2024-02-20 08:00","2024","02","20","08:00","","-11.2","","-12.3","","92","","0.0","","","","0","","16.1","","98.86","","","","","","NA"
"-80.38","43.46","KITCHENER/WATERLOO","6144239","2024-02-20 09:00","2024","02","20","09:00","","-6.4","","-8.1","","88","","0.0","","25","","4","","16.1","","98.93","","","","-8","","NA"
"-80.38","43.46","KITCHENER/WATERLOO","6144239","2024-02-20 10:00","2024","02","20","10:00","","-1.1","","-7.0","","65","","0.0","","14","","13","","16.1","","98.96","","","","-5","","NA"
"-80.38","43.46","KITCHENER/WATERLOO","6144239","2024-02-20 11:00","2024","02","20","11:00","","0.7","","-7.7","","54","","0.0","","15","","13","","16.1","","98.95","","","","","","NA"
"-80.38","43.46","KITCHENER/WATERLOO","6144239","2024-02-20 12:00","2024","02","20","12:00","","1.9","","-6.9","","52","","0.0","","14","","15","","16.1","","98.92","","","","","","NA"
"-80.38","43.46","KITCHENER/WATERLOO","6144239","2024-02-20 13:00","2024","02","20","13:00","","3.3","","-6.3","","50","","0.0","","15","","8","","16.1","","98.85","","","","","","NA"
"-80.38","43.46","KITCHENER/WATERLOO","6144239","2024-02-20 14:00","2024","02","20","14:00","","3.8","","-6.3","","48","","0.0","","15","","13","","16.1","","98.80","","","","","","NA"
"-80.38","43.46","KITCHENER/WATERLOO","6144239","2024-02-20 15:00","2024","02","20","15:00","","4.3","","-5.3","","50","","0.0","","17","","18","","16.1","","98.74","","","","","","NA"
"-80.38","43.46","KITCHENER/WATERLOO","6144239","2024-02-20 16:00","2024","02","20","16:00","","3.9","","-5.6","","50","","0.0","","14","","17","","16.1","","98.71","","","","","","NA"
"-80.38","43.46","KITCHENER/WATERLOO","6144239","2024-02-20 17:00","2024","02","20","17:00","","3.2","","-5.5","","53","","0.0","","13","","18","","16.1","","98.72","","","","","","NA"
"-80.38","43.46","KITCHENER/WATERLOO","6144239","2024-02-20 18:00","2024","02","20","18:00","","0.9","","-6.0","","60","","0.0","","12","","17","","16.1","","98.73","","","","","","NA"
"-80.38","43.46","KITCHENER/WATERLOO","6144239","2024-02-20 19:00","2024","02","20","19:00","","-1.1","","-6.5","","67","","0.0","","11","","17","","16.1","","98.72","","","","-6","","NA"
"-80.38","43.46","KITCHENER/WATERLOO","6144239","2024-02-20 20:00","2024","02","20","20:00","","-1.9","","-5.9","","74","","0.0","","11","","13","","16.1","","98.72","","","","-6","","NA"
"-80.38","43.46","KITCHENER/WATERLOO","6144239","2024-02-20 21:00","2024","02","20","21:00","","-2.6","","-5.4","","81","","0.0","","11","","11","","16.1","","98.69","","","","-7","","NA"
"-80.38","43.46","KITCHENER/WATERLOO","6144239","2024-02-20 22:00","2024","02","20","22:00","","-3.6","","-5.8","","85","","0.0","","7","","5","","16.1","","98.68","","","","-6","","NA"
"-80.38","43.46","KITCHENER/WATERLOO","6144239","2024-02-20 23:00","2024","02","20","23:00","","-4.8","","-6.2","","90","","0.0","","7","","4","","16.1","","98.64","","","","-7","","NA"
"-80.38","43.46","KITCHENER/WATERLOO","6144239","2024-02-21 00:00","2024","02","21","00:00","","-4.5","","-5.0","","96","","0.0","","","","0","","16.1","","98.61","","","","","","NA"
"-80.38","43.46","KITCHENER/WATERLOO","6144239","2024-02-21 01:00","2024","02","21","01:00","","-5.6","","-6.0","","97","","0.0","","","","0","","16.1","","98.56","","","","","","NA"
"-80.38","43.46","KITCHENER/WATERLOO","6144239","2024-02-21 02:00","2024","02","21","02:00","","-4.9","","-5.6","","95","","0.0","","","","0","","16.1","","98.51","","","","","","NA"
"-80.38","43.46","KITCHENER/WATERLOO","6144239","2024-02-21 03:00","2024","02","21","03:00","","-4.1","","-5.2","","92","","0.0","","8","","4","","16.1","","98.45","","","","-6","","NA"
"-80.38","43.46","KITCHENER/WATERLOO","6144239","2024-02-21 04:00","2024","02","21","04:00","","-3.5","","-5.1","","89","","0.0","","12","","5","","16.1","","98.38","","","","-6","","NA"
"-80.38","43.46","KITCHENER/WATERLOO","6144239","2024-02-21 05:00","2024","02","21","05:00","","-2.3","","-4.9","","82","","0.0","","14","","8","","16.1","","98.36","","","","-5","","NA"
"-80.38","43.46","KITCHENER/WATERLOO","6144239","2024-02-21 06:00","2024","02","21","06:00","","-1.2","","-4.7","","77","","0.0","","18","","9","","16.1","","98.36","","","","-4","","NA"
"-80.38","43.46","KITCHENER/WATERLOO","6144239","2024-02-21 07:00","2024","02","21","07:00","","-1.1","","-5.0","","75","","0.0","","16","","11","","16.1","","98.31","","","","-5","","NA"
"-80.38","43.46","KITCHENER/WATERLOO","6144239","2024-02-21 08:00","2024","02","21","08:00","","-1.3","","-4.2","","81","","0.0","","14","","9","","16.1","","98.26","","","","-5","","NA"
"-80.38","43.46","KITCHENER/WATERLOO","6144239","2024-02-21 09:00","2024","02","21","09:00","","2.4","","-3.2","","66","","0.0","","18","","21","","16.1","","98.23","","","","","","NA"
"-80.38","43.46","KITCHENER/WATERLOO","6144239","2024-02-21 10:00","2024","02","21","10:00","","4.1","","-3.0","","60","","0.0","","18","","21","","16.1","","98.17","","","","","","NA"
"-80.38","43.46","KITCHENER/WATERLOO","6144239","2024-02-21 11:00","2024","02","21","11:00","","5.7","","-3.1","","53","","0.0","","20","","26","","16.1","","98.14","","","","","","NA"
"-80.38","43.46","KITCHENER/WATERLOO","6144239","2024-02-21 12:00","2024","02","21","12:00","","7.7","","-2.4","","49","","0.0","","18","","26","","16.1","","98.05","","","","","","NA"
"-80.38","43.46","KITCHENER/WATERLOO","6144239","2024-02-21 13:00","2024","02","21","13:00","","8.6","","-2.4","","46","","0.0","","19","","26","","16.1","","97.94","","","","","","NA"
"-80.38","43.46","KITCHENER/WATERLOO","6144239","2024-02-21 14:00","2024","02","21","14:00","","8.7","","-2.0","","47","","0.0","","18","","21","","16.1","","97.84","","","","","","NA"
"-80.38","43.46","KITCHENER/WATERLOO","6144239","2024-02-21 15:00","2024","02","21","15:00","","10.0","","-1.5","","45","","0.0","","18","","26","","16.1","","97.75","","","","","","NA"
"-80.38","43.46","KITCHENER/WATERLOO","6144239","2024-02-21 16:00","2024","02","21","16:00","","9.3","","-2.3","","44","","0.0","","20","","21","","16.1","","97.67","","","","","","NA"
"-80.38","43.46","KITCHENER/WATERLOO","6144239","2024-02-21 17:00","2024","02","21","17:00","","9.1","","-2.4","","44","","0.0","","19","","15","","16.1","","97.66","","","","","","NA"
"-80.38","43.46","KITCHENER/WATERLOO","6144239","2024-02-21 18:00","2024","02","21","18:00","","8.3","","-2.3","","47","","0.0","","18","","17","","16.1","","97.59","","","","","","NA"
"-80.38","43.46","KITCHENER/WATERLOO","6144239","2024-02-21 19:00","2024","02","21","19:00","","6.9","","-2.5","","51","","0.0","","16","","11","","16.1","","97.56","","","","","","NA"
"-80.38","43.46","KITCHENER/WATERLOO","6144239","2024-02-21 20:00","2024","02","21","20:00","","7.0","","-2.7","","50","","0.0","","16","","15","","16.1","","97.46","","","","","","NA"
"-80.38","43.46","KITCHENER/WATERLOO","6144239","2024-02-21 21:00","2024","02","21","21:00","","6.6","","-2.8","","51","","0.0","","19","","11","","16.1","","97.47","","","","","","NA"
"-80.38","43.46","KITCHENER/WATERLOO","6144239","2024-02-21 22:00","2024","02","21","22:00","","5.9","","-2.8","","54","","0.0","","18","","15","","16.1","","97.40","","","","","","NA"
"-80.38","43.46","KITCHENER/WATERLOO","6144239","2024-02-21 23:00","2024","02","21","23:00","","7.8","","-2.8","","47","","0.0","","18","","22","","16.1","","97.31","","","","","","NA"
"-80.38","43.46","KITCHENER/WATERLOO","6144239","2024-02-22 00:00","2024","02","22","00:00","","7.6","","-2.7","","48","","0.0","","19","","18","","16.1","","97.25","","","","","","NA"
"-80.38","43.46","KITCHENER/WATERLOO","6144239","2024-02-22 01:00","2024","02","22","01:00","","7.4","","-2.6","","49","","0.0","","19","","17","","16.1","","97.20","","","","","","NA"
"-80.38","43.46","KITCHENER/WATERLOO","6144239","2024-02-22 02:00","2024","02","22","02:00","","6.5","","-2.7","","52","","0.0","","21","","13","","16.1","","97.15","","","","","","NA"
"-80.38","43.46","KITCHENER/WATERLOO","6144239","2024-02-22 03:00","2024","02","22","03:00","","5.9","","-2.5","","55","","0.0","","19","","15","","16.1","","97.07","","","","","","NA"
"-80.38","43.46","KITCHENER/WATERLOO","6144239","2024-02-22 04:00","2024","02","22","04:00","","4.7","","-2.4","","60","","0.0","","20","","9","","16.1","","97.01","","","","","","NA"
"-80.38","43.46","KITCHENER/WATERLOO","6144239","2024-02-22 05:00","2024","02","22","05:00","","4.1","","-2.1","","64","","0.0","","","M","4","","16.1","","96.98","","","","","","NA"
"-80.38","43.46","KITCHENER/WATERLOO","6144239","2024-02-22 06:00","2024","02","22","06:00","","4.0","","-1.6","","67","","0.0","","","","0","","16.1","","96.97","","","","","","NA"
"-80.38","43.46","KITCHENER/WATERLOO","6144239","2024-02-22 07:00","2024","02","22","07:00","","2.8","","-1.4","","74","","0.0","","26","","8","","16.1","","96.94","","","","","","NA"
"-80.38","43.46","KITCHENER/WATERLOO","6144239","2024-02-22 08:00","2024","02","22","08:00","","0.9","","-1.8","","82","","0.0","","","","0","","16.1","","96.96","","","","","","NA"
"-80.38","43.46","KITCHENER/WATERLOO","6144239","2024-02-22 09:00","2024","02","22","09:00","","3.1","","0.2","","81","","0.0","","","","0","","16.1","","96.95","","","","","","NA"
"-80.38","43.46","KITCHENER/WATERLOO","6144239","2024-02-22 10:00","2024","02","22","10:00","","5.3","","0.3","","70","","0.0","","","M","4","","16.1","","96.91","","","","","","NA"
"-80.38","43.46","KITCHENER/WATERLOO","6144239","2024-02-22 11:00","2024","02","22","11:00","","6.3","","1.2","","70","","0.0","","35","","8","","16.1","","96.86","","","","","","NA"
"-80.38","43.46","KITCHENER/WATERLOO","6144239","2024-02-22 12:00","2024","02","22","12:00","","7.2","","1.0","","65","","0.0","","","M","4","","16.1","","96.81","","","","","","NA"
"-80.38","43.46","KITCHENER/WATERLOO","6144239","2024-02-22 13:00","2024","02","22","13:00","","8.5","","1.3","","60","","0.0","","","M","4","","16.1","","96.71","","","","","","NA"
"-80.38","43.46","KITCHENER/WATERLOO","6144239","2024-02-22 14:00","2024","02","22","14:00","","9.6","","1.0","","55","","0.0","","18","","8","","16.1","","96.62","","","","","","NA"
"-80.38","43.46","KITCHENER/WATERLOO","6144239","2024-02-22 15:00","2024","02","22","15:00","","9.8","","0.2","","51","","0.0","","","M","4","","16.1","","96.55","","","","","","NA"
"-80.38","43.46","KITCHENER/WATERLOO","6144239","2024-02-22 16:00","2024","02","22","16:00","","9.9","","-2.8","","41","","0.0","","34","","9","","16.1","","96.51","","","","","","NA"
"-80.38","43.46","KITCHENER/WATERLOO","6144239","2024-02-22 17:00","2024","02","22","17:00","","8.4","","-0.4","","54","","0.0","","33","","9","","16.1","","96.45","","","","","","NA"
"-80.38","43.46","KITCHENER/WATERLOO","6144239","2024-02-22 18:00","2024","02","22","18:00","","5.5","","-0.8","","64","","0.0","","34","","5","","16.1","","96.43","","","","","","NA"
"-80.38","43.46","KITCHENER/WATERLOO","6144239","2024-02-22 19:00","2024","02","22","19:00","","3.3","","-2.0","","68","","0.0","","26","","4","","16.1","","96.50","","","","","","NA"
"-80.38","43.46","KITCHENER/WATERLOO","6144239","2024-02-22 20:00","2024","02","22","20:00","","0.5","","-2.7","","79","","0.0","","33","","4","","16.1","","96.49","","","","","","NA"
"-80.38","43.46","KITCHENER/WATERLOO","6144239","2024-02-22 21:00","2024","02","22","21:00","","-0.3","","-2.5","","85","","0.0","","","","0","","16.1","","96.47","","","","","","NA"
"-80.38","43.46","KITCHENER/WATERLOO","6144239","2024-02-22 22:00","2024","02","22","22:00","","-1.4","","-3.0","","89","","0.0","","32","","4","","16.1","","96.43","","","","-3","","NA"
"-80.38","43.46","KITCHENER/WATERLOO","6144239","2024-02-22 23:00","2024","02","22","23:00","","-1.9","","-2.9","","93","","0.0","","36","","4","","16.1","","96.39","","","","-3","","NA"
"-80.38","43.46","KITCHENER/WATERLOO","6144239","2024-02-23 00:00","2024","02","23","00:00","","-3.0","","-3.6","","96","","0.0","","","","0","","16.1","","96.35","","","","","","NA"
"-80.38","43.46","KITCHENER/WATERLOO","6144239","2024-02-23 01:00","2024","02","23","01:00","","-2.7","","-3.2","","97","","0.0","","","","0","","16.1","","96.32","","","","","","NA"
"-80.38","43.46","KITCHENER/WATERLOO","6144239","2024-02-23 02:00","2024","02","23","02:00","","-3.0","","-3.0","","100","","0.0","","","","0","","12.9","","96.26","","","","","","NA"
"-80.38","43.46","KITCHENER/WATERLOO","6144239","2024-02-23 03:00","2024","02","23","03:00","","-3.5","","-3.5","","100","","0.0","","","","0","","11.3","","96.22","","","","","","NA"
"-80.38","43.46","KITCHENER/WATERLOO","6144239","2024-02-23 04:00","2024","02","23","04:00","","-2.9","","-3.5","","96","","0.0","","","","0","","16.1","","96.16","","","","","","NA"
"-80.38","43.46","KITCHENER/WATERLOO","6144239","2024-02-23 05:00","2024","02","23","05:00","","-2.7","","-3.3","","96","","0.0","","12","","4","","16.1","","96.13","","","","-4","","NA"
"-80.38","43.46","KITCHENER/WATERLOO","6144239","2024-02-23 06:00","2024","02","23","06:00","","-2.9","","-3.2","","98","","0.0","","","","0","","16.1","","96.14","","","","","","NA"
"-80.38","43.46","KITCHENER/WATERLOO","6144239","2024-02-23 07:00","2024","02","23","07:00","","-1.1","","-3.2","","86","","0.0","","21","","9","","16.1","","96.12","","","","-4","","NA"
"-80.38","43.46","KITCHENER/WATERLOO","6144239","2024-02-23 08:00","2024","02","23","08:00","","-0.3","","-2.2","","87","","0.0","","25","","8","","16.1","","96.15","","","","-3","","NA"
"-80.38","43.46","KITCHENER/WATERLOO","6144239","2024-02-23 09:00","2024","02","23","09:00","","3.3","","0.0","","79","","0.0","","30","","15","","16.1","","96.18","","","","","","NA"
"-80.38","43.46","KITCHENER/WATERLOO","6144239","2024-02-23 10:00","2024","02","23","10:00","","4.8","","-0.3","","69","","0.0","","30","","17","","16.1","","96.20","","","","","","NA"
"-80.38","43.46","KITCHENER/WATERLOO","6144239","2024-02-23 11:00","2024","02","23","11:00","","7.0","","-0.5","","59","","0.0","","33","","22","","16.1","","96.21","","","","","","NA"
"-80.38","43.46","KITCHENER/WATERLOO","6144239","2024-02-23 12:00","2024","02","23","12:00","","6.6","","-0.8","","59","","0.0","","33","","18","","16.1","","96.22","","","","","","NA"
"-80.38","43.46","KITCHENER/WATERLOO","6144239","2024-02-23 13:00","2024","02","23","13:00","","5.5","","-0.4","","66","","0.0","","32","","26","","16.1","","96.23","","","","","","NA"
"-80.38","43.46","KITCHENER/WATERLOO","6144239","2024-02-23 14:00","2024","02","23","14:00","","3.6","","-1.4","","70","","0.0","","31","","24","","16.1","","96.26","","","","","","NA"
"-80.38","43.46","KITCHENER/WATERLOO","6144239","2024-02-23 15:00","2024","02","23","15:00","","3.7","","-1.6","","68","","0.0","","32","","24","","16.1","","96.27","","","","","","NA"
"-80.38","43.46","KITCHENER/WATERLOO","6144239","2024-02-23 16:00","2024","02","23","16:00","","3.3","","-2.7","","65","","0.0","","33","","21","","16.1","","96.32","","","","","","NA"
"-80.38","43.46","KITCHENER/WATERLOO","6144239","2024-02-23 17:00","2024","02","23","17:00","","0.2","","-5.1","","67","","0.0","","34","","30","","16.1","","96.42","","","","","","NA"
"-80.38","43.46","KITCHENER/WATERLOO","6144239","2024-02-23 18:00","2024","02","23","18:00","","-1.9","","-6.7","","70","","0.0","","33","","22","","16.1","","96.55","","","","-8","","NA"
"-80.38","43.46","KITCHENER/WATERLOO","6144239","2024-02-23 19:00","2024","02","23","19:00","","-3.3","","-12.4","","50","","0.0","","32","","22","","16.1","","96.67","","","","-10","","NA"
"-80.38","43.46","KITCHENER/WATERLOO","6144239","2024-02-23 20:00","2024","02","23","20:00","","-5.2","","-12.2","","58","","0.0","","34","","28","","16.1","","96.77","","","","-13","","NA"
"-80.38","43.46","KITCHENER/WATERLOO","6144239","2024-02-23 21:00","2024","02","23","21:00","","-6.8","","-12.0","","67","","0.0","","34","","22","","16.1","","96.85","","","","-14","","NA"
"-80.38","43.46","KITCHENER/WATERLOO","6144239","2024-02-23 22:00","2024","02","23","22:00","","-7.4","","-13.5","","62","","0.0","","34","","24","","16.1","","96.90","","","","-15","","NA"
"-80.38","43.46","KITCHENER/WATERLOO","6144239","2024-02-23 23:00","2024","02","23","23:00","","-7.8","","-14.1","","61","","0.0","","35","","21","","16.1","","96.95","","","","-15","","NA"
"-80.38","43.46","KITCHENER/WATERLOO","6144239","2024-02-24 00:00","2024","02","24","00:00","","-8.0","","-14.1","","62","","0.0","","34","","24","","16.1","","97.01","","","","-16","","NA"
"-80.38","43.46","KITCHENER/WATERLOO","6144239","2024-02-24 01:00","2024","02","24","01:00","","-8.6","","-15.9","","56","","0.0","","36","","21","","16.1","","97.04","","","","-16","","NA"
"-80.38","43.46","KITCHENER/WATERLOO","6144239","2024-02-24 02:00","2024","02","24","02:00","","-9.6","","-16.2","","59","","0.0","","36","","21","","16.1","","97.08","","","","-18","","NA"
"-80.38","43.46","KITCHENER/WATERLOO","6144239","2024-02-24 03:00","2024","02","24","03:00","","-10.4","","-16.4","","62","","0.0","","35","","24","","16.1","","97.12","","","","-19","","NA"
"-80.38","43.46","KITCHENER/WATERLOO","6144239","2024-02-24 04:00","2024","02","24","04:00","","-11.4","","-17.9","","59","","0.0","","36","","21","","16.1","","97.19","","","","-20","","NA"
"-80.38","43.46","KITCHENER/WATERLOO","6144239","2024-02-24 05:00","2024","02","24","05:00","","-12.0","","-18.6","","58","","0.0","","36","","17","","16.1","","97.28","","","","-20","","NA"
"-80.38","43.46","KITCHENER/WATERLOO","6144239","2024-02-24 06:00","2024","02","24","06:00","","-12.4","","-19.1","","58","","0.0","","1","","18","","16.1","","97.36","","","","-20","","NA"
"-80.38","43.46","KITCHENER/WATERLOO","6144239","2024-02-24 07:00","2024","02","24","07:00","","-12.8","","-19.7","","57","","0.0","","1","","18","","16.1","","97.45","","","","-21","","NA"
"-80.38","43.46","KITCHENER/WATERLOO","6144239","2024-02-24 08:00","2024","02","24","08:00","","-12.6","","-19.9","","55","","0.0","","1","","18","","16.1","","97.56","","","","-21","","NA"
"-80.38","43.46","KITCHENER/WATERLOO","6144239","2024-02-24 09:00","2024","02","24","09:00","","-11.2","","-21.2","","44","","0.0","","1","","17","","16.1","","97.59","","","","-19","","NA"
"-80.38","43.46","KITCHENER/WATERLOO","6144239","2024-02-24 10:00","2024","02","24","10:00","","-9.5","","-20.0","","43","","0.0","","1","","13","","16.1","","97.61","","","","-16","","NA"
"-80.38","43.46","KITCHENER/WATERLOO","6144239","2024-02-24 11:00","2024","02","24","11:00","","-7.6","","-18.5","","42","","0.0","","2","","13","","16.1","","97.63","","","","-13","","NA"
"-80.38","43.46","KITCHENER/WATERLOO","6144239","2024-02-24 12:00","2024","02","24","12:00","","-6.4","","-17.6","","41","","0.0","","33","","17","","16.1","","97.63","","","","-13","","NA"
"-80.38","43.46","KITCHENER/WATERLOO","6144239","2024-02-24 13:00","2024","02","24","13:00","","-5.8","","-16.3","","44","","0.0","","35","","17","","16.1","","97.62","","","","-12","","NA"
"-80.38","43.46","KITCHENER/WATERLOO","6144239","2024-02-24 14:00","2024","02","24","14:00","","-5.2","","-14.8","","47","","0.0","","33","","15","","16.1","","97.63","","","","-11","","NA"
"-80.38","43.46","KITCHENER/WATERLOO","6144239","2024-02-24 15:00","2024","02","24","15:00","","-4.8","","-14.3","","48","","0.0","","33","","18","","16.1","","97.67","","","","-11","","NA"
"-80.38","43.46","KITCHENER/WATERLOO","6144239","2024-02-24 16:00","2024","02","24","16:00","","-4.7","","-14.4","","47","","0.0","","35","","13","","16.1","","97.65","","","","-10","","NA"
"-80.38","43.46","KITCHENER/WATERLOO","6144239","2024-02-24 17:00","2024","02","24","17:00","","-4.7","","-13.3","","51","","0.0","","32","","11","","16.1","","97.68","","","","-9","","NA"
"-80.38","43.46","KITCHENER/WATERLOO","6144239","2024-02-24 18:00","2024","02","24","18:00","","-6.0","","-12.8","","59","","0.0","","30","","15","","16.1","","97.74","","","","-12","","NA"
"-80.38","43.46","KITCHENER/WATERLOO","6144239","2024-02-24 19:00","2024","02","24","19:00","","-7.4","","-12.9","","65","","0.0","","30","","9","","16.1","","97.78","","","","-12","","NA"
"-80.38","43.46","KITCHENER/WATERLOO","6144239","2024-02-24 20:00","2024","02","24","20:00","","-8.5","","-12.5","","73","","0.0","","23","","5","","16.1","","97.78","","","","-11","","NA"
"-80.38","43.46","KITCHENER/WATERLOO","6144239","2024-02-24 21:00","2024","02","24","21:00","","-8.0","","-12.4","","71","","0.0","","24","","9","","16.1","","97.78","","","","-13","","NA"
"-80.38","43.46","KITCHENER/WATERLOO","6144239","2024-02-24 22:00","2024","02","24","22:00","","-8.4","","-12.3","","74","","0.0","","25","","9","","16.1","","97.75","","","","-13","","NA"
"-80.38","43.46","KITCHENER/WATERLOO","6144239","2024-02-24 23:00","2024","02","24","23:00","","-7.8","","-11.2","","77","","0.0","","21","","8","","16.1","","97.73","","","","-12","","NA"
"-80.38","43.46","KITCHENER/WATERLOO","6144239","2024-02-25 00:00","2024","02","25","00:00","","-8.2","","-10.6","","83","","0.0","","19","","11","","16.1","","97.72","","","","-13","","NA"
"-80.38","43.46","KITCHENER/WATERLOO","6144239","2024-02-25 01:00","2024","02","25","01:00","","-7.3","","-10.5","","78","","0.0","","20","","9","","16.1","","97.74","","","","-12","","NA"
"-80.38","43.46","KITCHENER/WATERLOO","6144239","2024-02-25 02:00","2024","02","25","02:00","","-6.8","","-10.4","","76","","0.0","","21","","11","","16.1","","97.74","","","","-12","","NA"
"-80.38","43.46","KITCHENER/WATERLOO","6144239","2024-02-25 03:00","2024","02","25","03:00","","-5.9","","-9.1","","78","","0.0","","21","","13","","16.1","","97.67","","","","-11","","NA"
"-80.38","43.46","KITCHENER/WATERLOO","6144239","2024-02-25 04:00","2024","02","25","04:00","","-5.6","","-8.7","","79","","0.0","","23","","18","","16.1","","97.61","","","","-12","","NA"
"-80.38","43.46","KITCHENER/WATERLOO","6144239","2024-02-25 05:00","2024","02","25","05:00","","-5.4","","-8.3","","80","","0.0","","22","","17","","16.1","","97.59","","","","-11","","NA"
"-80.38","43.46","KITCHENER/WATERLOO","6144239","2024-02-25 06:00","2024","02","25","06:00","","-5.4","","-7.9","","83","","0.0","","21","","17","","16.1","","97.56","","","","-11","","NA"
"-80.38","43.46","KITCHENER/WATERLOO","6144239","2024-02-25 07:00","2024","02","25","07:00","","-5.7","","-7.7","","86","","0.0","","20","","13","","16.1","","97.54","","","","-11","","NA"
"-80.38","43.46","KITCHENER/WATERLOO","6144239","2024-02-25 08:00","2024","02","25","08:00","","-4.6","","-6.8","","85","","0.0","","21","","17","","16.1","","97.52","","","","-10","","NA"
"-80.38","43.46","KITCHENER/WATERLOO","6144239","2024-02-25 09:00","2024","02","25","09:00","","-2.3","","-5.7","","77","","0.0","","22","","21","","16.1","","97.51","","","","-8","","NA"
"-80.38","43.46","KITCHENER/WATERLOO","6144239","2024-02-25 10:00","2024","02","25","10:00","","-0.6","","-5.6","","69","","0.0","","20","","32","","16.1","","97.44","","","","-7","","NA"
"-80.38","43.46","KITCHENER/WATERLOO","6144239","2024-02-25 11:00","2024","02","25","11:00","","1.4","","-5.1","","62","","0.0","","20","","24","","16.1","","97.38","","","","","","NA"
"-80.38","43.46","KITCHENER/WATERLOO","6144239","2024-02-25 12:00","2024","02","25","12:00","","2.5","","-5.4","","56","","0.0","","21","","24","","16.1","","97.32","","","","","","NA"
"-80.38","43.46","KITCHENER/WATERLOO","6144239","2024-02-25 13:00","2024","02","25","13:00","","3.1","","-6.0","","52","","0.0","","20","","35","","16.1","","97.18","","","","","","NA"
"-80.38","43.46","KITCHENER/WATERLOO","6144239","2024-02-25 14:00","2024","02","25","14:00","","3.7","","-5.3","","52","","0.0","","20","","35","","16.1","","97.10","","","","","","NA"
"-80.38","43.46","KITCHENER/WATERLOO","6144239","2024-02-25 15:00","2024","02","25","15:00","","2.8","","-5.9","","53","","0.0","","19","","35","","16.1","","97.00","","","","","","NA"
"-80.38","43.46","KITCHENER/WATERLOO","6144239","2024-02-25 16:00","2024","02","25","16:00","","3.0","","-7.2","","47","","0.0","","20","","35","","16.1","","96.95","","","","","","NA"
"-80.38","43.46","KITCHENER/WATERLOO","6144239","2024-02-25 17:00","2024","02","25","17:00","","3.2","","-7.3","","46","","0.0","","19","","34","","16.1","","96.80","","","","","","NA"
"-80.38","43.46","KITCHENER/WATERLOO","6144239","2024-02-25 18:00","2024","02","25","18:00","","3.0","","-6.4","","50","","0.0","","20","","30","","16.1","","96.87","","","","","","NA"
"-80.38","43.46","KITCHENER/WATERLOO","6144239","2024-02-25 19:00","2024","02","25","19:00","","2.9","","-5.5","","54","","0.0","","21","","26","","16.1","","96.90","","","","","","NA"
"-80.38","43.46","KITCHENER/WATERLOO","6144239","2024-02-25 20:00","2024","02","25","20:00","","3.4","","-3.9","","59","","0.0","","22","","22","","16.1","","96.99","","","","","","NA"
"-80.38","43.46","KITCHENER/WATERLOO","6144239","2024-02-25 21:00","2024","02","25","21:00","","3.9","","-2.1","","65","","0.0","","22","","22","","16.1","","97.05","","","","","","NA"
"-80.38","43.46","KITCHENER/WATERLOO","6144239","2024-02-25 22:00","2024","02","25","22:00","","3.7","","-1.1","","71","","0.0","","22","","21","","16.1","","97.06","","","","","","NA"
"-80.38","43.46","KITCHENER/WATERLOO","6144239","2024-02-25 23:00","2024","02","25","23:00","","2.8","","-0.9","","76","","0.0","","22","","15","","16.1","","97.06","","","","","","NA"
"-80.38","43.46","KITCHENER/WATERLOO","6144239","2024-02-26 00:00","2024","02","26","00:00","","1.7","","-1.1","","82","","0.0","","24","","11","","16.1","","97.09","","","","","","NA"
"-80.38","43.46","KITCHENER/WATERLOO","6144239","2024-02-26 01:00","2024","02","26","01:00","","1.4","","-0.9","","84","","0.0","","24","","13","","16.1","","97.14","","","","","","NA"
"-80.38","43.46","KITCHENER/WATERLOO","6144239","2024-02-26 02:00","2024","02","26","02:00","","2.0","","-0.8","","82","","0.0","","25","","11","","16.1","","97.15","","","","","","NA"
"-80.38","43.46","KITCHENER/WATERLOO","6144239","2024-02-26 03:00","2024","02","26","03:00","","1.0","","-1.6","","83","","0.0","","26","","11","","16.1","","97.15","","","","","","NA"
"-80.38","43.46","KITCHENER/WATERLOO","6144239","2024-02-26 04:00","2024","02","26","04:00","","0.0","","-2.1","","86","","0.0","","29","","13","","16.1","","97.21","","","","-4","","NA"
"-80.38","43.46","KITCHENER/WATERLOO","6144239","2024-02-26 05:00","2024","02","26","05:00","","-0.3","","-2.0","","88","","0.0","","31","","8","","16.1","","97.23","","","","-3","","NA"
"-80.38","43.46","KITCHENER/WATERLOO","6144239","2024-02-26 06:00","2024","02","26","06:00","","-1.6","","-2.0","","97","","0.0","","31","","8","","12.9","","97.30","","","","-5","","NA"
"-80.38","43.46","KITCHENER/WATERLOO","6144239","2024-02-26 07:00","2024","02","26","07:00","","-1.3","","-2.0","","95","","0.0","","33","","5","","16.1","","97.44","","","","-3","","NA"
"-80.38","43.46","KITCHENER/WATERLOO","6144239","2024-02-26 08:00","2024","02","26","08:00","","-1.7","","-2.4","","95","","0.0","","","","0","","16.1","","97.55","","","","","","NA"
"-80.38","43.46","KITCHENER/WATERLOO","6144239","2024-02-26 09:00","2024","02","26","09:00","","1.3","","-0.7","","87","","0.0","","","","0","","16.1","","97.64","","","","","","NA"
"-80.38","43.46","KITCHENER/WATERLOO","6144239","2024-02-26 10:00","2024","02","26","10:00","","3.0","","-3.3","","63","","0.0","","6","","11","","16.1","","97.65","","","","","","NA"
"-80.38","43.46","KITCHENER/WATERLOO","6144239","2024-02-26 11:00","2024","02","26","11:00","","4.7","","-5.2","","49","","0.0","","6","","5","","16.1","","97.64","","","","","","NA"
"-80.38","43.46","KITCHENER/WATERLOO","6144239","2024-02-26 12:00","2024","02","26","12:00","","7.3","","-5.1","","41","","0.0","","18","","15","","16.1","","97.60","","","","","","NA"
"-80.38","43.46","KITCHENER/WATERLOO","6144239","2024-02-26 13:00","2024","02","26","13:00","","8.3","","-5.2","","38","","0.0","","","M","5","","16.1","","97.53","","","","","","NA"
"-80.38","43.46","KITCHENER/WATERLOO","6144239","2024-02-26 14:00","2024","02","26","14:00","","9.8","","-4.7","","36","","0.0","","","M","9","","16.1","","97.49","","","","","","NA"
"-80.38","43.46","KITCHENER/WATERLOO","6144239","2024-02-26 15:00","2024","02","26","15:00","","9.9","","-4.7","","36","","0.0","","","M","5","","16.1","","97.42","","","","","","NA"
"-80.38","43.46","KITCHENER/WATERLOO","6144239","2024-02-26 16:00","2024","02","26","16:00","","10.0","","-2.8","","41","","0.0","","11","","13","","16.1","","97.37","","","","","","NA"
"-80.38","43.46","KITCHENER/WATERLOO","6144239","2024-02-26 17:00","2024","02","26","17:00","","8.9","","-2.4","","45","","0.0","","12","","18","","16.1","","97.31","","","","","","NA"
"-80.38","43.46","KITCHENER/WATERLOO","6144239","2024-02-26 18:00","2024","02","26","18:00","","5.4","","-3.2","","54","","0.0","","13","","18","","16.1","","97.28","","","","","","NA"
"-80.38","43.46","KITCHENER/WATERLOO","6144239","2024-02-26 19:00","2024","02","26","19:00","","1.6","","-5.4","","60","","0.0","","12","","13","","16.1","","97.26","","","","","","NA"
"-80.38","43.46","KITCHENER/WATERLOO","6144239","2024-02-26 20:00","2024","02","26","20:00","","2.0","","-6.4","","54","","0.0","","11","","17","","16.1","","97.22","","","","","","NA"
"-80.38","43.46","KITCHENER/WATERLOO","6144239","2024-02-26 21:00","2024","02","26","21:00","","1.3","","-5.9","","59","","0.0","","11","","17","","16.1","","97.18","","","","","","NA"
"-80.38","43.46","KITCHENER/WATERLOO","6144239","2024-02-26 22:00","2024","02","26","22:00","","1.0","","-5.9","","60","","0.0","","11","","9","","16.1","","97.13","","","","","","NA"
"-80.38","43.46","KITCHENER/WATERLOO","6144239","2024-02-26 23:00","2024","02","26","23:00","","-1.0","","-5.4","","72","","0.0","","9","","9","","16.1","","97.09","","","","-4","","NA"
"-80.38","43.46","KITCHENER/WATERLOO","6144239","2024-02-27 00:00","2024","02","27","00:00","","-1.8","","-5.0","","79","","0.0","","10","","5","","16.1","","97.01","","","","-4","","NA"
"-80.38","43.46","KITCHENER/WATERLOO","6144239","2024-02-27 01:00","2024","02","27","01:00","","-2.8","","-5.0","","85","","0.0","","9","","4","","16.1","","96.95","","","","-4","","NA"
"-80.38","43.46","KITCHENER/WATERLOO","6144239","2024-02-27 02:00","2024","02","27","02:00","","-1.0","","-4.7","","76","","0.0","","16","","4","","16.1","","96.88","","","","-2","","NA"
"-80.38","43.46","KITCHENER/WATERLOO","6144239","2024-02-27 03:00","2024","02","27","03:00","","-1.2","","-4.6","","78","","0.0","","14","","13","","16.1","","96.83","","","","-5","","NA"
"-80.38","43.46","KITCHENER/WATERLOO","6144239","2024-02-27 04:00","2024","02","27","04:00","","-0.7","","-3.1","","84","","0.0","","6","","8","","16.1","","96.78","","","","-4","","NA"
"-80.38","43.46","KITCHENER/WATERLOO","6144239","2024-02-27 05:00","2024","02","27","05:00","","0.2","","-2.7","","81","","0.0","","12","","11","","16.1","","96.70","","","","","","NA"
"-80.38","43.46","KITCHENER/WATERLOO","6144239","2024-02-27 06:00","2024","02","27","06:00","","1.3","","-1.3","","83","","0.0","","13","","11","","16.1","","96.64","","","","","","NA"
"-80.38","43.46","KITCHENER/WATERLOO","6144239","2024-02-27 07:00","2024","02","27","07:00","","2.3","","-0.3","","83","","0.0","","14","","15","","16.1","","96.57","","","","","","NA"
"-80.38","43.46","KITCHENER/WATERLOO","6144239","2024-02-27 08:00","2024","02","27","08:00","","4.9","","1.6","","79","","0.0","","14","","15","","16.1","","96.55","","","","","","NA"
"-80.38","43.46","KITCHENER/WATERLOO","6144239","2024-02-27 09:00","2024","02","27","09:00","","7.7","","2.4","","69","","0.0","","14","","11","","16.1","","96.52","","","","","","NA"
"-80.38","43.46","KITCHENER/WATERLOO","6144239","2024-02-27 10:00","2024","02","27","10:00","","10.1","","3.4","","63","","0.0","","16","","18","","16.1","","96.49","","","","","","NA"
"-80.38","43.46","KITCHENER/WATERLOO","6144239","2024-02-27 11:00","2024","02","27","11:00","","9.4","","4.9","","73","","0.0","","22","","17","","16.1","","96.45","","","","","","NA"
"-80.38","43.46","KITCHENER/WATERLOO","6144239","2024-02-27 12:00","2024","02","27","12:00","","9.6","","7.4","","86","","0.0","","16","","21","","16.1","","96.40","","","","","","NA"
"-80.38","43.46","KITCHENER/WATERLOO","6144239","2024-02-27 13:00","2024","02","27","13:00","","8.9","","8.2","","95","","2.5","","17","","13","","12.9","","96.39","","","","","","Thunderstorms,Rain"
"-80.38","43.46","KITCHENER/WATERLOO","6144239","2024-02-27 14:00","2024","02","27","14:00","","9.1","","7.9","","92","","0.2","","15","","21","","16.1","","96.30","","","","","","NA"
"-80.38","43.46","KITCHENER/WATERLOO","6144239","2024-02-27 15:00","2024","02","27","15:00","","10.0","","8.6","","91","","0.0","","14","","28","","16.1","","96.22","","","","","","NA"
"-80.38","43.46","KITCHENER/WATERLOO","6144239","2024-02-27 16:00","2024","02","27","16:00","","10.6","","8.9","","89","","0.0","","16","","24","","16.1","","96.22","","","","","","NA"
"-80.38","43.46","KITCHENER/WATERLOO","6144239","2024-02-27 17:00","2024","02","27","17:00","","10.5","","8.4","","87","","0.0","","16","","21","","16.1","","96.21","","","","","","NA"
"-80.38","43.46","KITCHENER/WATERLOO","6144239","2024-02-27 18:00","2024","02","27","18:00","","9.5","","7.8","","89","","0.0","","15","","18","","16.1","","96.19","","","","","","NA"
"-80.38","43.46","KITCHENER/WATERLOO","6144239","2024-02-27 19:00","2024","02","27","19:00","","8.2","","7.3","","94","","0.0","","15","","15","","16.1","","96.18","","","","","","NA"
"-80.38","43.46","KITCHENER/WATERLOO","6144239","2024-02-27 20:00","2024","02","27","20:00","","7.6","","6.9","","95","","0.0","","14","","15","","16.1","","96.15","","","","","","NA"
"-80.38","43.46","KITCHENER/WATERLOO","6144239","2024-02-27 21:00","2024","02","27","21:00","","6.9","","6.8","","99","","0.0","","14","","13","","16.1","","96.12","","","","","","NA"
"-80.38","43.46","KITCHENER/WATERLOO","6144239","2024-02-27 22:00","2024","02","27","22:00","","6.1","","6.1","","100","","0.0","","13","","11","","9.7","","96.10","","","","","","Fog"
"-80.38","43.46","KITCHENER/WATERLOO","6144239","2024-02-27 23:00","2024","02","27","23:00","","5.3","","5.3","","100","","0.0","","13","","8","","0.6","","96.02","","","","","","Fog"
"-80.38","43.46","KITCHENER/WATERLOO","6144239","2024-02-28 00:00","2024","02","28","00:00","","7.0","","7.0","","100","","0.0","","13","","9","","2.4","","95.94","","","","","","Fog"
"-80.38","43.46","KITCHENER/WATERLOO","6144239","2024-02-28 01:00","2024","02","28","01:00","","7.6","","7.6","","100","","0.0","","12","","8","","4.0","","95.82","","","","","","Fog"
"-80.38","43.46","KITCHENER/WATERLOO","6144239","2024-02-28 02:00","2024","02","28","02:00","","8.6","","8.6","","100","","0.0","","14","","11","","9.7","","95.72","","","","","","Fog"
"-80.38","43.46","KITCHENER/WATERLOO","6144239","2024-02-28 03:00","2024","02","28","03:00","","11.7","","11.7","","100","","2.8","","16","","22","","4.0","","95.61","","","","","","Thunderstorms,Heavy Rain,Fog"
"-80.38","43.46","KITCHENER/WATERLOO","6144239","2024-02-28 04:00","2024","02","28","04:00","","11.8","","11.5","","98","","4.2","","17","","28","","9.7","","95.49","","","","","","Rain,Fog"
"-80.38","43.46","KITCHENER/WATERLOO","6144239","2024-02-28 05:00","2024","02","28","05:00","","11.3","","11.2","","99","","1.8","","17","","15","","14.5","","95.48","","","","","","Rain"
"-80.38","43.46","KITCHENER/WATERLOO","6144239","2024-02-28 06:00","2024","02","28","06:00","","10.6","","10.6","","100","","0.0","","15","","11","","12.9","","95.34","","","","","","NA"
"-80.38","43.46","KITCHENER/WATERLOO","6144239","2024-02-28 07:00","2024","02","28","07:00","","10.9","","10.6","","98","","0.2","","18","","13","","16.1","","95.26","","","","","","NA"
"-80.38","43.46","KITCHENER/WATERLOO","6144239","2024-02-28 08:00","2024","02","28","08:00","","11.7","","11.2","","97","","0.0","","19","","17","","16.1","","95.21","","","","","","NA"
"-80.38","43.46","KITCHENER/WATERLOO","6144239","2024-02-28 09:00","2024","02","28","09:00","","12.4","","11.6","","95","","0.0","","19","","18","","16.1","","95.17","","","","","","NA"
"-80.38","43.46","KITCHENER/WATERLOO","6144239","2024-02-28 10:00","2024","02","28","10:00","","13.5","","11.1","","85","","0.0","","20","","32","","16.1","","95.15","","","","","","NA"
"-80.38","43.46","KITCHENER/WATERLOO","6144239","2024-02-28 11:00","2024","02","28","11:00","","13.6","","10.3","","80","","0.0","","22","","34","","16.1","","95.14","","","","","","NA"
"-80.38","43.46","KITCHENER/WATERLOO","6144239","2024-02-28 12:00","2024","02","28","12:00","","0.6","","-0.7","","91","","0.0","","29","","43","","9.7","","95.65","","","","","","Rain,Fog"
"-80.38","43.46","KITCHENER/WATERLOO","6144239","2024-02-28 13:00","2024","02","28","13:00","","-0.4","","-2.7","","84","","0.0","","28","","41","","16.1","","95.78","","","","-8","","NA"
"-80.38","43.46","KITCHENER/WATERLOO","6144239","2024-02-28 14:00","2024","02","28","14:00","","-2.1","","-5.0","","81","","0.0","","28","","52","","8.1","","96.02","","","","-11","","Snow"
"-80.38","43.46","KITCHENER/WATERLOO","6144239","2024-02-28 15:00","2024","02","28","15:00","","-3.6","","-7.0","","77","","0.0","","27","","46","","4.8","","96.31","","","","-13","","Snow"
"-80.38","43.46","KITCHENER/WATERLOO","6144239","2024-02-28 16:00","2024","02","28","16:00","","-3.8","","-8.0","","73","","0.0","","28","","50","","16.1","","96.49","","","","-13","","Snow"
"-80.38","43.46","KITCHENER/WATERLOO","6144239","2024-02-28 17:00","2024","02","28","17:00","","-4.8","","-8.0","","79","","0.0","","28","","39","","4.8","","96.76","","","","-14","","Snow"
"-80.38","43.46","KITCHENER/WATERLOO","6144239","2024-02-28 18:00","2024","02","28","18:00","","-6.4","","-10.0","","76","","0.0","","29","","46","","9.7","","97.09","","","","-17","","Snow"
"-80.38","43.46","KITCHENER/WATERLOO","6144239","2024-02-28 19:00","2024","02","28","19:00","","-6.5","","-10.1","","76","","0.0","","29","","41","","16.1","","97.34","","","","-16","","Snow"
"-80.38","43.46","KITCHENER/WATERLOO","6144239","2024-02-28 20:00","2024","02","28","20:00","","-6.5","","-8.8","","84","","0.0","","29","","37","","2.4","","97.57","","","","-16","","Snow"
"-80.38","43.46","KITCHENER/WATERLOO","6144239","2024-02-28 21:00","2024","02","28","21:00","","-6.6","","-10.8","","73","","0.0","","28","","41","","16.1","","97.73","","","","-16","","NA"
"-80.38","43.46","KITCHENER/WATERLOO","6144239","2024-02-28 22:00","2024","02","28","22:00","","-6.6","","-9.3","","81","","0.0","","28","","32","","9.7","","97.85","","","","-15","","Snow"
"-80.38","43.46","KITCHENER/WATERLOO","6144239","2024-02-28 23:00","2024","02","28","23:00","","-7.0","","-9.6","","82","","0.0","","27","","22","","6.4","","97.92","","","","-14","","Snow"
"-80.38","43.46","KITCHENER/WATERLOO","6144239","2024-02-29 00:00","2024","02","29","00:00","","-7.3","","-10.0","","81","","0.0","","27","","26","","11.3","","98.01","","","","-15","","Snow"
"-80.38","43.46","KITCHENER/WATERLOO","6144239","2024-02-29 01:00","2024","02","29","01:00","","-7.6","","-10.0","","83","","0.0","","29","","21","","8.1","","98.10","","","","-15","","Snow"
"-80.38","43.46","KITCHENER/WATERLOO","6144239","2024-02-29 02:00","2024","02","29","02:00","","-7.5","","-10.4","","80","","0.0","","27","","24","","16.1","","98.15","","","","-15","","Snow"
"-80.38","43.46","KITCHENER/WATERLOO","6144239","2024-02-29 03:00","2024","02","29","03:00","","-7.5","","-9.9","","83","","0.0","","27","","21","","6.4","","98.15","","","","-15","","Snow"
"-80.38","43.46","KITCHENER/WATERLOO","6144239","2024-02-29 04:00","2024","02","29","04:00","","-7.8","","-9.5","","88","","0.0","","30","","15","","2.0","","98.23","","","","-14","","Snow"
"-80.38","43.46","KITCHENER/WATERLOO","6144239","2024-02-29 05:00","2024","02","29","05:00","","-8.6","","-11.0","","83","","0.0","","28","","26","","4.8","","98.31","","","","-17","","Snow"
"-80.38","43.46","KITCHENER/WATERLOO","6144239","2024-02-29 06:00","2024","02","29","06:00","","-8.6","","-11.8","","78","","0.0","","28","","35","","8.1","","98.43","","","","-18","","Snow"
"-80.38","43.46","KITCHENER/WATERLOO","6144239","2024-02-29 07:00","2024","02","29","07:00","","-8.8","","-13.3","","70","","0.0","","29","","26","","16.1","","98.52","","","","-17","","Snow"
"-80.38","43.46","KITCHENER/WATERLOO","6144239","2024-02-29 08:00","2024","02","29","08:00","","-8.5","","-13.6","","67","","0.0","","29","","34","","16.1","","98.64","","","","-18","","NA"
"-80.38","43.46","KITCHENER/WATERLOO","6144239","2024-02-29 09:00","2024","02","29","09:00","","-8.0","","-12.9","","68","","0.0","","29","","26","","16.1","","98.73","","","","-16","","NA"
"-80.38","43.46","KITCHENER/WATERLOO","6144239","2024-02-29 10:00","2024","02","29","10:00","","-7.6","","-13.2","","64","","0.0","","29","","35","","16.1","","98.79","","","","-17","","NA"
"-80.38","43.46","KITCHENER/WATERLOO","6144239","2024-02-29 11:00","2024","02","29","11:00","","-6.1","","-13.1","","58","","0.0","","27","","30","","16.1","","98.83","","","","-14","","NA"
"-80.38","43.46","KITCHENER/WATERLOO","6144239","2024-02-29 12:00","2024","02","29","12:00","","-6.2","","-11.9","","65","","0.0","","28","","30","","16.1","","98.90","","","","-15","","Snow"
"-80.38","43.46","KITCHENER/WATERLOO","6144239","2024-02-29 13:00","2024","02","29","13:00","","-6.3","","-12.1","","64","","0.0","","27","","30","","16.1","","98.90","","","","-15","","Snow"
"-80.38","43.46","KITCHENER/WATERLOO","6144239","2024-02-29 14:00","2024","02","29","14:00","","-6.3","","-11.6","","67","","0.0","","28","","34","","16.1","","98.92","","","","-15","","Snow"
"-80.38","43.46","KITCHENER/WATERLOO","6144239","2024-02-29 15:00","2024","02","29","15:00","","-6.1","","-13.8","","55","","0.0","","28","","37","","16.1","","98.94","","","","-15","","NA"
"-80.38","43.46","KITCHENER/WATERLOO","6144239","2024-02-29 16:00","2024","02","29","16:00","","-5.8","","-12.4","","60","","0.0","","28","","26","","16.1","","98.97","","","","-14","","NA"
"-80.38","43.46","KITCHENER/WATERLOO","6144239","2024-02-29 17:00","2024","02","29","17:00","","-5.5","","-12.5","","58","","0.0","","28","","24","","16.1","","98.99","","","","-13","","NA"
"-80.38","43.46","KITCHENER/WATERLOO","6144239","2024-02-29 18:00","2024","02","29","18:00","","-6.6","","-12.7","","62","","0.0","","27","","17","","16.1","","99.03","","","","-13","","NA"
"-80.38","43.46","KITCHENER/WATERLOO","6144239","2024-02-29 19:00","2024","02","29","19:00","","-6.0","","-12.2","","62","","0.0","","26","","9","","16.1","","99.00","","","","-10","","NA"
"-80.38","43.46","KITCHENER/WATERLOO","6144239","2024-02-29 20:00","2024","02","29","20:00","","-6.1","","-11.7","","65","","0.0","","24","","8","","16.1","","98.99","","","","-10","","NA"
"-80.38","43.46","KITCHENER/WATERLOO","6144239","2024-02-29 21:00","2024","02","29","21:00","","-6.5","","-11.9","","66","","0.0","","17","","5","","16.1","","98.95","","","","-9","","NA"
"-80.38","43.46","KITCHENER/WATERLOO","6144239","2024-02-29 22:00","2024","02","29","22:00","","-6.8","","-11.6","","69","","0.0","","20","","5","","16.1","","98.93","","","","-9","","NA"
"-80.38","43.46","KITCHENER/WATERLOO","6144239","2024-02-29 23:00","2024","02","29","23:00","","-6.7","","-10.9","","72","","0.0","","19","","4","","16.1","","98.95","","","","-9","","NA"
