"Longitude (x)","Latitude (y)","Station Name","Climate ID","Date/Time (LST)","Year","Month","Day","Time (LST)","Flag","Temp (°C)","Temp Flag","Dew Point Temp (°C)","Dew Point Temp Flag","Rel Hum (%)","Rel Hum Flag","Precip. Amount (mm)","Precip. Amount Flag","Wind Dir (10s deg)","Wind Dir Flag","Wind Spd (km/h)","Wind Spd Flag","Visibility (km)","Visibility Flag","Stn Press (kPa)","Stn Press Flag","Hmdx","Hmdx Flag","Wind Chill","Wind Chill Flag","Weather"
"-80.38","43.46","KITCHENER/WATERLOO","6144239","2024-09-01 00:00","2024","09","01","00:00","","15.1","","14.9","","98","","0.0","","21","","8","","16.1","","97.49","","","","","","NA"
"-80.38","43.46","KITCHENER/WATERLOO","6144239","2024-09-01 01:00","2024","09","01","01:00","","16.8","","15.6","","93","","0.0","","20","","5","","16.1","","97.44","","","","","","NA"
"-80.38","43.46","KITCHENER/WATERLOO","6144239","2024-09-01 02:00","2024","09","01","02:00","","17.5","","17.0","","97","","0.0","","22","","11","","16.1","","97.39","","","","","","NA"
"-80.38","43.46","KITCHENER/WATERLOO","6144239","2024-09-01 03:00","2024","09","01","03:00","","17.5","","17.2","","98","","0.0","","21","","11","","16.1","","97.32","","","","","","NA"
"-80.38","43.46","KITCHENER/WATERLOO","6144239","2024-09-01 04:00","2024","09","01","04:00","","17.3","","16.6","","96","","0.0","","23","","13","","16.1","","97.31","","","","","","NA"
"-80.38","43.46","KITCHENER/WATERLOO","6144239","2024-09-01 05:00","2024","09","01","05:00","","16.3","","16.3","","100","","0.0","","19","","9","","16.1","","97.30","","","","","","NA"
"-80.38","43.46","KITCHENER/WATERLOO","6144239","2024-09-01 06:00","2024","09","01","06:00","","16.3","","16.1","","99","","0.0","","22","","8","","16.1","","97.27","","","","","","NA"
"-80.38","43.46","KITCHENER/WATERLOO","6144239","2024-09-01 07:00","2024","09","01","07:00","","18.3","","15.8","","85","","0.0","","24","","15","","16.1","","97.26","","","","","","NA"
"-80.38","43.46","KITCHENER/WATERLOO","6144239","2024-09-01 08:00","2024","09","01","08:00","","20.2","","16.3","","78","","0.0","","26","","18","","16.1","","97.28","","25","","","","NA"
"-80.38","43.46","KITCHENER/WATERLOO","6144239","2024-09-01 09:00","2024","09","01","09:00","","20.5","","17.0","","80","","0.0","","29","","24","","16.1","","97.32","","26","","","","NA"
"-80.38","43.46","KITCHENER/WATERLOO","6144239","2024-09-01 10:00","2024","09","01","10:00","","22.2","","17.7","","75","","0.0","","28","","22","","16.1","","97.35","","28","","","","NA"
"-80.38","43.46","KITCHENER/WATERLOO","6144239","2024-09-01 11:00","2024","09","01","11:00","","21.7","","14.3","","62","","0.0","","31","","22","","16.1","","97.41","","25","","","","NA"
"-80.38","43.46","KITCHENER/WATERLOO","6144239","2024-09-01 12:00","2024","09","01","12:00","","21.9","","13.8","","60","","0.0","","31","","22","","16.1","","97.48","","25","","","","NA"
"-80.38","43.46","KITCHENER/WATERLOO","6144239","2024-09-01 13:00","2024","09","01","13:00","","22.3","","12.0","","52","","0.0","","32","","24","","16.1","","97.54","","25","","","","NA"
"-80.38","43.46","KITCHENER/WATERLOO","6144239","2024-09-01 14:00","2024","09","01","14:00","","22.9","","12.3","","51","","0.0","","31","","26","","16.1","","97.54","","25","","","","NA"
"-80.38","43.46","KITCHENER/WATERLOO","6144239","2024-09-01 15:00","2024","09","01","15:00","","21.0","","11.7","","55","","0.0","","31","","26","","16.1","","97.59","","","","","","NA"
"-80.38","43.46","KITCHENER/WATERLOO","6144239","2024-09-01 16:00","2024","09","01","16:00","","20.5","","11.5","","56","","0.0","","31","","30","","16.1","","97.66","","","","","","NA"
"-80.38","43.46","KITCHENER/WATERLOO","6144239","2024-09-01 17:00","2024","09","01","17:00","","19.8","","9.1","","50","","0.0","","30","","22","","16.1","","97.72","","","","","","NA"
"-80.38","43.46","KITCHENER/WATERLOO","6144239","2024-09-01 18:00","2024","09","01","18:00","","18.5","","8.6","","52","","0.0","","33","","28","","16.1","","97.76","","","","","","NA"
"-80.38","43.46","KITCHENER/WATERLOO","6144239","2024-09-01 19:00","2024","09","01","19:00","","16.6","","9.2","","61","","0.0","","32","","18","","16.1","","97.81","","","","","","NA"
"-80.38","43.46","KITCHENER/WATERLOO","6144239","2024-09-01 20:00","2024","09","01","20:00","","15.2","","9.1","","67","","0.0","","32","","17","","16.1","","97.94","","","","","","NA"
"-80.38","43.46","KITCHENER/WATERLOO","6144239","2024-09-01 21:00","2024","09","01","21:00","","13.4","","9.1","","75","","0.0","","31","","11","","16.1","","97.99","","","","","","NA"
"-80.38","43.46","KITCHENER/WATERLOO","6144239","2024-09-01 22:00","2024","09","01","22:00","","12.1","","8.6","","79","","0.0","","33","","8","","16.1","","98.02","","","","","","NA"
"-80.38","43.46","KITCHENER/WATERLOO","6144239","2024-09-01 23:00","2024","09","01","23:00","","11.7","","8.6","","81","","0.0","","28","","8","","16.1","","98.08","","","","","","NA"
"-80.38","43.46","KITCHENER/WATERLOO","6144239","2024-09-02 00:00","2024","09","02","00:00","","11.0","","8.7","","86","","0.0","","31","","11","","16.1","","98.11","","","","","","NA"
"-80.38","43.46","KITCHENER/WATERLOO","6144239","2024-09-02 01:00","2024","09","02","01:00","","10.7","","8.8","","88","","0.0","","30","","9","","16.1","","98.13","","","","","","NA"
"-80.38","43.46","KITCHENER/WATERLOO","6144239","2024-09-02 02:00","2024","09","02","02:00","","10.1","","9.1","","94","","0.0","","30","","9","","16.1","","98.16","","","","","","NA"
"-80.38","43.46","KITCHENER/WATERLOO","6144239","2024-09-02 03:00","2024","09","02","03:00","","8.3","","8.2","","99","","0.0","","31","","9","","16.1","","98.20","","","","","","NA"
"-80.38","43.46","KITCHENER/WATERLOO","6144239","2024-09-02 04:00","2024","09","02","04:00","","8.9","","8.8","","99","","0.0","","32","","8","","16.1","","98.25","","","","","","NA"
"-80.38","43.46","KITCHENER/WATERLOO","6144239","2024-09-02 05:00","2024","09","02","05:00","","7.9","","7.9","","100","","0.0","","29","","11","","16.1","","98.30","","","","","","NA"
"-80.38","43.46","KITCHENER/WATERLOO","6144239","2024-09-02 06:00","2024","09","02","06:00","","8.1","","8.1","","100","","0.0","","31","","8","","16.1","","98.37","","","","","","NA"
"-80.38","43.46","KITCHENER/WATERLOO","6144239","2024-09-02 07:00","2024","09","02","07:00","","10.6","","9.7","","94","","0.0","","32","","15","","16.1","","98.45","","","","","","NA"
"-80.38","43.46","KITCHENER/WATERLOO","6144239","2024-09-02 08:00","2024","09","02","08:00","","12.8","","9.8","","82","","0.0","","35","","13","","16.1","","98.51","","","","","","NA"
"-80.38","43.46","KITCHENER/WATERLOO","6144239","2024-09-02 09:00","2024","09","02","09:00","","14.9","","9.2","","68","","0.0","","35","","21","","16.1","","98.56","","","","","","NA"
"-80.38","43.46","KITCHENER/WATERLOO","6144239","2024-09-02 10:00","2024","09","02","10:00","","15.2","","6.6","","56","","0.0","","34","","22","","16.1","","98.62","","","","","","NA"
"-80.38","43.46","KITCHENER/WATERLOO","6144239","2024-09-02 11:00","2024","09","02","11:00","","16.8","","6.7","","51","","0.0","","33","","22","","16.1","","98.65","","","","","","NA"
"-80.38","43.46","KITCHENER/WATERLOO","6144239","2024-09-02 12:00","2024","09","02","12:00","","16.8","","6.0","","49","","0.0","","36","","24","","16.1","","98.66","","","","","","NA"
"-80.38","43.46","KITCHENER/WATERLOO","6144239","2024-09-02 13:00","2024","09","02","13:00","","17.8","","5.5","","44","","0.0","","33","","26","","16.1","","98.67","","","","","","NA"
"-80.38","43.46","KITCHENER/WATERLOO","6144239","2024-09-02 14:00","2024","09","02","14:00","","18.3","","5.5","","43","","0.0","","33","","22","","16.1","","98.63","","","","","","NA"
"-80.38","43.46","KITCHENER/WATERLOO","6144239","2024-09-02 15:00","2024","09","02","15:00","","19.1","","5.4","","40","","0.0","","34","","13","","16.1","","98.61","","","","","","NA"
"-80.38","43.46","KITCHENER/WATERLOO","6144239","2024-09-02 16:00","2024","09","02","16:00","","18.7","","5.8","","42","","0.0","","33","","17","","16.1","","98.61","","","","","","NA"
"-80.38","43.46","KITCHENER/WATERLOO","6144239","2024-09-02 17:00","2024","09","02","17:00","","18.0","","6.3","","46","","0.0","","30","","17","","16.1","","98.61","","","","","","NA"
"-80.38","43.46","KITCHENER/WATERLOO","6144239","2024-09-02 18:00","2024","09","02","18:00","","16.4","","5.8","","49","","0.0","","32","","13","","16.1","","98.66","","","","","","NA"
"-80.38","43.46","KITCHENER/WATERLOO","6144239","2024-09-02 19:00","2024","09","02","19:00","","13.4","","5.9","","60","","0.0","","31","","11","","16.1","","98.68","","","","","","NA"
"-80.38","43.46","KITCHENER/WATERLOO","6144239","2024-09-02 20:00","2024","09","02","20:00","","12.0","","6.5","","69","","0.0","","32","","11","","16.1","","98.75","","","","","","NA"
"-80.38","43.46","KITCHENER/WATERLOO","6144239","2024-09-02 21:00","2024","09","02","21:00","","11.1","","6.6","","74","","0.0","","33","","8","","16.1","","98.80","","","","","","NA"
"-80.38","43.46","KITCHENER/WATERLOO","6144239","2024-09-02 22:00","2024","09","02","22:00","","10.5","","6.9","","78","","0.0","","32","","4","","16.1","","98.83","","","","","","NA"
"-80.38","43.46","KITCHENER/WATERLOO","6144239","2024-09-02 23:00","2024","09","02","23:00","","7.0","","6.8","","98","","0.0","","34","","5","","16.1","","98.85","","","","","","NA"
"-80.38","43.46","KITCHENER/WATERLOO","6144239","2024-09-03 00:00","2024","09","03","00:00","","7.3","","7.3","","100","","0.0","","32","","5","","16.1","","98.86","","","","","","NA"
"-80.38","43.46","KITCHENER/WATERLOO","6144239","2024-09-03 01:00","2024","09","03","01:00","","7.1","","6.5","","96","","0.0","","31","","9","","16.1","","98.89","","","","","","NA"
"-80.38","43.46","KITCHENER/WATERLOO","6144239","2024-09-03 02:00","2024","09","03","02:00","","7.3","","6.6","","95","","0.0","","34","","8","","16.1","","98.90","","","","","","NA"
"-80.38","43.46","KITCHENER/WATERLOO","6144239","2024-09-03 03:00","2024","09","03","03:00","","6.9","","6.5","","97","","0.0","","32","","8","","16.1","","98.94","","","","","","NA"
"-80.38","43.46","KITCHENER/WATERLOO","6144239","2024-09-03 04:00","2024","09","03","04:00","","5.8","","5.8","","100","","0.0","","30","","5","","16.1","","98.96","","","","","","NA"
"-80.38","43.46","KITCHENER/WATERLOO","6144239","2024-09-03 05:00","2024","09","03","05:00","","5.9","","5.9","","100","","0.0","","33","","4","","16.1","","99.00","","","","","","NA"
"-80.38","43.46","KITCHENER/WATERLOO","6144239","2024-09-03 06:00","2024","09","03","06:00","","5.1","","5.1","","100","","0.0","","32","","4","","9.7","","99.02","","","","","","Fog"
"-80.38","43.46","KITCHENER/WATERLOO","6144239","2024-09-03 07:00","2024","09","03","07:00","","7.7","","7.7","","100","","0.0","","","M","4","","16.1","","99.05","","","","","","NA"
"-80.38","43.46","KITCHENER/WATERLOO","6144239","2024-09-03 08:00","2024","09","03","08:00","","11.8","","9.6","","86","","0.0","","","","0","","16.1","","99.09","","","","","","NA"
"-80.38","43.46","KITCHENER/WATERLOO","6144239","2024-09-03 09:00","2024","09","03","09:00","","15.9","","10.4","","70","","0.0","","","M","4","","16.1","","99.10","","","","","","NA"
"-80.38","43.46","KITCHENER/WATERLOO","6144239","2024-09-03 10:00","2024","09","03","10:00","","17.6","","5.9","","46","","0.0","","","M","4","","16.1","","99.12","","","","","","NA"
"-80.38","43.46","KITCHENER/WATERLOO","6144239","2024-09-03 11:00","2024","09","03","11:00","","18.9","","5.2","","40","","0.0","","","M","8","","16.1","","99.08","","","","","","NA"
"-80.38","43.46","KITCHENER/WATERLOO","6144239","2024-09-03 12:00","2024","09","03","12:00","","19.8","","5.0","","38","","0.0","","21","","9","","16.1","","99.05","","","","","","NA"
"-80.38","43.46","KITCHENER/WATERLOO","6144239","2024-09-03 13:00","2024","09","03","13:00","","20.1","","4.1","","34","","0.0","","21","","5","","16.1","","99.02","","","","","","NA"
"-80.38","43.46","KITCHENER/WATERLOO","6144239","2024-09-03 14:00","2024","09","03","14:00","","21.0","","5.0","","35","","0.0","","15","","8","","16.1","","98.97","","","","","","NA"
"-80.38","43.46","KITCHENER/WATERLOO","6144239","2024-09-03 15:00","2024","09","03","15:00","","21.0","","5.5","","36","","0.0","","17","","11","","16.1","","98.93","","","","","","NA"
"-80.38","43.46","KITCHENER/WATERLOO","6144239","2024-09-03 16:00","2024","09","03","16:00","","21.2","","6.6","","38","","0.0","","","M","4","","16.1","","98.90","","","","","","NA"
"-80.38","43.46","KITCHENER/WATERLOO","6144239","2024-09-03 17:00","2024","09","03","17:00","","21.1","","6.4","","38","","0.0","","15","","9","","16.1","","98.88","","","","","","NA"
"-80.38","43.46","KITCHENER/WATERLOO","6144239","2024-09-03 18:00","2024","09","03","18:00","","19.6","","8.2","","47","","0.0","","22","","5","","16.1","","98.89","","","","","","NA"
"-80.38","43.46","KITCHENER/WATERLOO","6144239","2024-09-03 19:00","2024","09","03","19:00","","15.4","","8.9","","65","","0.0","","28","","5","","16.1","","98.90","","","","","","NA"
"-80.38","43.46","KITCHENER/WATERLOO","6144239","2024-09-03 20:00","2024","09","03","20:00","","16.0","","9.5","","65","","0.0","","18","","8","","16.1","","98.95","","","","","","NA"
"-80.38","43.46","KITCHENER/WATERLOO","6144239","2024-09-03 21:00","2024","09","03","21:00","","11.9","","10.3","","90","","0.0","","","","0","","16.1","","98.96","","","","","","NA"
"-80.38","43.46","KITCHENER/WATERLOO","6144239","2024-09-03 22:00","2024","09","03","22:00","","10.2","","10.2","","100","","0.0","","8","","4","","16.1","","98.96","","","","","","NA"
"-80.38","43.46","KITCHENER/WATERLOO","6144239","2024-09-03 23:00","2024","09","03","23:00","","9.0","","9.0","","100","","0.0","","7","","4","","16.1","","98.97","","","","","","NA"
"-80.38","43.46","KITCHENER/WATERLOO","6144239","2024-09-04 00:00","2024","09","04","00:00","","8.5","","8.5","","100","","0.0","","","","0","","16.1","","98.98","","","","","","NA"
"-80.38","43.46","KITCHENER/WATERLOO","6144239","2024-09-04 01:00","2024","09","04","01:00","","7.8","","7.8","","100","","0.0","","","","0","","16.1","","98.98","","","","","","NA"
"-80.38","43.46","KITCHENER/WATERLOO","6144239","2024-09-04 02:00","2024","09","04","02:00","","7.4","","7.4","","100","","0.0","","","","0","","8.1","","98.98","","","","","","Fog"
"-80.38","43.46","KITCHENER/WATERLOO","6144239","2024-09-04 03:00","2024","09","04","03:00","","6.7","","6.7","","100","","0.0","","34","","5","","8.1","","98.99","","","","","","Fog"
"-80.38","43.46","KITCHENER/WATERLOO","6144239","2024-09-04 04:00","2024","09","04","04:00","","6.3","","6.3","","100","","0.0","","36","","4","","6.4","","99.02","","","","","","Fog"
"-80.38","43.46","KITCHENER/WATERLOO","6144239","2024-09-04 05:00","2024","09","04","05:00","","6.4","","6.4","","100","","0.0","","36","","5","","1.2","","99.06","","","","","","Fog"
"-80.38","43.46","KITCHENER/WATERLOO","6144239","2024-09-04 06:00","2024","09","04","06:00","","6.4","","6.4","","100","","0.0","","31","","4","","9.7","","99.11","","","","","","Fog"
"-80.38","43.46","KITCHENER/WATERLOO","6144239","2024-09-04 07:00","2024","09","04","07:00","","8.3","","8.3","","100","","0.0","","","","0","","14.5","","99.17","","","","","","NA"
"-80.38","43.46","KITCHENER/WATERLOO","6144239","2024-09-04 08:00","2024","09","04","08:00","","12.5","","12.0","","97","","0.0","","","","0","","16.1","","99.19","","","","","","NA"
"-80.38","43.46","KITCHENER/WATERLOO","6144239","2024-09-04 09:00","2024","09","04","09:00","","17.5","","12.2","","71","","0.0","","13","","11","","16.1","","99.17","","","","","","NA"
"-80.38","43.46","KITCHENER/WATERLOO","6144239","2024-09-04 10:00","2024","09","04","10:00","","19.6","","12.8","","65","","0.0","","20","","11","","16.1","","99.17","","","","","","NA"
"-80.38","43.46","KITCHENER/WATERLOO","6144239","2024-09-04 11:00","2024","09","04","11:00","","21.4","","11.7","","54","","0.0","","20","","11","","16.1","","99.16","","","","","","NA"
"-80.38","43.46","KITCHENER/WATERLOO","6144239","2024-09-04 12:00","2024","09","04","12:00","","22.3","","11.5","","50","","0.0","","22","","5","","16.1","","99.12","","","","","","NA"
"-80.38","43.46","KITCHENER/WATERLOO","6144239","2024-09-04 13:00","2024","09","04","13:00","","23.1","","9.2","","41","","0.0","","18","","13","","16.1","","99.09","","","","","","NA"
"-80.38","43.46","KITCHENER/WATERLOO","6144239","2024-09-04 14:00","2024","09","04","14:00","","23.9","","11.5","","45","","0.0","","17","","13","","16.1","","99.01","","26","","","","NA"
"-80.38","43.46","KITCHENER/WATERLOO","6144239","2024-09-04 15:00","2024","09","04","15:00","","24.1","","11.4","","45","","0.0","","15","","15","","16.1","","98.96","","26","","","","NA"
"-80.38","43.46","KITCHENER/WATERLOO","6144239","2024-09-04 16:00","2024","09","04","16:00","","24.0","","10.9","","43","","0.0","","17","","13","","16.1","","98.94","","26","","","","NA"
"-80.38","43.46","KITCHENER/WATERLOO","6144239","2024-09-04 17:00","2024","09","04","17:00","","23.0","","10.0","","43","","0.0","","15","","13","","16.1","","98.93","","","","","","NA"
"-80.38","43.46","KITCHENER/WATERLOO","6144239","2024-09-04 18:00","2024","09","04","18:00","","20.6","","12.2","","58","","0.0","","13","","9","","16.1","","98.93","","","","","","NA"
"-80.38","43.46","KITCHENER/WATERLOO","6144239","2024-09-04 19:00","2024","09","04","19:00","","17.0","","11.1","","68","","0.0","","12","","8","","16.1","","98.90","","","","","","NA"
"-80.38","43.46","KITCHENER/WATERLOO","6144239","2024-09-04 20:00","2024","09","04","20:00","","15.9","","10.7","","71","","0.0","","12","","9","","16.1","","98.91","","","","","","NA"
"-80.38","43.46","KITCHENER/WATERLOO","6144239","2024-09-04 21:00","2024","09","04","21:00","","14.8","","12.7","","87","","0.0","","12","","9","","16.1","","98.92","","","","","","NA"
"-80.38","43.46","KITCHENER/WATERLOO","6144239","2024-09-04 22:00","2024","09","04","22:00","","12.8","","12.8","","100","","0.0","","","M","4","","16.1","","98.92","","","","","","NA"
"-80.38","43.46","KITCHENER/WATERLOO","6144239","2024-09-04 23:00","2024","09","04","23:00","","12.7","","12.7","","100","","0.0","","8","","4","","12.9","","98.92","","","","","","NA"
"-80.38","43.46","KITCHENER/WATERLOO","6144239","2024-09-05 00:00","2024","09","05","00:00","","10.6","","10.6","","100","","0.0","","","","0","","0.8","","98.90","","","","","","Fog"
"-80.38","43.46","KITCHENER/WATERLOO","6144239","2024-09-05 01:00","2024","09","05","01:00","","9.9","","9.9","","100","","0.0","","8","","4","","0.4","","98.85","","","","","","Fog"
"-80.38","43.46","KITCHENER/WATERLOO","6144239","2024-09-05 02:00","2024","09","05","02:00","","9.1","","9.1","","100","","0.0","","","M","4","","0.4","","98.82","","","","","","Fog"
"-80.38","43.46","KITCHENER/WATERLOO","6144239","2024-09-05 03:00","2024","09","05","03:00","","9.8","","9.8","","100","","0.0","","8","","5","","0.8","","98.81","","","","","","Fog"
"-80.38","43.46","KITCHENER/WATERLOO","6144239","2024-09-05 04:00","2024","09","05","04:00","","10.1","","10.1","","100","","0.0","","11","","4","","0.2","","98.79","","","","","","Rain,Fog"
"-80.38","43.46","KITCHENER/WATERLOO","6144239","2024-09-05 05:00","2024","09","05","05:00","","10.1","","10.1","","100","","0.0","","7","","4","","0.6","","98.78","","","","","","Fog"
"-80.38","43.46","KITCHENER/WATERLOO","6144239","2024-09-05 06:00","2024","09","05","06:00","","8.0","","8.0","","100","","0.0","","6","","5","","0.4","","98.77","","","","","","Fog"
"-80.38","43.46","KITCHENER/WATERLOO","6144239","2024-09-05 07:00","2024","09","05","07:00","","11.1","","11.1","","100","","0.0","","8","","4","","16.1","","98.75","","","","","","NA"
"-80.38","43.46","KITCHENER/WATERLOO","6144239","2024-09-05 08:00","2024","09","05","08:00","","16.7","","15.2","","91","","0.0","","17","","8","","16.1","","98.72","","","","","","NA"
"-80.38","43.46","KITCHENER/WATERLOO","6144239","2024-09-05 09:00","2024","09","05","09:00","","19.2","","14.7","","75","","0.0","","18","","17","","16.1","","98.68","","","","","","NA"
"-80.38","43.46","KITCHENER/WATERLOO","6144239","2024-09-05 10:00","2024","09","05","10:00","","20.9","","15.1","","69","","0.0","","19","","11","","16.1","","98.62","","25","","","","NA"
"-80.38","43.46","KITCHENER/WATERLOO","6144239","2024-09-05 11:00","2024","09","05","11:00","","23.1","","14.9","","59","","0.0","","14","","17","","16.1","","98.52","","27","","","","NA"
"-80.38","43.46","KITCHENER/WATERLOO","6144239","2024-09-05 12:00","2024","09","05","12:00","","24.2","","15.2","","57","","0.0","","18","","13","","16.1","","98.49","","28","","","","NA"
"-80.38","43.46","KITCHENER/WATERLOO","6144239","2024-09-05 13:00","2024","09","05","13:00","","25.6","","14.7","","50","","0.0","","19","","17","","12.9","","98.47","","29","","","","NA"
"-80.38","43.46","KITCHENER/WATERLOO","6144239","2024-09-05 14:00","2024","09","05","14:00","","26.3","","14.5","","48","","0.0","","21","","17","","16.1","","98.42","","30","","","","NA"
"-80.38","43.46","KITCHENER/WATERLOO","6144239","2024-09-05 15:00","2024","09","05","15:00","","26.0","","13.5","","46","","0.0","","19","","8","","16.1","","98.35","","29","","","","NA"
"-80.38","43.46","KITCHENER/WATERLOO","6144239","2024-09-05 16:00","2024","09","05","16:00","","26.6","","13.9","","45","","0.0","","19","","15","","16.1","","98.29","","30","","","","NA"
"-80.38","43.46","KITCHENER/WATERLOO","6144239","2024-09-05 17:00","2024","09","05","17:00","","25.4","","12.6","","44","","0.0","","18","","21","","16.1","","98.25","","28","","","","NA"
"-80.38","43.46","KITCHENER/WATERLOO","6144239","2024-09-05 18:00","2024","09","05","18:00","","23.7","","11.9","","47","","0.0","","18","","17","","16.1","","98.23","","26","","","","NA"
"-80.38","43.46","KITCHENER/WATERLOO","6144239","2024-09-05 19:00","2024","09","05","19:00","","20.7","","11.7","","56","","0.0","","20","","11","","16.1","","98.24","","","","","","NA"
"-80.38","43.46","KITCHENER/WATERLOO","6144239","2024-09-05 20:00","2024","09","05","20:00","","17.3","","12.0","","71","","0.0","","14","","13","","16.1","","98.19","","","","","","NA"
"-80.38","43.46","KITCHENER/WATERLOO","6144239","2024-09-05 21:00","2024","09","05","21:00","","16.7","","12.9","","78","","0.0","","14","","11","","16.1","","98.14","","","","","","NA"
"-80.38","43.46","KITCHENER/WATERLOO","6144239","2024-09-05 22:00","2024","09","05","22:00","","17.3","","13.1","","76","","0.0","","16","","9","","16.1","","98.07","","","","","","NA"
"-80.38","43.46","KITCHENER/WATERLOO","6144239","2024-09-05 23:00","2024","09","05","23:00","","19.7","","13.2","","66","","0.0","","17","","17","","16.1","","98.01","","","","","","NA"
"-80.38","43.46","KITCHENER/WATERLOO","6144239","2024-09-06 00:00","2024","09","06","00:00","","19.0","","14.5","","75","","0.0","","19","","17","","16.1","","97.95","","","","","","NA"
"-80.38","43.46","KITCHENER/WATERLOO","6144239","2024-09-06 01:00","2024","09","06","01:00","","18.6","","14.1","","75","","0.0","","19","","13","","16.1","","97.89","","","","","","NA"
"-80.38","43.46","KITCHENER/WATERLOO","6144239","2024-09-06 02:00","2024","09","06","02:00","","18.1","","14.3","","78","","0.0","","18","","11","","16.1","","97.86","","","","","","NA"
"-80.38","43.46","KITCHENER/WATERLOO","6144239","2024-09-06 03:00","2024","09","06","03:00","","17.9","","14.1","","78","","0.0","","18","","13","","16.1","","97.81","","","","","","NA"
"-80.38","43.46","KITCHENER/WATERLOO","6144239","2024-09-06 04:00","2024","09","06","04:00","","18.0","","14.9","","82","","0.0","","19","","15","","16.1","","97.80","","","","","","Rain"
"-80.38","43.46","KITCHENER/WATERLOO","6144239","2024-09-06 05:00","2024","09","06","05:00","","17.5","","15.5","","88","","0.0","","21","","9","","16.1","","97.77","","","","","","NA"
"-80.38","43.46","KITCHENER/WATERLOO","6144239","2024-09-06 06:00","2024","09","06","06:00","","17.2","","16.2","","94","","0.0","","18","","9","","16.1","","97.75","","","","","","NA"
"-80.38","43.46","KITCHENER/WATERLOO","6144239","2024-09-06 07:00","2024","09","06","07:00","","17.4","","16.9","","97","","0.0","","14","","8","","16.1","","97.69","","","","","","Rain"
"-80.38","43.46","KITCHENER/WATERLOO","6144239","2024-09-06 08:00","2024","09","06","08:00","","17.9","","17.3","","96","","0.0","","17","","4","","16.1","","97.72","","","","","","Rain"
"-80.38","43.46","KITCHENER/WATERLOO","6144239","2024-09-06 09:00","2024","09","06","09:00","","19.1","","18.3","","95","","0.0","","20","","9","","16.1","","97.68","","","","","","NA"
"-80.38","43.46","KITCHENER/WATERLOO","6144239","2024-09-06 10:00","2024","09","06","10:00","","20.5","","17.6","","83","","0.0","","18","","13","","16.1","","97.67","","26","","","","NA"
"-80.38","43.46","KITCHENER/WATERLOO","6144239","2024-09-06 11:00","2024","09","06","11:00","","21.2","","16.9","","76","","0.0","","21","","17","","16.1","","97.65","","26","","","","NA"
"-80.38","43.46","KITCHENER/WATERLOO","6144239","2024-09-06 12:00","2024","09","06","12:00","","21.3","","17.2","","77","","0.0","","24","","17","","16.1","","97.61","","27","","","","NA"
"-80.38","43.46","KITCHENER/WATERLOO","6144239","2024-09-06 13:00","2024","09","06","13:00","","19.4","","18.4","","94","","0.0","","24","","21","","11.3","","97.62","","","","","","Rain"
"-80.38","43.46","KITCHENER/WATERLOO","6144239","2024-09-06 14:00","2024","09","06","14:00","","18.2","","17.0","","93","","0.2","","31","","21","","16.1","","97.64","","","","","","NA"
"-80.38","43.46","KITCHENER/WATERLOO","6144239","2024-09-06 15:00","2024","09","06","15:00","","18.2","","16.2","","88","","0.0","","32","","18","","16.1","","97.63","","","","","","NA"
"-80.38","43.46","KITCHENER/WATERLOO","6144239","2024-09-06 16:00","2024","09","06","16:00","","18.0","","14.6","","80","","0.0","","32","","18","","16.1","","97.62","","","","","","NA"
"-80.38","43.46","KITCHENER/WATERLOO","6144239","2024-09-06 17:00","2024","09","06","17:00","","17.8","","14.5","","81","","0.0","","29","","17","","16.1","","97.62","","","","","","NA"
"-80.38","43.46","KITCHENER/WATERLOO","6144239","2024-09-06 18:00","2024","09","06","18:00","","16.6","","13.9","","84","","0.0","","31","","18","","16.1","","97.64","","","","","","NA"
"-80.38","43.46","KITCHENER/WATERLOO","6144239","2024-09-06 19:00","2024","09","06","19:00","","15.0","","13.1","","88","","0.0","","32","","11","","16.1","","97.62","","","","","","NA"
"-80.38","43.46","KITCHENER/WATERLOO","6144239","2024-09-06 20:00","2024","09","06","20:00","","14.8","","12.5","","86","","0.0","","31","","15","","16.1","","97.60","","","","","","NA"
"-80.38","43.46","KITCHENER/WATERLOO","6144239","2024-09-06 21:00","2024","09","06","21:00","","13.9","","12.0","","88","","0.0","","32","","17","","16.1","","97.59","","","","","","NA"
"-80.38","43.46","KITCHENER/WATERLOO","6144239","2024-09-06 22:00","2024","09","06","22:00","","13.0","","12.5","","97","","0.0","","30","","9","","16.1","","97.56","","","","","","NA"
"-80.38","43.46","KITCHENER/WATERLOO","6144239","2024-09-06 23:00","2024","09","06","23:00","","12.8","","12.5","","98","","0.0","","29","","11","","16.1","","97.52","","","","","","NA"
"-80.38","43.46","KITCHENER/WATERLOO","6144239","2024-09-07 00:00","2024","09","07","00:00","","12.5","","12.0","","97","","0.0","","29","","17","","16.1","","97.48","","","","","","NA"
"-80.38","43.46","KITCHENER/WATERLOO","6144239","2024-09-07 01:00","2024","09","07","01:00","","11.7","","11.4","","98","","0.0","","29","","13","","16.1","","97.42","","","","","","NA"
"-80.38","43.46","KITCHENER/WATERLOO","6144239","2024-09-07 02:00","2024","09","07","02:00","","11.8","","11.8","","100","","0.0","","30","","13","","16.1","","97.42","","","","","","NA"
"-80.38","43.46","KITCHENER/WATERLOO","6144239","2024-09-07 03:00","2024","09","07","03:00","","11.1","","11.1","","100","","0.0","","30","","9","","16.1","","97.35","","","","","","NA"
"-80.38","43.46","KITCHENER/WATERLOO","6144239","2024-09-07 04:00","2024","09","07","04:00","","11.7","","11.7","","100","","0.2","","31","","17","","8.1","","97.36","","","","","","Rain,Fog"
"-80.38","43.46","KITCHENER/WATERLOO","6144239","2024-09-07 05:00","2024","09","07","05:00","","11.0","","11.0","","100","","0.5","","31","","18","","16.1","","97.35","","","","","","NA"
"-80.38","43.46","KITCHENER/WATERLOO","6144239","2024-09-07 06:00","2024","09","07","06:00","","10.3","","10.3","","100","","0.0","","32","","9","","16.1","","97.35","","","","","","NA"
"-80.38","43.46","KITCHENER/WATERLOO","6144239","2024-09-07 07:00","2024","09","07","07:00","","11.0","","11.0","","100","","0.0","","30","","15","","16.1","","97.45","","","","","","NA"
"-80.38","43.46","KITCHENER/WATERLOO","6144239","2024-09-07 08:00","2024","09","07","08:00","","11.7","","10.8","","94","","0.0","","31","","17","","16.1","","97.46","","","","","","NA"
"-80.38","43.46","KITCHENER/WATERLOO","6144239","2024-09-07 09:00","2024","09","07","09:00","","13.0","","9.9","","81","","0.0","","31","","22","","16.1","","97.50","","","","","","NA"
"-80.38","43.46","KITCHENER/WATERLOO","6144239","2024-09-07 10:00","2024","09","07","10:00","","12.3","","9.4","","83","","0.0","","30","","30","","16.1","","97.54","","","","","","Rain"
"-80.38","43.46","KITCHENER/WATERLOO","6144239","2024-09-07 11:00","2024","09","07","11:00","","14.7","","8.9","","68","","0.0","","31","","30","","16.1","","97.54","","","","","","NA"
"-80.38","43.46","KITCHENER/WATERLOO","6144239","2024-09-07 12:00","2024","09","07","12:00","","13.6","","7.7","","67","","0.0","","31","","26","","16.1","","97.57","","","","","","NA"
"-80.38","43.46","KITCHENER/WATERLOO","6144239","2024-09-07 13:00","2024","09","07","13:00","","13.3","","6.7","","64","","0.0","","32","","24","","16.1","","97.60","","","","","","NA"
"-80.38","43.46","KITCHENER/WATERLOO","6144239","2024-09-07 14:00","2024","09","07","14:00","","12.3","","8.1","","75","","0.0","","30","","30","","16.1","","97.63","","","","","","NA"
"-80.38","43.46","KITCHENER/WATERLOO","6144239","2024-09-07 15:00","2024","09","07","15:00","","11.5","","8.6","","82","","0.0","","31","","24","","11.3","","97.64","","","","","","NA"
"-80.38","43.46","KITCHENER/WATERLOO","6144239","2024-09-07 16:00","2024","09","07","16:00","","12.1","","7.4","","73","","0.0","","30","","24","","16.1","","97.62","","","","","","NA"
"-80.38","43.46","KITCHENER/WATERLOO","6144239","2024-09-07 17:00","2024","09","07","17:00","","11.2","","7.7","","79","","0.0","","29","","28","","16.1","","97.65","","","","","","NA"
"-80.38","43.46","KITCHENER/WATERLOO","6144239","2024-09-07 18:00","2024","09","07","18:00","","10.2","","7.3","","82","","0.0","","31","","18","","16.1","","97.69","","","","","","NA"
"-80.38","43.46","KITCHENER/WATERLOO","6144239","2024-09-07 19:00","2024","09","07","19:00","","9.4","","7.0","","85","","0.0","","30","","21","","16.1","","97.72","","","","","","NA"
"-80.38","43.46","KITCHENER/WATERLOO","6144239","2024-09-07 20:00","2024","09","07","20:00","","8.7","","7.5","","92","","0.0","","30","","15","","16.1","","97.79","","","","","","NA"
"-80.38","43.46","KITCHENER/WATERLOO","6144239","2024-09-07 21:00","2024","09","07","21:00","","7.8","","6.9","","94","","0.0","","29","","18","","16.1","","97.80","","","","","","NA"
"-80.38","43.46","KITCHENER/WATERLOO","6144239","2024-09-07 22:00","2024","09","07","22:00","","7.2","","6.5","","95","","0.0","","28","","15","","16.1","","97.77","","","","","","NA"
"-80.38","43.46","KITCHENER/WATERLOO","6144239","2024-09-07 23:00","2024","09","07","23:00","","6.9","","6.0","","94","","0.0","","29","","9","","16.1","","97.74","","","","","","NA"
"-80.38","43.46","KITCHENER/WATERLOO","6144239","2024-09-08 00:00","2024","09","08","00:00","","6.6","","5.6","","93","","0.0","","27","","11","","16.1","","97.72","","","","","","NA"
"-80.38","43.46","KITCHENER/WATERLOO","6144239","2024-09-08 01:00","2024","09","08","01:00","","6.3","","5.5","","94","","0.0","","23","","8","","16.1","","97.73","","","","","","NA"
"-80.38","43.46","KITCHENER/WATERLOO","6144239","2024-09-08 02:00","2024","09","08","02:00","","6.1","","5.0","","93","","0.0","","26","","9","","16.1","","97.69","","","","","","NA"
"-80.38","43.46","KITCHENER/WATERLOO","6144239","2024-09-08 03:00","2024","09","08","03:00","","7.0","","5.4","","90","","0.0","","","M","4","","16.1","","97.67","","","","","","NA"
"-80.38","43.46","KITCHENER/WATERLOO","6144239","2024-09-08 04:00","2024","09","08","04:00","","8.2","","5.8","","85","","0.0","","27","","17","","16.1","","97.69","","","","","","NA"
"-80.38","43.46","KITCHENER/WATERLOO","6144239","2024-09-08 05:00","2024","09","08","05:00","","7.8","","6.3","","90","","0.0","","27","","17","","16.1","","97.69","","","","","","NA"
"-80.38","43.46","KITCHENER/WATERLOO","6144239","2024-09-08 06:00","2024","09","08","06:00","","8.3","","6.0","","85","","0.0","","26","","17","","16.1","","97.73","","","","","","NA"
"-80.38","43.46","KITCHENER/WATERLOO","6144239","2024-09-08 07:00","2024","09","08","07:00","","9.1","","7.7","","91","","0.0","","29","","18","","12.9","","97.79","","","","","","Rain"
"-80.38","43.46","KITCHENER/WATERLOO","6144239","2024-09-08 08:00","2024","09","08","08:00","","9.8","","8.5","","92","","0.5","","27","","15","","16.1","","97.82","","","","","","NA"
"-80.38","43.46","KITCHENER/WATERLOO","6144239","2024-09-08 09:00","2024","09","08","09:00","","12.5","","8.8","","78","","0.0","","28","","22","","16.1","","97.79","","","","","","NA"
"-80.38","43.46","KITCHENER/WATERLOO","6144239","2024-09-08 10:00","2024","09","08","10:00","","13.2","","6.1","","62","","0.0","","27","","30","","16.1","","97.79","","","","","","NA"
"-80.38","43.46","KITCHENER/WATERLOO","6144239","2024-09-08 11:00","2024","09","08","11:00","","13.5","","6.6","","63","","0.0","","29","","35","","16.1","","97.81","","","","","","NA"
"-80.38","43.46","KITCHENER/WATERLOO","6144239","2024-09-08 12:00","2024","09","08","12:00","","15.5","","6.9","","56","","0.0","","26","","34","","16.1","","97.81","","","","","","NA"
"-80.38","43.46","KITCHENER/WATERLOO","6144239","2024-09-08 13:00","2024","09","08","13:00","","15.3","","7.1","","58","","0.0","","28","","24","","16.1","","97.85","","","","","","NA"
"-80.38","43.46","KITCHENER/WATERLOO","6144239","2024-09-08 14:00","2024","09","08","14:00","","17.7","","7.0","","49","","0.0","","27","","28","","16.1","","97.82","","","","","","NA"
"-80.38","43.46","KITCHENER/WATERLOO","6144239","2024-09-08 15:00","2024","09","08","15:00","","16.9","","4.7","","44","","0.0","","29","","28","","16.1","","97.82","","","","","","NA"
"-80.38","43.46","KITCHENER/WATERLOO","6144239","2024-09-08 16:00","2024","09","08","16:00","","16.7","","5.0","","46","","0.0","","28","","37","","16.1","","97.82","","","","","","NA"
"-80.38","43.46","KITCHENER/WATERLOO","6144239","2024-09-08 17:00","2024","09","08","17:00","","17.1","","5.4","","46","","0.0","","28","","30","","16.1","","97.82","","","","","","NA"
"-80.38","43.46","KITCHENER/WATERLOO","6144239","2024-09-08 18:00","2024","09","08","18:00","","16.2","","7.1","","55","","0.0","","26","","22","","16.1","","97.82","","","","","","NA"
"-80.38","43.46","KITCHENER/WATERLOO","6144239","2024-09-08 19:00","2024","09","08","19:00","","14.9","","8.0","","63","","0.0","","24","","13","","16.1","","97.81","","","","","","NA"
"-80.38","43.46","KITCHENER/WATERLOO","6144239","2024-09-08 20:00","2024","09","08","20:00","","14.3","","8.1","","66","","0.0","","22","","13","","16.1","","97.84","","","","","","NA"
"-80.38","43.46","KITCHENER/WATERLOO","6144239","2024-09-08 21:00","2024","09","08","21:00","","14.5","","8.1","","65","","0.0","","22","","15","","16.1","","97.84","","","","","","NA"
"-80.38","43.46","KITCHENER/WATERLOO","6144239","2024-09-08 22:00","2024","09","08","22:00","","13.6","","8.0","","69","","0.0","","24","","15","","16.1","","97.86","","","","","","NA"
"-80.38","43.46","KITCHENER/WATERLOO","6144239","2024-09-08 23:00","2024","09","08","23:00","","12.6","","8.5","","76","","0.0","","24","","13","","16.1","","97.89","","","","","","NA"
"-80.38","43.46","KITCHENER/WATERLOO","6144239","2024-09-09 00:00","2024","09","09","00:00","","12.8","","8.9","","77","","0.0","","24","","15","","16.1","","97.90","","","","","","NA"
"-80.38","43.46","KITCHENER/WATERLOO","6144239","2024-09-09 01:00","2024","09","09","01:00","","12.5","","9.3","","81","","0.0","","25","","15","","16.1","","97.91","","","","","","NA"
"-80.38","43.46","KITCHENER/WATERLOO","6144239","2024-09-09 02:00","2024","09","09","02:00","","13.2","","10.0","","81","","0.0","","24","","13","","16.1","","97.89","","","","","","NA"
"-80.38","43.46","KITCHENER/WATERLOO","6144239","2024-09-09 03:00","2024","09","09","03:00","","12.1","","10.0","","87","","0.0","","24","","11","","16.1","","97.90","","","","","","NA"
"-80.38","43.46","KITCHENER/WATERLOO","6144239","2024-09-09 04:00","2024","09","09","04:00","","11.9","","10.2","","89","","0.0","","23","","9","","16.1","","97.87","","","","","","NA"
"-80.38","43.46","KITCHENER/WATERLOO","6144239","2024-09-09 05:00","2024","09","09","05:00","","12.3","","10.4","","88","","0.0","","21","","8","","16.1","","97.84","","","","","","NA"
"-80.38","43.46","KITCHENER/WATERLOO","6144239","2024-09-09 06:00","2024","09","09","06:00","","12.5","","9.9","","84","","0.0","","24","","13","","16.1","","97.87","","","","","","NA"
"-80.38","43.46","KITCHENER/WATERLOO","6144239","2024-09-09 07:00","2024","09","09","07:00","","13.0","","10.4","","84","","0.0","","24","","9","","16.1","","97.87","","","","","","NA"
"-80.38","43.46","KITCHENER/WATERLOO","6144239","2024-09-09 08:00","2024","09","09","08:00","","14.7","","11.5","","81","","0.0","","24","","18","","16.1","","97.85","","","","","","NA"
"-80.38","43.46","KITCHENER/WATERLOO","6144239","2024-09-09 09:00","2024","09","09","09:00","","17.5","","12.7","","73","","0.0","","25","","21","","16.1","","97.82","","","","","","NA"
"-80.38","43.46","KITCHENER/WATERLOO","6144239","2024-09-09 10:00","2024","09","09","10:00","","","M","","M","70","","0.0","","24","","26","","16.1","","","M","","","","","NA"
"-80.38","43.46","KITCHENER/WATERLOO","6144239","2024-09-09 11:00","2024","09","09","11:00","","20.3","","14.1","","67","","0.0","","24","","18","","16.1","","97.76","","","","","","NA"
"-80.38","43.46","KITCHENER/WATERLOO","6144239","2024-09-09 12:00","2024","09","09","12:00","","19.2","","13.6","","70","","0.0","","25","","15","","16.1","","97.73","","","","","","NA"
"-80.38","43.46","KITCHENER/WATERLOO","6144239","2024-09-09 13:00","2024","09","09","13:00","","19.3","","14.2","","72","","0.0","","26","","18","","16.1","","97.72","","","","","","NA"
"-80.38","43.46","KITCHENER/WATERLOO","6144239","2024-09-09 14:00","2024","09","09","14:00","","20.3","","14.9","","71","","0.0","","26","","24","","16.1","","97.72","","","","","","NA"
"-80.38","43.46","KITCHENER/WATERLOO","6144239","2024-09-09 15:00","2024","09","09","15:00","","20.1","","14.6","","70","","0.0","","28","","26","","16.1","","97.72","","","","","","NA"
"-80.38","43.46","KITCHENER/WATERLOO","6144239","2024-09-09 16:00","2024","09","09","16:00","","21.1","","13.6","","62","","0.0","","30","","28","","16.1","","97.72","","","","","","NA"
"-80.38","43.46","KITCHENER/WATERLOO","6144239","2024-09-09 17:00","2024","09","09","17:00","","19.6","","14.1","","70","","0.0","","30","","24","","16.1","","97.78","","","","","","NA"
"-80.38","43.46","KITCHENER/WATERLOO","6144239","2024-09-09 18:00","2024","09","09","18:00","","18.2","","14.2","","77","","0.0","","31","","18","","16.1","","97.84","","","","","","NA"
"-80.38","43.46","KITCHENER/WATERLOO","6144239","2024-09-09 19:00","2024","09","09","19:00","","16.2","","14.2","","88","","0.0","","32","","13","","16.1","","97.90","","","","","","NA"
"-80.38","43.46","KITCHENER/WATERLOO","6144239","2024-09-09 20:00","2024","09","09","20:00","","14.6","","14.3","","98","","0.0","","32","","5","","16.1","","97.98","","","","","","NA"
"-80.38","43.46","KITCHENER/WATERLOO","6144239","2024-09-09 21:00","2024","09","09","21:00","","12.7","","12.7","","100","","0.0","","30","","8","","6.4","","98.06","","","","","","Fog"
"-80.38","43.46","KITCHENER/WATERLOO","6144239","2024-09-09 22:00","2024","09","09","22:00","","11.9","","11.9","","100","","0.0","","30","","8","","2.4","","98.12","","","","","","Fog"
"-80.38","43.46","KITCHENER/WATERLOO","6144239","2024-09-09 23:00","2024","09","09","23:00","","11.4","","11.4","","100","","0.0","","27","","8","","4.0","","98.14","","","","","","Fog"
"-80.38","43.46","KITCHENER/WATERLOO","6144239","2024-09-10 00:00","2024","09","10","00:00","","10.3","","10.3","","100","","0.0","","32","","4","","0.2","","98.18","","","","","","Rain,Fog"
"-80.38","43.46","KITCHENER/WATERLOO","6144239","2024-09-10 01:00","2024","09","10","01:00","","7.7","","7.7","","100","","0.0","","34","","5","","0.8","","98.17","","","","","","Fog"
"-80.38","43.46","KITCHENER/WATERLOO","6144239","2024-09-10 02:00","2024","09","10","02:00","","9.6","","9.6","","100","","0.0","","32","","5","","0.6","","98.20","","","","","","Rain,Fog"
"-80.38","43.46","KITCHENER/WATERLOO","6144239","2024-09-10 03:00","2024","09","10","03:00","","8.1","","8.1","","100","","0.0","","31","","5","","0.4","","98.21","","","","","","Fog"
"-80.38","43.46","KITCHENER/WATERLOO","6144239","2024-09-10 04:00","2024","09","10","04:00","","6.8","","6.8","","100","","0.0","","31","","4","","0.4","","98.25","","","","","","Fog"
"-80.38","43.46","KITCHENER/WATERLOO","6144239","2024-09-10 05:00","2024","09","10","05:00","","6.6","","6.6","","100","","0.0","","29","","5","","0.2","","98.27","","","","","","Fog"
"-80.38","43.46","KITCHENER/WATERLOO","6144239","2024-09-10 06:00","2024","09","10","06:00","","5.7","","5.7","","100","","0.0","","29","","5","","0.4","","98.32","","","","","","Rain,Fog"
"-80.38","43.46","KITCHENER/WATERLOO","6144239","2024-09-10 07:00","2024","09","10","07:00","","8.7","","8.7","","100","","0.2","","35","","4","","16.1","","98.37","","","","","","NA"
"-80.38","43.46","KITCHENER/WATERLOO","6144239","2024-09-10 08:00","2024","09","10","08:00","","11.7","","11.7","","100","","0.0","","","","0","","16.1","","98.39","","","","","","NA"
"-80.38","43.46","KITCHENER/WATERLOO","6144239","2024-09-10 09:00","2024","09","10","09:00","","16.1","","13.0","","81","","0.0","","","","0","","16.1","","98.42","","","","","","NA"
"-80.38","43.46","KITCHENER/WATERLOO","6144239","2024-09-10 10:00","2024","09","10","10:00","","18.0","","12.4","","69","","0.0","","22","","5","","16.1","","98.41","","","","","","NA"
"-80.38","43.46","KITCHENER/WATERLOO","6144239","2024-09-10 11:00","2024","09","10","11:00","","19.3","","13.2","","67","","0.0","","","M","4","","16.1","","98.40","","","","","","NA"
"-80.38","43.46","KITCHENER/WATERLOO","6144239","2024-09-10 12:00","2024","09","10","12:00","","21.1","","8.9","","45","","0.0","","","M","4","","16.1","","98.37","","","","","","NA"
"-80.38","43.46","KITCHENER/WATERLOO","6144239","2024-09-10 13:00","2024","09","10","13:00","","21.8","","10.0","","47","","0.0","","13","","8","","9.7","","98.34","","","","","","Haze"
"-80.38","43.46","KITCHENER/WATERLOO","6144239","2024-09-10 14:00","2024","09","10","14:00","","22.0","","10.2","","47","","0.0","","","M","5","","12.9","","98.29","","","","","","NA"
"-80.38","43.46","KITCHENER/WATERLOO","6144239","2024-09-10 15:00","2024","09","10","15:00","","23.3","","10.9","","45","","0.0","","18","","9","","16.1","","98.26","","25","","","","NA"
"-80.38","43.46","KITCHENER/WATERLOO","6144239","2024-09-10 16:00","2024","09","10","16:00","","22.7","","9.7","","43","","0.0","","19","","15","","16.1","","98.24","","","","","","NA"
"-80.38","43.46","KITCHENER/WATERLOO","6144239","2024-09-10 17:00","2024","09","10","17:00","","22.2","","10.6","","47","","0.0","","18","","9","","16.1","","98.23","","","","","","NA"
"-80.38","43.46","KITCHENER/WATERLOO","6144239","2024-09-10 18:00","2024","09","10","18:00","","19.3","","11.0","","58","","0.0","","23","","8","","16.1","","98.22","","","","","","NA"
"-80.38","43.46","KITCHENER/WATERLOO","6144239","2024-09-10 19:00","2024","09","10","19:00","","13.8","","12.9","","94","","0.0","","","","0","","16.1","","98.23","","","","","","NA"
"-80.38","43.46","KITCHENER/WATERLOO","6144239","2024-09-10 20:00","2024","09","10","20:00","","16.1","","12.7","","80","","0.0","","11","","8","","16.1","","98.25","","","","","","NA"
"-80.38","43.46","KITCHENER/WATERLOO","6144239","2024-09-10 21:00","2024","09","10","21:00","","16.3","","13.8","","85","","0.0","","18","","8","","16.1","","98.27","","","","","","NA"
"-80.38","43.46","KITCHENER/WATERLOO","6144239","2024-09-10 22:00","2024","09","10","22:00","","15.5","","13.7","","89","","0.0","","18","","8","","16.1","","98.28","","","","","","NA"
"-80.38","43.46","KITCHENER/WATERLOO","6144239","2024-09-10 23:00","2024","09","10","23:00","","12.2","","12.2","","100","","0.0","","","","0","","16.1","","98.27","","","","","","NA"
"-80.38","43.46","KITCHENER/WATERLOO","6144239","2024-09-11 00:00","2024","09","11","00:00","","10.9","","10.9","","100","","0.0","","","","0","","1.6","","98.26","","","","","","Fog"
"-80.38","43.46","KITCHENER/WATERLOO","6144239","2024-09-11 01:00","2024","09","11","01:00","","9.9","","9.9","","100","","0.0","","","M","4","","1.2","","98.27","","","","","","Fog"
"-80.38","43.46","KITCHENER/WATERLOO","6144239","2024-09-11 02:00","2024","09","11","02:00","","9.5","","9.5","","100","","0.0","","1","","4","","0.6","","98.29","","","","","","Fog"
"-80.38","43.46","KITCHENER/WATERLOO","6144239","2024-09-11 03:00","2024","09","11","03:00","","9.0","","9.0","","100","","0.0","","","","0","","1.0","","98.29","","","","","","Fog"
"-80.38","43.46","KITCHENER/WATERLOO","6144239","2024-09-11 04:00","2024","09","11","04:00","","7.8","","7.8","","100","","0.0","","","M","4","","0.4","","98.31","","","","","","Rain,Fog"
"-80.38","43.46","KITCHENER/WATERLOO","6144239","2024-09-11 05:00","2024","09","11","05:00","","7.7","","7.7","","100","","0.0","","","","0","","1.2","","98.32","","","","","","Fog"
"-80.38","43.46","KITCHENER/WATERLOO","6144239","2024-09-11 06:00","2024","09","11","06:00","","7.3","","7.3","","100","","0.0","","","","0","","0.2","","98.37","","","","","","Fog"
"-80.38","43.46","KITCHENER/WATERLOO","6144239","2024-09-11 07:00","2024","09","11","07:00","","8.4","","8.4","","100","","0.0","","1","","4","","4.8","","98.40","","","","","","Fog"
"-80.38","43.46","KITCHENER/WATERLOO","6144239","2024-09-11 08:00","2024","09","11","08:00","","12.9","","12.9","","100","","0.0","","","M","4","","8.1","","98.39","","","","","","Fog"
"-80.38","43.46","KITCHENER/WATERLOO","6144239","2024-09-11 09:00","2024","09","11","09:00","","16.6","","14.5","","88","","0.0","","","","0","","16.1","","98.41","","","","","","NA"
"-80.38","43.46","KITCHENER/WATERLOO","6144239","2024-09-11 10:00","2024","09","11","10:00","","20.4","","12.0","","58","","0.0","","17","","5","","16.1","","98.42","","","","","","NA"
"-80.38","43.46","KITCHENER/WATERLOO","6144239","2024-09-11 11:00","2024","09","11","11:00","","22.7","","13.1","","54","","0.0","","20","","5","","16.1","","98.40","","26","","","","NA"
"-80.38","43.46","KITCHENER/WATERLOO","6144239","2024-09-11 12:00","2024","09","11","12:00","","23.4","","12.4","","50","","0.0","","21","","9","","16.1","","98.36","","26","","","","NA"
"-80.38","43.46","KITCHENER/WATERLOO","6144239","2024-09-11 13:00","2024","09","11","13:00","","24.4","","11.5","","44","","0.0","","23","","9","","16.1","","98.33","","26","","","","NA"
"-80.38","43.46","KITCHENER/WATERLOO","6144239","2024-09-11 14:00","2024","09","11","14:00","","25.0","","12.1","","44","","0.0","","20","","8","","16.1","","98.28","","27","","","","NA"
"-80.38","43.46","KITCHENER/WATERLOO","6144239","2024-09-11 15:00","2024","09","11","15:00","","25.1","","12.3","","44","","0.0","","18","","8","","16.1","","98.24","","28","","","","NA"
"-80.38","43.46","KITCHENER/WATERLOO","6144239","2024-09-11 16:00","2024","09","11","16:00","","25.0","","12.6","","45","","0.0","","19","","11","","16.1","","98.21","","28","","","","NA"
"-80.38","43.46","KITCHENER/WATERLOO","6144239","2024-09-11 17:00","2024","09","11","17:00","","24.1","","14.8","","56","","0.0","","14","","8","","16.1","","98.19","","28","","","","NA"
"-80.38","43.46","KITCHENER/WATERLOO","6144239","2024-09-11 18:00","2024","09","11","18:00","","21.2","","15.3","","69","","0.0","","14","","9","","16.1","","98.20","","25","","","","NA"
"-80.38","43.46","KITCHENER/WATERLOO","6144239","2024-09-11 19:00","2024","09","11","19:00","","16.4","","13.7","","84","","0.0","","12","","9","","16.1","","98.23","","","","","","NA"
"-80.38","43.46","KITCHENER/WATERLOO","6144239","2024-09-11 20:00","2024","09","11","20:00","","15.4","","14.0","","91","","0.0","","8","","4","","16.1","","98.27","","","","","","NA"
"-80.38","43.46","KITCHENER/WATERLOO","6144239","2024-09-11 21:00","2024","09","11","21:00","","14.5","","13.2","","92","","0.0","","13","","4","","16.1","","98.28","","","","","","NA"
"-80.38","43.46","KITCHENER/WATERLOO","6144239","2024-09-11 22:00","2024","09","11","22:00","","11.8","","11.8","","100","","0.0","","7","","8","","14.5","","98.30","","","","","","NA"
"-80.38","43.46","KITCHENER/WATERLOO","6144239","2024-09-11 23:00","2024","09","11","23:00","","11.4","","11.4","","100","","0.0","","13","","5","","9.7","","98.31","","","","","","Fog"
"-80.38","43.46","KITCHENER/WATERLOO","6144239","2024-09-12 00:00","2024","09","12","00:00","","12.1","","12.1","","100","","0.0","","","M","4","","6.4","","98.31","","","","","","Fog"
"-80.38","43.46","KITCHENER/WATERLOO","6144239","2024-09-12 01:00","2024","09","12","01:00","","12.0","","12.0","","100","","0.0","","","","0","","3.2","","98.31","","","","","","Fog"
"-80.38","43.46","KITCHENER/WATERLOO","6144239","2024-09-12 02:00","2024","09","12","02:00","","11.7","","11.7","","100","","0.0","","8","","5","","1.6","","98.29","","","","","","Fog"
"-80.38","43.46","KITCHENER/WATERLOO","6144239","2024-09-12 03:00","2024","09","12","03:00","","10.2","","10.2","","100","","0.0","","","","0","","1.6","","98.30","","","","","","Fog"
"-80.38","43.46","KITCHENER/WATERLOO","6144239","2024-09-12 04:00","2024","09","12","04:00","","10.5","","10.5","","100","","0.0","","","","0","","0.6","","98.33","","","","","","Fog"
"-80.38","43.46","KITCHENER/WATERLOO","6144239","2024-09-12 05:00","2024","09","12","05:00","","9.5","","9.5","","100","","0.0","","","","0","","1.2","","98.35","","","","","","Fog"
"-80.38","43.46","KITCHENER/WATERLOO","6144239","2024-09-12 06:00","2024","09","12","06:00","","9.2","","9.2","","100","","0.0","","30","","8","","0.0","","98.39","","","","","","Fog"
"-80.38","43.46","KITCHENER/WATERLOO","6144239","2024-09-12 07:00","2024","09","12","07:00","","10.2","","10.2","","100","","0.0","","","","0","","4.8","","98.43","","","","","","Fog"
"-80.38","43.46","KITCHENER/WATERLOO","6144239","2024-09-12 08:00","2024","09","12","08:00","","13.8","","13.8","","100","","0.0","","34","","5","","16.1","","98.45","","","","","","NA"
"-80.38","43.46","KITCHENER/WATERLOO","6144239","2024-09-12 09:00","2024","09","12","09:00","","18.1","","15.2","","83","","0.0","","","M","4","","16.1","","98.49","","","","","","NA"
"-80.38","43.46","KITCHENER/WATERLOO","6144239","2024-09-12 10:00","2024","09","12","10:00","","21.4","","14.9","","66","","0.0","","","M","4","","16.1","","98.50","","25","","","","NA"
"-80.38","43.46","KITCHENER/WATERLOO","6144239","2024-09-12 11:00","2024","09","12","11:00","","23.4","","14.9","","58","","0.0","","18","","5","","16.1","","98.49","","27","","","","NA"
"-80.38","43.46","KITCHENER/WATERLOO","6144239","2024-09-12 12:00","2024","09","12","12:00","","24.9","","13.6","","49","","0.0","","8","","8","","12.9","","98.47","","28","","","","NA"
"-80.38","43.46","KITCHENER/WATERLOO","6144239","2024-09-12 13:00","2024","09","12","13:00","","25.8","","14.3","","48","","0.0","","14","","8","","9.7","","98.44","","29","","","","Haze"
"-80.38","43.46","KITCHENER/WATERLOO","6144239","2024-09-12 14:00","2024","09","12","14:00","","26.4","","13.4","","44","","0.0","","","M","4","","8.1","","98.38","","29","","","","Haze"
"-80.38","43.46","KITCHENER/WATERLOO","6144239","2024-09-12 15:00","2024","09","12","15:00","","27.3","","11.8","","38","","0.0","","14","","8","","16.1","","98.35","","29","","","","NA"
"-80.38","43.46","KITCHENER/WATERLOO","6144239","2024-09-12 16:00","2024","09","12","16:00","","27.0","","13.5","","43","","0.0","","16","","9","","16.1","","98.33","","30","","","","NA"
"-80.38","43.46","KITCHENER/WATERLOO","6144239","2024-09-12 17:00","2024","09","12","17:00","","26.0","","13.8","","46","","0.0","","15","","8","","16.1","","98.32","","29","","","","NA"
"-80.38","43.46","KITCHENER/WATERLOO","6144239","2024-09-12 18:00","2024","09","12","18:00","","21.2","","17.3","","78","","0.0","","9","","5","","16.1","","98.36","","27","","","","NA"
"-80.38","43.46","KITCHENER/WATERLOO","6144239","2024-09-12 19:00","2024","09","12","19:00","","18.8","","16.2","","85","","0.0","","10","","13","","16.1","","98.38","","","","","","NA"
"-80.38","43.46","KITCHENER/WATERLOO","6144239","2024-09-12 20:00","2024","09","12","20:00","","18.1","","16.4","","90","","0.0","","6","","8","","16.1","","98.41","","","","","","NA"
"-80.38","43.46","KITCHENER/WATERLOO","6144239","2024-09-12 21:00","2024","09","12","21:00","","15.5","","15.5","","100","","0.0","","","","0","","16.1","","98.45","","","","","","NA"
"-80.38","43.46","KITCHENER/WATERLOO","6144239","2024-09-12 22:00","2024","09","12","22:00","","15.0","","15.0","","100","","0.0","","","","0","","16.1","","98.48","","","","","","NA"
"-80.38","43.46","KITCHENER/WATERLOO","6144239","2024-09-12 23:00","2024","09","12","23:00","","13.3","","13.3","","100","","0.0","","","","0","","4.0","","98.51","","","","","","Fog"
"-80.38","43.46","KITCHENER/WATERLOO","6144239","2024-09-13 00:00","2024","09","13","00:00","","11.9","","11.9","","100","","0.0","","35","","5","","1.2","","98.52","","","","","","Fog"
"-80.38","43.46","KITCHENER/WATERLOO","6144239","2024-09-13 01:00","2024","09","13","01:00","","12.0","","12.0","","100","","0.0","","35","","5","","2.8","","98.54","","","","","","Fog"
"-80.38","43.46","KITCHENER/WATERLOO","6144239","2024-09-13 02:00","2024","09","13","02:00","","12.1","","12.1","","100","","0.0","","36","","4","","0.4","","98.54","","","","","","Fog"
"-80.38","43.46","KITCHENER/WATERLOO","6144239","2024-09-13 03:00","2024","09","13","03:00","","11.2","","11.2","","100","","0.0","","35","","4","","0.8","","98.54","","","","","","Fog"
"-80.38","43.46","KITCHENER/WATERLOO","6144239","2024-09-13 04:00","2024","09","13","04:00","","10.8","","10.8","","100","","0.0","","","M","4","","0.4","","98.55","","","","","","Fog"
"-80.38","43.46","KITCHENER/WATERLOO","6144239","2024-09-13 05:00","2024","09","13","05:00","","10.6","","10.6","","100","","0.0","","","","0","","0.4","","98.57","","","","","","Fog"
"-80.38","43.46","KITCHENER/WATERLOO","6144239","2024-09-13 06:00","2024","09","13","06:00","","10.1","","10.1","","100","","0.2","","36","","4","","0.2","","98.60","","","","","","Fog"
"-80.38","43.46","KITCHENER/WATERLOO","6144239","2024-09-13 07:00","2024","09","13","07:00","","11.2","","11.2","","100","","0.0","","","","0","","4.8","","98.63","","","","","","Fog"
"-80.38","43.46","KITCHENER/WATERLOO","6144239","2024-09-13 08:00","2024","09","13","08:00","","15.0","","15.0","","100","","0.0","","1","","5","","8.1","","98.66","","","","","","Fog"
"-80.38","43.46","KITCHENER/WATERLOO","6144239","2024-09-13 09:00","2024","09","13","09:00","","18.8","","16.8","","88","","0.0","","","M","4","","14.5","","98.69","","","","","","NA"
"-80.38","43.46","KITCHENER/WATERLOO","6144239","2024-09-13 10:00","2024","09","13","10:00","","22.1","","16.6","","71","","0.0","","","","0","","16.1","","98.70","","27","","","","NA"
"-80.38","43.46","KITCHENER/WATERLOO","6144239","2024-09-13 11:00","2024","09","13","11:00","","24.0","","15.8","","60","","0.0","","5","","8","","16.1","","98.68","","28","","","","NA"
"-80.38","43.46","KITCHENER/WATERLOO","6144239","2024-09-13 12:00","2024","09","13","12:00","","25.1","","15.0","","53","","0.0","","3","","9","","16.1","","98.64","","29","","","","NA"
"-80.38","43.46","KITCHENER/WATERLOO","6144239","2024-09-13 13:00","2024","09","13","13:00","","26.3","","15.9","","52","","0.0","","8","","8","","16.1","","98.60","","31","","","","NA"
"-80.38","43.46","KITCHENER/WATERLOO","6144239","2024-09-13 14:00","2024","09","13","14:00","","26.9","","15.9","","50","","0.0","","","M","11","","16.1","","98.53","","31","","","","NA"
"-80.38","43.46","KITCHENER/WATERLOO","6144239","2024-09-13 15:00","2024","09","13","15:00","","27.0","","16.2","","51","","0.0","","8","","17","","16.1","","98.50","","32","","","","NA"
"-80.38","43.46","KITCHENER/WATERLOO","6144239","2024-09-13 16:00","2024","09","13","16:00","","26.5","","15.9","","52","","0.0","","10","","13","","16.1","","98.49","","31","","","","NA"
"-80.38","43.46","KITCHENER/WATERLOO","6144239","2024-09-13 17:00","2024","09","13","17:00","","24.9","","16.6","","60","","0.0","","10","","17","","16.1","","98.50","","30","","","","NA"
"-80.38","43.46","KITCHENER/WATERLOO","6144239","2024-09-13 18:00","2024","09","13","18:00","","22.3","","16.0","","67","","0.0","","12","","11","","16.1","","98.53","","27","","","","NA"
"-80.38","43.46","KITCHENER/WATERLOO","6144239","2024-09-13 19:00","2024","09","13","19:00","","19.1","","15.4","","79","","0.0","","10","","9","","16.1","","98.56","","","","","","NA"
"-80.38","43.46","KITCHENER/WATERLOO","6144239","2024-09-13 20:00","2024","09","13","20:00","","15.4","","14.9","","97","","0.0","","","","0","","16.1","","98.62","","","","","","NA"
"-80.38","43.46","KITCHENER/WATERLOO","6144239","2024-09-13 21:00","2024","09","13","21:00","","14.7","","14.7","","100","","0.0","","6","","4","","11.3","","98.65","","","","","","NA"
"-80.38","43.46","KITCHENER/WATERLOO","6144239","2024-09-13 22:00","2024","09","13","22:00","","15.2","","15.2","","100","","0.0","","4","","9","","6.4","","98.67","","","","","","Fog"
"-80.38","43.46","KITCHENER/WATERLOO","6144239","2024-09-13 23:00","2024","09","13","23:00","","15.8","","15.1","","96","","0.0","","4","","5","","16.1","","98.65","","","","","","NA"
"-80.38","43.46","KITCHENER/WATERLOO","6144239","2024-09-14 00:00","2024","09","14","00:00","","14.2","","14.2","","100","","0.0","","5","","4","","9.7","","98.65","","","","","","Fog"
"-80.38","43.46","KITCHENER/WATERLOO","6144239","2024-09-14 01:00","2024","09","14","01:00","","12.3","","12.3","","100","","0.0","","","","0","","8.1","","98.64","","","","","","Fog"
"-80.38","43.46","KITCHENER/WATERLOO","6144239","2024-09-14 02:00","2024","09","14","02:00","","11.5","","11.5","","100","","0.0","","35","","4","","0.8","","98.61","","","","","","Fog"
"-80.38","43.46","KITCHENER/WATERLOO","6144239","2024-09-14 03:00","2024","09","14","03:00","","11.9","","11.9","","100","","0.0","","34","","4","","2.8","","98.60","","","","","","Fog"
"-80.38","43.46","KITCHENER/WATERLOO","6144239","2024-09-14 04:00","2024","09","14","04:00","","11.4","","11.4","","100","","0.0","","34","","4","","0.2","","98.62","","","","","","Rain,Fog"
"-80.38","43.46","KITCHENER/WATERLOO","6144239","2024-09-14 05:00","2024","09","14","05:00","","11.1","","11.1","","100","","0.0","","34","","4","","0.2","","98.65","","","","","","Fog"
"-80.38","43.46","KITCHENER/WATERLOO","6144239","2024-09-14 06:00","2024","09","14","06:00","","10.2","","10.2","","100","","0.0","","30","","4","","0.0","","98.71","","","","","","Rain,Fog"
"-80.38","43.46","KITCHENER/WATERLOO","6144239","2024-09-14 07:00","2024","09","14","07:00","","11.6","","11.6","","100","","0.0","","","","0","","1.2","","98.76","","","","","","Fog"
"-80.38","43.46","KITCHENER/WATERLOO","6144239","2024-09-14 08:00","2024","09","14","08:00","","15.9","","15.9","","100","","0.0","","","M","4","","3.6","","98.79","","","","","","Fog"
"-80.38","43.46","KITCHENER/WATERLOO","6144239","2024-09-14 09:00","2024","09","14","09:00","","19.3","","17.5","","89","","0.0","","","M","4","","9.7","","98.81","","","","","","Fog"
"-80.38","43.46","KITCHENER/WATERLOO","6144239","2024-09-14 10:00","2024","09","14","10:00","","22.7","","16.3","","67","","0.0","","17","","5","","12.9","","98.81","","28","","","","NA"
"-80.38","43.46","KITCHENER/WATERLOO","6144239","2024-09-14 11:00","2024","09","14","11:00","","23.9","","16.7","","64","","0.0","","17","","9","","16.1","","98.79","","29","","","","NA"
"-80.38","43.46","KITCHENER/WATERLOO","6144239","2024-09-14 12:00","2024","09","14","12:00","","25.2","","16.0","","56","","0.0","","15","","8","","16.1","","98.75","","30","","","","NA"
"-80.38","43.46","KITCHENER/WATERLOO","6144239","2024-09-14 13:00","2024","09","14","13:00","","26.4","","14.8","","48","","0.0","","13","","13","","11.3","","98.71","","30","","","","NA"
"-80.38","43.46","KITCHENER/WATERLOO","6144239","2024-09-14 14:00","2024","09","14","14:00","","26.8","","15.4","","49","","0.0","","11","","15","","16.1","","98.68","","31","","","","NA"
"-80.38","43.46","KITCHENER/WATERLOO","6144239","2024-09-14 15:00","2024","09","14","15:00","","26.8","","15.0","","48","","0.0","","14","","13","","16.1","","98.66","","31","","","","NA"
"-80.38","43.46","KITCHENER/WATERLOO","6144239","2024-09-14 16:00","2024","09","14","16:00","","26.2","","16.5","","55","","0.0","","10","","15","","16.1","","98.64","","31","","","","NA"
"-80.38","43.46","KITCHENER/WATERLOO","6144239","2024-09-14 17:00","2024","09","14","17:00","","24.8","","15.8","","57","","0.0","","11","","15","","16.1","","98.64","","29","","","","NA"
"-80.38","43.46","KITCHENER/WATERLOO","6144239","2024-09-14 18:00","2024","09","14","18:00","","22.0","","15.3","","65","","0.0","","11","","11","","16.1","","98.65","","26","","","","NA"
"-80.38","43.46","KITCHENER/WATERLOO","6144239","2024-09-14 19:00","2024","09","14","19:00","","18.2","","14.9","","81","","0.0","","8","","9","","16.1","","98.66","","","","","","NA"
"-80.38","43.46","KITCHENER/WATERLOO","6144239","2024-09-14 20:00","2024","09","14","20:00","","16.3","","14.7","","90","","0.0","","9","","8","","16.1","","98.69","","","","","","NA"
"-80.38","43.46","KITCHENER/WATERLOO","6144239","2024-09-14 21:00","2024","09","14","21:00","","14.2","","14.2","","100","","0.0","","6","","4","","12.9","","98.71","","","","","","NA"
"-80.38","43.46","KITCHENER/WATERLOO","6144239","2024-09-14 22:00","2024","09","14","22:00","","14.4","","14.4","","100","","0.0","","8","","4","","11.3","","98.72","","","","","","NA"
"-80.38","43.46","KITCHENER/WATERLOO","6144239","2024-09-14 23:00","2024","09","14","23:00","","13.8","","13.8","","100","","0.0","","4","","4","","4.8","","98.72","","","","","","Fog"
"-80.38","43.46","KITCHENER/WATERLOO","6144239","2024-09-15 00:00","2024","09","15","00:00","","13.1","","13.1","","100","","0.0","","2","","4","","4.8","","98.73","","","","","","Fog"
"-80.38","43.46","KITCHENER/WATERLOO","6144239","2024-09-15 01:00","2024","09","15","01:00","","12.4","","12.4","","100","","0.0","","36","","5","","4.8","","98.70","","","","","","Fog"
"-80.38","43.46","KITCHENER/WATERLOO","6144239","2024-09-15 02:00","2024","09","15","02:00","","13.0","","13.0","","100","","0.0","","30","","8","","6.4","","98.69","","","","","","Fog"
"-80.38","43.46","KITCHENER/WATERLOO","6144239","2024-09-15 03:00","2024","09","15","03:00","","11.9","","11.9","","100","","0.0","","36","","5","","0.8","","98.69","","","","","","Fog"
"-80.38","43.46","KITCHENER/WATERLOO","6144239","2024-09-15 04:00","2024","09","15","04:00","","12.0","","12.0","","100","","0.0","","","","0","","0.8","","98.72","","","","","","Fog"
"-80.38","43.46","KITCHENER/WATERLOO","6144239","2024-09-15 05:00","2024","09","15","05:00","","11.1","","11.1","","100","","0.0","","","","0","","0.2","","98.76","","","","","","Fog"
"-80.38","43.46","KITCHENER/WATERLOO","6144239","2024-09-15 06:00","2024","09","15","06:00","","11.3","","11.3","","100","","0.0","","","","0","","0.2","","98.81","","","","","","Fog"
"-80.38","43.46","KITCHENER/WATERLOO","6144239","2024-09-15 07:00","2024","09","15","07:00","","11.9","","11.9","","100","","0.0","","30","","4","","0.6","","98.87","","","","","","Fog"
"-80.38","43.46","KITCHENER/WATERLOO","6144239","2024-09-15 08:00","2024","09","15","08:00","","16.3","","16.3","","100","","0.2","","","","0","","6.4","","98.91","","","","","","Fog"
"-80.38","43.46","KITCHENER/WATERLOO","6144239","2024-09-15 09:00","2024","09","15","09:00","","20.6","","18.0","","85","","0.0","","13","","5","","16.1","","98.93","","27","","","","NA"
"-80.38","43.46","KITCHENER/WATERLOO","6144239","2024-09-15 10:00","2024","09","15","10:00","","23.8","","16.8","","65","","0.0","","17","","8","","16.1","","98.93","","29","","","","NA"
"-80.38","43.46","KITCHENER/WATERLOO","6144239","2024-09-15 11:00","2024","09","15","11:00","","25.1","","17.0","","60","","0.0","","20","","5","","16.1","","98.92","","30","","","","NA"
"-80.38","43.46","KITCHENER/WATERLOO","6144239","2024-09-15 12:00","2024","09","15","12:00","","26.7","","15.9","","51","","0.0","","18","","9","","16.1","","98.88","","31","","","","NA"
"-80.38","43.46","KITCHENER/WATERLOO","6144239","2024-09-15 13:00","2024","09","15","13:00","","27.0","","14.8","","47","","0.0","","20","","13","","16.1","","98.82","","31","","","","NA"
"-80.38","43.46","KITCHENER/WATERLOO","6144239","2024-09-15 14:00","2024","09","15","14:00","","26.6","","15.3","","49","","0.0","","22","","9","","16.1","","98.76","","31","","","","NA"
"-80.38","43.46","KITCHENER/WATERLOO","6144239","2024-09-15 15:00","2024","09","15","15:00","","27.3","","14.9","","46","","0.0","","","M","11","","16.1","","98.71","","31","","","","NA"
"-80.38","43.46","KITCHENER/WATERLOO","6144239","2024-09-15 16:00","2024","09","15","16:00","","27.5","","13.7","","42","","0.0","","15","","15","","16.1","","98.69","","31","","","","NA"
"-80.38","43.46","KITCHENER/WATERLOO","6144239","2024-09-15 17:00","2024","09","15","17:00","","26.4","","13.0","","43","","0.0","","15","","15","","16.1","","98.69","","29","","","","NA"
"-80.38","43.46","KITCHENER/WATERLOO","6144239","2024-09-15 18:00","2024","09","15","18:00","","23.5","","14.1","","55","","0.0","","13","","9","","16.1","","98.69","","27","","","","NA"
"-80.38","43.46","KITCHENER/WATERLOO","6144239","2024-09-15 19:00","2024","09","15","19:00","","20.7","","13.3","","62","","0.0","","12","","8","","16.1","","98.70","","","","","","NA"
"-80.38","43.46","KITCHENER/WATERLOO","6144239","2024-09-15 20:00","2024","09","15","20:00","","17.3","","14.9","","86","","0.0","","8","","5","","16.1","","98.72","","","","","","NA"
"-80.38","43.46","KITCHENER/WATERLOO","6144239","2024-09-15 21:00","2024","09","15","21:00","","14.9","","14.7","","99","","0.0","","","","0","","16.1","","98.75","","","","","","NA"
"-80.38","43.46","KITCHENER/WATERLOO","6144239","2024-09-15 22:00","2024","09","15","22:00","","15.3","","15.3","","100","","0.0","","6","","4","","14.5","","98.76","","","","","","NA"
"-80.38","43.46","KITCHENER/WATERLOO","6144239","2024-09-15 23:00","2024","09","15","23:00","","15.5","","15.5","","100","","0.0","","36","","4","","2.4","","98.76","","","","","","Fog"
"-80.38","43.46","KITCHENER/WATERLOO","6144239","2024-09-16 00:00","2024","09","16","00:00","","12.9","","12.9","","100","","0.0","","","","0","","0.6","","98.73","","","","","","Fog"
"-80.38","43.46","KITCHENER/WATERLOO","6144239","2024-09-16 01:00","2024","09","16","01:00","","12.9","","12.9","","100","","0.0","","","M","4","","0.8","","98.72","","","","","","Rain,Fog"
"-80.38","43.46","KITCHENER/WATERLOO","6144239","2024-09-16 02:00","2024","09","16","02:00","","12.2","","12.2","","100","","0.0","","","","0","","0.6","","98.73","","","","","","Rain,Fog"
"-80.38","43.46","KITCHENER/WATERLOO","6144239","2024-09-16 03:00","2024","09","16","03:00","","11.8","","11.8","","100","","0.0","","","","0","","0.8","","98.73","","","","","","Fog"
"-80.38","43.46","KITCHENER/WATERLOO","6144239","2024-09-16 04:00","2024","09","16","04:00","","11.1","","11.1","","100","","0.0","","","","0","","0.4","","98.74","","","","","","Fog"
"-80.38","43.46","KITCHENER/WATERLOO","6144239","2024-09-16 05:00","2024","09","16","05:00","","10.4","","10.4","","100","","0.0","","34","","4","","0.4","","98.78","","","","","","Fog"
"-80.38","43.46","KITCHENER/WATERLOO","6144239","2024-09-16 06:00","2024","09","16","06:00","","9.9","","9.9","","100","","0.0","","35","","4","","0.2","","98.80","","","","","","Rain,Fog"
"-80.38","43.46","KITCHENER/WATERLOO","6144239","2024-09-16 07:00","2024","09","16","07:00","","11.4","","11.4","","100","","0.0","","","","0","","0.4","","98.86","","","","","","Rain,Fog"
"-80.38","43.46","KITCHENER/WATERLOO","6144239","2024-09-16 08:00","2024","09","16","08:00","","16.0","","16.0","","100","","0.0","","","","0","","8.1","","98.89","","","","","","Fog"
"-80.38","43.46","KITCHENER/WATERLOO","6144239","2024-09-16 09:00","2024","09","16","09:00","","20.0","","16.7","","81","","0.0","","","","0","","16.1","","98.89","","25","","","","NA"
"-80.38","43.46","KITCHENER/WATERLOO","6144239","2024-09-16 10:00","2024","09","16","10:00","","23.3","","15.9","","63","","0.0","","","M","5","","16.1","","98.87","","28","","","","NA"
"-80.38","43.46","KITCHENER/WATERLOO","6144239","2024-09-16 11:00","2024","09","16","11:00","","25.2","","13.4","","47","","0.0","","21","","9","","16.1","","98.84","","28","","","","NA"
"-80.38","43.46","KITCHENER/WATERLOO","6144239","2024-09-16 12:00","2024","09","16","12:00","","26.3","","13.2","","44","","0.0","","15","","15","","16.1","","98.77","","29","","","","NA"
"-80.38","43.46","KITCHENER/WATERLOO","6144239","2024-09-16 13:00","2024","09","16","13:00","","27.1","","12.2","","39","","0.0","","","M","17","","9.7","","98.69","","29","","","","Haze"
"-80.38","43.46","KITCHENER/WATERLOO","6144239","2024-09-16 14:00","2024","09","16","14:00","","26.9","","12.6","","41","","0.0","","15","","11","","16.1","","98.62","","29","","","","NA"
"-80.38","43.46","KITCHENER/WATERLOO","6144239","2024-09-16 15:00","2024","09","16","15:00","","27.2","","12.1","","39","","0.0","","15","","15","","16.1","","98.58","","30","","","","NA"
"-80.38","43.46","KITCHENER/WATERLOO","6144239","2024-09-16 16:00","2024","09","16","16:00","","27.3","","12.8","","40","","0.0","","14","","15","","16.1","","98.53","","30","","","","NA"
"-80.38","43.46","KITCHENER/WATERLOO","6144239","2024-09-16 17:00","2024","09","16","17:00","","25.8","","14.1","","48","","0.0","","9","","13","","16.1","","98.54","","29","","","","NA"
"-80.38","43.46","KITCHENER/WATERLOO","6144239","2024-09-16 18:00","2024","09","16","18:00","","23.1","","14.5","","58","","0.0","","11","","11","","16.1","","98.56","","27","","","","NA"
"-80.38","43.46","KITCHENER/WATERLOO","6144239","2024-09-16 19:00","2024","09","16","19:00","","18.0","","14.2","","78","","0.0","","12","","9","","16.1","","98.56","","","","","","NA"
"-80.38","43.46","KITCHENER/WATERLOO","6144239","2024-09-16 20:00","2024","09","16","20:00","","17.3","","14.6","","84","","0.0","","6","","8","","16.1","","98.57","","","","","","NA"
"-80.38","43.46","KITCHENER/WATERLOO","6144239","2024-09-16 21:00","2024","09","16","21:00","","14.9","","14.3","","96","","0.0","","","","0","","16.1","","98.56","","","","","","NA"
"-80.38","43.46","KITCHENER/WATERLOO","6144239","2024-09-16 22:00","2024","09","16","22:00","","13.8","","13.7","","99","","0.0","","","","0","","16.1","","98.54","","","","","","NA"
"-80.38","43.46","KITCHENER/WATERLOO","6144239","2024-09-16 23:00","2024","09","16","23:00","","12.7","","12.7","","100","","0.0","","","","0","","16.1","","98.56","","","","","","NA"
"-80.38","43.46","KITCHENER/WATERLOO","6144239","2024-09-17 00:00","2024","09","17","00:00","","11.4","","11.4","","100","","0.0","","36","","8","","16.1","","98.53","","","","","","NA"
"-80.38","43.46","KITCHENER/WATERLOO","6144239","2024-09-17 01:00","2024","09","17","01:00","","12.3","","12.3","","100","","0.0","","33","","5","","16.1","","98.54","","","","","","NA"
"-80.38","43.46","KITCHENER/WATERLOO","6144239","2024-09-17 02:00","2024","09","17","02:00","","11.5","","11.5","","100","","0.0","","30","","4","","6.4","","98.52","","","","","","Fog"
"-80.38","43.46","KITCHENER/WATERLOO","6144239","2024-09-17 03:00","2024","09","17","03:00","","10.8","","10.8","","100","","0.0","","","","0","","11.3","","98.50","","","","","","NA"
"-80.38","43.46","KITCHENER/WATERLOO","6144239","2024-09-17 04:00","2024","09","17","04:00","","10.0","","10.0","","100","","0.0","","36","","5","","0.8","","98.50","","","","","","Fog"
"-80.38","43.46","KITCHENER/WATERLOO","6144239","2024-09-17 05:00","2024","09","17","05:00","","9.3","","9.3","","100","","0.0","","34","","5","","1.2","","98.52","","","","","","Fog"
"-80.38","43.46","KITCHENER/WATERLOO","6144239","2024-09-17 06:00","2024","09","17","06:00","","9.9","","9.9","","100","","0.0","","","","0","","0.4","","98.55","","","","","","Fog"
"-80.38","43.46","KITCHENER/WATERLOO","6144239","2024-09-17 07:00","2024","09","17","07:00","","9.3","","9.3","","100","","0.0","","","","0","","0.4","","98.57","","","","","","Fog"
"-80.38","43.46","KITCHENER/WATERLOO","6144239","2024-09-17 08:00","2024","09","17","08:00","","12.6","","12.6","","100","","0.2","","","","0","","6.4","","98.57","","","","","","Fog"
"-80.38","43.46","KITCHENER/WATERLOO","6144239","2024-09-17 09:00","2024","09","17","09:00","","16.5","","16.5","","100","","0.0","","","","0","","6.4","","98.57","","","","","","Fog"
"-80.38","43.46","KITCHENER/WATERLOO","6144239","2024-09-17 10:00","2024","09","17","10:00","","21.8","","14.2","","61","","0.0","","","M","4","","16.1","","98.53","","25","","","","NA"
"-80.38","43.46","KITCHENER/WATERLOO","6144239","2024-09-17 11:00","2024","09","17","11:00","","23.1","","13.8","","56","","0.0","","12","","5","","16.1","","98.49","","26","","","","NA"
"-80.38","43.46","KITCHENER/WATERLOO","6144239","2024-09-17 12:00","2024","09","17","12:00","","24.9","","13.7","","49","","0.0","","8","","9","","16.1","","98.40","","28","","","","NA"
"-80.38","43.46","KITCHENER/WATERLOO","6144239","2024-09-17 13:00","2024","09","17","13:00","","24.6","","12.2","","46","","0.0","","11","","24","","16.1","","98.34","","27","","","","NA"
"-80.38","43.46","KITCHENER/WATERLOO","6144239","2024-09-17 14:00","2024","09","17","14:00","","25.5","","14.0","","49","","0.0","","10","","13","","16.1","","98.30","","29","","","","NA"
"-80.38","43.46","KITCHENER/WATERLOO","6144239","2024-09-17 15:00","2024","09","17","15:00","","25.7","","11.5","","41","","0.0","","8","","18","","16.1","","98.26","","28","","","","NA"
"-80.38","43.46","KITCHENER/WATERLOO","6144239","2024-09-17 16:00","2024","09","17","16:00","","23.9","","12.3","","48","","0.0","","11","","13","","16.1","","98.24","","26","","","","NA"
"-80.38","43.46","KITCHENER/WATERLOO","6144239","2024-09-17 17:00","2024","09","17","17:00","","23.4","","12.4","","49","","0.0","","8","","13","","16.1","","98.24","","26","","","","NA"
"-80.38","43.46","KITCHENER/WATERLOO","6144239","2024-09-17 18:00","2024","09","17","18:00","","20.0","","13.5","","66","","0.0","","7","","11","","16.1","","98.23","","","","","","NA"
"-80.38","43.46","KITCHENER/WATERLOO","6144239","2024-09-17 19:00","2024","09","17","19:00","","16.6","","12.2","","75","","0.0","","7","","8","","16.1","","98.21","","","","","","NA"
"-80.38","43.46","KITCHENER/WATERLOO","6144239","2024-09-17 20:00","2024","09","17","20:00","","14.4","","13.1","","92","","0.0","","3","","5","","16.1","","98.24","","","","","","NA"
"-80.38","43.46","KITCHENER/WATERLOO","6144239","2024-09-17 21:00","2024","09","17","21:00","","13.5","","12.8","","96","","0.0","","7","","4","","16.1","","98.25","","","","","","NA"
"-80.38","43.46","KITCHENER/WATERLOO","6144239","2024-09-17 22:00","2024","09","17","22:00","","13.1","","13.0","","99","","0.0","","","","0","","16.1","","98.23","","","","","","NA"
"-80.38","43.46","KITCHENER/WATERLOO","6144239","2024-09-17 23:00","2024","09","17","23:00","","13.2","","13.1","","100","","0.0","","","","0","","16.1","","98.21","","","","","","NA"
"-80.38","43.46","KITCHENER/WATERLOO","6144239","2024-09-18 00:00","2024","09","18","00:00","","13.2","","13.1","","99","","0.0","","35","","4","","11.3","","98.18","","","","","","NA"
"-80.38","43.46","KITCHENER/WATERLOO","6144239","2024-09-18 01:00","2024","09","18","01:00","","12.0","","12.0","","100","","0.0","","","","0","","16.1","","98.15","","","","","","NA"
"-80.38","43.46","KITCHENER/WATERLOO","6144239","2024-09-18 02:00","2024","09","18","02:00","","11.3","","11.3","","100","","0.0","","","M","4","","6.4","","98.14","","","","","","Fog"
"-80.38","43.46","KITCHENER/WATERLOO","6144239","2024-09-18 03:00","2024","09","18","03:00","","10.2","","10.2","","100","","0.0","","","","0","","11.3","","98.12","","","","","","NA"
"-80.38","43.46","KITCHENER/WATERLOO","6144239","2024-09-18 04:00","2024","09","18","04:00","","10.8","","10.8","","100","","0.0","","32","","4","","9.7","","98.12","","","","","","Fog"
"-80.38","43.46","KITCHENER/WATERLOO","6144239","2024-09-18 05:00","2024","09","18","05:00","","10.0","","10.0","","100","","0.0","","31","","5","","4.8","","98.13","","","","","","Fog"
"-80.38","43.46","KITCHENER/WATERLOO","6144239","2024-09-18 06:00","2024","09","18","06:00","","10.8","","10.8","","100","","0.0","","","","0","","9.7","","98.15","","","","","","Fog"
"-80.38","43.46","KITCHENER/WATERLOO","6144239","2024-09-18 07:00","2024","09","18","07:00","","11.3","","11.3","","100","","0.0","","30","","9","","8.1","","98.16","","","","","","Fog"
"-80.38","43.46","KITCHENER/WATERLOO","6144239","2024-09-18 08:00","2024","09","18","08:00","","16.0","","15.4","","96","","0.0","","","","0","","14.5","","98.18","","","","","","NA"
"-80.38","43.46","KITCHENER/WATERLOO","6144239","2024-09-18 09:00","2024","09","18","09:00","","19.6","","17.1","","85","","0.0","","","M","4","","16.1","","98.19","","","","","","NA"
"-80.38","43.46","KITCHENER/WATERLOO","6144239","2024-09-18 10:00","2024","09","18","10:00","","22.2","","17.6","","75","","0.0","","","M","4","","16.1","","98.17","","28","","","","NA"
"-80.38","43.46","KITCHENER/WATERLOO","6144239","2024-09-18 11:00","2024","09","18","11:00","","23.6","","16.9","","66","","0.0","","13","","9","","16.1","","98.13","","29","","","","Rain"
"-80.38","43.46","KITCHENER/WATERLOO","6144239","2024-09-18 12:00","2024","09","18","12:00","","23.8","","15.7","","60","","0.0","","13","","11","","16.1","","98.09","","28","","","","NA"
"-80.38","43.46","KITCHENER/WATERLOO","6144239","2024-09-18 13:00","2024","09","18","13:00","","25.1","","15.1","","53","","0.0","","9","","13","","16.1","","98.07","","29","","","","NA"
"-80.38","43.46","KITCHENER/WATERLOO","6144239","2024-09-18 14:00","2024","09","18","14:00","","25.2","","15.0","","53","","0.0","","10","","13","","16.1","","98.01","","29","","","","NA"
"-80.38","43.46","KITCHENER/WATERLOO","6144239","2024-09-18 15:00","2024","09","18","15:00","","24.9","","15.2","","54","","0.0","","9","","11","","16.1","","97.95","","29","","","","Rain"
"-80.38","43.46","KITCHENER/WATERLOO","6144239","2024-09-18 16:00","2024","09","18","16:00","","24.7","","15.3","","55","","0.0","","13","","15","","16.1","","97.93","","29","","","","NA"
"-80.38","43.46","KITCHENER/WATERLOO","6144239","2024-09-18 17:00","2024","09","18","17:00","","23.5","","14.8","","58","","0.0","","12","","11","","16.1","","97.89","","27","","","","NA"
"-80.38","43.46","KITCHENER/WATERLOO","6144239","2024-09-18 18:00","2024","09","18","18:00","","20.8","","15.5","","71","","0.0","","10","","11","","16.1","","97.89","","25","","","","NA"
"-80.38","43.46","KITCHENER/WATERLOO","6144239","2024-09-18 19:00","2024","09","18","19:00","","17.8","","15.1","","84","","0.0","","8","","8","","16.1","","97.89","","","","","","NA"
"-80.38","43.46","KITCHENER/WATERLOO","6144239","2024-09-18 20:00","2024","09","18","20:00","","15.5","","14.5","","94","","0.0","","6","","4","","16.1","","97.92","","","","","","NA"
"-80.38","43.46","KITCHENER/WATERLOO","6144239","2024-09-18 21:00","2024","09","18","21:00","","13.7","","13.7","","100","","0.0","","","","0","","14.5","","97.92","","","","","","NA"
"-80.38","43.46","KITCHENER/WATERLOO","6144239","2024-09-18 22:00","2024","09","18","22:00","","12.8","","12.8","","100","","0.0","","4","","4","","12.9","","97.90","","","","","","NA"
"-80.38","43.46","KITCHENER/WATERLOO","6144239","2024-09-18 23:00","2024","09","18","23:00","","12.7","","12.7","","100","","0.0","","35","","5","","16.1","","97.91","","","","","","NA"
"-80.38","43.46","KITCHENER/WATERLOO","6144239","2024-09-19 00:00","2024","09","19","00:00","","10.9","","10.9","","100","","0.0","","","M","4","","14.5","","97.90","","","","","","NA"
"-80.38","43.46","KITCHENER/WATERLOO","6144239","2024-09-19 01:00","2024","09","19","01:00","","11.2","","11.2","","100","","0.0","","","","0","","4.8","","97.86","","","","","","Fog"
"-80.38","43.46","KITCHENER/WATERLOO","6144239","2024-09-19 02:00","2024","09","19","02:00","","11.4","","11.4","","100","","0.0","","34","","4","","3.2","","97.84","","","","","","Fog"
"-80.38","43.46","KITCHENER/WATERLOO","6144239","2024-09-19 03:00","2024","09","19","03:00","","10.4","","10.4","","100","","0.0","","31","","5","","1.2","","97.84","","","","","","Fog"
"-80.38","43.46","KITCHENER/WATERLOO","6144239","2024-09-19 04:00","2024","09","19","04:00","","10.4","","10.4","","100","","0.0","","31","","8","","1.2","","97.88","","","","","","Fog"
"-80.38","43.46","KITCHENER/WATERLOO","6144239","2024-09-19 05:00","2024","09","19","05:00","","11.1","","11.1","","100","","0.0","","","","0","","6.4","","97.89","","","","","","Fog"
"-80.38","43.46","KITCHENER/WATERLOO","6144239","2024-09-19 06:00","2024","09","19","06:00","","13.4","","13.4","","100","","0.0","","32","","4","","0.2","","97.91","","","","","","Fog"
"-80.38","43.46","KITCHENER/WATERLOO","6144239","2024-09-19 07:00","2024","09","19","07:00","","14.0","","14.0","","100","","0.2","","","M","4","","0.2","","97.95","","","","","","Fog"
"-80.38","43.46","KITCHENER/WATERLOO","6144239","2024-09-19 08:00","2024","09","19","08:00","","15.5","","15.5","","100","","0.0","","","","0","","0.2","","97.94","","","","","","Fog"
"-80.38","43.46","KITCHENER/WATERLOO","6144239","2024-09-19 09:00","2024","09","19","09:00","","16.7","","16.7","","100","","0.0","","5","","5","","6.4","","97.94","","","","","","Fog"
"-80.38","43.46","KITCHENER/WATERLOO","6144239","2024-09-19 10:00","2024","09","19","10:00","","19.9","","17.2","","84","","0.0","","3","","5","","16.1","","97.90","","","","","","NA"
"-80.38","43.46","KITCHENER/WATERLOO","6144239","2024-09-19 11:00","2024","09","19","11:00","","22.7","","17.4","","72","","0.0","","","","0","","16.1","","97.87","","28","","","","NA"
"-80.38","43.46","KITCHENER/WATERLOO","6144239","2024-09-19 12:00","2024","09","19","12:00","","24.2","","16.5","","62","","0.0","","","M","4","","14.5","","97.81","","29","","","","NA"
"-80.38","43.46","KITCHENER/WATERLOO","6144239","2024-09-19 13:00","2024","09","19","13:00","","25.9","","15.7","","53","","0.0","","13","","17","","16.1","","97.78","","30","","","","NA"
"-80.38","43.46","KITCHENER/WATERLOO","6144239","2024-09-19 14:00","2024","09","19","14:00","","25.9","","16.7","","56","","0.0","","19","","8","","16.1","","97.75","","31","","","","NA"
"-80.38","43.46","KITCHENER/WATERLOO","6144239","2024-09-19 15:00","2024","09","19","15:00","","26.7","","15.4","","49","","0.0","","14","","8","","16.1","","97.71","","31","","","","NA"
"-80.38","43.46","KITCHENER/WATERLOO","6144239","2024-09-19 16:00","2024","09","19","16:00","","25.9","","15.8","","53","","0.0","","10","","13","","16.1","","97.68","","30","","","","NA"
"-80.38","43.46","KITCHENER/WATERLOO","6144239","2024-09-19 17:00","2024","09","19","17:00","","25.0","","16.0","","57","","0.0","","12","","11","","16.1","","97.68","","30","","","","NA"
"-80.38","43.46","KITCHENER/WATERLOO","6144239","2024-09-19 18:00","2024","09","19","18:00","","21.6","","15.9","","70","","0.0","","11","","11","","16.1","","97.66","","26","","","","NA"
"-80.38","43.46","KITCHENER/WATERLOO","6144239","2024-09-19 19:00","2024","09","19","19:00","","18.5","","15.7","","83","","0.0","","10","","11","","16.1","","97.68","","","","","","NA"
"-80.38","43.46","KITCHENER/WATERLOO","6144239","2024-09-19 20:00","2024","09","19","20:00","","17.3","","15.9","","91","","0.0","","8","","4","","16.1","","97.69","","","","","","NA"
"-80.38","43.46","KITCHENER/WATERLOO","6144239","2024-09-19 21:00","2024","09","19","21:00","","13.9","","13.9","","100","","0.0","","7","","5","","14.5","","97.70","","","","","","NA"
"-80.38","43.46","KITCHENER/WATERLOO","6144239","2024-09-19 22:00","2024","09","19","22:00","","12.0","","12.0","","100","","0.0","","6","","5","","9.7","","97.69","","","","","","Fog"
"-80.38","43.46","KITCHENER/WATERLOO","6144239","2024-09-19 23:00","2024","09","19","23:00","","12.2","","12.2","","100","","0.0","","8","","8","","4.0","","97.65","","","","","","Fog"
"-80.38","43.46","KITCHENER/WATERLOO","6144239","2024-09-20 00:00","2024","09","20","00:00","","11.6","","11.6","","100","","0.0","","34","","4","","2.4","","97.67","","","","","","Fog"
"-80.38","43.46","KITCHENER/WATERLOO","6144239","2024-09-20 01:00","2024","09","20","01:00","","11.3","","11.3","","100","","0.0","","35","","5","","8.1","","97.66","","","","","","Fog"
"-80.38","43.46","KITCHENER/WATERLOO","6144239","2024-09-20 02:00","2024","09","20","02:00","","10.2","","10.2","","100","","0.0","","36","","4","","0.6","","97.68","","","","","","Fog"
"-80.38","43.46","KITCHENER/WATERLOO","6144239","2024-09-20 03:00","2024","09","20","03:00","","10.6","","10.6","","100","","0.0","","","","0","","4.8","","97.68","","","","","","Fog"
"-80.38","43.46","KITCHENER/WATERLOO","6144239","2024-09-20 04:00","2024","09","20","04:00","","9.5","","9.5","","100","","0.0","","31","","5","","0.8","","97.69","","","","","","Fog"
"-80.38","43.46","KITCHENER/WATERLOO","6144239","2024-09-20 05:00","2024","09","20","05:00","","9.8","","9.8","","100","","0.0","","","M","4","","1.6","","97.70","","","","","","Fog"
"-80.38","43.46","KITCHENER/WATERLOO","6144239","2024-09-20 06:00","2024","09","20","06:00","","9.5","","9.5","","100","","0.2","","","","0","","0.6","","97.70","","","","","","Fog"
"-80.38","43.46","KITCHENER/WATERLOO","6144239","2024-09-20 07:00","2024","09","20","07:00","","10.9","","10.9","","100","","0.0","","","","0","","4.8","","97.70","","","","","","Fog"
"-80.38","43.46","KITCHENER/WATERLOO","6144239","2024-09-20 08:00","2024","09","20","08:00","","14.9","","14.9","","100","","0.0","","","M","4","","12.9","","97.71","","","","","","NA"
"-80.38","43.46","KITCHENER/WATERLOO","6144239","2024-09-20 09:00","2024","09","20","09:00","","20.2","","15.9","","76","","0.0","","10","","8","","16.1","","97.70","","25","","","","NA"
"-80.38","43.46","KITCHENER/WATERLOO","6144239","2024-09-20 10:00","2024","09","20","10:00","","23.4","","15.1","","59","","0.0","","14","","17","","16.1","","97.69","","27","","","","NA"
"-80.38","43.46","KITCHENER/WATERLOO","6144239","2024-09-20 11:00","2024","09","20","11:00","","24.7","","14.6","","53","","0.0","","11","","15","","16.1","","97.65","","28","","","","NA"
"-80.38","43.46","KITCHENER/WATERLOO","6144239","2024-09-20 12:00","2024","09","20","12:00","","25.2","","14.3","","50","","0.0","","12","","17","","16.1","","97.61","","29","","","","NA"
"-80.38","43.46","KITCHENER/WATERLOO","6144239","2024-09-20 13:00","2024","09","20","13:00","","25.4","","13.8","","48","","0.0","","12","","15","","16.1","","97.56","","29","","","","NA"
"-80.38","43.46","KITCHENER/WATERLOO","6144239","2024-09-20 14:00","2024","09","20","14:00","","24.7","","13.7","","50","","0.0","","8","","17","","16.1","","97.54","","28","","","","NA"
"-80.38","43.46","KITCHENER/WATERLOO","6144239","2024-09-20 15:00","2024","09","20","15:00","","24.7","","14.0","","51","","0.0","","9","","17","","16.1","","97.51","","28","","","","NA"
"-80.38","43.46","KITCHENER/WATERLOO","6144239","2024-09-20 16:00","2024","09","20","16:00","","23.8","","15.3","","59","","0.0","","11","","18","","16.1","","97.52","","28","","","","NA"
"-80.38","43.46","KITCHENER/WATERLOO","6144239","2024-09-20 17:00","2024","09","20","17:00","","23.5","","15.7","","61","","0.0","","9","","15","","16.1","","97.52","","28","","","","NA"
"-80.38","43.46","KITCHENER/WATERLOO","6144239","2024-09-20 18:00","2024","09","20","18:00","","20.7","","15.6","","72","","0.0","","10","","9","","16.1","","97.56","","25","","","","NA"
"-80.38","43.46","KITCHENER/WATERLOO","6144239","2024-09-20 19:00","2024","09","20","19:00","","18.9","","14.9","","77","","0.0","","11","","8","","16.1","","97.58","","","","","","NA"
"-80.38","43.46","KITCHENER/WATERLOO","6144239","2024-09-20 20:00","2024","09","20","20:00","","18.2","","15.1","","82","","0.0","","12","","13","","16.1","","97.57","","","","","","NA"
"-80.38","43.46","KITCHENER/WATERLOO","6144239","2024-09-20 21:00","2024","09","20","21:00","","17.3","","15.2","","87","","0.0","","9","","11","","16.1","","97.57","","","","","","NA"
"-80.38","43.46","KITCHENER/WATERLOO","6144239","2024-09-20 22:00","2024","09","20","22:00","","16.3","","16.0","","98","","0.0","","10","","9","","16.1","","97.56","","","","","","NA"
"-80.38","43.46","KITCHENER/WATERLOO","6144239","2024-09-20 23:00","2024","09","20","23:00","","15.4","","15.4","","100","","0.0","","5","","4","","6.4","","97.55","","","","","","Fog"
"-80.38","43.46","KITCHENER/WATERLOO","6144239","2024-09-21 00:00","2024","09","21","00:00","","15.1","","15.1","","100","","0.0","","35","","5","","6.4","","97.52","","","","","","Fog"
"-80.38","43.46","KITCHENER/WATERLOO","6144239","2024-09-21 01:00","2024","09","21","01:00","","15.5","","15.5","","100","","0.0","","6","","4","","8.1","","97.52","","","","","","Fog"
"-80.38","43.46","KITCHENER/WATERLOO","6144239","2024-09-21 02:00","2024","09","21","02:00","","14.4","","14.4","","100","","0.0","","","","0","","1.6","","97.48","","","","","","Fog"
"-80.38","43.46","KITCHENER/WATERLOO","6144239","2024-09-21 03:00","2024","09","21","03:00","","14.9","","14.9","","100","","0.0","","34","","5","","3.2","","97.50","","","","","","Fog"
"-80.38","43.46","KITCHENER/WATERLOO","6144239","2024-09-21 04:00","2024","09","21","04:00","","15.5","","15.5","","100","","0.0","","8","","4","","0.4","","97.49","","","","","","Fog"
"-80.38","43.46","KITCHENER/WATERLOO","6144239","2024-09-21 05:00","2024","09","21","05:00","","15.8","","15.8","","100","","0.0","","","M","4","","0.2","","97.50","","","","","","Fog"
"-80.38","43.46","KITCHENER/WATERLOO","6144239","2024-09-21 06:00","2024","09","21","06:00","","15.6","","15.6","","100","","0.0","","33","","4","","0.2","","97.51","","","","","","Fog"
"-80.38","43.46","KITCHENER/WATERLOO","6144239","2024-09-21 07:00","2024","09","21","07:00","","15.4","","15.4","","100","","0.0","","","","0","","0.2","","97.50","","","","","","Fog"
"-80.38","43.46","KITCHENER/WATERLOO","6144239","2024-09-21 08:00","2024","09","21","08:00","","17.8","","17.8","","100","","0.0","","","M","4","","4.0","","97.51","","","","","","Fog"
"-80.38","43.46","KITCHENER/WATERLOO","6144239","2024-09-21 09:00","2024","09","21","09:00","","20.1","","18.8","","92","","0.0","","","M","4","","11.3","","97.54","","27","","","","NA"
"-80.38","43.46","KITCHENER/WATERLOO","6144239","2024-09-21 10:00","2024","09","21","10:00","","22.2","","18.1","","77","","0.0","","23","","5","","16.1","","97.54","","28","","","","NA"
"-80.38","43.46","KITCHENER/WATERLOO","6144239","2024-09-21 11:00","2024","09","21","11:00","","24.0","","18.2","","70","","0.0","","","M","5","","16.1","","97.52","","30","","","","NA"
"-80.38","43.46","KITCHENER/WATERLOO","6144239","2024-09-21 12:00","2024","09","21","12:00","","26.2","","17.2","","57","","0.0","","","M","8","","16.1","","97.47","","32","","","","NA"
"-80.38","43.46","KITCHENER/WATERLOO","6144239","2024-09-21 13:00","2024","09","21","13:00","","26.1","","16.4","","55","","0.0","","","M","8","","16.1","","97.42","","31","","","","NA"
"-80.38","43.46","KITCHENER/WATERLOO","6144239","2024-09-21 14:00","2024","09","21","14:00","","26.9","","16.8","","53","","0.0","","32","","5","","16.1","","97.39","","32","","","","NA"
"-80.38","43.46","KITCHENER/WATERLOO","6144239","2024-09-21 15:00","2024","09","21","15:00","","26.4","","17.7","","58","","0.0","","1","","5","","11.3","","97.38","","32","","","","NA"
"-80.38","43.46","KITCHENER/WATERLOO","6144239","2024-09-21 16:00","2024","09","21","16:00","","26.8","","16.5","","53","","0.0","","30","","18","","16.1","","97.39","","32","","","","NA"
"-80.38","43.46","KITCHENER/WATERLOO","6144239","2024-09-21 17:00","2024","09","21","17:00","","26.2","","13.6","","45","","0.0","","35","","11","","16.1","","97.43","","29","","","","NA"
"-80.38","43.46","KITCHENER/WATERLOO","6144239","2024-09-21 18:00","2024","09","21","18:00","","22.0","","17.0","","73","","0.0","","12","","9","","16.1","","97.52","","27","","","","NA"
"-80.38","43.46","KITCHENER/WATERLOO","6144239","2024-09-21 19:00","2024","09","21","19:00","","19.0","","16.9","","87","","0.0","","8","","5","","16.1","","97.56","","","","","","NA"
"-80.38","43.46","KITCHENER/WATERLOO","6144239","2024-09-21 20:00","2024","09","21","20:00","","17.1","","16.1","","94","","0.0","","2","","5","","16.1","","97.59","","","","","","NA"
"-80.38","43.46","KITCHENER/WATERLOO","6144239","2024-09-21 21:00","2024","09","21","21:00","","14.7","","14.7","","100","","0.0","","","","0","","16.1","","97.61","","","","","","NA"
"-80.38","43.46","KITCHENER/WATERLOO","6144239","2024-09-21 22:00","2024","09","21","22:00","","14.4","","14.4","","100","","0.0","","","","0","","4.0","","97.60","","","","","","Fog"
"-80.38","43.46","KITCHENER/WATERLOO","6144239","2024-09-21 23:00","2024","09","21","23:00","","13.6","","13.6","","100","","0.0","","","","0","","1.2","","97.61","","","","","","Fog"
"-80.38","43.46","KITCHENER/WATERLOO","6144239","2024-09-22 00:00","2024","09","22","00:00","","12.7","","12.7","","100","","0.0","","","M","5","","0.4","","97.61","","","","","","Fog"
"-80.38","43.46","KITCHENER/WATERLOO","6144239","2024-09-22 01:00","2024","09","22","01:00","","12.1","","12.1","","100","","0.0","","27","","5","","0.2","","97.59","","","","","","Fog"
"-80.38","43.46","KITCHENER/WATERLOO","6144239","2024-09-22 02:00","2024","09","22","02:00","","12.8","","12.8","","100","","0.0","","","","0","","0.4","","97.59","","","","","","Fog"
"-80.38","43.46","KITCHENER/WATERLOO","6144239","2024-09-22 03:00","2024","09","22","03:00","","12.7","","12.7","","100","","0.0","","29","","8","","0.4","","97.60","","","","","","Fog"
"-80.38","43.46","KITCHENER/WATERLOO","6144239","2024-09-22 04:00","2024","09","22","04:00","","12.2","","12.2","","100","","0.0","","31","","5","","0.6","","97.64","","","","","","Fog"
"-80.38","43.46","KITCHENER/WATERLOO","6144239","2024-09-22 05:00","2024","09","22","05:00","","10.3","","10.3","","100","","0.0","","8","","4","","0.2","","97.58","","","","","","Fog"
"-80.38","43.46","KITCHENER/WATERLOO","6144239","2024-09-22 06:00","2024","09","22","06:00","","11.0","","11.0","","100","","0.0","","3","","5","","1.2","","97.62","","","","","","Fog"
"-80.38","43.46","KITCHENER/WATERLOO","6144239","2024-09-22 07:00","2024","09","22","07:00","","10.8","","10.8","","100","","0.0","","29","","5","","4.8","","97.67","","","","","","Fog"
"-80.38","43.46","KITCHENER/WATERLOO","6144239","2024-09-22 08:00","2024","09","22","08:00","","15.2","","15.2","","100","","0.0","","","M","4","","6.4","","97.68","","","","","","Fog"
"-80.38","43.46","KITCHENER/WATERLOO","6144239","2024-09-22 09:00","2024","09","22","09:00","","19.3","","18.1","","93","","0.2","","11","","17","","14.5","","97.67","","","","","","NA"
"-80.38","43.46","KITCHENER/WATERLOO","6144239","2024-09-22 10:00","2024","09","22","10:00","","19.4","","18.5","","94","","0.0","","15","","11","","6.4","","97.68","","","","","","Fog"
"-80.38","43.46","KITCHENER/WATERLOO","6144239","2024-09-22 11:00","2024","09","22","11:00","","21.9","","18.8","","82","","0.0","","15","","11","","9.7","","97.66","","29","","","","Haze"
"-80.38","43.46","KITCHENER/WATERLOO","6144239","2024-09-22 12:00","2024","09","22","12:00","","22.5","","18.3","","77","","0.0","","14","","11","","11.3","","97.62","","29","","","","NA"
"-80.38","43.46","KITCHENER/WATERLOO","6144239","2024-09-22 13:00","2024","09","22","13:00","","22.6","","18.8","","79","","0.0","","15","","13","","8.1","","97.58","","29","","","","Haze"
"-80.38","43.46","KITCHENER/WATERLOO","6144239","2024-09-22 14:00","2024","09","22","14:00","","22.6","","18.8","","79","","0.0","","15","","9","","16.1","","97.53","","29","","","","NA"
"-80.38","43.46","KITCHENER/WATERLOO","6144239","2024-09-22 15:00","2024","09","22","15:00","","22.1","","18.6","","80","","0.0","","13","","11","","16.1","","97.50","","29","","","","NA"
"-80.38","43.46","KITCHENER/WATERLOO","6144239","2024-09-22 16:00","2024","09","22","16:00","","21.8","","18.8","","83","","0.0","","12","","8","","16.1","","97.47","","28","","","","NA"
"-80.38","43.46","KITCHENER/WATERLOO","6144239","2024-09-22 17:00","2024","09","22","17:00","","21.1","","19.6","","91","","0.0","","13","","5","","16.1","","97.49","","28","","","","NA"
"-80.38","43.46","KITCHENER/WATERLOO","6144239","2024-09-22 18:00","2024","09","22","18:00","","19.7","","19.7","","100","","0.0","","34","","8","","14.5","","97.48","","","","","","Rain"
"-80.38","43.46","KITCHENER/WATERLOO","6144239","2024-09-22 19:00","2024","09","22","19:00","","19.7","","19.4","","98","","0.0","","9","","5","","11.3","","97.49","","","","","","NA"
"-80.38","43.46","KITCHENER/WATERLOO","6144239","2024-09-22 20:00","2024","09","22","20:00","","19.1","","19.1","","100","","0.0","","6","","9","","6.4","","97.48","","","","","","Fog"
"-80.38","43.46","KITCHENER/WATERLOO","6144239","2024-09-22 21:00","2024","09","22","21:00","","18.8","","18.8","","100","","0.0","","10","","11","","2.8","","97.47","","","","","","Rain,Fog"
"-80.38","43.46","KITCHENER/WATERLOO","6144239","2024-09-22 22:00","2024","09","22","22:00","","18.6","","18.6","","100","","0.0","","7","","13","","2.4","","97.38","","","","","","Rain,Fog"
"-80.38","43.46","KITCHENER/WATERLOO","6144239","2024-09-22 23:00","2024","09","22","23:00","","18.8","","18.8","","100","","0.2","","18","","11","","2.0","","97.43","","","","","","Rain,Fog"
"-80.38","43.46","KITCHENER/WATERLOO","6144239","2024-09-23 00:00","2024","09","23","00:00","","18.7","","18.7","","100","","1.2","","","M","4","","2.0","","97.39","","","","","","Rain,Fog"
"-80.38","43.46","KITCHENER/WATERLOO","6144239","2024-09-23 01:00","2024","09","23","01:00","","18.5","","18.5","","100","","0.8","","","M","4","","2.0","","97.34","","","","","","Rain,Fog"
"-80.38","43.46","KITCHENER/WATERLOO","6144239","2024-09-23 02:00","2024","09","23","02:00","","17.6","","17.6","","100","","1.8","","5","","8","","4.0","","97.32","","","","","","Rain,Fog"
"-80.38","43.46","KITCHENER/WATERLOO","6144239","2024-09-23 03:00","2024","09","23","03:00","","17.0","","17.0","","100","","4.2","","","M","9","","3.2","","97.31","","","","","","Moderate Rain,Fog"
"-80.38","43.46","KITCHENER/WATERLOO","6144239","2024-09-23 04:00","2024","09","23","04:00","","17.1","","17.1","","100","","3.8","","7","","13","","2.0","","97.27","","","","","","Moderate Rain,Fog"
"-80.38","43.46","KITCHENER/WATERLOO","6144239","2024-09-23 05:00","2024","09","23","05:00","","17.2","","17.2","","100","","0.2","","4","","5","","8.1","","97.31","","","","","","Fog"
"-80.38","43.46","KITCHENER/WATERLOO","6144239","2024-09-23 06:00","2024","09","23","06:00","","17.3","","17.3","","100","","0.0","","2","","8","","8.1","","97.33","","","","","","Fog"
"-80.38","43.46","KITCHENER/WATERLOO","6144239","2024-09-23 07:00","2024","09","23","07:00","","17.6","","17.6","","100","","0.0","","7","","4","","9.7","","97.35","","","","","","Fog"
"-80.38","43.46","KITCHENER/WATERLOO","6144239","2024-09-23 08:00","2024","09","23","08:00","","17.9","","17.9","","100","","0.0","","3","","8","","12.9","","97.39","","","","","","NA"
"-80.38","43.46","KITCHENER/WATERLOO","6144239","2024-09-23 09:00","2024","09","23","09:00","","18.3","","18.3","","100","","0.0","","3","","5","","4.8","","97.41","","","","","","Fog"
"-80.38","43.46","KITCHENER/WATERLOO","6144239","2024-09-23 10:00","2024","09","23","10:00","","18.6","","18.6","","100","","0.0","","3","","8","","11.3","","97.43","","","","","","NA"
"-80.38","43.46","KITCHENER/WATERLOO","6144239","2024-09-23 11:00","2024","09","23","11:00","","18.5","","18.5","","100","","0.0","","4","","11","","16.1","","97.44","","","","","","NA"
"-80.38","43.46","KITCHENER/WATERLOO","6144239","2024-09-23 12:00","2024","09","23","12:00","","18.6","","18.3","","98","","0.0","","2","","13","","14.5","","97.48","","","","","","NA"
"-80.38","43.46","KITCHENER/WATERLOO","6144239","2024-09-23 13:00","2024","09","23","13:00","","19.0","","18.2","","95","","0.0","","5","","9","","16.1","","97.50","","","","","","NA"
"-80.38","43.46","KITCHENER/WATERLOO","6144239","2024-09-23 14:00","2024","09","23","14:00","","19.1","","18.0","","94","","0.0","","5","","9","","16.1","","97.50","","","","","","NA"
"-80.38","43.46","KITCHENER/WATERLOO","6144239","2024-09-23 15:00","2024","09","23","15:00","","18.8","","18.0","","95","","0.0","","6","","13","","16.1","","97.50","","","","","","Rain"
"-80.38","43.46","KITCHENER/WATERLOO","6144239","2024-09-23 16:00","2024","09","23","16:00","","19.5","","17.5","","88","","0.0","","4","","9","","16.1","","97.54","","","","","","NA"
"-80.38","43.46","KITCHENER/WATERLOO","6144239","2024-09-23 17:00","2024","09","23","17:00","","19.5","","18.0","","91","","0.0","","7","","9","","16.1","","97.58","","","","","","NA"
"-80.38","43.46","KITCHENER/WATERLOO","6144239","2024-09-23 18:00","2024","09","23","18:00","","18.9","","17.8","","94","","0.0","","4","","8","","16.1","","97.58","","","","","","NA"
"-80.38","43.46","KITCHENER/WATERLOO","6144239","2024-09-23 19:00","2024","09","23","19:00","","18.5","","17.9","","96","","0.0","","3","","5","","16.1","","97.59","","","","","","NA"
"-80.38","43.46","KITCHENER/WATERLOO","6144239","2024-09-23 20:00","2024","09","23","20:00","","18.2","","17.7","","97","","0.0","","6","","8","","16.1","","97.62","","","","","","NA"
"-80.38","43.46","KITCHENER/WATERLOO","6144239","2024-09-23 21:00","2024","09","23","21:00","","17.8","","17.1","","95","","0.0","","9","","8","","16.1","","97.64","","","","","","NA"
"-80.38","43.46","KITCHENER/WATERLOO","6144239","2024-09-23 22:00","2024","09","23","22:00","","17.4","","17.0","","98","","0.0","","6","","9","","16.1","","97.65","","","","","","NA"
"-80.38","43.46","KITCHENER/WATERLOO","6144239","2024-09-23 23:00","2024","09","23","23:00","","17.3","","16.8","","97","","0.0","","6","","11","","16.1","","97.61","","","","","","NA"
"-80.38","43.46","KITCHENER/WATERLOO","6144239","2024-09-24 00:00","2024","09","24","00:00","","17.0","","17.0","","100","","0.0","","5","","8","","16.1","","97.63","","","","","","NA"
"-80.38","43.46","KITCHENER/WATERLOO","6144239","2024-09-24 01:00","2024","09","24","01:00","","16.4","","16.4","","100","","0.0","","4","","11","","16.1","","97.60","","","","","","NA"
"-80.38","43.46","KITCHENER/WATERLOO","6144239","2024-09-24 02:00","2024","09","24","02:00","","16.4","","16.4","","100","","0.0","","7","","9","","16.1","","97.60","","","","","","NA"
"-80.38","43.46","KITCHENER/WATERLOO","6144239","2024-09-24 03:00","2024","09","24","03:00","","16.3","","16.3","","100","","0.0","","6","","9","","16.1","","97.57","","","","","","NA"
"-80.38","43.46","KITCHENER/WATERLOO","6144239","2024-09-24 04:00","2024","09","24","04:00","","16.3","","16.3","","100","","0.0","","5","","5","","16.1","","97.58","","","","","","NA"
"-80.38","43.46","KITCHENER/WATERLOO","6144239","2024-09-24 05:00","2024","09","24","05:00","","16.2","","16.2","","100","","0.0","","6","","8","","16.1","","97.56","","","","","","NA"
"-80.38","43.46","KITCHENER/WATERLOO","6144239","2024-09-24 06:00","2024","09","24","06:00","","16.1","","16.1","","100","","0.0","","7","","9","","4.0","","97.57","","","","","","Fog"
"-80.38","43.46","KITCHENER/WATERLOO","6144239","2024-09-24 07:00","2024","09","24","07:00","","16.4","","","M","","M","0.0","","10","","9","","0.6","","97.57","","","","","","Haze"
"-80.38","43.46","KITCHENER/WATERLOO","6144239","2024-09-24 08:00","2024","09","24","08:00","","16.9","","","M","","M","0.0","","7","","9","","1.6","","97.55","","","","","","Haze"
"-80.38","43.46","KITCHENER/WATERLOO","6144239","2024-09-24 09:00","2024","09","24","09:00","","17.4","","","M","","M","0.0","","10","","13","","2.8","","97.52","","","","","","Rain"
"-80.38","43.46","KITCHENER/WATERLOO","6144239","2024-09-24 10:00","2024","09","24","10:00","","18.0","","","M","","M","0.0","","11","","15","","4.8","","97.51","","","","","","Haze"
"-80.38","43.46","KITCHENER/WATERLOO","6144239","2024-09-24 11:00","2024","09","24","11:00","","18.5","","18.5","","100","","0.0","","16","","13","","8.1","","97.53","","","","","","Fog"
"-80.38","43.46","KITCHENER/WATERLOO","6144239","2024-09-24 12:00","2024","09","24","12:00","","18.2","","18.2","","100","","0.2","","14","","21","","14.5","","97.47","","","","","","Rain"
"-80.38","43.46","KITCHENER/WATERLOO","6144239","2024-09-24 13:00","2024","09","24","13:00","","18.4","","18.4","","100","","0.0","","14","","17","","16.1","","97.48","","","","","","NA"
"-80.38","43.46","KITCHENER/WATERLOO","6144239","2024-09-24 14:00","2024","09","24","14:00","","19.1","","18.6","","97","","0.0","","13","","13","","16.1","","97.40","","","","","","NA"
"-80.38","43.46","KITCHENER/WATERLOO","6144239","2024-09-24 15:00","2024","09","24","15:00","","19.9","","18.2","","90","","0.0","","11","","17","","16.1","","97.33","","","","","","NA"
"-80.38","43.46","KITCHENER/WATERLOO","6144239","2024-09-24 16:00","2024","09","24","16:00","","19.0","","17.2","","89","","0.0","","14","","28","","16.1","","97.35","","","","","","NA"
"-80.38","43.46","KITCHENER/WATERLOO","6144239","2024-09-24 17:00","2024","09","24","17:00","","18.5","","17.2","","92","","0.0","","11","","18","","16.1","","97.36","","","","","","NA"
"-80.38","43.46","KITCHENER/WATERLOO","6144239","2024-09-24 18:00","2024","09","24","18:00","","18.0","","17.3","","96","","0.0","","11","","18","","16.1","","97.37","","","","","","NA"
"-80.38","43.46","KITCHENER/WATERLOO","6144239","2024-09-24 19:00","2024","09","24","19:00","","17.3","","17.3","","100","","0.8","","13","","17","","16.1","","97.37","","","","","","Rain"
"-80.38","43.46","KITCHENER/WATERLOO","6144239","2024-09-24 20:00","2024","09","24","20:00","","17.0","","17.0","","100","","0.0","","12","","13","","16.1","","97.40","","","","","","NA"
"-80.38","43.46","KITCHENER/WATERLOO","6144239","2024-09-24 21:00","2024","09","24","21:00","","16.8","","16.8","","100","","0.0","","12","","21","","16.1","","97.35","","","","","","NA"
"-80.38","43.46","KITCHENER/WATERLOO","6144239","2024-09-24 22:00","2024","09","24","22:00","","17.0","","17.0","","100","","0.0","","12","","18","","16.1","","97.35","","","","","","NA"
"-80.38","43.46","KITCHENER/WATERLOO","6144239","2024-09-24 23:00","2024","09","24","23:00","","16.8","","16.8","","100","","1.0","","12","","15","","16.1","","97.29","","","","","","NA"
"-80.38","43.46","KITCHENER/WATERLOO","6144239","2024-09-25 00:00","2024","09","25","00:00","","16.9","","16.9","","100","","0.0","","12","","22","","16.1","","97.26","","","","","","NA"
"-80.38","43.46","KITCHENER/WATERLOO","6144239","2024-09-25 01:00","2024","09","25","01:00","","17.1","","17.1","","100","","5.6","","13","","21","","3.2","","97.25","","","","","","Rain,Fog"
"-80.38","43.46","KITCHENER/WATERLOO","6144239","2024-09-25 02:00","2024","09","25","02:00","","17.4","","17.4","","100","","0.2","","14","","18","","16.1","","97.23","","","","","","NA"
"-80.38","43.46","KITCHENER/WATERLOO","6144239","2024-09-25 03:00","2024","09","25","03:00","","17.6","","17.6","","100","","0.0","","14","","17","","16.1","","97.22","","","","","","NA"
"-80.38","43.46","KITCHENER/WATERLOO","6144239","2024-09-25 04:00","2024","09","25","04:00","","17.8","","17.8","","100","","0.0","","15","","17","","16.1","","97.23","","","","","","NA"
"-80.38","43.46","KITCHENER/WATERLOO","6144239","2024-09-25 05:00","2024","09","25","05:00","","18.1","","18.1","","100","","0.0","","15","","21","","16.1","","97.25","","","","","","NA"
"-80.38","43.46","KITCHENER/WATERLOO","6144239","2024-09-25 06:00","2024","09","25","06:00","","18.5","","18.5","","100","","0.0","","17","","17","","16.1","","97.32","","","","","","NA"
"-80.38","43.46","KITCHENER/WATERLOO","6144239","2024-09-25 07:00","2024","09","25","07:00","","18.8","","18.8","","100","","0.0","","18","","15","","16.1","","97.37","","","","","","NA"
"-80.38","43.46","KITCHENER/WATERLOO","6144239","2024-09-25 08:00","2024","09","25","08:00","","19.0","","19.0","","100","","0.2","","17","","21","","16.1","","97.39","","","","","","Rain"
"-80.38","43.46","KITCHENER/WATERLOO","6144239","2024-09-25 09:00","2024","09","25","09:00","","20.2","","19.8","","97","","0.0","","18","","18","","16.1","","97.39","","28","","","","NA"
"-80.38","43.46","KITCHENER/WATERLOO","6144239","2024-09-25 10:00","2024","09","25","10:00","","20.0","","19.2","","95","","0.0","","17","","22","","16.1","","97.41","","27","","","","NA"
"-80.38","43.46","KITCHENER/WATERLOO","6144239","2024-09-25 11:00","2024","09","25","11:00","","21.0","","19.5","","91","","0.0","","19","","24","","16.1","","97.42","","28","","","","NA"
"-80.38","43.46","KITCHENER/WATERLOO","6144239","2024-09-25 12:00","2024","09","25","12:00","","21.7","","19.4","","86","","0.0","","18","","26","","16.1","","97.42","","29","","","","NA"
"-80.38","43.46","KITCHENER/WATERLOO","6144239","2024-09-25 13:00","2024","09","25","13:00","","21.8","","19.2","","85","","0.0","","18","","24","","16.1","","97.41","","29","","","","NA"
"-80.38","43.46","KITCHENER/WATERLOO","6144239","2024-09-25 14:00","2024","09","25","14:00","","23.0","","19.0","","78","","0.0","","20","","24","","16.1","","97.37","","30","","","","NA"
"-80.38","43.46","KITCHENER/WATERLOO","6144239","2024-09-25 15:00","2024","09","25","15:00","","23.7","","17.1","","66","","0.0","","20","","24","","16.1","","97.36","","29","","","","NA"
"-80.38","43.46","KITCHENER/WATERLOO","6144239","2024-09-25 16:00","2024","09","25","16:00","","23.1","","16.2","","65","","0.0","","22","","21","","16.1","","97.38","","28","","","","NA"
"-80.38","43.46","KITCHENER/WATERLOO","6144239","2024-09-25 17:00","2024","09","25","17:00","","22.2","","16.6","","70","","0.0","","22","","18","","16.1","","97.45","","27","","","","NA"
"-80.38","43.46","KITCHENER/WATERLOO","6144239","2024-09-25 18:00","2024","09","25","18:00","","20.5","","15.6","","73","","0.0","","25","","21","","16.1","","97.51","","25","","","","NA"
"-80.38","43.46","KITCHENER/WATERLOO","6144239","2024-09-25 19:00","2024","09","25","19:00","","19.1","","16.4","","84","","0.0","","27","","13","","16.1","","97.56","","","","","","NA"
"-80.38","43.46","KITCHENER/WATERLOO","6144239","2024-09-25 20:00","2024","09","25","20:00","","17.1","","16.5","","96","","0.0","","32","","5","","16.1","","97.57","","","","","","NA"
"-80.38","43.46","KITCHENER/WATERLOO","6144239","2024-09-25 21:00","2024","09","25","21:00","","16.5","","16.3","","99","","0.0","","32","","8","","16.1","","97.63","","","","","","NA"
"-80.38","43.46","KITCHENER/WATERLOO","6144239","2024-09-25 22:00","2024","09","25","22:00","","14.7","","14.7","","100","","0.0","","","","0","","1.6","","97.69","","","","","","Rain,Fog"
"-80.38","43.46","KITCHENER/WATERLOO","6144239","2024-09-25 23:00","2024","09","25","23:00","","13.9","","","M","","M","0.0","","13","","5","","0.6","","97.69","","","","","","Rain,Fog"
"-80.38","43.46","KITCHENER/WATERLOO","6144239","2024-09-26 00:00","2024","09","26","00:00","","14.2","","14.2","","100","","0.0","","","","0","","1.2","","97.63","","","","","","Rain,Fog"
"-80.38","43.46","KITCHENER/WATERLOO","6144239","2024-09-26 01:00","2024","09","26","01:00","","13.7","","13.7","","100","","0.0","","","","0","","1.2","","97.67","","","","","","Fog"
"-80.38","43.46","KITCHENER/WATERLOO","6144239","2024-09-26 02:00","2024","09","26","02:00","","12.8","","12.8","","100","","0.0","","","","0","","3.2","","97.65","","","","","","Fog"
"-80.38","43.46","KITCHENER/WATERLOO","6144239","2024-09-26 03:00","2024","09","26","03:00","","12.5","","12.5","","100","","0.0","","","M","4","","1.2","","97.74","","","","","","Fog"
"-80.38","43.46","KITCHENER/WATERLOO","6144239","2024-09-26 04:00","2024","09","26","04:00","","12.8","","12.8","","100","","0.0","","","","0","","0.2","","97.74","","","","","","Fog"
"-80.38","43.46","KITCHENER/WATERLOO","6144239","2024-09-26 05:00","2024","09","26","05:00","","12.2","","12.2","","100","","0.0","","","M","4","","0.4","","97.76","","","","","","Fog"
"-80.38","43.46","KITCHENER/WATERLOO","6144239","2024-09-26 06:00","2024","09","26","06:00","","13.3","","13.3","","100","","0.0","","34","","5","","0.4","","97.83","","","","","","Fog"
"-80.38","43.46","KITCHENER/WATERLOO","6144239","2024-09-26 07:00","2024","09","26","07:00","","13.0","","13.0","","100","","0.0","","30","","8","","0.2","","97.94","","","","","","Fog"
"-80.38","43.46","KITCHENER/WATERLOO","6144239","2024-09-26 08:00","2024","09","26","08:00","","14.3","","14.3","","100","","0.0","","29","","5","","14.5","","97.98","","","","","","NA"
"-80.38","43.46","KITCHENER/WATERLOO","6144239","2024-09-26 09:00","2024","09","26","09:00","","16.5","","16.5","","100","","0.0","","34","","9","","16.1","","98.01","","","","","","NA"
"-80.38","43.46","KITCHENER/WATERLOO","6144239","2024-09-26 10:00","2024","09","26","10:00","","19.1","","14.7","","75","","0.0","","33","","11","","16.1","","98.01","","","","","","NA"
"-80.38","43.46","KITCHENER/WATERLOO","6144239","2024-09-26 11:00","2024","09","26","11:00","","20.2","","12.8","","62","","0.0","","32","","9","","16.1","","98.02","","","","","","NA"
"-80.38","43.46","KITCHENER/WATERLOO","6144239","2024-09-26 12:00","2024","09","26","12:00","","20.6","","11.6","","56","","0.0","","","M","8","","16.1","","98.02","","","","","","NA"
"-80.38","43.46","KITCHENER/WATERLOO","6144239","2024-09-26 13:00","2024","09","26","13:00","","21.1","","11.9","","55","","0.0","","","M","4","","16.1","","97.98","","","","","","NA"
"-80.38","43.46","KITCHENER/WATERLOO","6144239","2024-09-26 14:00","2024","09","26","14:00","","22.5","","13.0","","55","","0.0","","14","","5","","16.1","","97.91","","25","","","","NA"
"-80.38","43.46","KITCHENER/WATERLOO","6144239","2024-09-26 15:00","2024","09","26","15:00","","22.7","","12.1","","51","","0.0","","25","","11","","16.1","","97.92","","25","","","","NA"
"-80.38","43.46","KITCHENER/WATERLOO","6144239","2024-09-26 16:00","2024","09","26","16:00","","22.4","","10.0","","45","","0.0","","35","","11","","16.1","","97.94","","","","","","NA"
"-80.38","43.46","KITCHENER/WATERLOO","6144239","2024-09-26 17:00","2024","09","26","17:00","","20.6","","12.7","","60","","0.0","","32","","5","","16.1","","97.95","","","","","","NA"
"-80.38","43.46","KITCHENER/WATERLOO","6144239","2024-09-26 18:00","2024","09","26","18:00","","17.2","","14.5","","84","","0.0","","34","","5","","16.1","","97.95","","","","","","NA"
"-80.38","43.46","KITCHENER/WATERLOO","6144239","2024-09-26 19:00","2024","09","26","19:00","","14.2","","13.7","","97","","0.0","","","","0","","16.1","","97.99","","","","","","NA"
"-80.38","43.46","KITCHENER/WATERLOO","6144239","2024-09-26 20:00","2024","09","26","20:00","","12.8","","12.4","","97","","0.0","","","M","4","","16.1","","98.02","","","","","","NA"
"-80.38","43.46","KITCHENER/WATERLOO","6144239","2024-09-26 21:00","2024","09","26","21:00","","15.9","","11.5","","75","","0.0","","2","","13","","16.1","","98.00","","","","","","NA"
"-80.38","43.46","KITCHENER/WATERLOO","6144239","2024-09-26 22:00","2024","09","26","22:00","","12.0","","11.7","","98","","0.0","","4","","4","","16.1","","98.02","","","","","","NA"
"-80.38","43.46","KITCHENER/WATERLOO","6144239","2024-09-26 23:00","2024","09","26","23:00","","11.0","","11.0","","100","","0.0","","","M","4","","16.1","","98.02","","","","","","NA"
"-80.38","43.46","KITCHENER/WATERLOO","6144239","2024-09-27 00:00","2024","09","27","00:00","","10.4","","10.4","","100","","0.0","","","","0","","12.9","","98.00","","","","","","NA"
"-80.38","43.46","KITCHENER/WATERLOO","6144239","2024-09-27 01:00","2024","09","27","01:00","","10.9","","10.9","","100","","0.0","","34","","8","","16.1","","97.99","","","","","","NA"
"-80.38","43.46","KITCHENER/WATERLOO","6144239","2024-09-27 02:00","2024","09","27","02:00","","10.5","","10.5","","100","","0.0","","34","","5","","16.1","","97.99","","","","","","NA"
"-80.38","43.46","KITCHENER/WATERLOO","6144239","2024-09-27 03:00","2024","09","27","03:00","","9.9","","9.9","","100","","0.0","","36","","4","","16.1","","97.96","","","","","","NA"
"-80.38","43.46","KITCHENER/WATERLOO","6144239","2024-09-27 04:00","2024","09","27","04:00","","9.5","","9.5","","100","","0.0","","36","","5","","14.5","","97.93","","","","","","NA"
"-80.38","43.46","KITCHENER/WATERLOO","6144239","2024-09-27 05:00","2024","09","27","05:00","","9.2","","9.2","","100","","0.0","","","M","4","","16.1","","97.97","","","","","","NA"
"-80.38","43.46","KITCHENER/WATERLOO","6144239","2024-09-27 06:00","2024","09","27","06:00","","9.2","","9.2","","100","","0.0","","","","0","","16.1","","98.00","","","","","","NA"
"-80.38","43.46","KITCHENER/WATERLOO","6144239","2024-09-27 07:00","2024","09","27","07:00","","9.7","","9.7","","100","","0.0","","","","0","","16.1","","98.03","","","","","","NA"
"-80.38","43.46","KITCHENER/WATERLOO","6144239","2024-09-27 08:00","2024","09","27","08:00","","15.1","","13.7","","91","","0.0","","6","","8","","16.1","","98.02","","","","","","NA"
"-80.38","43.46","KITCHENER/WATERLOO","6144239","2024-09-27 09:00","2024","09","27","09:00","","18.1","","13.6","","75","","0.2","","7","","17","","16.1","","97.98","","","","","","NA"
"-80.38","43.46","KITCHENER/WATERLOO","6144239","2024-09-27 10:00","2024","09","27","10:00","","19.6","","12.2","","62","","0.0","","7","","24","","16.1","","97.88","","","","","","NA"
"-80.38","43.46","KITCHENER/WATERLOO","6144239","2024-09-27 11:00","2024","09","27","11:00","","20.3","","12.2","","59","","0.0","","8","","22","","16.1","","97.86","","","","","","NA"
"-80.38","43.46","KITCHENER/WATERLOO","6144239","2024-09-27 12:00","2024","09","27","12:00","","21.7","","12.4","","55","","0.0","","9","","24","","16.1","","97.82","","","","","","NA"
"-80.38","43.46","KITCHENER/WATERLOO","6144239","2024-09-27 13:00","2024","09","27","13:00","","22.0","","11.8","","52","","0.0","","7","","30","","16.1","","97.74","","","","","","NA"
"-80.38","43.46","KITCHENER/WATERLOO","6144239","2024-09-27 14:00","2024","09","27","14:00","","21.8","","11.4","","51","","0.0","","8","","26","","16.1","","97.68","","","","","","NA"
"-80.38","43.46","KITCHENER/WATERLOO","6144239","2024-09-27 15:00","2024","09","27","15:00","","21.2","","10.2","","49","","0.0","","8","","26","","16.1","","97.62","","","","","","NA"
"-80.38","43.46","KITCHENER/WATERLOO","6144239","2024-09-27 16:00","2024","09","27","16:00","","20.6","","9.4","","48","","0.0","","7","","26","","16.1","","97.57","","","","","","NA"
"-80.38","43.46","KITCHENER/WATERLOO","6144239","2024-09-27 17:00","2024","09","27","17:00","","19.2","","9.7","","54","","0.0","","6","","21","","16.1","","97.57","","","","","","NA"
"-80.38","43.46","KITCHENER/WATERLOO","6144239","2024-09-27 18:00","2024","09","27","18:00","","18.6","","9.7","","56","","0.0","","6","","17","","16.1","","97.54","","","","","","NA"
"-80.38","43.46","KITCHENER/WATERLOO","6144239","2024-09-27 19:00","2024","09","27","19:00","","17.0","","9.8","","62","","0.0","","7","","18","","16.1","","97.57","","","","","","NA"
"-80.38","43.46","KITCHENER/WATERLOO","6144239","2024-09-27 20:00","2024","09","27","20:00","","16.7","","9.9","","64","","0.0","","8","","13","","16.1","","97.68","","","","","","NA"
"-80.38","43.46","KITCHENER/WATERLOO","6144239","2024-09-27 21:00","2024","09","27","21:00","","17.1","","10.3","","64","","0.0","","6","","21","","16.1","","97.65","","","","","","NA"
"-80.38","43.46","KITCHENER/WATERLOO","6144239","2024-09-27 22:00","2024","09","27","22:00","","16.0","","10.8","","71","","0.0","","8","","13","","16.1","","97.69","","","","","","NA"
"-80.38","43.46","KITCHENER/WATERLOO","6144239","2024-09-27 23:00","2024","09","27","23:00","","15.8","","11.2","","74","","0.0","","9","","13","","16.1","","97.67","","","","","","NA"
"-80.38","43.46","KITCHENER/WATERLOO","6144239","2024-09-28 00:00","2024","09","28","00:00","","15.4","","11.7","","78","","0.0","","7","","15","","16.1","","97.62","","","","","","NA"
"-80.38","43.46","KITCHENER/WATERLOO","6144239","2024-09-28 01:00","2024","09","28","01:00","","16.7","","12.5","","76","","0.0","","7","","21","","16.1","","97.58","","","","","","NA"
"-80.38","43.46","KITCHENER/WATERLOO","6144239","2024-09-28 02:00","2024","09","28","02:00","","17.1","","13.6","","80","","0.0","","8","","21","","16.1","","97.53","","","","","","NA"
"-80.38","43.46","KITCHENER/WATERLOO","6144239","2024-09-28 03:00","2024","09","28","03:00","","17.3","","14.1","","81","","0.0","","8","","22","","16.1","","97.45","","","","","","NA"
"-80.38","43.46","KITCHENER/WATERLOO","6144239","2024-09-28 04:00","2024","09","28","04:00","","17.5","","14.3","","81","","0.0","","8","","26","","16.1","","97.46","","","","","","NA"
"-80.38","43.46","KITCHENER/WATERLOO","6144239","2024-09-28 05:00","2024","09","28","05:00","","17.3","","13.5","","78","","0.0","","6","","22","","16.1","","97.48","","","","","","NA"
"-80.38","43.46","KITCHENER/WATERLOO","6144239","2024-09-28 06:00","2024","09","28","06:00","","17.4","","13.6","","78","","0.0","","7","","18","","16.1","","97.50","","","","","","NA"
"-80.38","43.46","KITCHENER/WATERLOO","6144239","2024-09-28 07:00","2024","09","28","07:00","","17.3","","13.5","","78","","0.0","","8","","26","","16.1","","97.52","","","","","","NA"
"-80.38","43.46","KITCHENER/WATERLOO","6144239","2024-09-28 08:00","2024","09","28","08:00","","18.3","","13.9","","75","","0.0","","8","","30","","16.1","","97.52","","","","","","NA"
"-80.38","43.46","KITCHENER/WATERLOO","6144239","2024-09-28 09:00","2024","09","28","09:00","","18.4","","14.4","","77","","0.0","","7","","28","","16.1","","97.55","","","","","","NA"
"-80.38","43.46","KITCHENER/WATERLOO","6144239","2024-09-28 10:00","2024","09","28","10:00","","19.6","","14.4","","72","","0.0","","6","","34","","16.1","","97.54","","","","","","NA"
"-80.38","43.46","KITCHENER/WATERLOO","6144239","2024-09-28 11:00","2024","09","28","11:00","","19.8","","15.9","","78","","0.0","","6","","22","","16.1","","97.54","","","","","","NA"
"-80.38","43.46","KITCHENER/WATERLOO","6144239","2024-09-28 12:00","2024","09","28","12:00","","21.2","","17.4","","79","","0.0","","8","","24","","16.1","","97.53","","27","","","","NA"
"-80.38","43.46","KITCHENER/WATERLOO","6144239","2024-09-28 13:00","2024","09","28","13:00","","21.8","","17.0","","74","","0.0","","7","","30","","16.1","","97.48","","27","","","","NA"
"-80.38","43.46","KITCHENER/WATERLOO","6144239","2024-09-28 14:00","2024","09","28","14:00","","20.5","","18.0","","85","","0.0","","8","","26","","16.1","","97.46","","27","","","","NA"
"-80.38","43.46","KITCHENER/WATERLOO","6144239","2024-09-28 15:00","2024","09","28","15:00","","20.1","","18.0","","87","","0.0","","9","","24","","16.1","","97.48","","26","","","","NA"
"-80.38","43.46","KITCHENER/WATERLOO","6144239","2024-09-28 16:00","2024","09","28","16:00","","20.2","","17.5","","84","","0.0","","9","","22","","16.1","","97.48","","26","","","","NA"
"-80.38","43.46","KITCHENER/WATERLOO","6144239","2024-09-28 17:00","2024","09","28","17:00","","19.0","","17.4","","91","","0.0","","6","","24","","16.1","","97.53","","","","","","NA"
"-80.38","43.46","KITCHENER/WATERLOO","6144239","2024-09-28 18:00","2024","09","28","18:00","","18.1","","17.0","","93","","0.0","","7","","21","","16.1","","97.55","","","","","","NA"
"-80.38","43.46","KITCHENER/WATERLOO","6144239","2024-09-28 19:00","2024","09","28","19:00","","17.5","","17.2","","98","","0.0","","9","","18","","16.1","","97.58","","","","","","NA"
"-80.38","43.46","KITCHENER/WATERLOO","6144239","2024-09-28 20:00","2024","09","28","20:00","","16.6","","16.6","","100","","0.0","","6","","24","","8.1","","97.63","","","","","","Fog"
"-80.38","43.46","KITCHENER/WATERLOO","6144239","2024-09-28 21:00","2024","09","28","21:00","","17.0","","16.2","","95","","0.0","","7","","17","","16.1","","97.67","","","","","","NA"
"-80.38","43.46","KITCHENER/WATERLOO","6144239","2024-09-28 22:00","2024","09","28","22:00","","17.4","","16.1","","92","","0.0","","7","","15","","16.1","","97.66","","","","","","NA"
"-80.38","43.46","KITCHENER/WATERLOO","6144239","2024-09-28 23:00","2024","09","28","23:00","","17.6","","16.5","","93","","0.0","","6","","15","","16.1","","97.68","","","","","","NA"
"-80.38","43.46","KITCHENER/WATERLOO","6144239","2024-09-29 00:00","2024","09","29","00:00","","17.7","","16.6","","93","","0.0","","8","","21","","16.1","","97.70","","","","","","NA"
"-80.38","43.46","KITCHENER/WATERLOO","6144239","2024-09-29 01:00","2024","09","29","01:00","","17.2","","16.6","","96","","0.0","","8","","18","","16.1","","97.68","","","","","","NA"
"-80.38","43.46","KITCHENER/WATERLOO","6144239","2024-09-29 02:00","2024","09","29","02:00","","17.4","","16.6","","95","","0.0","","5","","13","","16.1","","97.65","","","","","","NA"
"-80.38","43.46","KITCHENER/WATERLOO","6144239","2024-09-29 03:00","2024","09","29","03:00","","17.2","","17.2","","100","","0.0","","4","","8","","16.1","","97.63","","","","","","Rain"
"-80.38","43.46","KITCHENER/WATERLOO","6144239","2024-09-29 04:00","2024","09","29","04:00","","17.0","","17.0","","100","","0.2","","3","","8","","16.1","","97.65","","","","","","NA"
"-80.38","43.46","KITCHENER/WATERLOO","6144239","2024-09-29 05:00","2024","09","29","05:00","","17.1","","17.1","","100","","0.0","","5","","8","","16.1","","97.68","","","","","","NA"
"-80.38","43.46","KITCHENER/WATERLOO","6144239","2024-09-29 06:00","2024","09","29","06:00","","16.9","","16.6","","98","","0.0","","3","","9","","16.1","","97.73","","","","","","NA"
"-80.38","43.46","KITCHENER/WATERLOO","6144239","2024-09-29 07:00","2024","09","29","07:00","","16.9","","16.0","","95","","0.0","","4","","11","","16.1","","97.78","","","","","","NA"
"-80.38","43.46","KITCHENER/WATERLOO","6144239","2024-09-29 08:00","2024","09","29","08:00","","17.2","","16.6","","96","","0.0","","6","","13","","16.1","","97.79","","","","","","NA"
"-80.38","43.46","KITCHENER/WATERLOO","6144239","2024-09-29 09:00","2024","09","29","09:00","","18.0","","17.0","","94","","0.0","","5","","18","","16.1","","97.83","","","","","","NA"
"-80.38","43.46","KITCHENER/WATERLOO","6144239","2024-09-29 10:00","2024","09","29","10:00","","19.6","","18.0","","90","","0.0","","5","","13","","16.1","","97.84","","","","","","NA"
"-80.38","43.46","KITCHENER/WATERLOO","6144239","2024-09-29 11:00","2024","09","29","11:00","","22.2","","14.7","","62","","0.0","","5","","17","","16.1","","97.81","","26","","","","NA"
"-80.38","43.46","KITCHENER/WATERLOO","6144239","2024-09-29 12:00","2024","09","29","12:00","","24.1","","14.8","","56","","0.0","","6","","21","","16.1","","97.80","","28","","","","NA"
"-80.38","43.46","KITCHENER/WATERLOO","6144239","2024-09-29 13:00","2024","09","29","13:00","","23.8","","15.3","","58","","0.0","","5","","13","","16.1","","97.79","","28","","","","NA"
"-80.38","43.46","KITCHENER/WATERLOO","6144239","2024-09-29 14:00","2024","09","29","14:00","","24.9","","16.1","","57","","0.0","","7","","17","","16.1","","97.76","","30","","","","NA"
"-80.38","43.46","KITCHENER/WATERLOO","6144239","2024-09-29 15:00","2024","09","29","15:00","","24.3","","16.7","","62","","0.0","","9","","17","","16.1","","97.75","","29","","","","NA"
"-80.38","43.46","KITCHENER/WATERLOO","6144239","2024-09-29 16:00","2024","09","29","16:00","","24.0","","18.6","","72","","0.0","","9","","17","","16.1","","97.75","","30","","","","NA"
"-80.38","43.46","KITCHENER/WATERLOO","6144239","2024-09-29 17:00","2024","09","29","17:00","","21.8","","18.1","","79","","0.0","","9","","17","","16.1","","97.78","","28","","","","NA"
"-80.38","43.46","KITCHENER/WATERLOO","6144239","2024-09-29 18:00","2024","09","29","18:00","","19.3","","16.8","","85","","0.0","","10","","18","","16.1","","97.85","","","","","","NA"
"-80.38","43.46","KITCHENER/WATERLOO","6144239","2024-09-29 19:00","2024","09","29","19:00","","17.3","","16.1","","93","","0.0","","9","","15","","16.1","","97.91","","","","","","NA"
"-80.38","43.46","KITCHENER/WATERLOO","6144239","2024-09-29 20:00","2024","09","29","20:00","","16.5","","15.5","","94","","0.0","","9","","11","","16.1","","97.98","","","","","","NA"
"-80.38","43.46","KITCHENER/WATERLOO","6144239","2024-09-29 21:00","2024","09","29","21:00","","15.0","","15.0","","100","","0.0","","3","","5","","16.1","","97.97","","","","","","NA"
"-80.38","43.46","KITCHENER/WATERLOO","6144239","2024-09-29 22:00","2024","09","29","22:00","","15.4","","15.4","","100","","0.0","","5","","5","","16.1","","97.96","","","","","","NA"
"-80.38","43.46","KITCHENER/WATERLOO","6144239","2024-09-29 23:00","2024","09","29","23:00","","13.0","","13.0","","100","","0.0","","","","0","","0.4","","97.95","","","","","","Fog"
"-80.38","43.46","KITCHENER/WATERLOO","6144239","2024-09-30 00:00","2024","09","30","00:00","","12.2","","12.2","","100","","0.0","","4","","4","","2.0","","97.95","","","","","","Fog"
"-80.38","43.46","KITCHENER/WATERLOO","6144239","2024-09-30 01:00","2024","09","30","01:00","","13.9","","13.9","","100","","0.0","","","M","4","","8.1","","97.96","","","","","","Fog"
"-80.38","43.46","KITCHENER/WATERLOO","6144239","2024-09-30 02:00","2024","09","30","02:00","","15.6","","15.6","","100","","0.0","","2","","5","","9.7","","97.94","","","","","","Fog"
"-80.38","43.46","KITCHENER/WATERLOO","6144239","2024-09-30 03:00","2024","09","30","03:00","","15.7","","15.7","","100","","0.0","","5","","8","","8.1","","97.93","","","","","","Fog"
"-80.38","43.46","KITCHENER/WATERLOO","6144239","2024-09-30 04:00","2024","09","30","04:00","","16.0","","16.0","","100","","0.0","","3","","5","","8.1","","97.96","","","","","","Fog"
"-80.38","43.46","KITCHENER/WATERLOO","6144239","2024-09-30 05:00","2024","09","30","05:00","","16.5","","16.5","","100","","0.0","","4","","9","","12.9","","98.00","","","","","","NA"
"-80.38","43.46","KITCHENER/WATERLOO","6144239","2024-09-30 06:00","2024","09","30","06:00","","15.8","","15.8","","100","","0.0","","5","","11","","6.4","","98.03","","","","","","Fog"
"-80.38","43.46","KITCHENER/WATERLOO","6144239","2024-09-30 07:00","2024","09","30","07:00","","16.2","","16.2","","100","","0.0","","6","","13","","8.1","","98.06","","","","","","Fog"
"-80.38","43.46","KITCHENER/WATERLOO","6144239","2024-09-30 08:00","2024","09","30","08:00","","16.9","","16.9","","100","","0.0","","7","","11","","12.9","","98.08","","","","","","NA"
"-80.38","43.46","KITCHENER/WATERLOO","6144239","2024-09-30 09:00","2024","09","30","09:00","","18.1","","16.9","","92","","0.0","","10","","15","","16.1","","98.08","","","","","","NA"
"-80.38","43.46","KITCHENER/WATERLOO","6144239","2024-09-30 10:00","2024","09","30","10:00","","19.2","","16.1","","82","","0.0","","9","","21","","16.1","","98.09","","","","","","NA"
"-80.38","43.46","KITCHENER/WATERLOO","6144239","2024-09-30 11:00","2024","09","30","11:00","","19.7","","15.6","","77","","0.0","","9","","21","","16.1","","98.06","","","","","","NA"
"-80.38","43.46","KITCHENER/WATERLOO","6144239","2024-09-30 12:00","2024","09","30","12:00","","20.1","","14.9","","72","","0.0","","9","","21","","16.1","","98.04","","","","","","NA"
"-80.38","43.46","KITCHENER/WATERLOO","6144239","2024-09-30 13:00","2024","09","30","13:00","","20.4","","14.6","","69","","0.0","","8","","21","","16.1","","97.98","","","","","","NA"
"-80.38","43.46","KITCHENER/WATERLOO","6144239","2024-09-30 14:00","2024","09","30","14:00","","20.8","","14.5","","67","","0.0","","6","","21","","16.1","","97.92","","","","","","NA"
"-80.38","43.46","KITCHENER/WATERLOO","6144239","2024-09-30 15:00","2024","09","30","15:00","","22.1","","14.7","","62","","0.0","","8","","18","","16.1","","97.87","","26","","","","NA"
"-80.38","43.46","KITCHENER/WATERLOO","6144239","2024-09-30 16:00","2024","09","30","16:00","","21.4","","13.7","","61","","0.0","","10","","18","","16.1","","97.86","","25","","","","NA"
"-80.38","43.46","KITCHENER/WATERLOO","6144239","2024-09-30 17:00","2024","09","30","17:00","","20.2","","13.8","","66","","0.0","","8","","17","","16.1","","97.87","","","","","","NA"
"-80.38","43.46","KITCHENER/WATERLOO","6144239","2024-09-30 18:00","2024","09","30","18:00","","17.1","","13.3","","78","","0.0","","6","","11","","16.1","","97.87","","","","","","NA"
"-80.38","43.46","KITCHENER/WATERLOO","6144239","2024-09-30 19:00","2024","09","30","19:00","","14.4","","12.3","","87","","0.0","","9","","5","","16.1","","97.88","","","","","","NA"
"-80.38","43.46","KITCHENER/WATERLOO","6144239","2024-09-30 20:00","2024","09","30","20:00","","13.2","","12.3","","94","","0.0","","9","","11","","16.1","","97.88","","","","","","NA"
"-80.38","43.46","KITCHENER/WATERLOO","6144239","2024-09-30 21:00","2024","09","30","21:00","","12.4","","12.4","","100","","0.0","","","","0","","16.1","","97.87","","","","","","NA"
"-80.38","43.46","KITCHENER/WATERLOO","6144239","2024-09-30 22:00","2024","09","30","22:00","","13.0","","13.0","","100","","0.0","","","","0","","16.1","","97.87","","","","","","NA"
"-80.38","43.46","KITCHENER/WATERLOO","6144239","2024-09-30 23:00","2024","09","30","23:00","","13.8","","13.8","","100","","0.0","","","","0","","16.1","","97.87","","","","","","NA"
