"Longitude (x)","Latitude (y)","Station Name","Climate ID","Date/Time (LST)","Year","Month","Day","Time (LST)","Flag","Temp (°C)","Temp Flag","Dew Point Temp (°C)","Dew Point Temp Flag","Rel Hum (%)","Rel Hum Flag","Precip. Amount (mm)","Precip. Amount Flag","Wind Dir (10s deg)","Wind Dir Flag","Wind Spd (km/h)","Wind Spd Flag","Visibility (km)","Visibility Flag","Stn Press (kPa)","Stn Press Flag","Hmdx","Hmdx Flag","Wind Chill","Wind Chill Flag","Weather"
"-80.38","43.46","KITCHENER/WATERLOO","6144239","2025-06-01 00:00","2025","06","01","00:00","","4.4","","2.2","","85","","0.0","","31","","9","","16.1","","96.73","","","","","","NA"
"-80.38","43.46","KITCHENER/WATERLOO","6144239","2025-06-01 01:00","2025","06","01","01:00","","3.0","","1.9","","92","","0.0","","29","","11","","16.1","","96.74","","","","","","NA"
"-80.38","43.46","KITCHENER/WATERLOO","6144239","2025-06-01 02:00","2025","06","01","02:00","","3.9","","2.7","","92","","0.0","","29","","13","","16.1","","96.75","","","","","","NA"
"-80.38","43.46","KITCHENER/WATERLOO","6144239","2025-06-01 03:00","2025","06","01","03:00","","3.3","","2.3","","93","","0.0","","29","","13","","16.1","","96.75","","","","","","NA"
"-80.38","43.46","KITCHENER/WATERLOO","6144239","2025-06-01 04:00","2025","06","01","04:00","","3.0","","2.0","","93","","0.0","","27","","9","","16.1","","96.78","","","","","","NA"
"-80.38","43.46","KITCHENER/WATERLOO","6144239","2025-06-01 05:00","2025","06","01","05:00","","2.7","","1.8","","94","","0.0","","28","","8","","16.1","","96.82","","","","","","NA"
"-80.38","43.46","KITCHENER/WATERLOO","6144239","2025-06-01 06:00","2025","06","01","06:00","","5.4","","3.3","","86","","0.0","","29","","11","","16.1","","96.85","","","","","","NA"
"-80.38","43.46","KITCHENER/WATERLOO","6144239","2025-06-01 07:00","2025","06","01","07:00","","9.4","","3.5","","67","","0.0","","28","","18","","16.1","","96.87","","","","","","NA"
"-80.38","43.46","KITCHENER/WATERLOO","6144239","2025-06-01 08:00","2025","06","01","08:00","","10.8","","3.3","","60","","0.0","","28","","32","","16.1","","96.88","","","","","","NA"
"-80.38","43.46","KITCHENER/WATERLOO","6144239","2025-06-01 09:00","2025","06","01","09:00","","12.5","","3.1","","52","","0.0","","28","","39","","16.1","","96.89","","","","","","NA"
"-80.38","43.46","KITCHENER/WATERLOO","6144239","2025-06-01 10:00","2025","06","01","10:00","","13.5","","2.5","","47","","0.0","","29","","35","","16.1","","96.94","","","","","","NA"
"-80.38","43.46","KITCHENER/WATERLOO","6144239","2025-06-01 11:00","2025","06","01","11:00","","14.4","","1.5","","41","","0.0","","29","","35","","16.1","","96.97","","","","","","NA"
"-80.38","43.46","KITCHENER/WATERLOO","6144239","2025-06-01 12:00","2025","06","01","12:00","","13.9","","-0.9","","36","","0.0","","29","","30","","16.1","","97.01","","","","","","NA"
"-80.38","43.46","KITCHENER/WATERLOO","6144239","2025-06-01 13:00","2025","06","01","13:00","","14.9","","0.9","","38","","0.0","","29","","32","","16.1","","97.04","","","","","","NA"
"-80.38","43.46","KITCHENER/WATERLOO","6144239","2025-06-01 14:00","2025","06","01","14:00","","15.7","","3.9","","45","","0.0","","27","","30","","16.1","","97.04","","","","","","NA"
"-80.38","43.46","KITCHENER/WATERLOO","6144239","2025-06-01 15:00","2025","06","01","15:00","","15.2","","4.4","","48","","0.0","","30","","24","","16.1","","97.10","","","","","","NA"
"-80.38","43.46","KITCHENER/WATERLOO","6144239","2025-06-01 16:00","2025","06","01","16:00","","15.7","","4.8","","48","","0.0","","29","","32","","16.1","","97.16","","","","","","NA"
"-80.38","43.46","KITCHENER/WATERLOO","6144239","2025-06-01 17:00","2025","06","01","17:00","","14.2","","2.3","","44","","0.0","","29","","26","","16.1","","97.22","","","","","","NA"
"-80.38","43.46","KITCHENER/WATERLOO","6144239","2025-06-01 18:00","2025","06","01","18:00","","12.7","","-1.6","","37","","0.0","","30","","21","","16.1","","97.29","","","","","","NA"
"-80.38","43.46","KITCHENER/WATERLOO","6144239","2025-06-01 19:00","2025","06","01","19:00","","11.6","","-1.0","","42","","0.0","","30","","17","","16.1","","97.33","","","","","","NA"
"-80.38","43.46","KITCHENER/WATERLOO","6144239","2025-06-01 20:00","2025","06","01","20:00","","9.8","","-0.5","","49","","0.0","","31","","9","","16.1","","97.36","","","","","","NA"
"-80.38","43.46","KITCHENER/WATERLOO","6144239","2025-06-01 21:00","2025","06","01","21:00","","7.9","","0.1","","58","","0.0","","30","","8","","16.1","","97.42","","","","","","NA"
"-80.38","43.46","KITCHENER/WATERLOO","6144239","2025-06-01 22:00","2025","06","01","22:00","","6.3","","0.0","","64","","0.0","","29","","8","","16.1","","97.47","","","","","","NA"
"-80.38","43.46","KITCHENER/WATERLOO","6144239","2025-06-01 23:00","2025","06","01","23:00","","4.3","","0.8","","78","","0.0","","","","0","","16.1","","97.51","","","","","","NA"
"-80.38","43.46","KITCHENER/WATERLOO","6144239","2025-06-02 00:00","2025","06","02","00:00","","1.9","","0.7","","91","","0.0","","30","","4","","16.1","","97.54","","","","","","NA"
"-80.38","43.46","KITCHENER/WATERLOO","6144239","2025-06-02 01:00","2025","06","02","01:00","","2.9","","1.1","","88","","0.0","","","M","4","","16.1","","97.55","","","","","","NA"
"-80.38","43.46","KITCHENER/WATERLOO","6144239","2025-06-02 02:00","2025","06","02","02:00","","2.4","","1.0","","90","","0.0","","","","0","","16.1","","97.56","","","","","","NA"
"-80.38","43.46","KITCHENER/WATERLOO","6144239","2025-06-02 03:00","2025","06","02","03:00","","2.3","","0.3","","87","","0.0","","","","0","","16.1","","97.59","","","","","","NA"
"-80.38","43.46","KITCHENER/WATERLOO","6144239","2025-06-02 04:00","2025","06","02","04:00","","1.5","","0.9","","96","","0.0","","","","0","","16.1","","97.61","","","","","","NA"
"-80.38","43.46","KITCHENER/WATERLOO","6144239","2025-06-02 05:00","2025","06","02","05:00","","0.9","","0.5","","97","","0.0","","","","0","","16.1","","97.66","","","","","","NA"
"-80.38","43.46","KITCHENER/WATERLOO","6144239","2025-06-02 06:00","2025","06","02","06:00","","2.3","","1.3","","93","","0.0","","","","0","","16.1","","97.72","","","","","","NA"
"-80.38","43.46","KITCHENER/WATERLOO","6144239","2025-06-02 07:00","2025","06","02","07:00","","7.8","","3.3","","73","","0.0","","30","","4","","16.1","","97.80","","","","","","NA"
"-80.38","43.46","KITCHENER/WATERLOO","6144239","2025-06-02 08:00","2025","06","02","08:00","","12.6","","4.1","","56","","0.0","","24","","5","","16.1","","97.81","","","","","","NA"
"-80.38","43.46","KITCHENER/WATERLOO","6144239","2025-06-02 09:00","2025","06","02","09:00","","16.7","","3.0","","40","","0.0","","28","","18","","16.1","","97.79","","","","","","NA"
"-80.38","43.46","KITCHENER/WATERLOO","6144239","2025-06-02 10:00","2025","06","02","10:00","","17.7","","2.0","","35","","0.0","","24","","18","","16.1","","97.77","","","","","","NA"
"-80.38","43.46","KITCHENER/WATERLOO","6144239","2025-06-02 11:00","2025","06","02","11:00","","18.3","","0.5","","30","","0.0","","28","","8","","16.1","","97.76","","","","","","NA"
"-80.38","43.46","KITCHENER/WATERLOO","6144239","2025-06-02 12:00","2025","06","02","12:00","","20.1","","1.6","","29","","0.0","","23","","17","","16.1","","97.74","","","","","","NA"
"-80.38","43.46","KITCHENER/WATERLOO","6144239","2025-06-02 13:00","2025","06","02","13:00","","21.0","","2.4","","29","","0.0","","25","","13","","16.1","","97.69","","","","","","NA"
"-80.38","43.46","KITCHENER/WATERLOO","6144239","2025-06-02 14:00","2025","06","02","14:00","","22.1","","3.8","","30","","0.0","","28","","17","","16.1","","97.65","","","","","","NA"
"-80.38","43.46","KITCHENER/WATERLOO","6144239","2025-06-02 15:00","2025","06","02","15:00","","22.6","","2.8","","27","","0.0","","28","","26","","16.1","","97.61","","","","","","NA"
"-80.38","43.46","KITCHENER/WATERLOO","6144239","2025-06-02 16:00","2025","06","02","16:00","","22.4","","2.7","","27","","0.0","","29","","28","","16.1","","97.62","","","","","","NA"
"-80.38","43.46","KITCHENER/WATERLOO","6144239","2025-06-02 17:00","2025","06","02","17:00","","21.4","","3.4","","30","","0.0","","28","","32","","16.1","","97.64","","","","","","NA"
"-80.38","43.46","KITCHENER/WATERLOO","6144239","2025-06-02 18:00","2025","06","02","18:00","","20.4","","5.0","","36","","0.0","","28","","21","","16.1","","97.65","","","","","","NA"
"-80.38","43.46","KITCHENER/WATERLOO","6144239","2025-06-02 19:00","2025","06","02","19:00","","20.0","","6.3","","41","","0.0","","26","","13","","16.1","","97.65","","","","","","NA"
"-80.38","43.46","KITCHENER/WATERLOO","6144239","2025-06-02 20:00","2025","06","02","20:00","","17.4","","6.4","","48","","0.0","","25","","5","","16.1","","97.66","","","","","","NA"
"-80.38","43.46","KITCHENER/WATERLOO","6144239","2025-06-02 21:00","2025","06","02","21:00","","15.9","","6.5","","53","","0.0","","19","","8","","16.1","","97.73","","","","","","NA"
"-80.38","43.46","KITCHENER/WATERLOO","6144239","2025-06-02 22:00","2025","06","02","22:00","","12.6","","5.9","","64","","0.0","","18","","5","","16.1","","97.75","","","","","","NA"
"-80.38","43.46","KITCHENER/WATERLOO","6144239","2025-06-02 23:00","2025","06","02","23:00","","14.0","","4.4","","52","","0.0","","","M","4","","16.1","","97.77","","","","","","NA"
"-80.38","43.46","KITCHENER/WATERLOO","6144239","2025-06-03 00:00","2025","06","03","00:00","","14.1","","4.3","","51","","0.0","","","","0","","16.1","","97.81","","","","","","NA"
"-80.38","43.46","KITCHENER/WATERLOO","6144239","2025-06-03 01:00","2025","06","03","01:00","","11.3","","4.7","","64","","0.0","","14","","4","","16.1","","97.82","","","","","","NA"
"-80.38","43.46","KITCHENER/WATERLOO","6144239","2025-06-03 02:00","2025","06","03","02:00","","10.2","","5.6","","73","","0.0","","15","","4","","16.1","","97.77","","","","","","NA"
"-80.38","43.46","KITCHENER/WATERLOO","6144239","2025-06-03 03:00","2025","06","03","03:00","","9.2","","6.5","","83","","0.0","","4","","5","","16.1","","97.77","","","","","","NA"
"-80.38","43.46","KITCHENER/WATERLOO","6144239","2025-06-03 04:00","2025","06","03","04:00","","7.9","","5.1","","83","","0.0","","9","","5","","16.1","","97.79","","","","","","NA"
"-80.38","43.46","KITCHENER/WATERLOO","6144239","2025-06-03 05:00","2025","06","03","05:00","","8.9","","5.3","","78","","0.0","","","","0","","16.1","","97.87","","","","","","NA"
"-80.38","43.46","KITCHENER/WATERLOO","6144239","2025-06-03 06:00","2025","06","03","06:00","","10.5","","6.8","","78","","0.0","","","","0","","16.1","","97.95","","","","","","NA"
"-80.38","43.46","KITCHENER/WATERLOO","6144239","2025-06-03 07:00","2025","06","03","07:00","","14.4","","7.2","","62","","0.0","","18","","9","","16.1","","97.95","","","","","","NA"
"-80.38","43.46","KITCHENER/WATERLOO","6144239","2025-06-03 08:00","2025","06","03","08:00","","17.5","","8.6","","56","","0.0","","19","","15","","16.1","","97.98","","","","","","NA"
"-80.38","43.46","KITCHENER/WATERLOO","6144239","2025-06-03 09:00","2025","06","03","09:00","","19.7","","9.8","","53","","0.0","","20","","11","","16.1","","97.99","","","","","","NA"
"-80.38","43.46","KITCHENER/WATERLOO","6144239","2025-06-03 10:00","2025","06","03","10:00","","22.6","","11.4","","49","","0.0","","21","","15","","16.1","","97.96","","25","","","","NA"
"-80.38","43.46","KITCHENER/WATERLOO","6144239","2025-06-03 11:00","2025","06","03","11:00","","24.5","","11.8","","44","","0.0","","21","","15","","16.1","","97.93","","27","","","","NA"
"-80.38","43.46","KITCHENER/WATERLOO","6144239","2025-06-03 12:00","2025","06","03","12:00","","25.8","","10.6","","38","","0.0","","20","","34","","16.1","","97.89","","27","","","","NA"
"-80.38","43.46","KITCHENER/WATERLOO","6144239","2025-06-03 13:00","2025","06","03","13:00","","26.3","","11.8","","40","","0.0","","21","","22","","16.1","","97.86","","28","","","","NA"
"-80.38","43.46","KITCHENER/WATERLOO","6144239","2025-06-03 14:00","2025","06","03","14:00","","26.6","","9.8","","34","","0.0","","21","","32","","16.1","","97.83","","28","","","","NA"
"-80.38","43.46","KITCHENER/WATERLOO","6144239","2025-06-03 15:00","2025","06","03","15:00","","26.5","","9.6","","34","","0.0","","20","","32","","16.1","","97.80","","28","","","","NA"
"-80.38","43.46","KITCHENER/WATERLOO","6144239","2025-06-03 16:00","2025","06","03","16:00","","26.4","","8.2","","31","","0.0","","19","","34","","16.1","","97.80","","27","","","","NA"
"-80.38","43.46","KITCHENER/WATERLOO","6144239","2025-06-03 17:00","2025","06","03","17:00","","25.9","","8.6","","33","","0.0","","20","","24","","16.1","","97.79","","27","","","","NA"
"-80.38","43.46","KITCHENER/WATERLOO","6144239","2025-06-03 18:00","2025","06","03","18:00","","25.1","","9.3","","36","","0.0","","20","","21","","16.1","","97.78","","26","","","","NA"
"-80.38","43.46","KITCHENER/WATERLOO","6144239","2025-06-03 19:00","2025","06","03","19:00","","23.8","","9.8","","41","","0.0","","19","","18","","16.1","","97.79","","25","","","","NA"
"-80.38","43.46","KITCHENER/WATERLOO","6144239","2025-06-03 20:00","2025","06","03","20:00","","21.1","","10.1","","49","","0.0","","17","","9","","16.1","","97.76","","","","","","NA"
"-80.38","43.46","KITCHENER/WATERLOO","6144239","2025-06-03 21:00","2025","06","03","21:00","","17.8","","10.2","","61","","0.0","","16","","9","","16.1","","97.76","","","","","","NA"
"-80.38","43.46","KITCHENER/WATERLOO","6144239","2025-06-03 22:00","2025","06","03","22:00","","20.2","","10.2","","52","","0.0","","18","","15","","16.1","","97.75","","","","","","NA"
"-80.38","43.46","KITCHENER/WATERLOO","6144239","2025-06-03 23:00","2025","06","03","23:00","","20.0","","10.7","","55","","0.0","","18","","17","","16.1","","97.75","","","","","","NA"
"-80.38","43.46","KITCHENER/WATERLOO","6144239","2025-06-04 00:00","2025","06","04","00:00","","18.5","","10.7","","60","","0.0","","19","","15","","16.1","","97.76","","","","","","NA"
"-80.38","43.46","KITCHENER/WATERLOO","6144239","2025-06-04 01:00","2025","06","04","01:00","","18.6","","10.6","","59","","0.0","","19","","13","","16.1","","97.77","","","","","","NA"
"-80.38","43.46","KITCHENER/WATERLOO","6144239","2025-06-04 02:00","2025","06","04","02:00","","18.5","","10.7","","60","","0.0","","19","","15","","16.1","","97.73","","","","","","NA"
"-80.38","43.46","KITCHENER/WATERLOO","6144239","2025-06-04 03:00","2025","06","04","03:00","","17.3","","10.7","","65","","0.0","","19","","9","","16.1","","97.75","","","","","","NA"
"-80.38","43.46","KITCHENER/WATERLOO","6144239","2025-06-04 04:00","2025","06","04","04:00","","17.4","","10.9","","65","","0.0","","20","","11","","16.1","","97.76","","","","","","NA"
"-80.38","43.46","KITCHENER/WATERLOO","6144239","2025-06-04 05:00","2025","06","04","05:00","","17.5","","11.2","","66","","0.0","","18","","11","","16.1","","97.78","","","","","","NA"
"-80.38","43.46","KITCHENER/WATERLOO","6144239","2025-06-04 06:00","2025","06","04","06:00","","17.9","","11.9","","68","","0.0","","19","","11","","16.1","","97.83","","","","","","NA"
"-80.38","43.46","KITCHENER/WATERLOO","6144239","2025-06-04 07:00","2025","06","04","07:00","","19.6","","13.0","","65","","0.0","","20","","17","","16.1","","97.84","","","","","","NA"
"-80.38","43.46","KITCHENER/WATERLOO","6144239","2025-06-04 08:00","2025","06","04","08:00","","22.2","","14.7","","62","","0.0","","20","","24","","16.1","","97.86","","26","","","","NA"
"-80.38","43.46","KITCHENER/WATERLOO","6144239","2025-06-04 09:00","2025","06","04","09:00","","25.4","","16.7","","58","","0.0","","22","","22","","16.1","","97.84","","30","","","","NA"
"-80.38","43.46","KITCHENER/WATERLOO","6144239","2025-06-04 10:00","2025","06","04","10:00","","27.0","","17.6","","56","","0.0","","22","","21","","16.1","","97.82","","33","","","","NA"
"-80.38","43.46","KITCHENER/WATERLOO","6144239","2025-06-04 11:00","2025","06","04","11:00","","27.7","","16.9","","51","","0.0","","21","","35","","16.1","","97.82","","33","","","","NA"
"-80.38","43.46","KITCHENER/WATERLOO","6144239","2025-06-04 12:00","2025","06","04","12:00","","28.5","","15.7","","45","","0.0","","23","","28","","16.1","","97.76","","33","","","","NA"
"-80.38","43.46","KITCHENER/WATERLOO","6144239","2025-06-04 13:00","2025","06","04","13:00","","28.4","","17.3","","50","","0.0","","20","","26","","16.1","","97.76","","34","","","","NA"
"-80.38","43.46","KITCHENER/WATERLOO","6144239","2025-06-04 14:00","2025","06","04","14:00","","28.4","","17.4","","51","","0.0","","21","","30","","16.1","","97.71","","34","","","","NA"
"-80.38","43.46","KITCHENER/WATERLOO","6144239","2025-06-04 15:00","2025","06","04","15:00","","28.8","","17.7","","51","","0.0","","19","","37","","16.1","","97.67","","35","","","","NA"
"-80.38","43.46","KITCHENER/WATERLOO","6144239","2025-06-04 16:00","2025","06","04","16:00","","27.5","","17.0","","52","","0.0","","21","","35","","16.1","","97.66","","33","","","","NA"
"-80.38","43.46","KITCHENER/WATERLOO","6144239","2025-06-04 17:00","2025","06","04","17:00","","21.2","","18.0","","82","","0.0","","31","","21","","16.1","","97.84","","27","","","","NA"
"-80.38","43.46","KITCHENER/WATERLOO","6144239","2025-06-04 18:00","2025","06","04","18:00","","20.4","","17.6","","84","","0.0","","29","","11","","16.1","","97.86","","26","","","","NA"
"-80.38","43.46","KITCHENER/WATERLOO","6144239","2025-06-04 19:00","2025","06","04","19:00","","19.5","","18.4","","93","","0.8","","","M","4","","16.1","","97.87","","","","","","NA"
"-80.38","43.46","KITCHENER/WATERLOO","6144239","2025-06-04 20:00","2025","06","04","20:00","","18.8","","18.4","","98","","0.0","","","M","4","","16.1","","97.89","","","","","","NA"
"-80.38","43.46","KITCHENER/WATERLOO","6144239","2025-06-04 21:00","2025","06","04","21:00","","18.4","","18.1","","98","","0.0","","31","","5","","16.1","","97.92","","","","","","NA"
"-80.38","43.46","KITCHENER/WATERLOO","6144239","2025-06-04 22:00","2025","06","04","22:00","","18.8","","18.0","","95","","2.0","","22","","11","","16.1","","98.01","","","","","","Thunderstorms,Rain"
"-80.38","43.46","KITCHENER/WATERLOO","6144239","2025-06-04 23:00","2025","06","04","23:00","","18.4","","17.8","","96","","0.0","","30","","4","","16.1","","97.94","","","","","","NA"
"-80.38","43.46","KITCHENER/WATERLOO","6144239","2025-06-05 00:00","2025","06","05","00:00","","18.4","","17.9","","97","","3.0","","34","","11","","4.8","","97.90","","","","","","Rain,Fog"
"-80.38","43.46","KITCHENER/WATERLOO","6144239","2025-06-05 01:00","2025","06","05","01:00","","18.1","","17.6","","97","","0.5","","32","","8","","9.7","","97.91","","","","","","Rain,Fog"
"-80.38","43.46","KITCHENER/WATERLOO","6144239","2025-06-05 02:00","2025","06","05","02:00","","16.4","","15.9","","97","","6.8","","32","","13","","4.8","","98.03","","","","","","Moderate Rain,Fog"
"-80.38","43.46","KITCHENER/WATERLOO","6144239","2025-06-05 03:00","2025","06","05","03:00","","15.2","","14.7","","97","","3.8","","34","","18","","14.5","","97.94","","","","","","Rain"
"-80.38","43.46","KITCHENER/WATERLOO","6144239","2025-06-05 04:00","2025","06","05","04:00","","14.3","","12.7","","90","","0.2","","35","","13","","16.1","","97.99","","","","","","Rain"
"-80.38","43.46","KITCHENER/WATERLOO","6144239","2025-06-05 05:00","2025","06","05","05:00","","13.8","","13.2","","96","","0.5","","","M","4","","12.9","","98.01","","","","","","Rain"
"-80.38","43.46","KITCHENER/WATERLOO","6144239","2025-06-05 06:00","2025","06","05","06:00","","14.1","","13.5","","96","","0.0","","12","","5","","14.5","","98.05","","","","","","NA"
"-80.38","43.46","KITCHENER/WATERLOO","6144239","2025-06-05 07:00","2025","06","05","07:00","","14.3","","13.8","","97","","4.8","","13","","5","","4.8","","98.11","","","","","","Rain,Fog"
"-80.38","43.46","KITCHENER/WATERLOO","6144239","2025-06-05 08:00","2025","06","05","08:00","","14.8","","13.9","","94","","0.2","","33","","5","","16.1","","98.14","","","","","","Rain"
"-80.38","43.46","KITCHENER/WATERLOO","6144239","2025-06-05 09:00","2025","06","05","09:00","","15.9","","14.6","","92","","0.0","","33","","9","","16.1","","98.17","","","","","","NA"
"-80.38","43.46","KITCHENER/WATERLOO","6144239","2025-06-05 10:00","2025","06","05","10:00","","16.4","","14.9","","91","","0.0","","36","","11","","16.1","","98.13","","","","","","NA"
"-80.38","43.46","KITCHENER/WATERLOO","6144239","2025-06-05 11:00","2025","06","05","11:00","","17.8","","15.7","","87","","0.0","","1","","11","","16.1","","98.13","","","","","","NA"
"-80.38","43.46","KITCHENER/WATERLOO","6144239","2025-06-05 12:00","2025","06","05","12:00","","17.9","","15.5","","86","","0.0","","6","","11","","16.1","","98.09","","","","","","Rain"
"-80.38","43.46","KITCHENER/WATERLOO","6144239","2025-06-05 13:00","2025","06","05","13:00","","18.3","","16.2","","87","","0.5","","2","","5","","16.1","","98.10","","","","","","NA"
"-80.38","43.46","KITCHENER/WATERLOO","6144239","2025-06-05 14:00","2025","06","05","14:00","","18.0","","14.1","","78","","0.5","","4","","11","","8.1","","98.09","","","","","","Haze"
"-80.38","43.46","KITCHENER/WATERLOO","6144239","2025-06-05 15:00","2025","06","05","15:00","","19.3","","15.1","","77","","0.0","","7","","11","","6.4","","98.03","","","","","","Haze"
"-80.38","43.46","KITCHENER/WATERLOO","6144239","2025-06-05 16:00","2025","06","05","16:00","","19.8","","14.9","","73","","0.0","","4","","13","","6.4","","97.97","","","","","","Haze"
"-80.38","43.46","KITCHENER/WATERLOO","6144239","2025-06-05 17:00","2025","06","05","17:00","","19.6","","13.6","","68","","0.0","","7","","9","","6.4","","97.95","","","","","","Haze"
"-80.38","43.46","KITCHENER/WATERLOO","6144239","2025-06-05 18:00","2025","06","05","18:00","","19.5","","13.7","","69","","0.0","","","","0","","6.4","","97.93","","","","","","Haze"
"-80.38","43.46","KITCHENER/WATERLOO","6144239","2025-06-05 19:00","2025","06","05","19:00","","18.6","","15.4","","82","","0.0","","","","0","","4.8","","97.98","","","","","","Haze"
"-80.38","43.46","KITCHENER/WATERLOO","6144239","2025-06-05 20:00","2025","06","05","20:00","","17.8","","15.6","","87","","0.0","","33","","4","","4.8","","97.97","","","","","","Haze"
"-80.38","43.46","KITCHENER/WATERLOO","6144239","2025-06-05 21:00","2025","06","05","21:00","","15.4","","13.5","","88","","0.0","","6","","5","","4.8","","97.97","","","","","","Fog"
"-80.38","43.46","KITCHENER/WATERLOO","6144239","2025-06-05 22:00","2025","06","05","22:00","","14.0","","12.6","","91","","0.0","","6","","4","","4.8","","97.96","","","","","","Fog"
"-80.38","43.46","KITCHENER/WATERLOO","6144239","2025-06-05 23:00","2025","06","05","23:00","","14.5","","12.7","","89","","0.0","","4","","5","","4.8","","97.97","","","","","","Fog"
"-80.38","43.46","KITCHENER/WATERLOO","6144239","2025-06-06 00:00","2025","06","06","00:00","","14.8","","13.6","","92","","0.0","","6","","8","","4.8","","97.91","","","","","","Fog"
"-80.38","43.46","KITCHENER/WATERLOO","6144239","2025-06-06 01:00","2025","06","06","01:00","","15.3","","13.1","","87","","0.0","","35","","9","","6.4","","97.91","","","","","","Fog"
"-80.38","43.46","KITCHENER/WATERLOO","6144239","2025-06-06 02:00","2025","06","06","02:00","","14.5","","10.3","","76","","0.0","","36","","9","","12.9","","97.87","","","","","","NA"
"-80.38","43.46","KITCHENER/WATERLOO","6144239","2025-06-06 03:00","2025","06","06","03:00","","14.0","","9.7","","75","","0.0","","","M","4","","14.5","","97.86","","","","","","NA"
"-80.38","43.46","KITCHENER/WATERLOO","6144239","2025-06-06 04:00","2025","06","06","04:00","","13.5","","7.2","","65","","0.0","","36","","8","","16.1","","97.81","","","","","","NA"
"-80.38","43.46","KITCHENER/WATERLOO","6144239","2025-06-06 05:00","2025","06","06","05:00","","13.1","","5.5","","60","","0.0","","2","","8","","16.1","","97.82","","","","","","NA"
"-80.38","43.46","KITCHENER/WATERLOO","6144239","2025-06-06 06:00","2025","06","06","06:00","","13.5","","6.3","","61","","0.0","","1","","11","","16.1","","97.87","","","","","","NA"
"-80.38","43.46","KITCHENER/WATERLOO","6144239","2025-06-06 07:00","2025","06","06","07:00","","14.8","","7.4","","61","","0.0","","3","","8","","16.1","","97.86","","","","","","NA"
"-80.38","43.46","KITCHENER/WATERLOO","6144239","2025-06-06 08:00","2025","06","06","08:00","","17.3","","9.5","","60","","0.0","","4","","13","","16.1","","97.82","","","","","","NA"
"-80.38","43.46","KITCHENER/WATERLOO","6144239","2025-06-06 09:00","2025","06","06","09:00","","19.1","","10.2","","56","","0.0","","4","","13","","16.1","","97.80","","","","","","NA"
"-80.38","43.46","KITCHENER/WATERLOO","6144239","2025-06-06 10:00","2025","06","06","10:00","","20.9","","12.1","","57","","0.0","","5","","13","","12.9","","97.78","","","","","","NA"
"-80.38","43.46","KITCHENER/WATERLOO","6144239","2025-06-06 11:00","2025","06","06","11:00","","21.0","","11.8","","55","","0.0","","5","","17","","12.9","","97.76","","","","","","NA"
"-80.38","43.46","KITCHENER/WATERLOO","6144239","2025-06-06 12:00","2025","06","06","12:00","","22.3","","12.3","","53","","0.0","","5","","13","","8.1","","97.73","","25","","","","Haze"
"-80.38","43.46","KITCHENER/WATERLOO","6144239","2025-06-06 13:00","2025","06","06","13:00","","23.1","","13.6","","55","","0.0","","4","","9","","8.1","","97.65","","26","","","","Haze"
"-80.38","43.46","KITCHENER/WATERLOO","6144239","2025-06-06 14:00","2025","06","06","14:00","","23.5","","14.1","","55","","0.0","","5","","9","","8.1","","97.60","","27","","","","Haze"
"-80.38","43.46","KITCHENER/WATERLOO","6144239","2025-06-06 15:00","2025","06","06","15:00","","23.0","","14.1","","57","","0.0","","7","","8","","8.1","","97.55","","26","","","","Haze"
"-80.38","43.46","KITCHENER/WATERLOO","6144239","2025-06-06 16:00","2025","06","06","16:00","","22.3","","14.6","","61","","0.0","","9","","13","","6.4","","97.50","","26","","","","Haze"
"-80.38","43.46","KITCHENER/WATERLOO","6144239","2025-06-06 17:00","2025","06","06","17:00","","21.9","","13.4","","58","","0.0","","10","","11","","6.4","","97.47","","25","","","","Haze"
"-80.38","43.46","KITCHENER/WATERLOO","6144239","2025-06-06 18:00","2025","06","06","18:00","","21.0","","13.8","","63","","0.0","","11","","9","","6.4","","97.48","","","","","","Haze"
"-80.38","43.46","KITCHENER/WATERLOO","6144239","2025-06-06 19:00","2025","06","06","19:00","","19.4","","15.3","","77","","0.0","","11","","5","","6.4","","97.47","","","","","","Rain"
"-80.38","43.46","KITCHENER/WATERLOO","6144239","2025-06-06 20:00","2025","06","06","20:00","","17.8","","15.2","","85","","0.0","","","","0","","6.4","","97.46","","","","","","Haze"
"-80.38","43.46","KITCHENER/WATERLOO","6144239","2025-06-06 21:00","2025","06","06","21:00","","17.6","","13.2","","75","","0.0","","2","","9","","4.8","","97.53","","","","","","Haze"
"-80.38","43.46","KITCHENER/WATERLOO","6144239","2025-06-06 22:00","2025","06","06","22:00","","15.0","","12.1","","83","","0.0","","35","","5","","11.3","","97.55","","","","","","NA"
"-80.38","43.46","KITCHENER/WATERLOO","6144239","2025-06-06 23:00","2025","06","06","23:00","","15.1","","10.4","","73","","0.0","","31","","5","","16.1","","97.51","","","","","","NA"
"-80.38","43.46","KITCHENER/WATERLOO","6144239","2025-06-07 00:00","2025","06","07","00:00","","14.6","","9.7","","72","","0.0","","33","","8","","16.1","","97.49","","","","","","NA"
"-80.38","43.46","KITCHENER/WATERLOO","6144239","2025-06-07 01:00","2025","06","07","01:00","","15.3","","8.5","","64","","0.0","","34","","9","","16.1","","97.47","","","","","","NA"
"-80.38","43.46","KITCHENER/WATERLOO","6144239","2025-06-07 02:00","2025","06","07","02:00","","14.4","","8.6","","68","","0.0","","33","","8","","16.1","","97.43","","","","","","NA"
"-80.38","43.46","KITCHENER/WATERLOO","6144239","2025-06-07 03:00","2025","06","07","03:00","","12.7","","8.6","","76","","0.0","","32","","5","","16.1","","97.41","","","","","","NA"
"-80.38","43.46","KITCHENER/WATERLOO","6144239","2025-06-07 04:00","2025","06","07","04:00","","13.1","","8.5","","73","","0.0","","34","","8","","16.1","","97.40","","","","","","NA"
"-80.38","43.46","KITCHENER/WATERLOO","6144239","2025-06-07 05:00","2025","06","07","05:00","","11.7","","8.7","","82","","0.0","","32","","5","","16.1","","97.46","","","","","","NA"
"-80.38","43.46","KITCHENER/WATERLOO","6144239","2025-06-07 06:00","2025","06","07","06:00","","15.2","","9.5","","68","","0.0","","3","","8","","16.1","","97.48","","","","","","NA"
"-80.38","43.46","KITCHENER/WATERLOO","6144239","2025-06-07 07:00","2025","06","07","07:00","","17.1","","10.0","","63","","0.0","","1","","13","","16.1","","97.51","","","","","","NA"
"-80.38","43.46","KITCHENER/WATERLOO","6144239","2025-06-07 08:00","2025","06","07","08:00","","19.4","","10.7","","57","","0.0","","4","","8","","16.1","","97.54","","","","","","NA"
"-80.38","43.46","KITCHENER/WATERLOO","6144239","2025-06-07 09:00","2025","06","07","09:00","","21.6","","8.9","","44","","0.0","","3","","13","","16.1","","97.53","","","","","","NA"
"-80.38","43.46","KITCHENER/WATERLOO","6144239","2025-06-07 10:00","2025","06","07","10:00","","22.8","","8.2","","39","","0.0","","3","","13","","16.1","","97.52","","","","","","NA"
"-80.38","43.46","KITCHENER/WATERLOO","6144239","2025-06-07 11:00","2025","06","07","11:00","","23.5","","7.8","","36","","0.0","","36","","11","","16.1","","97.52","","","","","","NA"
"-80.38","43.46","KITCHENER/WATERLOO","6144239","2025-06-07 12:00","2025","06","07","12:00","","23.9","","6.7","","33","","0.0","","7","","13","","16.1","","97.49","","","","","","NA"
"-80.38","43.46","KITCHENER/WATERLOO","6144239","2025-06-07 13:00","2025","06","07","13:00","","24.4","","9.7","","39","","0.0","","","M","4","","16.1","","97.45","","26","","","","NA"
"-80.38","43.46","KITCHENER/WATERLOO","6144239","2025-06-07 14:00","2025","06","07","14:00","","24.1","","10.3","","41","","0.0","","34","","9","","16.1","","97.42","","26","","","","NA"
"-80.38","43.46","KITCHENER/WATERLOO","6144239","2025-06-07 15:00","2025","06","07","15:00","","24.7","","9.3","","37","","0.0","","34","","15","","16.1","","97.41","","26","","","","NA"
"-80.38","43.46","KITCHENER/WATERLOO","6144239","2025-06-07 16:00","2025","06","07","16:00","","24.8","","10.9","","41","","0.0","","32","","13","","16.1","","97.37","","27","","","","NA"
"-80.38","43.46","KITCHENER/WATERLOO","6144239","2025-06-07 17:00","2025","06","07","17:00","","24.0","","8.7","","37","","0.0","","35","","13","","16.1","","97.36","","25","","","","NA"
"-80.38","43.46","KITCHENER/WATERLOO","6144239","2025-06-07 18:00","2025","06","07","18:00","","23.4","","9.0","","39","","0.0","","36","","9","","16.1","","97.37","","","","","","NA"
"-80.38","43.46","KITCHENER/WATERLOO","6144239","2025-06-07 19:00","2025","06","07","19:00","","21.3","","7.6","","41","","0.0","","1","","15","","16.1","","97.36","","","","","","NA"
"-80.38","43.46","KITCHENER/WATERLOO","6144239","2025-06-07 20:00","2025","06","07","20:00","","18.9","","8.7","","51","","0.0","","1","","13","","16.1","","97.40","","","","","","NA"
"-80.38","43.46","KITCHENER/WATERLOO","6144239","2025-06-07 21:00","2025","06","07","21:00","","16.8","","7.9","","55","","0.0","","1","","8","","16.1","","97.45","","","","","","NA"
"-80.38","43.46","KITCHENER/WATERLOO","6144239","2025-06-07 22:00","2025","06","07","22:00","","15.2","","7.0","","58","","0.0","","1","","5","","16.1","","97.49","","","","","","NA"
"-80.38","43.46","KITCHENER/WATERLOO","6144239","2025-06-07 23:00","2025","06","07","23:00","","14.1","","6.7","","61","","0.0","","2","","5","","16.1","","97.47","","","","","","NA"
"-80.38","43.46","KITCHENER/WATERLOO","6144239","2025-06-08 00:00","2025","06","08","00:00","","13.4","","5.9","","60","","0.0","","2","","8","","16.1","","97.45","","","","","","NA"
"-80.38","43.46","KITCHENER/WATERLOO","6144239","2025-06-08 01:00","2025","06","08","01:00","","12.3","","6.1","","66","","0.0","","7","","8","","16.1","","97.40","","","","","","NA"
"-80.38","43.46","KITCHENER/WATERLOO","6144239","2025-06-08 02:00","2025","06","08","02:00","","12.5","","5.7","","63","","0.0","","5","","9","","16.1","","97.36","","","","","","NA"
"-80.38","43.46","KITCHENER/WATERLOO","6144239","2025-06-08 03:00","2025","06","08","03:00","","12.7","","6.1","","64","","0.0","","5","","9","","16.1","","97.30","","","","","","NA"
"-80.38","43.46","KITCHENER/WATERLOO","6144239","2025-06-08 04:00","2025","06","08","04:00","","12.7","","6.9","","68","","0.0","","5","","9","","16.1","","97.25","","","","","","NA"
"-80.38","43.46","KITCHENER/WATERLOO","6144239","2025-06-08 05:00","2025","06","08","05:00","","12.5","","7.5","","71","","0.0","","","","0","","16.1","","97.24","","","","","","NA"
"-80.38","43.46","KITCHENER/WATERLOO","6144239","2025-06-08 06:00","2025","06","08","06:00","","13.5","","8.5","","72","","0.0","","6","","8","","16.1","","97.25","","","","","","NA"
"-80.38","43.46","KITCHENER/WATERLOO","6144239","2025-06-08 07:00","2025","06","08","07:00","","14.7","","9.7","","72","","0.0","","7","","11","","16.1","","97.25","","","","","","NA"
"-80.38","43.46","KITCHENER/WATERLOO","6144239","2025-06-08 08:00","2025","06","08","08:00","","18.0","","9.7","","58","","0.0","","10","","21","","16.1","","97.24","","","","","","NA"
"-80.38","43.46","KITCHENER/WATERLOO","6144239","2025-06-08 09:00","2025","06","08","09:00","","18.3","","9.6","","56","","0.0","","10","","21","","16.1","","97.19","","","","","","NA"
"-80.38","43.46","KITCHENER/WATERLOO","6144239","2025-06-08 10:00","2025","06","08","10:00","","18.2","","10.2","","59","","0.0","","8","","21","","16.1","","97.17","","","","","","NA"
"-80.38","43.46","KITCHENER/WATERLOO","6144239","2025-06-08 11:00","2025","06","08","11:00","","19.3","","10.5","","56","","0.0","","7","","17","","16.1","","97.17","","","","","","NA"
"-80.38","43.46","KITCHENER/WATERLOO","6144239","2025-06-08 12:00","2025","06","08","12:00","","20.7","","11.0","","53","","0.0","","7","","21","","16.1","","97.12","","","","","","NA"
"-80.38","43.46","KITCHENER/WATERLOO","6144239","2025-06-08 13:00","2025","06","08","13:00","","22.0","","12.2","","53","","0.0","","8","","18","","16.1","","97.07","","","","","","NA"
"-80.38","43.46","KITCHENER/WATERLOO","6144239","2025-06-08 14:00","2025","06","08","14:00","","23.1","","11.4","","47","","0.0","","8","","21","","16.1","","97.01","","25","","","","NA"
"-80.38","43.46","KITCHENER/WATERLOO","6144239","2025-06-08 15:00","2025","06","08","15:00","","23.1","","11.6","","48","","0.0","","9","","18","","16.1","","96.97","","25","","","","NA"
"-80.38","43.46","KITCHENER/WATERLOO","6144239","2025-06-08 16:00","2025","06","08","16:00","","22.3","","11.8","","51","","0.0","","10","","24","","16.1","","96.91","","","","","","NA"
"-80.38","43.46","KITCHENER/WATERLOO","6144239","2025-06-08 17:00","2025","06","08","17:00","","21.8","","12.1","","54","","0.0","","8","","24","","16.1","","96.92","","","","","","NA"
"-80.38","43.46","KITCHENER/WATERLOO","6144239","2025-06-08 18:00","2025","06","08","18:00","","20.0","","13.2","","65","","0.0","","9","","13","","16.1","","96.99","","","","","","NA"
"-80.38","43.46","KITCHENER/WATERLOO","6144239","2025-06-08 19:00","2025","06","08","19:00","","19.1","","12.7","","66","","0.0","","12","","22","","16.1","","96.96","","","","","","NA"
"-80.38","43.46","KITCHENER/WATERLOO","6144239","2025-06-08 20:00","2025","06","08","20:00","","16.4","","12.7","","78","","0.0","","10","","9","","16.1","","96.99","","","","","","NA"
"-80.38","43.46","KITCHENER/WATERLOO","6144239","2025-06-08 21:00","2025","06","08","21:00","","13.0","","11.9","","93","","0.0","","32","","5","","14.5","","97.03","","","","","","NA"
"-80.38","43.46","KITCHENER/WATERLOO","6144239","2025-06-08 22:00","2025","06","08","22:00","","13.5","","12.7","","95","","0.0","","10","","11","","12.9","","96.97","","","","","","NA"
"-80.38","43.46","KITCHENER/WATERLOO","6144239","2025-06-08 23:00","2025","06","08","23:00","","14.2","","12.6","","90","","0.0","","12","","8","","12.9","","96.95","","","","","","NA"
"-80.38","43.46","KITCHENER/WATERLOO","6144239","2025-06-09 00:00","2025","06","09","00:00","","13.7","","12.3","","91","","0.0","","10","","9","","12.9","","96.86","","","","","","NA"
"-80.38","43.46","KITCHENER/WATERLOO","6144239","2025-06-09 01:00","2025","06","09","01:00","","13.6","","13.0","","96","","0.0","","14","","9","","8.1","","96.81","","","","","","Fog"
"-80.38","43.46","KITCHENER/WATERLOO","6144239","2025-06-09 02:00","2025","06","09","02:00","","12.8","","12.3","","97","","0.0","","13","","4","","4.8","","96.83","","","","","","Fog"
"-80.38","43.46","KITCHENER/WATERLOO","6144239","2025-06-09 03:00","2025","06","09","03:00","","14.1","","13.3","","95","","0.0","","13","","11","","6.4","","96.82","","","","","","Fog"
"-80.38","43.46","KITCHENER/WATERLOO","6144239","2025-06-09 04:00","2025","06","09","04:00","","14.0","","13.2","","95","","0.0","","13","","5","","8.1","","96.80","","","","","","Fog"
"-80.38","43.46","KITCHENER/WATERLOO","6144239","2025-06-09 05:00","2025","06","09","05:00","","14.9","","14.0","","94","","0.0","","15","","5","","9.7","","96.83","","","","","","Fog"
"-80.38","43.46","KITCHENER/WATERLOO","6144239","2025-06-09 06:00","2025","06","09","06:00","","15.9","","14.6","","92","","0.0","","17","","13","","16.1","","96.81","","","","","","NA"
"-80.38","43.46","KITCHENER/WATERLOO","6144239","2025-06-09 07:00","2025","06","09","07:00","","16.5","","15.2","","92","","0.0","","16","","13","","16.1","","96.82","","","","","","NA"
"-80.38","43.46","KITCHENER/WATERLOO","6144239","2025-06-09 08:00","2025","06","09","08:00","","16.9","","15.6","","92","","0.0","","19","","13","","16.1","","96.87","","","","","","NA"
"-80.38","43.46","KITCHENER/WATERLOO","6144239","2025-06-09 09:00","2025","06","09","09:00","","17.6","","16.2","","91","","0.0","","21","","15","","12.9","","96.91","","","","","","NA"
"-80.38","43.46","KITCHENER/WATERLOO","6144239","2025-06-09 10:00","2025","06","09","10:00","","19.3","","16.2","","82","","0.0","","23","","13","","14.5","","96.89","","","","","","NA"
"-80.38","43.46","KITCHENER/WATERLOO","6144239","2025-06-09 11:00","2025","06","09","11:00","","19.0","","15.9","","82","","0.0","","18","","21","","14.5","","96.92","","","","","","NA"
"-80.38","43.46","KITCHENER/WATERLOO","6144239","2025-06-09 12:00","2025","06","09","12:00","","19.4","","16.1","","81","","0.0","","20","","21","","12.9","","96.91","","","","","","NA"
"-80.38","43.46","KITCHENER/WATERLOO","6144239","2025-06-09 13:00","2025","06","09","13:00","","20.9","","14.9","","68","","0.0","","22","","13","","14.5","","96.82","","25","","","","NA"
"-80.38","43.46","KITCHENER/WATERLOO","6144239","2025-06-09 14:00","2025","06","09","14:00","","20.3","","14.6","","69","","0.0","","18","","21","","16.1","","96.83","","","","","","NA"
"-80.38","43.46","KITCHENER/WATERLOO","6144239","2025-06-09 15:00","2025","06","09","15:00","","21.7","","13.5","","59","","0.0","","20","","21","","16.1","","96.81","","25","","","","NA"
"-80.38","43.46","KITCHENER/WATERLOO","6144239","2025-06-09 16:00","2025","06","09","16:00","","22.3","","13.8","","58","","0.0","","20","","22","","16.1","","96.72","","26","","","","NA"
"-80.38","43.46","KITCHENER/WATERLOO","6144239","2025-06-09 17:00","2025","06","09","17:00","","21.0","","13.8","","63","","0.0","","17","","24","","16.1","","96.69","","","","","","NA"
"-80.38","43.46","KITCHENER/WATERLOO","6144239","2025-06-09 18:00","2025","06","09","18:00","","20.3","","13.4","","64","","0.0","","20","","22","","16.1","","96.69","","","","","","NA"
"-80.38","43.46","KITCHENER/WATERLOO","6144239","2025-06-09 19:00","2025","06","09","19:00","","20.1","","13.6","","66","","0.0","","18","","22","","16.1","","96.69","","","","","","NA"
"-80.38","43.46","KITCHENER/WATERLOO","6144239","2025-06-09 20:00","2025","06","09","20:00","","18.5","","13.4","","72","","0.0","","19","","18","","16.1","","96.70","","","","","","NA"
"-80.38","43.46","KITCHENER/WATERLOO","6144239","2025-06-09 21:00","2025","06","09","21:00","","17.4","","13.4","","77","","0.0","","19","","17","","16.1","","96.75","","","","","","NA"
"-80.38","43.46","KITCHENER/WATERLOO","6144239","2025-06-09 22:00","2025","06","09","22:00","","16.6","","10.7","","68","","0.0","","28","","24","","16.1","","96.84","","","","","","NA"
"-80.38","43.46","KITCHENER/WATERLOO","6144239","2025-06-09 23:00","2025","06","09","23:00","","14.7","","12.2","","85","","0.0","","20","","5","","16.1","","96.83","","","","","","Rain"
"-80.38","43.46","KITCHENER/WATERLOO","6144239","2025-06-10 00:00","2025","06","10","00:00","","11.6","","11.1","","96","","0.0","","16","","8","","16.1","","96.83","","","","","","NA"
"-80.38","43.46","KITCHENER/WATERLOO","6144239","2025-06-10 01:00","2025","06","10","01:00","","13.5","","12.0","","91","","0.0","","20","","9","","16.1","","96.86","","","","","","NA"
"-80.38","43.46","KITCHENER/WATERLOO","6144239","2025-06-10 02:00","2025","06","10","02:00","","13.7","","11.4","","86","","0.0","","26","","13","","16.1","","96.87","","","","","","NA"
"-80.38","43.46","KITCHENER/WATERLOO","6144239","2025-06-10 03:00","2025","06","10","03:00","","12.6","","10.0","","84","","0.0","","26","","15","","16.1","","96.88","","","","","","NA"
"-80.38","43.46","KITCHENER/WATERLOO","6144239","2025-06-10 04:00","2025","06","10","04:00","","11.9","","9.7","","86","","0.0","","25","","17","","16.1","","96.91","","","","","","NA"
"-80.38","43.46","KITCHENER/WATERLOO","6144239","2025-06-10 05:00","2025","06","10","05:00","","11.6","","9.4","","86","","0.0","","23","","15","","16.1","","96.99","","","","","","NA"
"-80.38","43.46","KITCHENER/WATERLOO","6144239","2025-06-10 06:00","2025","06","10","06:00","","13.0","","9.4","","79","","0.0","","22","","21","","16.1","","97.06","","","","","","NA"
"-80.38","43.46","KITCHENER/WATERLOO","6144239","2025-06-10 07:00","2025","06","10","07:00","","14.6","","9.4","","71","","0.0","","22","","26","","16.1","","97.11","","","","","","NA"
"-80.38","43.46","KITCHENER/WATERLOO","6144239","2025-06-10 08:00","2025","06","10","08:00","","16.4","","10.0","","66","","0.0","","23","","30","","16.1","","97.13","","","","","","NA"
"-80.38","43.46","KITCHENER/WATERLOO","6144239","2025-06-10 09:00","2025","06","10","09:00","","17.3","","10.3","","63","","0.0","","23","","24","","16.1","","97.15","","","","","","NA"
"-80.38","43.46","KITCHENER/WATERLOO","6144239","2025-06-10 10:00","2025","06","10","10:00","","17.9","","10.1","","60","","0.0","","24","","24","","16.1","","97.17","","","","","","NA"
"-80.38","43.46","KITCHENER/WATERLOO","6144239","2025-06-10 11:00","2025","06","10","11:00","","18.6","","10.8","","60","","0.0","","24","","22","","16.1","","97.20","","","","","","NA"
"-80.38","43.46","KITCHENER/WATERLOO","6144239","2025-06-10 12:00","2025","06","10","12:00","","20.3","","10.5","","53","","0.0","","23","","26","","16.1","","97.22","","","","","","NA"
"-80.38","43.46","KITCHENER/WATERLOO","6144239","2025-06-10 13:00","2025","06","10","13:00","","19.6","","9.3","","51","","0.0","","23","","30","","16.1","","97.26","","","","","","NA"
"-80.38","43.46","KITCHENER/WATERLOO","6144239","2025-06-10 14:00","2025","06","10","14:00","","20.9","","10.3","","50","","0.0","","24","","26","","16.1","","97.29","","","","","","NA"
"-80.38","43.46","KITCHENER/WATERLOO","6144239","2025-06-10 15:00","2025","06","10","15:00","","21.5","","11.0","","51","","0.0","","25","","26","","16.1","","97.30","","","","","","NA"
"-80.38","43.46","KITCHENER/WATERLOO","6144239","2025-06-10 16:00","2025","06","10","16:00","","16.0","","13.2","","83","","1.5","","23","","26","","16.1","","97.37","","","","","","Rain"
"-80.38","43.46","KITCHENER/WATERLOO","6144239","2025-06-10 17:00","2025","06","10","17:00","","19.0","","13.4","","70","","0.0","","23","","17","","16.1","","97.38","","","","","","NA"
"-80.38","43.46","KITCHENER/WATERLOO","6144239","2025-06-10 18:00","2025","06","10","18:00","","17.8","","13.5","","75","","0.0","","21","","21","","16.1","","97.44","","","","","","NA"
"-80.38","43.46","KITCHENER/WATERLOO","6144239","2025-06-10 19:00","2025","06","10","19:00","","17.3","","13.7","","79","","0.0","","20","","13","","16.1","","97.48","","","","","","NA"
"-80.38","43.46","KITCHENER/WATERLOO","6144239","2025-06-10 20:00","2025","06","10","20:00","","16.6","","13.7","","83","","0.0","","22","","13","","16.1","","97.52","","","","","","NA"
"-80.38","43.46","KITCHENER/WATERLOO","6144239","2025-06-10 21:00","2025","06","10","21:00","","15.9","","13.6","","86","","0.0","","21","","9","","16.1","","97.59","","","","","","NA"
"-80.38","43.46","KITCHENER/WATERLOO","6144239","2025-06-10 22:00","2025","06","10","22:00","","14.5","","13.1","","91","","0.0","","23","","8","","16.1","","97.63","","","","","","NA"
"-80.38","43.46","KITCHENER/WATERLOO","6144239","2025-06-10 23:00","2025","06","10","23:00","","15.6","","13.4","","86","","0.0","","24","","9","","16.1","","97.64","","","","","","NA"
"-80.38","43.46","KITCHENER/WATERLOO","6144239","2025-06-11 00:00","2025","06","11","00:00","","15.7","","13.2","","85","","0.0","","24","","11","","16.1","","97.65","","","","","","NA"
"-80.38","43.46","KITCHENER/WATERLOO","6144239","2025-06-11 01:00","2025","06","11","01:00","","15.6","","11.4","","76","","0.0","","27","","13","","16.1","","97.69","","","","","","NA"
"-80.38","43.46","KITCHENER/WATERLOO","6144239","2025-06-11 02:00","2025","06","11","02:00","","14.6","","11.4","","81","","0.0","","27","","15","","16.1","","97.69","","","","","","NA"
"-80.38","43.46","KITCHENER/WATERLOO","6144239","2025-06-11 03:00","2025","06","11","03:00","","14.0","","11.4","","84","","0.0","","25","","17","","16.1","","97.73","","","","","","NA"
"-80.38","43.46","KITCHENER/WATERLOO","6144239","2025-06-11 04:00","2025","06","11","04:00","","14.0","","11.3","","84","","0.0","","25","","13","","16.1","","97.75","","","","","","NA"
"-80.38","43.46","KITCHENER/WATERLOO","6144239","2025-06-11 05:00","2025","06","11","05:00","","13.8","","11.5","","86","","0.0","","24","","11","","16.1","","97.81","","","","","","NA"
"-80.38","43.46","KITCHENER/WATERLOO","6144239","2025-06-11 06:00","2025","06","11","06:00","","14.6","","11.7","","82","","0.0","","24","","13","","16.1","","97.87","","","","","","NA"
"-80.38","43.46","KITCHENER/WATERLOO","6144239","2025-06-11 07:00","2025","06","11","07:00","","16.1","","12.1","","77","","0.0","","25","","18","","16.1","","97.88","","","","","","NA"
"-80.38","43.46","KITCHENER/WATERLOO","6144239","2025-06-11 08:00","2025","06","11","08:00","","17.6","","12.1","","70","","0.0","","25","","15","","16.1","","97.88","","","","","","NA"
"-80.38","43.46","KITCHENER/WATERLOO","6144239","2025-06-11 09:00","2025","06","11","09:00","","19.2","","12.5","","65","","0.0","","24","","26","","16.1","","97.86","","","","","","NA"
"-80.38","43.46","KITCHENER/WATERLOO","6144239","2025-06-11 10:00","2025","06","11","10:00","","20.7","","12.9","","61","","0.0","","23","","18","","16.1","","97.78","","","","","","NA"
"-80.38","43.46","KITCHENER/WATERLOO","6144239","2025-06-11 11:00","2025","06","11","11:00","","22.4","","13.9","","58","","0.0","","22","","18","","16.1","","97.80","","26","","","","NA"
"-80.38","43.46","KITCHENER/WATERLOO","6144239","2025-06-11 12:00","2025","06","11","12:00","","24.0","","12.9","","49","","0.0","","23","","21","","16.1","","97.77","","27","","","","NA"
"-80.38","43.46","KITCHENER/WATERLOO","6144239","2025-06-11 13:00","2025","06","11","13:00","","24.9","","13.7","","49","","0.0","","24","","24","","16.1","","97.69","","28","","","","NA"
"-80.38","43.46","KITCHENER/WATERLOO","6144239","2025-06-11 14:00","2025","06","11","14:00","","26.0","","13.3","","45","","0.0","","21","","32","","16.1","","97.63","","29","","","","NA"
"-80.38","43.46","KITCHENER/WATERLOO","6144239","2025-06-11 15:00","2025","06","11","15:00","","26.7","","15.1","","48","","0.0","","19","","30","","16.1","","97.55","","31","","","","NA"
"-80.38","43.46","KITCHENER/WATERLOO","6144239","2025-06-11 16:00","2025","06","11","16:00","","26.5","","13.9","","45","","0.0","","20","","32","","16.1","","97.53","","30","","","","NA"
"-80.38","43.46","KITCHENER/WATERLOO","6144239","2025-06-11 17:00","2025","06","11","17:00","","25.9","","14.6","","49","","0.0","","23","","30","","16.1","","97.52","","30","","","","NA"
"-80.38","43.46","KITCHENER/WATERLOO","6144239","2025-06-11 18:00","2025","06","11","18:00","","25.7","","14.2","","49","","0.0","","22","","28","","16.1","","97.51","","29","","","","NA"
"-80.38","43.46","KITCHENER/WATERLOO","6144239","2025-06-11 19:00","2025","06","11","19:00","","24.7","","14.1","","51","","0.0","","21","","21","","16.1","","97.49","","28","","","","NA"
"-80.38","43.46","KITCHENER/WATERLOO","6144239","2025-06-11 20:00","2025","06","11","20:00","","23.0","","14.2","","57","","0.0","","21","","11","","16.1","","97.52","","26","","","","NA"
"-80.38","43.46","KITCHENER/WATERLOO","6144239","2025-06-11 21:00","2025","06","11","21:00","","20.3","","14.3","","68","","0.0","","23","","8","","16.1","","97.62","","","","","","NA"
"-80.38","43.46","KITCHENER/WATERLOO","6144239","2025-06-11 22:00","2025","06","11","22:00","","21.9","","13.3","","58","","0.0","","30","","21","","16.1","","97.70","","25","","","","NA"
"-80.38","43.46","KITCHENER/WATERLOO","6144239","2025-06-11 23:00","2025","06","11","23:00","","19.4","","12.5","","64","","0.0","","32","","21","","16.1","","97.80","","","","","","NA"
"-80.38","43.46","KITCHENER/WATERLOO","6144239","2025-06-12 00:00","2025","06","12","00:00","","18.0","","11.8","","67","","0.0","","32","","18","","16.1","","97.89","","","","","","NA"
"-80.38","43.46","KITCHENER/WATERLOO","6144239","2025-06-12 01:00","2025","06","12","01:00","","16.1","","8.8","","62","","0.0","","31","","18","","16.1","","97.92","","","","","","NA"
"-80.38","43.46","KITCHENER/WATERLOO","6144239","2025-06-12 02:00","2025","06","12","02:00","","14.6","","8.4","","66","","0.0","","32","","13","","16.1","","97.95","","","","","","NA"
"-80.38","43.46","KITCHENER/WATERLOO","6144239","2025-06-12 03:00","2025","06","12","03:00","","13.5","","7.4","","66","","0.0","","31","","9","","16.1","","97.93","","","","","","NA"
"-80.38","43.46","KITCHENER/WATERLOO","6144239","2025-06-12 04:00","2025","06","12","04:00","","12.6","","7.3","","70","","0.0","","32","","13","","16.1","","98.00","","","","","","NA"
"-80.38","43.46","KITCHENER/WATERLOO","6144239","2025-06-12 05:00","2025","06","12","05:00","","12.9","","7.8","","71","","0.0","","32","","8","","16.1","","98.04","","","","","","NA"
"-80.38","43.46","KITCHENER/WATERLOO","6144239","2025-06-12 06:00","2025","06","12","06:00","","13.4","","8.9","","74","","0.0","","29","","11","","16.1","","98.15","","","","","","NA"
"-80.38","43.46","KITCHENER/WATERLOO","6144239","2025-06-12 07:00","2025","06","12","07:00","","13.9","","9.3","","73","","0.0","","29","","9","","16.1","","98.19","","","","","","NA"
"-80.38","43.46","KITCHENER/WATERLOO","6144239","2025-06-12 08:00","2025","06","12","08:00","","14.2","","9.9","","75","","0.0","","29","","8","","16.1","","98.23","","","","","","Rain"
"-80.38","43.46","KITCHENER/WATERLOO","6144239","2025-06-12 09:00","2025","06","12","09:00","","15.4","","10.3","","71","","0.0","","29","","9","","16.1","","98.25","","","","","","NA"
"-80.38","43.46","KITCHENER/WATERLOO","6144239","2025-06-12 10:00","2025","06","12","10:00","","18.4","","9.0","","54","","0.0","","30","","15","","16.1","","98.22","","","","","","NA"
"-80.38","43.46","KITCHENER/WATERLOO","6144239","2025-06-12 11:00","2025","06","12","11:00","","20.3","","9.6","","50","","0.0","","30","","18","","16.1","","98.24","","","","","","NA"
"-80.38","43.46","KITCHENER/WATERLOO","6144239","2025-06-12 12:00","2025","06","12","12:00","","21.1","","8.4","","44","","0.0","","32","","15","","16.1","","98.23","","","","","","NA"
"-80.38","43.46","KITCHENER/WATERLOO","6144239","2025-06-12 13:00","2025","06","12","13:00","","21.8","","9.3","","45","","0.0","","30","","24","","16.1","","98.22","","","","","","NA"
"-80.38","43.46","KITCHENER/WATERLOO","6144239","2025-06-12 14:00","2025","06","12","14:00","","22.2","","8.5","","41","","0.0","","29","","22","","16.1","","98.20","","","","","","NA"
"-80.38","43.46","KITCHENER/WATERLOO","6144239","2025-06-12 15:00","2025","06","12","15:00","","22.6","","8.8","","41","","0.0","","31","","18","","16.1","","98.18","","","","","","NA"
"-80.38","43.46","KITCHENER/WATERLOO","6144239","2025-06-12 16:00","2025","06","12","16:00","","21.7","","9.1","","44","","0.0","","33","","15","","16.1","","98.18","","","","","","NA"
"-80.38","43.46","KITCHENER/WATERLOO","6144239","2025-06-12 17:00","2025","06","12","17:00","","21.1","","8.2","","43","","0.0","","32","","17","","16.1","","98.17","","","","","","NA"
"-80.38","43.46","KITCHENER/WATERLOO","6144239","2025-06-12 18:00","2025","06","12","18:00","","19.8","","7.7","","45","","0.0","","33","","15","","16.1","","98.17","","","","","","NA"
"-80.38","43.46","KITCHENER/WATERLOO","6144239","2025-06-12 19:00","2025","06","12","19:00","","18.6","","6.6","","45","","0.0","","33","","11","","16.1","","98.17","","","","","","NA"
"-80.38","43.46","KITCHENER/WATERLOO","6144239","2025-06-12 20:00","2025","06","12","20:00","","17.3","","5.4","","45","","0.0","","34","","13","","16.1","","98.22","","","","","","NA"
"-80.38","43.46","KITCHENER/WATERLOO","6144239","2025-06-12 21:00","2025","06","12","21:00","","16.6","","5.3","","47","","0.0","","34","","8","","16.1","","98.28","","","","","","NA"
"-80.38","43.46","KITCHENER/WATERLOO","6144239","2025-06-12 22:00","2025","06","12","22:00","","14.8","","6.8","","59","","0.0","","","M","4","","16.1","","98.29","","","","","","NA"
"-80.38","43.46","KITCHENER/WATERLOO","6144239","2025-06-12 23:00","2025","06","12","23:00","","14.9","","7.6","","61","","0.0","","34","","5","","16.1","","98.29","","","","","","NA"
"-80.38","43.46","KITCHENER/WATERLOO","6144239","2025-06-13 00:00","2025","06","13","00:00","","14.2","","7.7","","65","","0.0","","33","","5","","16.1","","98.29","","","","","","NA"
"-80.38","43.46","KITCHENER/WATERLOO","6144239","2025-06-13 01:00","2025","06","13","01:00","","13.8","","7.5","","66","","0.0","","1","","8","","16.1","","98.26","","","","","","NA"
"-80.38","43.46","KITCHENER/WATERLOO","6144239","2025-06-13 02:00","2025","06","13","02:00","","13.1","","6.9","","66","","0.0","","6","","5","","16.1","","98.29","","","","","","NA"
"-80.38","43.46","KITCHENER/WATERLOO","6144239","2025-06-13 03:00","2025","06","13","03:00","","12.4","","7.1","","70","","0.0","","7","","11","","16.1","","98.28","","","","","","NA"
"-80.38","43.46","KITCHENER/WATERLOO","6144239","2025-06-13 04:00","2025","06","13","04:00","","12.0","","7.3","","73","","0.0","","6","","9","","16.1","","98.27","","","","","","NA"
"-80.38","43.46","KITCHENER/WATERLOO","6144239","2025-06-13 05:00","2025","06","13","05:00","","11.8","","7.7","","76","","0.0","","9","","9","","16.1","","98.30","","","","","","NA"
"-80.38","43.46","KITCHENER/WATERLOO","6144239","2025-06-13 06:00","2025","06","13","06:00","","12.9","","8.7","","75","","0.0","","9","","15","","16.1","","98.36","","","","","","NA"
"-80.38","43.46","KITCHENER/WATERLOO","6144239","2025-06-13 07:00","2025","06","13","07:00","","13.3","","8.2","","71","","0.0","","9","","18","","16.1","","98.40","","","","","","NA"
"-80.38","43.46","KITCHENER/WATERLOO","6144239","2025-06-13 08:00","2025","06","13","08:00","","14.6","","8.4","","66","","0.0","","8","","21","","16.1","","98.45","","","","","","NA"
"-80.38","43.46","KITCHENER/WATERLOO","6144239","2025-06-13 09:00","2025","06","13","09:00","","16.0","","8.7","","62","","0.0","","10","","22","","16.1","","98.39","","","","","","NA"
"-80.38","43.46","KITCHENER/WATERLOO","6144239","2025-06-13 10:00","2025","06","13","10:00","","16.8","","7.9","","56","","0.0","","10","","26","","16.1","","98.37","","","","","","NA"
"-80.38","43.46","KITCHENER/WATERLOO","6144239","2025-06-13 11:00","2025","06","13","11:00","","18.0","","8.2","","52","","0.0","","9","","24","","16.1","","98.36","","","","","","NA"
"-80.38","43.46","KITCHENER/WATERLOO","6144239","2025-06-13 12:00","2025","06","13","12:00","","18.6","","8.4","","51","","0.0","","9","","18","","16.1","","98.32","","","","","","NA"
"-80.38","43.46","KITCHENER/WATERLOO","6144239","2025-06-13 13:00","2025","06","13","13:00","","19.6","","8.2","","47","","0.0","","10","","18","","16.1","","98.27","","","","","","NA"
"-80.38","43.46","KITCHENER/WATERLOO","6144239","2025-06-13 14:00","2025","06","13","14:00","","19.6","","8.5","","48","","0.0","","9","","22","","16.1","","98.25","","","","","","NA"
"-80.38","43.46","KITCHENER/WATERLOO","6144239","2025-06-13 15:00","2025","06","13","15:00","","19.7","","7.7","","45","","0.0","","11","","24","","16.1","","98.22","","","","","","NA"
"-80.38","43.46","KITCHENER/WATERLOO","6144239","2025-06-13 16:00","2025","06","13","16:00","","17.8","","7.6","","51","","0.0","","8","","22","","16.1","","98.20","","","","","","NA"
"-80.38","43.46","KITCHENER/WATERLOO","6144239","2025-06-13 17:00","2025","06","13","17:00","","17.1","","7.5","","53","","0.0","","9","","18","","16.1","","98.19","","","","","","NA"
"-80.38","43.46","KITCHENER/WATERLOO","6144239","2025-06-13 18:00","2025","06","13","18:00","","16.4","","7.2","","54","","0.0","","7","","22","","16.1","","98.19","","","","","","NA"
"-80.38","43.46","KITCHENER/WATERLOO","6144239","2025-06-13 19:00","2025","06","13","19:00","","15.8","","7.5","","57","","0.0","","8","","18","","16.1","","98.21","","","","","","NA"
"-80.38","43.46","KITCHENER/WATERLOO","6144239","2025-06-13 20:00","2025","06","13","20:00","","14.9","","7.8","","62","","0.0","","9","","17","","16.1","","98.21","","","","","","NA"
"-80.38","43.46","KITCHENER/WATERLOO","6144239","2025-06-13 21:00","2025","06","13","21:00","","14.2","","6.7","","60","","0.0","","9","","17","","16.1","","98.24","","","","","","NA"
"-80.38","43.46","KITCHENER/WATERLOO","6144239","2025-06-13 22:00","2025","06","13","22:00","","13.7","","6.8","","63","","0.0","","10","","18","","16.1","","98.24","","","","","","NA"
"-80.38","43.46","KITCHENER/WATERLOO","6144239","2025-06-13 23:00","2025","06","13","23:00","","13.3","","8.0","","70","","0.0","","8","","17","","16.1","","98.23","","","","","","NA"
"-80.38","43.46","KITCHENER/WATERLOO","6144239","2025-06-14 00:00","2025","06","14","00:00","","13.2","","8.7","","74","","0.0","","7","","18","","16.1","","98.21","","","","","","NA"
"-80.38","43.46","KITCHENER/WATERLOO","6144239","2025-06-14 01:00","2025","06","14","01:00","","12.9","","9.0","","77","","0.0","","8","","13","","16.1","","98.17","","","","","","NA"
"-80.38","43.46","KITCHENER/WATERLOO","6144239","2025-06-14 02:00","2025","06","14","02:00","","12.9","","8.9","","77","","0.0","","8","","15","","16.1","","98.14","","","","","","NA"
"-80.38","43.46","KITCHENER/WATERLOO","6144239","2025-06-14 03:00","2025","06","14","03:00","","13.2","","9.0","","76","","0.0","","6","","13","","16.1","","98.16","","","","","","NA"
"-80.38","43.46","KITCHENER/WATERLOO","6144239","2025-06-14 04:00","2025","06","14","04:00","","11.8","","9.0","","83","","0.0","","7","","11","","16.1","","98.15","","","","","","NA"
"-80.38","43.46","KITCHENER/WATERLOO","6144239","2025-06-14 05:00","2025","06","14","05:00","","11.6","","8.3","","80","","0.0","","7","","17","","16.1","","98.17","","","","","","NA"
"-80.38","43.46","KITCHENER/WATERLOO","6144239","2025-06-14 06:00","2025","06","14","06:00","","12.7","","8.8","","77","","0.0","","7","","17","","16.1","","98.19","","","","","","NA"
"-80.38","43.46","KITCHENER/WATERLOO","6144239","2025-06-14 07:00","2025","06","14","07:00","","14.6","","8.0","","65","","0.0","","8","","21","","16.1","","98.20","","","","","","NA"
"-80.38","43.46","KITCHENER/WATERLOO","6144239","2025-06-14 08:00","2025","06","14","08:00","","15.9","","8.5","","61","","0.0","","9","","28","","16.1","","98.20","","","","","","NA"
"-80.38","43.46","KITCHENER/WATERLOO","6144239","2025-06-14 09:00","2025","06","14","09:00","","17.1","","8.7","","57","","0.0","","7","","28","","16.1","","98.19","","","","","","NA"
"-80.38","43.46","KITCHENER/WATERLOO","6144239","2025-06-14 10:00","2025","06","14","10:00","","18.3","","9.0","","54","","0.0","","7","","28","","16.1","","98.20","","","","","","NA"
"-80.38","43.46","KITCHENER/WATERLOO","6144239","2025-06-14 11:00","2025","06","14","11:00","","19.1","","9.3","","53","","0.0","","9","","21","","16.1","","98.19","","","","","","NA"
"-80.38","43.46","KITCHENER/WATERLOO","6144239","2025-06-14 12:00","2025","06","14","12:00","","19.8","","8.7","","48","","0.0","","7","","28","","16.1","","98.16","","","","","","NA"
"-80.38","43.46","KITCHENER/WATERLOO","6144239","2025-06-14 13:00","2025","06","14","13:00","","20.2","","8.3","","46","","0.0","","9","","24","","16.1","","98.16","","","","","","NA"
"-80.38","43.46","KITCHENER/WATERLOO","6144239","2025-06-14 14:00","2025","06","14","14:00","","20.2","","8.2","","46","","0.0","","8","","24","","16.1","","98.15","","","","","","NA"
"-80.38","43.46","KITCHENER/WATERLOO","6144239","2025-06-14 15:00","2025","06","14","15:00","","21.1","","9.2","","46","","0.0","","10","","21","","16.1","","98.11","","","","","","NA"
"-80.38","43.46","KITCHENER/WATERLOO","6144239","2025-06-14 16:00","2025","06","14","16:00","","20.8","","9.5","","48","","0.0","","10","","15","","16.1","","98.08","","","","","","NA"
"-80.38","43.46","KITCHENER/WATERLOO","6144239","2025-06-14 17:00","2025","06","14","17:00","","21.0","","9.7","","48","","0.0","","9","","15","","16.1","","98.06","","","","","","NA"
"-80.38","43.46","KITCHENER/WATERLOO","6144239","2025-06-14 18:00","2025","06","14","18:00","","19.7","","9.2","","50","","0.0","","8","","21","","16.1","","98.07","","","","","","NA"
"-80.38","43.46","KITCHENER/WATERLOO","6144239","2025-06-14 19:00","2025","06","14","19:00","","18.1","","8.1","","52","","0.0","","9","","15","","16.1","","98.12","","","","","","NA"
"-80.38","43.46","KITCHENER/WATERLOO","6144239","2025-06-14 20:00","2025","06","14","20:00","","15.2","","7.6","","60","","0.0","","10","","8","","16.1","","98.12","","","","","","NA"
"-80.38","43.46","KITCHENER/WATERLOO","6144239","2025-06-14 21:00","2025","06","14","21:00","","12.7","","8.0","","73","","0.0","","6","","5","","16.1","","98.15","","","","","","NA"
"-80.38","43.46","KITCHENER/WATERLOO","6144239","2025-06-14 22:00","2025","06","14","22:00","","11.3","","8.0","","80","","0.0","","3","","4","","16.1","","98.17","","","","","","NA"
"-80.38","43.46","KITCHENER/WATERLOO","6144239","2025-06-14 23:00","2025","06","14","23:00","","11.1","","8.1","","82","","0.0","","","","0","","16.1","","98.18","","","","","","NA"
"-80.38","43.46","KITCHENER/WATERLOO","6144239","2025-06-15 00:00","2025","06","15","00:00","","10.0","","7.6","","85","","0.0","","1","","8","","16.1","","98.20","","","","","","NA"
"-80.38","43.46","KITCHENER/WATERLOO","6144239","2025-06-15 01:00","2025","06","15","01:00","","10.6","","7.7","","82","","0.0","","9","","4","","16.1","","98.19","","","","","","NA"
"-80.38","43.46","KITCHENER/WATERLOO","6144239","2025-06-15 02:00","2025","06","15","02:00","","12.7","","7.2","","69","","0.0","","3","","8","","16.1","","98.16","","","","","","NA"
"-80.38","43.46","KITCHENER/WATERLOO","6144239","2025-06-15 03:00","2025","06","15","03:00","","11.0","","7.6","","80","","0.0","","","","0","","16.1","","98.15","","","","","","NA"
"-80.38","43.46","KITCHENER/WATERLOO","6144239","2025-06-15 04:00","2025","06","15","04:00","","10.0","","7.4","","84","","0.0","","4","","5","","16.1","","98.16","","","","","","NA"
"-80.38","43.46","KITCHENER/WATERLOO","6144239","2025-06-15 05:00","2025","06","15","05:00","","12.4","","7.7","","73","","0.0","","","M","4","","16.1","","98.19","","","","","","NA"
"-80.38","43.46","KITCHENER/WATERLOO","6144239","2025-06-15 06:00","2025","06","15","06:00","","13.7","","9.6","","76","","0.0","","35","","5","","16.1","","98.23","","","","","","NA"
"-80.38","43.46","KITCHENER/WATERLOO","6144239","2025-06-15 07:00","2025","06","15","07:00","","15.6","","10.1","","70","","0.0","","5","","9","","16.1","","98.23","","","","","","NA"
"-80.38","43.46","KITCHENER/WATERLOO","6144239","2025-06-15 08:00","2025","06","15","08:00","","18.1","","10.8","","62","","0.0","","7","","18","","16.1","","98.27","","","","","","NA"
"-80.38","43.46","KITCHENER/WATERLOO","6144239","2025-06-15 09:00","2025","06","15","09:00","","19.7","","12.0","","61","","0.0","","8","","18","","16.1","","98.26","","","","","","NA"
"-80.38","43.46","KITCHENER/WATERLOO","6144239","2025-06-15 10:00","2025","06","15","10:00","","21.2","","11.6","","54","","0.0","","8","","15","","16.1","","98.25","","","","","","NA"
"-80.38","43.46","KITCHENER/WATERLOO","6144239","2025-06-15 11:00","2025","06","15","11:00","","22.3","","11.7","","51","","0.0","","10","","9","","16.1","","98.28","","","","","","NA"
"-80.38","43.46","KITCHENER/WATERLOO","6144239","2025-06-15 12:00","2025","06","15","12:00","","23.5","","10.8","","44","","0.0","","10","","17","","16.1","","98.25","","25","","","","NA"
"-80.38","43.46","KITCHENER/WATERLOO","6144239","2025-06-15 13:00","2025","06","15","13:00","","23.4","","9.1","","40","","0.0","","8","","21","","16.1","","98.23","","","","","","NA"
"-80.38","43.46","KITCHENER/WATERLOO","6144239","2025-06-15 14:00","2025","06","15","14:00","","23.4","","8.7","","39","","0.0","","11","","21","","16.1","","98.21","","","","","","NA"
"-80.38","43.46","KITCHENER/WATERLOO","6144239","2025-06-15 15:00","2025","06","15","15:00","","23.7","","8.7","","38","","0.0","","10","","22","","16.1","","98.20","","","","","","NA"
"-80.38","43.46","KITCHENER/WATERLOO","6144239","2025-06-15 16:00","2025","06","15","16:00","","23.1","","6.9","","35","","0.0","","9","","18","","16.1","","98.21","","","","","","NA"
"-80.38","43.46","KITCHENER/WATERLOO","6144239","2025-06-15 17:00","2025","06","15","17:00","","23.0","","7.2","","36","","0.0","","9","","22","","16.1","","98.18","","","","","","NA"
"-80.38","43.46","KITCHENER/WATERLOO","6144239","2025-06-15 18:00","2025","06","15","18:00","","22.2","","8.6","","41","","0.0","","9","","15","","16.1","","98.18","","","","","","NA"
"-80.38","43.46","KITCHENER/WATERLOO","6144239","2025-06-15 19:00","2025","06","15","19:00","","19.6","","9.2","","51","","0.0","","8","","11","","16.1","","98.19","","","","","","NA"
"-80.38","43.46","KITCHENER/WATERLOO","6144239","2025-06-15 20:00","2025","06","15","20:00","","18.2","","6.1","","45","","0.0","","10","","11","","16.1","","98.20","","","","","","NA"
"-80.38","43.46","KITCHENER/WATERLOO","6144239","2025-06-15 21:00","2025","06","15","21:00","","15.6","","7.1","","57","","0.0","","7","","5","","16.1","","98.23","","","","","","NA"
"-80.38","43.46","KITCHENER/WATERLOO","6144239","2025-06-15 22:00","2025","06","15","22:00","","12.6","","8.8","","77","","0.0","","","","0","","16.1","","98.23","","","","","","NA"
"-80.38","43.46","KITCHENER/WATERLOO","6144239","2025-06-15 23:00","2025","06","15","23:00","","11.3","","8.0","","80","","0.0","","3","","4","","16.1","","98.21","","","","","","NA"
"-80.38","43.46","KITCHENER/WATERLOO","6144239","2025-06-16 00:00","2025","06","16","00:00","","11.4","","7.7","","78","","0.0","","4","","4","","16.1","","98.21","","","","","","NA"
"-80.38","43.46","KITCHENER/WATERLOO","6144239","2025-06-16 01:00","2025","06","16","01:00","","10.6","","8.1","","85","","0.0","","","","0","","16.1","","98.18","","","","","","NA"
"-80.38","43.46","KITCHENER/WATERLOO","6144239","2025-06-16 02:00","2025","06","16","02:00","","13.0","","6.8","","66","","0.0","","5","","9","","16.1","","98.13","","","","","","NA"
"-80.38","43.46","KITCHENER/WATERLOO","6144239","2025-06-16 03:00","2025","06","16","03:00","","10.7","","6.7","","76","","0.0","","4","","4","","16.1","","98.10","","","","","","NA"
"-80.38","43.46","KITCHENER/WATERLOO","6144239","2025-06-16 04:00","2025","06","16","04:00","","10.2","","7.2","","82","","0.0","","","M","4","","16.1","","98.09","","","","","","NA"
"-80.38","43.46","KITCHENER/WATERLOO","6144239","2025-06-16 05:00","2025","06","16","05:00","","10.8","","8.6","","86","","0.0","","31","","4","","16.1","","98.10","","","","","","NA"
"-80.38","43.46","KITCHENER/WATERLOO","6144239","2025-06-16 06:00","2025","06","16","06:00","","14.2","","9.6","","74","","0.0","","","","0","","16.1","","98.13","","","","","","NA"
"-80.38","43.46","KITCHENER/WATERLOO","6144239","2025-06-16 07:00","2025","06","16","07:00","","16.4","","10.8","","69","","0.0","","9","","11","","16.1","","98.13","","","","","","NA"
"-80.38","43.46","KITCHENER/WATERLOO","6144239","2025-06-16 08:00","2025","06","16","08:00","","18.6","","9.5","","55","","0.0","","7","","11","","16.1","","98.13","","","","","","NA"
"-80.38","43.46","KITCHENER/WATERLOO","6144239","2025-06-16 09:00","2025","06","16","09:00","","20.8","","12.8","","60","","0.0","","8","","5","","16.1","","98.09","","","","","","NA"
"-80.38","43.46","KITCHENER/WATERLOO","6144239","2025-06-16 10:00","2025","06","16","10:00","","22.8","","15.1","","61","","0.0","","17","","8","","16.1","","98.04","","27","","","","NA"
"-80.38","43.46","KITCHENER/WATERLOO","6144239","2025-06-16 11:00","2025","06","16","11:00","","23.9","","15.3","","58","","0.0","","","M","8","","16.1","","97.98","","28","","","","NA"
"-80.38","43.46","KITCHENER/WATERLOO","6144239","2025-06-16 12:00","2025","06","16","12:00","","24.1","","14.7","","55","","0.0","","","M","4","","16.1","","97.95","","28","","","","NA"
"-80.38","43.46","KITCHENER/WATERLOO","6144239","2025-06-16 13:00","2025","06","16","13:00","","24.7","","15.5","","56","","0.0","","","M","8","","16.1","","97.90","","29","","","","NA"
"-80.38","43.46","KITCHENER/WATERLOO","6144239","2025-06-16 14:00","2025","06","16","14:00","","26.5","","15.2","","49","","0.0","","10","","9","","16.1","","97.85","","31","","","","NA"
"-80.38","43.46","KITCHENER/WATERLOO","6144239","2025-06-16 15:00","2025","06","16","15:00","","25.8","","14.7","","50","","0.0","","13","","9","","16.1","","97.81","","30","","","","NA"
"-80.38","43.46","KITCHENER/WATERLOO","6144239","2025-06-16 16:00","2025","06","16","16:00","","25.6","","14.4","","49","","0.0","","","","0","","16.1","","97.77","","29","","","","NA"
"-80.38","43.46","KITCHENER/WATERLOO","6144239","2025-06-16 17:00","2025","06","16","17:00","","26.7","","14.5","","47","","0.0","","","M","8","","16.1","","97.70","","30","","","","NA"
"-80.38","43.46","KITCHENER/WATERLOO","6144239","2025-06-16 18:00","2025","06","16","18:00","","25.4","","16.7","","58","","0.0","","11","","17","","16.1","","97.65","","30","","","","NA"
"-80.38","43.46","KITCHENER/WATERLOO","6144239","2025-06-16 19:00","2025","06","16","19:00","","23.0","","15.0","","60","","0.0","","11","","17","","16.1","","97.69","","27","","","","NA"
"-80.38","43.46","KITCHENER/WATERLOO","6144239","2025-06-16 20:00","2025","06","16","20:00","","20.3","","14.5","","69","","0.0","","12","","11","","16.1","","97.70","","","","","","NA"
"-80.38","43.46","KITCHENER/WATERLOO","6144239","2025-06-16 21:00","2025","06","16","21:00","","17.8","","14.0","","78","","0.0","","11","","9","","16.1","","97.74","","","","","","NA"
"-80.38","43.46","KITCHENER/WATERLOO","6144239","2025-06-16 22:00","2025","06","16","22:00","","17.0","","14.3","","84","","0.0","","15","","9","","16.1","","97.72","","","","","","NA"
"-80.38","43.46","KITCHENER/WATERLOO","6144239","2025-06-16 23:00","2025","06","16","23:00","","15.5","","13.9","","90","","0.0","","7","","4","","16.1","","97.69","","","","","","NA"
"-80.38","43.46","KITCHENER/WATERLOO","6144239","2025-06-17 00:00","2025","06","17","00:00","","15.0","","14.4","","96","","0.0","","1","","4","","16.1","","97.70","","","","","","NA"
"-80.38","43.46","KITCHENER/WATERLOO","6144239","2025-06-17 01:00","2025","06","17","01:00","","13.8","","13.7","","99","","0.0","","9","","4","","16.1","","97.69","","","","","","NA"
"-80.38","43.46","KITCHENER/WATERLOO","6144239","2025-06-17 02:00","2025","06","17","02:00","","13.9","","13.8","","99","","0.0","","9","","4","","8.1","","97.65","","","","","","Fog"
"-80.38","43.46","KITCHENER/WATERLOO","6144239","2025-06-17 03:00","2025","06","17","03:00","","14.0","","13.9","","99","","0.0","","14","","4","","12.9","","97.62","","","","","","NA"
"-80.38","43.46","KITCHENER/WATERLOO","6144239","2025-06-17 04:00","2025","06","17","04:00","","13.3","","13.3","","100","","0.0","","8","","5","","1.2","","97.56","","","","","","Fog"
"-80.38","43.46","KITCHENER/WATERLOO","6144239","2025-06-17 05:00","2025","06","17","05:00","","13.5","","13.5","","100","","0.0","","7","","5","","4.8","","97.57","","","","","","Fog"
"-80.38","43.46","KITCHENER/WATERLOO","6144239","2025-06-17 06:00","2025","06","17","06:00","","15.1","","15.0","","99","","0.0","","","","0","","6.4","","97.63","","","","","","Fog"
"-80.38","43.46","KITCHENER/WATERLOO","6144239","2025-06-17 07:00","2025","06","17","07:00","","18.1","","16.8","","92","","0.0","","16","","11","","14.5","","97.58","","","","","","NA"
"-80.38","43.46","KITCHENER/WATERLOO","6144239","2025-06-17 08:00","2025","06","17","08:00","","19.6","","17.6","","88","","0.0","","17","","8","","16.1","","97.56","","","","","","NA"
"-80.38","43.46","KITCHENER/WATERLOO","6144239","2025-06-17 09:00","2025","06","17","09:00","","20.6","","18.2","","86","","0.0","","17","","9","","16.1","","97.47","","27","","","","NA"
"-80.38","43.46","KITCHENER/WATERLOO","6144239","2025-06-17 10:00","2025","06","17","10:00","","22.6","","19.0","","80","","0.0","","16","","13","","16.1","","97.47","","29","","","","NA"
"-80.38","43.46","KITCHENER/WATERLOO","6144239","2025-06-17 11:00","2025","06","17","11:00","","24.2","","18.8","","71","","0.0","","15","","15","","16.1","","97.46","","31","","","","NA"
"-80.38","43.46","KITCHENER/WATERLOO","6144239","2025-06-17 12:00","2025","06","17","12:00","","25.7","","18.9","","66","","0.0","","19","","15","","16.1","","97.44","","32","","","","NA"
"-80.38","43.46","KITCHENER/WATERLOO","6144239","2025-06-17 13:00","2025","06","17","13:00","","26.8","","19.0","","62","","0.0","","17","","18","","16.1","","97.39","","34","","","","NA"
"-80.38","43.46","KITCHENER/WATERLOO","6144239","2025-06-17 14:00","2025","06","17","14:00","","27.2","","19.4","","62","","0.0","","17","","18","","16.1","","97.32","","34","","","","NA"
"-80.38","43.46","KITCHENER/WATERLOO","6144239","2025-06-17 15:00","2025","06","17","15:00","","27.7","","19.7","","61","","0.0","","15","","22","","16.1","","97.20","","35","","","","NA"
"-80.38","43.46","KITCHENER/WATERLOO","6144239","2025-06-17 16:00","2025","06","17","16:00","","28.3","","18.7","","56","","0.0","","20","","24","","16.1","","97.18","","35","","","","NA"
"-80.38","43.46","KITCHENER/WATERLOO","6144239","2025-06-17 17:00","2025","06","17","17:00","","27.2","","18.4","","58","","0.0","","20","","21","","16.1","","97.12","","34","","","","NA"
"-80.38","43.46","KITCHENER/WATERLOO","6144239","2025-06-17 18:00","2025","06","17","18:00","","27.3","","18.8","","59","","0.0","","20","","22","","16.1","","97.13","","34","","","","NA"
"-80.38","43.46","KITCHENER/WATERLOO","6144239","2025-06-17 19:00","2025","06","17","19:00","","25.7","","19.2","","67","","0.0","","21","","22","","16.1","","97.17","","33","","","","NA"
"-80.38","43.46","KITCHENER/WATERLOO","6144239","2025-06-17 20:00","2025","06","17","20:00","","23.9","","19.5","","76","","0.0","","19","","17","","16.1","","97.18","","31","","","","NA"
"-80.38","43.46","KITCHENER/WATERLOO","6144239","2025-06-17 21:00","2025","06","17","21:00","","22.4","","19.0","","81","","0.0","","19","","17","","16.1","","97.21","","29","","","","NA"
"-80.38","43.46","KITCHENER/WATERLOO","6144239","2025-06-17 22:00","2025","06","17","22:00","","21.3","","19.3","","88","","0.0","","18","","17","","16.1","","97.28","","28","","","","NA"
"-80.38","43.46","KITCHENER/WATERLOO","6144239","2025-06-17 23:00","2025","06","17","23:00","","20.7","","19.6","","93","","0.0","","18","","15","","16.1","","97.29","","28","","","","NA"
"-80.38","43.46","KITCHENER/WATERLOO","6144239","2025-06-18 00:00","2025","06","18","00:00","","20.6","","19.6","","94","","0.0","","20","","13","","11.3","","97.25","","28","","","","NA"
"-80.38","43.46","KITCHENER/WATERLOO","6144239","2025-06-18 01:00","2025","06","18","01:00","","20.5","","19.7","","95","","0.0","","20","","11","","11.3","","97.23","","28","","","","NA"
"-80.38","43.46","KITCHENER/WATERLOO","6144239","2025-06-18 02:00","2025","06","18","02:00","","20.5","","19.9","","96","","0.0","","22","","8","","11.3","","97.21","","28","","","","NA"
"-80.38","43.46","KITCHENER/WATERLOO","6144239","2025-06-18 03:00","2025","06","18","03:00","","20.9","","20.1","","95","","0.0","","23","","9","","9.7","","97.20","","29","","","","Fog"
"-80.38","43.46","KITCHENER/WATERLOO","6144239","2025-06-18 04:00","2025","06","18","04:00","","21.1","","20.3","","95","","0.0","","24","","8","","9.7","","97.20","","29","","","","Fog"
"-80.38","43.46","KITCHENER/WATERLOO","6144239","2025-06-18 05:00","2025","06","18","05:00","","21.1","","20.3","","95","","0.0","","24","","5","","9.7","","97.23","","29","","","","Fog"
"-80.38","43.46","KITCHENER/WATERLOO","6144239","2025-06-18 06:00","2025","06","18","06:00","","21.3","","20.4","","94","","0.0","","32","","5","","8.1","","97.28","","29","","","","Fog"
"-80.38","43.46","KITCHENER/WATERLOO","6144239","2025-06-18 07:00","2025","06","18","07:00","","21.6","","20.1","","91","","0.0","","","M","4","","8.1","","97.32","","29","","","","Fog"
"-80.38","43.46","KITCHENER/WATERLOO","6144239","2025-06-18 08:00","2025","06","18","08:00","","21.9","","20.1","","89","","0.0","","","M","4","","8.1","","97.33","","30","","","","Fog"
"-80.38","43.46","KITCHENER/WATERLOO","6144239","2025-06-18 09:00","2025","06","18","09:00","","23.3","","20.8","","86","","0.0","","","M","4","","12.9","","97.35","","32","","","","NA"
"-80.38","43.46","KITCHENER/WATERLOO","6144239","2025-06-18 10:00","2025","06","18","10:00","","24.6","","20.4","","77","","0.0","","28","","9","","16.1","","97.36","","33","","","","Thunderstorms"
"-80.38","43.46","KITCHENER/WATERLOO","6144239","2025-06-18 11:00","2025","06","18","11:00","","25.5","","17.7","","61","","0.0","","","M","4","","16.1","","97.31","","31","","","","NA"
"-80.38","43.46","KITCHENER/WATERLOO","6144239","2025-06-18 12:00","2025","06","18","12:00","","25.9","","19.1","","66","","0.0","","32","","17","","16.1","","97.30","","33","","","","NA"
"-80.38","43.46","KITCHENER/WATERLOO","6144239","2025-06-18 13:00","2025","06","18","13:00","","23.1","","20.6","","86","","0.2","","31","","18","","11.3","","97.36","","31","","","","Thunderstorms,Rain"
"-80.38","43.46","KITCHENER/WATERLOO","6144239","2025-06-18 14:00","2025","06","18","14:00","","20.7","","18.1","","85","","6.3","","32","","11","","16.1","","97.43","","27","","","","Thunderstorms,Rain"
"-80.38","43.46","KITCHENER/WATERLOO","6144239","2025-06-18 15:00","2025","06","18","15:00","","21.0","","19.2","","89","","1.0","","36","","8","","16.1","","97.38","","28","","","","Rain"
"-80.38","43.46","KITCHENER/WATERLOO","6144239","2025-06-18 16:00","2025","06","18","16:00","","21.2","","19.0","","87","","1.0","","","","0","","16.1","","97.30","","28","","","","Rain"
"-80.38","43.46","KITCHENER/WATERLOO","6144239","2025-06-18 17:00","2025","06","18","17:00","","21.6","","19.7","","89","","0.2","","10","","8","","16.1","","97.16","","29","","","","Rain"
"-80.38","43.46","KITCHENER/WATERLOO","6144239","2025-06-18 18:00","2025","06","18","18:00","","21.6","","20.2","","92","","0.0","","15","","11","","16.1","","97.19","","29","","","","NA"
"-80.38","43.46","KITCHENER/WATERLOO","6144239","2025-06-18 19:00","2025","06","18","19:00","","21.1","","19.9","","93","","0.0","","13","","11","","16.1","","97.21","","29","","","","NA"
"-80.38","43.46","KITCHENER/WATERLOO","6144239","2025-06-18 20:00","2025","06","18","20:00","","20.4","","19.4","","94","","0.0","","15","","8","","16.1","","97.17","","27","","","","NA"
"-80.38","43.46","KITCHENER/WATERLOO","6144239","2025-06-18 21:00","2025","06","18","21:00","","19.4","","19.1","","98","","0.0","","14","","9","","16.1","","97.16","","","","","","NA"
"-80.38","43.46","KITCHENER/WATERLOO","6144239","2025-06-18 22:00","2025","06","18","22:00","","19.9","","19.4","","97","","0.0","","16","","15","","14.5","","97.11","","","","","","NA"
"-80.38","43.46","KITCHENER/WATERLOO","6144239","2025-06-18 23:00","2025","06","18","23:00","","19.7","","19.1","","96","","0.0","","15","","9","","16.1","","97.02","","","","","","NA"
"-80.38","43.46","KITCHENER/WATERLOO","6144239","2025-06-19 00:00","2025","06","19","00:00","","19.6","","19.1","","97","","1.2","","16","","9","","16.1","","96.91","","","","","","Rain"
"-80.38","43.46","KITCHENER/WATERLOO","6144239","2025-06-19 01:00","2025","06","19","01:00","","19.6","","18.7","","95","","0.0","","18","","21","","16.1","","96.88","","","","","","NA"
"-80.38","43.46","KITCHENER/WATERLOO","6144239","2025-06-19 02:00","2025","06","19","02:00","","18.9","","18.1","","95","","0.0","","19","","21","","16.1","","96.86","","","","","","NA"
"-80.38","43.46","KITCHENER/WATERLOO","6144239","2025-06-19 03:00","2025","06","19","03:00","","18.7","","17.7","","94","","0.0","","19","","15","","16.1","","96.79","","","","","","NA"
"-80.38","43.46","KITCHENER/WATERLOO","6144239","2025-06-19 04:00","2025","06","19","04:00","","18.8","","17.8","","94","","0.0","","18","","21","","16.1","","96.70","","","","","","NA"
"-80.38","43.46","KITCHENER/WATERLOO","6144239","2025-06-19 05:00","2025","06","19","05:00","","19.2","","18.1","","93","","0.0","","18","","17","","16.1","","96.60","","","","","","NA"
"-80.38","43.46","KITCHENER/WATERLOO","6144239","2025-06-19 06:00","2025","06","19","06:00","","19.5","","18.4","","93","","0.0","","19","","26","","12.9","","96.57","","","","","","NA"
"-80.38","43.46","KITCHENER/WATERLOO","6144239","2025-06-19 07:00","2025","06","19","07:00","","19.2","","18.6","","96","","0.2","","20","","30","","4.8","","96.55","","","","","","Rain,Fog"
"-80.38","43.46","KITCHENER/WATERLOO","6144239","2025-06-19 08:00","2025","06","19","08:00","","19.8","","18.8","","94","","0.5","","20","","24","","16.1","","96.52","","","","","","NA"
"-80.38","43.46","KITCHENER/WATERLOO","6144239","2025-06-19 09:00","2025","06","19","09:00","","20.0","","18.8","","93","","0.0","","21","","32","","16.1","","96.52","","27","","","","NA"
"-80.38","43.46","KITCHENER/WATERLOO","6144239","2025-06-19 10:00","2025","06","19","10:00","","20.2","","18.5","","90","","0.0","","22","","26","","16.1","","96.52","","27","","","","NA"
"-80.38","43.46","KITCHENER/WATERLOO","6144239","2025-06-19 11:00","2025","06","19","11:00","","21.0","","18.3","","84","","0.0","","21","","35","","16.1","","96.48","","27","","","","NA"
"-80.38","43.46","KITCHENER/WATERLOO","6144239","2025-06-19 12:00","2025","06","19","12:00","","20.0","","17.2","","84","","0.5","","24","","34","","16.1","","96.51","","25","","","","NA"
"-80.38","43.46","KITCHENER/WATERLOO","6144239","2025-06-19 13:00","2025","06","19","13:00","","17.5","","15.3","","87","","0.0","","27","","39","","16.1","","96.58","","","","","","NA"
"-80.38","43.46","KITCHENER/WATERLOO","6144239","2025-06-19 14:00","2025","06","19","14:00","","18.2","","14.7","","80","","0.0","","32","","26","","16.1","","96.63","","","","","","NA"
"-80.38","43.46","KITCHENER/WATERLOO","6144239","2025-06-19 15:00","2025","06","19","15:00","","16.4","","14.5","","89","","0.0","","29","","37","","9.7","","96.81","","","","","","Fog"
"-80.38","43.46","KITCHENER/WATERLOO","6144239","2025-06-19 16:00","2025","06","19","16:00","","17.7","","14.1","","79","","0.0","","31","","35","","16.1","","96.82","","","","","","NA"
"-80.38","43.46","KITCHENER/WATERLOO","6144239","2025-06-19 17:00","2025","06","19","17:00","","17.6","","14.2","","80","","0.0","","31","","32","","16.1","","96.95","","","","","","NA"
"-80.38","43.46","KITCHENER/WATERLOO","6144239","2025-06-19 18:00","2025","06","19","18:00","","17.7","","14.0","","79","","0.0","","32","","30","","16.1","","97.08","","","","","","NA"
"-80.38","43.46","KITCHENER/WATERLOO","6144239","2025-06-19 19:00","2025","06","19","19:00","","17.1","","13.7","","80","","0.0","","30","","26","","16.1","","97.20","","","","","","NA"
"-80.38","43.46","KITCHENER/WATERLOO","6144239","2025-06-19 20:00","2025","06","19","20:00","","16.6","","14.1","","85","","0.0","","30","","24","","16.1","","97.26","","","","","","NA"
"-80.38","43.46","KITCHENER/WATERLOO","6144239","2025-06-19 21:00","2025","06","19","21:00","","16.1","","14.1","","88","","0.0","","31","","11","","16.1","","97.37","","","","","","NA"
"-80.38","43.46","KITCHENER/WATERLOO","6144239","2025-06-19 22:00","2025","06","19","22:00","","15.6","","14.2","","91","","0.0","","29","","13","","16.1","","97.44","","","","","","NA"
"-80.38","43.46","KITCHENER/WATERLOO","6144239","2025-06-19 23:00","2025","06","19","23:00","","14.8","","14.0","","95","","0.0","","26","","11","","16.1","","97.44","","","","","","NA"
"-80.38","43.46","KITCHENER/WATERLOO","6144239","2025-06-20 00:00","2025","06","20","00:00","","14.6","","14.0","","96","","0.0","","25","","8","","14.5","","97.42","","","","","","NA"
"-80.38","43.46","KITCHENER/WATERLOO","6144239","2025-06-20 01:00","2025","06","20","01:00","","15.0","","14.7","","98","","0.0","","28","","9","","9.7","","97.42","","","","","","Fog"
"-80.38","43.46","KITCHENER/WATERLOO","6144239","2025-06-20 02:00","2025","06","20","02:00","","15.2","","14.8","","98","","0.0","","25","","8","","9.7","","97.44","","","","","","Fog"
"-80.38","43.46","KITCHENER/WATERLOO","6144239","2025-06-20 03:00","2025","06","20","03:00","","14.1","","14.0","","99","","0.0","","29","","4","","4.8","","97.41","","","","","","Fog"
"-80.38","43.46","KITCHENER/WATERLOO","6144239","2025-06-20 04:00","2025","06","20","04:00","","14.1","","14.0","","99","","0.0","","25","","5","","6.4","","97.44","","","","","","Fog"
"-80.38","43.46","KITCHENER/WATERLOO","6144239","2025-06-20 05:00","2025","06","20","05:00","","13.6","","13.6","","100","","0.0","","","M","4","","0.0","","97.48","","","","","","Fog"
"-80.38","43.46","KITCHENER/WATERLOO","6144239","2025-06-20 06:00","2025","06","20","06:00","","15.1","","15.1","","100","","0.0","","","M","4","","12.9","","97.55","","","","","","NA"
"-80.38","43.46","KITCHENER/WATERLOO","6144239","2025-06-20 07:00","2025","06","20","07:00","","16.4","","15.8","","96","","0.0","","29","","13","","14.5","","97.62","","","","","","NA"
"-80.38","43.46","KITCHENER/WATERLOO","6144239","2025-06-20 08:00","2025","06","20","08:00","","17.6","","15.9","","90","","0.0","","28","","15","","16.1","","97.69","","","","","","NA"
"-80.38","43.46","KITCHENER/WATERLOO","6144239","2025-06-20 09:00","2025","06","20","09:00","","19.9","","16.2","","79","","0.0","","29","","18","","16.1","","97.72","","","","","","NA"
"-80.38","43.46","KITCHENER/WATERLOO","6144239","2025-06-20 10:00","2025","06","20","10:00","","21.1","","15.1","","68","","0.0","","30","","15","","16.1","","97.70","","25","","","","NA"
"-80.38","43.46","KITCHENER/WATERLOO","6144239","2025-06-20 11:00","2025","06","20","11:00","","22.8","","15.9","","65","","0.0","","29","","28","","16.1","","97.72","","27","","","","NA"
"-80.38","43.46","KITCHENER/WATERLOO","6144239","2025-06-20 12:00","2025","06","20","12:00","","23.3","","14.7","","58","","0.0","","26","","17","","16.1","","97.68","","27","","","","NA"
"-80.38","43.46","KITCHENER/WATERLOO","6144239","2025-06-20 13:00","2025","06","20","13:00","","24.0","","16.1","","61","","0.0","","28","","26","","16.1","","97.71","","29","","","","NA"
"-80.38","43.46","KITCHENER/WATERLOO","6144239","2025-06-20 14:00","2025","06","20","14:00","","24.4","","16.0","","59","","0.0","","24","","22","","16.1","","97.72","","29","","","","NA"
"-80.38","43.46","KITCHENER/WATERLOO","6144239","2025-06-20 15:00","2025","06","20","15:00","","22.9","","15.4","","62","","0.0","","27","","21","","16.1","","97.71","","27","","","","NA"
"-80.38","43.46","KITCHENER/WATERLOO","6144239","2025-06-20 16:00","2025","06","20","16:00","","21.7","","15.0","","65","","0.0","","26","","18","","16.1","","97.71","","26","","","","NA"
"-80.38","43.46","KITCHENER/WATERLOO","6144239","2025-06-20 17:00","2025","06","20","17:00","","21.5","","16.1","","71","","0.0","","25","","22","","16.1","","97.76","","26","","","","NA"
"-80.38","43.46","KITCHENER/WATERLOO","6144239","2025-06-20 18:00","2025","06","20","18:00","","21.0","","16.7","","76","","0.0","","24","","18","","16.1","","97.78","","26","","","","NA"
"-80.38","43.46","KITCHENER/WATERLOO","6144239","2025-06-20 19:00","2025","06","20","19:00","","20.6","","17.0","","80","","0.0","","24","","13","","16.1","","97.79","","26","","","","NA"
"-80.38","43.46","KITCHENER/WATERLOO","6144239","2025-06-20 20:00","2025","06","20","20:00","","20.0","","16.9","","82","","0.0","","25","","9","","16.1","","97.81","","25","","","","NA"
"-80.38","43.46","KITCHENER/WATERLOO","6144239","2025-06-20 21:00","2025","06","20","21:00","","18.6","","16.8","","89","","0.0","","24","","5","","16.1","","97.83","","","","","","NA"
"-80.38","43.46","KITCHENER/WATERLOO","6144239","2025-06-20 22:00","2025","06","20","22:00","","17.1","","16.6","","97","","0.0","","","","0","","12.9","","97.87","","","","","","NA"
"-80.38","43.46","KITCHENER/WATERLOO","6144239","2025-06-20 23:00","2025","06","20","23:00","","17.1","","16.6","","97","","0.0","","","","0","","3.6","","97.89","","","","","","Fog"
"-80.38","43.46","KITCHENER/WATERLOO","6144239","2025-06-21 00:00","2025","06","21","00:00","","16.3","","16.1","","98","","0.0","","","","0","","1.6","","97.91","","","","","","Fog"
"-80.38","43.46","KITCHENER/WATERLOO","6144239","2025-06-21 01:00","2025","06","21","01:00","","17.1","","17.1","","100","","0.0","","","","0","","2.0","","97.91","","","","","","Fog"
"-80.38","43.46","KITCHENER/WATERLOO","6144239","2025-06-21 02:00","2025","06","21","02:00","","16.3","","16.3","","100","","0.0","","","","0","","0.4","","97.92","","","","","","Fog"
"-80.38","43.46","KITCHENER/WATERLOO","6144239","2025-06-21 03:00","2025","06","21","03:00","","15.8","","15.8","","100","","0.0","","","","0","","2.0","","97.92","","","","","","Fog"
"-80.38","43.46","KITCHENER/WATERLOO","6144239","2025-06-21 04:00","2025","06","21","04:00","","16.2","","16.2","","100","","0.0","","10","","5","","4.8","","97.91","","","","","","Fog"
"-80.38","43.46","KITCHENER/WATERLOO","6144239","2025-06-21 05:00","2025","06","21","05:00","","16.6","","16.5","","100","","0.0","","10","","4","","1.2","","97.98","","","","","","Fog"
"-80.38","43.46","KITCHENER/WATERLOO","6144239","2025-06-21 06:00","2025","06","21","06:00","","18.4","","17.4","","94","","0.0","","11","","5","","12.9","","97.96","","","","","","NA"
"-80.38","43.46","KITCHENER/WATERLOO","6144239","2025-06-21 07:00","2025","06","21","07:00","","20.0","","17.7","","87","","0.0","","17","","13","","16.1","","97.96","","26","","","","NA"
"-80.38","43.46","KITCHENER/WATERLOO","6144239","2025-06-21 08:00","2025","06","21","08:00","","22.1","","18.4","","79","","0.0","","17","","17","","16.1","","97.90","","28","","","","NA"
"-80.38","43.46","KITCHENER/WATERLOO","6144239","2025-06-21 09:00","2025","06","21","09:00","","23.6","","19.1","","76","","0.0","","17","","21","","16.1","","97.93","","30","","","","NA"
"-80.38","43.46","KITCHENER/WATERLOO","6144239","2025-06-21 10:00","2025","06","21","10:00","","25.5","","19.8","","70","","0.0","","19","","22","","16.1","","97.94","","33","","","","NA"
"-80.38","43.46","KITCHENER/WATERLOO","6144239","2025-06-21 11:00","2025","06","21","11:00","","24.2","","19.1","","73","","0.0","","20","","21","","16.1","","97.96","","31","","","","NA"
"-80.38","43.46","KITCHENER/WATERLOO","6144239","2025-06-21 12:00","2025","06","21","12:00","","22.9","","18.2","","75","","0.0","","23","","18","","16.1","","98.08","","29","","","","NA"
"-80.38","43.46","KITCHENER/WATERLOO","6144239","2025-06-21 13:00","2025","06","21","13:00","","21.6","","19.5","","88","","0.8","","19","","21","","16.1","","97.97","","29","","","","NA"
"-80.38","43.46","KITCHENER/WATERLOO","6144239","2025-06-21 14:00","2025","06","21","14:00","","22.3","","19.4","","83","","0.0","","19","","22","","16.1","","97.86","","29","","","","NA"
"-80.38","43.46","KITCHENER/WATERLOO","6144239","2025-06-21 15:00","2025","06","21","15:00","","23.8","","20.1","","80","","0.0","","18","","24","","16.1","","97.78","","31","","","","NA"
"-80.38","43.46","KITCHENER/WATERLOO","6144239","2025-06-21 16:00","2025","06","21","16:00","","26.2","","20.3","","70","","0.0","","18","","32","","16.1","","97.64","","34","","","","NA"
"-80.38","43.46","KITCHENER/WATERLOO","6144239","2025-06-21 17:00","2025","06","21","17:00","","27.2","","20.7","","67","","0.0","","19","","28","","16.1","","97.53","","35","","","","NA"
"-80.38","43.46","KITCHENER/WATERLOO","6144239","2025-06-21 18:00","2025","06","21","18:00","","27.5","","20.2","","64","","0.0","","19","","26","","16.1","","97.46","","35","","","","NA"
"-80.38","43.46","KITCHENER/WATERLOO","6144239","2025-06-21 19:00","2025","06","21","19:00","","27.1","","19.3","","62","","0.0","","20","","24","","16.1","","97.52","","34","","","","NA"
"-80.38","43.46","KITCHENER/WATERLOO","6144239","2025-06-21 20:00","2025","06","21","20:00","","25.9","","18.7","","64","","0.0","","19","","26","","16.1","","97.52","","32","","","","NA"
"-80.38","43.46","KITCHENER/WATERLOO","6144239","2025-06-21 21:00","2025","06","21","21:00","","24.9","","18.7","","68","","0.0","","19","","24","","16.1","","97.53","","31","","","","NA"
"-80.38","43.46","KITCHENER/WATERLOO","6144239","2025-06-21 22:00","2025","06","21","22:00","","24.9","","18.5","","67","","0.0","","20","","28","","16.1","","97.53","","31","","","","NA"
"-80.38","43.46","KITCHENER/WATERLOO","6144239","2025-06-21 23:00","2025","06","21","23:00","","25.2","","19.0","","68","","0.0","","22","","30","","16.1","","97.50","","32","","","","NA"
"-80.38","43.46","KITCHENER/WATERLOO","6144239","2025-06-22 00:00","2025","06","22","00:00","","25.1","","19.1","","69","","0.0","","22","","37","","16.1","","97.49","","32","","","","NA"
"-80.38","43.46","KITCHENER/WATERLOO","6144239","2025-06-22 01:00","2025","06","22","01:00","","24.8","","19.5","","72","","0.0","","22","","34","","16.1","","97.51","","32","","","","NA"
"-80.38","43.46","KITCHENER/WATERLOO","6144239","2025-06-22 02:00","2025","06","22","02:00","","24.2","","19.8","","76","","0.0","","22","","28","","16.1","","97.57","","32","","","","NA"
"-80.38","43.46","KITCHENER/WATERLOO","6144239","2025-06-22 03:00","2025","06","22","03:00","","23.9","","20.3","","80","","0.0","","23","","24","","16.1","","97.56","","32","","","","NA"
"-80.38","43.46","KITCHENER/WATERLOO","6144239","2025-06-22 04:00","2025","06","22","04:00","","24.6","","21.6","","83","","0.0","","24","","26","","16.1","","97.59","","34","","","","NA"
"-80.38","43.46","KITCHENER/WATERLOO","6144239","2025-06-22 05:00","2025","06","22","05:00","","24.8","","22.0","","84","","0.0","","23","","22","","16.1","","97.67","","34","","","","NA"
"-80.38","43.46","KITCHENER/WATERLOO","6144239","2025-06-22 06:00","2025","06","22","06:00","","25.1","","22.3","","84","","0.0","","23","","22","","16.1","","97.74","","35","","","","NA"
"-80.38","43.46","KITCHENER/WATERLOO","6144239","2025-06-22 07:00","2025","06","22","07:00","","26.1","","22.8","","82","","0.0","","25","","24","","16.1","","97.80","","36","","","","NA"
"-80.38","43.46","KITCHENER/WATERLOO","6144239","2025-06-22 08:00","2025","06","22","08:00","","27.5","","23.6","","79","","0.0","","24","","21","","16.1","","97.83","","38","","","","NA"
"-80.38","43.46","KITCHENER/WATERLOO","6144239","2025-06-22 09:00","2025","06","22","09:00","","29.2","","24.2","","74","","0.0","","26","","30","","16.1","","97.82","","41","","","","NA"
"-80.38","43.46","KITCHENER/WATERLOO","6144239","2025-06-22 10:00","2025","06","22","10:00","","29.5","","24.3","","73","","0.0","","27","","22","","16.1","","97.87","","41","","","","NA"
"-80.38","43.46","KITCHENER/WATERLOO","6144239","2025-06-22 11:00","2025","06","22","11:00","","29.9","","24.3","","72","","0.0","","29","","22","","16.1","","97.91","","41","","","","NA"
"-80.38","43.46","KITCHENER/WATERLOO","6144239","2025-06-22 12:00","2025","06","22","12:00","","30.3","","24.5","","71","","0.0","","29","","24","","16.1","","97.95","","42","","","","NA"
"-80.38","43.46","KITCHENER/WATERLOO","6144239","2025-06-22 13:00","2025","06","22","13:00","","31.4","","25.1","","69","","0.0","","29","","17","","16.1","","97.95","","44","","","","NA"
"-80.38","43.46","KITCHENER/WATERLOO","6144239","2025-06-22 14:00","2025","06","22","14:00","","32.9","","24.3","","60","","0.0","","27","","18","","16.1","","97.91","","44","","","","NA"
"-80.38","43.46","KITCHENER/WATERLOO","6144239","2025-06-22 15:00","2025","06","22","15:00","","33.0","","23.9","","58","","0.0","","24","","24","","16.1","","97.92","","44","","","","NA"
"-80.38","43.46","KITCHENER/WATERLOO","6144239","2025-06-22 16:00","2025","06","22","16:00","","33.0","","23.2","","56","","0.0","","23","","21","","16.1","","97.90","","43","","","","NA"
"-80.38","43.46","KITCHENER/WATERLOO","6144239","2025-06-22 17:00","2025","06","22","17:00","","32.9","","23.9","","58","","0.0","","24","","24","","16.1","","97.88","","44","","","","NA"
"-80.38","43.46","KITCHENER/WATERLOO","6144239","2025-06-22 18:00","2025","06","22","18:00","","32.2","","23.4","","59","","0.0","","24","","22","","16.1","","97.86","","43","","","","NA"
"-80.38","43.46","KITCHENER/WATERLOO","6144239","2025-06-22 19:00","2025","06","22","19:00","","30.3","","24.5","","71","","0.0","","23","","22","","16.1","","97.90","","42","","","","NA"
"-80.38","43.46","KITCHENER/WATERLOO","6144239","2025-06-22 20:00","2025","06","22","20:00","","28.9","","24.2","","75","","0.0","","23","","21","","16.1","","97.93","","40","","","","NA"
"-80.38","43.46","KITCHENER/WATERLOO","6144239","2025-06-22 21:00","2025","06","22","21:00","","27.9","","23.6","","77","","0.0","","23","","18","","16.1","","97.97","","39","","","","NA"
"-80.38","43.46","KITCHENER/WATERLOO","6144239","2025-06-22 22:00","2025","06","22","22:00","","26.9","","23.2","","80","","0.0","","23","","15","","16.1","","97.98","","37","","","","NA"
"-80.38","43.46","KITCHENER/WATERLOO","6144239","2025-06-22 23:00","2025","06","22","23:00","","26.8","","22.7","","78","","0.0","","23","","17","","16.1","","97.98","","37","","","","NA"
"-80.38","43.46","KITCHENER/WATERLOO","6144239","2025-06-23 00:00","2025","06","23","00:00","","26.3","","22.4","","79","","0.0","","24","","17","","16.1","","97.96","","36","","","","NA"
"-80.38","43.46","KITCHENER/WATERLOO","6144239","2025-06-23 01:00","2025","06","23","01:00","","25.4","","22.2","","82","","0.0","","24","","13","","16.1","","97.96","","35","","","","NA"
"-80.38","43.46","KITCHENER/WATERLOO","6144239","2025-06-23 02:00","2025","06","23","02:00","","24.8","","22.0","","84","","0.0","","24","","9","","16.1","","97.99","","34","","","","NA"
"-80.38","43.46","KITCHENER/WATERLOO","6144239","2025-06-23 03:00","2025","06","23","03:00","","24.4","","21.8","","85","","0.0","","24","","11","","16.1","","98.03","","34","","","","NA"
"-80.38","43.46","KITCHENER/WATERLOO","6144239","2025-06-23 04:00","2025","06","23","04:00","","24.1","","21.7","","86","","0.0","","22","","5","","16.1","","98.07","","33","","","","NA"
"-80.38","43.46","KITCHENER/WATERLOO","6144239","2025-06-23 05:00","2025","06","23","05:00","","23.2","","21.7","","91","","0.0","","22","","9","","16.1","","98.10","","32","","","","NA"
"-80.38","43.46","KITCHENER/WATERLOO","6144239","2025-06-23 06:00","2025","06","23","06:00","","24.8","","22.4","","86","","0.0","","24","","9","","16.1","","98.14","","34","","","","NA"
"-80.38","43.46","KITCHENER/WATERLOO","6144239","2025-06-23 07:00","2025","06","23","07:00","","27.2","","22.7","","76","","0.0","","25","","15","","16.1","","98.18","","37","","","","NA"
"-80.38","43.46","KITCHENER/WATERLOO","6144239","2025-06-23 08:00","2025","06","23","08:00","","28.2","","23.1","","73","","0.0","","23","","17","","16.1","","98.20","","39","","","","NA"
"-80.38","43.46","KITCHENER/WATERLOO","6144239","2025-06-23 09:00","2025","06","23","09:00","","29.4","","23.3","","69","","0.0","","25","","18","","16.1","","98.17","","40","","","","NA"
"-80.38","43.46","KITCHENER/WATERLOO","6144239","2025-06-23 10:00","2025","06","23","10:00","","30.9","","23.5","","64","","0.0","","25","","21","","16.1","","98.19","","42","","","","NA"
"-80.38","43.46","KITCHENER/WATERLOO","6144239","2025-06-23 11:00","2025","06","23","11:00","","","M","","M","","M","","M","","M","","M","","M","","M","","","","","NA"
"-80.38","43.46","KITCHENER/WATERLOO","6144239","2025-06-23 12:00","2025","06","23","12:00"
"-80.38","43.46","KITCHENER/WATERLOO","6144239","2025-06-23 13:00","2025","06","23","13:00"
"-80.38","43.46","KITCHENER/WATERLOO","6144239","2025-06-23 14:00","2025","06","23","14:00","","34.0","","18.9","","40","","0.0","","22","","28","","16.1","","98.06","","41","","","","NA"
"-80.38","43.46","KITCHENER/WATERLOO","6144239","2025-06-23 15:00","2025","06","23","15:00","","34.0","","19.4","","41","","0.0","","23","","30","","16.1","","98.02","","41","","","","NA"
"-80.38","43.46","KITCHENER/WATERLOO","6144239","2025-06-23 16:00","2025","06","23","16:00","","33.8","","19.4","","42","","0.0","","22","","32","","16.1","","97.99","","41","","","","NA"
"-80.38","43.46","KITCHENER/WATERLOO","6144239","2025-06-23 17:00","2025","06","23","17:00","","32.8","","21.9","","52","","0.0","","21","","30","","16.1","","97.99","","42","","","","NA"
"-80.38","43.46","KITCHENER/WATERLOO","6144239","2025-06-23 18:00","2025","06","23","18:00","","31.8","","21.9","","55","","0.0","","23","","22","","16.1","","97.99","","41","","","","NA"
"-80.38","43.46","KITCHENER/WATERLOO","6144239","2025-06-23 19:00","2025","06","23","19:00","","30.4","","21.9","","60","","0.0","","23","","28","","16.1","","98.02","","40","","","","NA"
"-80.38","43.46","KITCHENER/WATERLOO","6144239","2025-06-23 20:00","2025","06","23","20:00","","28.7","","21.9","","66","","0.0","","21","","17","","16.1","","98.03","","38","","","","NA"
"-80.38","43.46","KITCHENER/WATERLOO","6144239","2025-06-23 21:00","2025","06","23","21:00","","27.8","","21.2","","67","","0.0","","23","","18","","16.1","","98.10","","36","","","","NA"
"-80.38","43.46","KITCHENER/WATERLOO","6144239","2025-06-23 22:00","2025","06","23","22:00","","27.3","","20.8","","67","","0.0","","23","","18","","16.1","","98.11","","36","","","","NA"
"-80.38","43.46","KITCHENER/WATERLOO","6144239","2025-06-23 23:00","2025","06","23","23:00","","26.4","","20.6","","70","","0.0","","24","","18","","16.1","","98.12","","34","","","","NA"
"-80.38","43.46","KITCHENER/WATERLOO","6144239","2025-06-24 00:00","2025","06","24","00:00","","26.1","","20.3","","70","","0.0","","24","","18","","16.1","","98.12","","34","","","","NA"
"-80.38","43.46","KITCHENER/WATERLOO","6144239","2025-06-24 01:00","2025","06","24","01:00","","26.2","","19.6","","67","","0.0","","25","","18","","16.1","","98.17","","33","","","","NA"
"-80.38","43.46","KITCHENER/WATERLOO","6144239","2025-06-24 02:00","2025","06","24","02:00","","26.3","","19.1","","64","","0.0","","26","","15","","16.1","","98.17","","33","","","","NA"
"-80.38","43.46","KITCHENER/WATERLOO","6144239","2025-06-24 03:00","2025","06","24","03:00","","24.7","","19.2","","71","","0.0","","24","","9","","16.1","","98.17","","32","","","","NA"
"-80.38","43.46","KITCHENER/WATERLOO","6144239","2025-06-24 04:00","2025","06","24","04:00","","24.1","","19.3","","74","","0.0","","25","","13","","16.1","","98.22","","31","","","","NA"
"-80.38","43.46","KITCHENER/WATERLOO","6144239","2025-06-24 05:00","2025","06","24","05:00","","24.0","","19.6","","76","","0.0","","24","","11","","16.1","","98.23","","31","","","","NA"
"-80.38","43.46","KITCHENER/WATERLOO","6144239","2025-06-24 06:00","2025","06","24","06:00","","25.2","","20.5","","75","","0.0","","24","","8","","16.1","","98.25","","33","","","","NA"
"-80.38","43.46","KITCHENER/WATERLOO","6144239","2025-06-24 07:00","2025","06","24","07:00","","27.5","","21.7","","70","","0.0","","25","","13","","16.1","","98.26","","37","","","","NA"
"-80.38","43.46","KITCHENER/WATERLOO","6144239","2025-06-24 08:00","2025","06","24","08:00","","29.2","","21.9","","64","","0.0","","26","","17","","16.1","","98.28","","38","","","","NA"
"-80.38","43.46","KITCHENER/WATERLOO","6144239","2025-06-24 09:00","2025","06","24","09:00","","30.3","","21.6","","59","","0.0","","27","","15","","16.1","","98.26","","39","","","","NA"
"-80.38","43.46","KITCHENER/WATERLOO","6144239","2025-06-24 10:00","2025","06","24","10:00"
"-80.38","43.46","KITCHENER/WATERLOO","6144239","2025-06-24 11:00","2025","06","24","11:00"
"-80.38","43.46","KITCHENER/WATERLOO","6144239","2025-06-24 12:00","2025","06","24","12:00"
"-80.38","43.46","KITCHENER/WATERLOO","6144239","2025-06-24 13:00","2025","06","24","13:00","","32.2","","20.2","","48","","0.0","","27","","24","","16.1","","98.26","","40","","","","NA"
"-80.38","43.46","KITCHENER/WATERLOO","6144239","2025-06-24 14:00","2025","06","24","14:00","","32.5","","20.6","","49","","0.0","","27","","30","","16.1","","98.23","","41","","","","NA"
"-80.38","43.46","KITCHENER/WATERLOO","6144239","2025-06-24 15:00","2025","06","24","15:00","","31.6","","20.9","","52","","0.0","","29","","28","","16.1","","98.24","","40","","","","NA"
"-80.38","43.46","KITCHENER/WATERLOO","6144239","2025-06-24 16:00","2025","06","24","16:00","","31.3","","21.2","","54","","0.0","","29","","24","","16.1","","98.23","","40","","","","NA"
"-80.38","43.46","KITCHENER/WATERLOO","6144239","2025-06-24 17:00","2025","06","24","17:00","","30.6","","20.8","","55","","0.0","","30","","21","","16.1","","98.21","","39","","","","NA"
"-80.38","43.46","KITCHENER/WATERLOO","6144239","2025-06-24 18:00","2025","06","24","18:00","","29.7","","20.4","","57","","0.0","","31","","22","","16.1","","98.23","","38","","","","NA"
"-80.38","43.46","KITCHENER/WATERLOO","6144239","2025-06-24 19:00","2025","06","24","19:00","","28.0","","20.2","","62","","0.0","","32","","17","","16.1","","98.26","","36","","","","NA"
"-80.38","43.46","KITCHENER/WATERLOO","6144239","2025-06-24 20:00","2025","06","24","20:00","","26.4","","19.7","","66","","0.0","","32","","9","","16.1","","98.24","","34","","","","NA"
"-80.38","43.46","KITCHENER/WATERLOO","6144239","2025-06-24 21:00","2025","06","24","21:00","","23.9","","19.3","","75","","0.0","","31","","8","","16.1","","98.29","","31","","","","NA"
"-80.38","43.46","KITCHENER/WATERLOO","6144239","2025-06-24 22:00","2025","06","24","22:00","","22.7","","19.6","","82","","0.0","","34","","4","","16.1","","98.26","","30","","","","NA"
"-80.38","43.46","KITCHENER/WATERLOO","6144239","2025-06-24 23:00","2025","06","24","23:00","","22.5","","19.7","","84","","0.0","","","","0","","16.1","","98.25","","30","","","","NA"
"-80.38","43.46","KITCHENER/WATERLOO","6144239","2025-06-25 00:00","2025","06","25","00:00","","22.7","","20.0","","85","","0.0","","","M","4","","16.1","","98.26","","30","","","","NA"
"-80.38","43.46","KITCHENER/WATERLOO","6144239","2025-06-25 01:00","2025","06","25","01:00","","22.3","","19.7","","85","","0.0","","34","","5","","16.1","","98.29","","30","","","","NA"
"-80.38","43.46","KITCHENER/WATERLOO","6144239","2025-06-25 02:00","2025","06","25","02:00","","22.0","","19.8","","87","","0.0","","34","","4","","16.1","","98.26","","29","","","","NA"
"-80.38","43.46","KITCHENER/WATERLOO","6144239","2025-06-25 03:00","2025","06","25","03:00","","21.1","","19.6","","91","","0.0","","30","","4","","16.1","","98.23","","28","","","","NA"
"-80.38","43.46","KITCHENER/WATERLOO","6144239","2025-06-25 04:00","2025","06","25","04:00","","21.3","","19.4","","89","","0.0","","32","","8","","16.1","","98.23","","28","","","","NA"
"-80.38","43.46","KITCHENER/WATERLOO","6144239","2025-06-25 05:00","2025","06","25","05:00","","21.3","","18.7","","85","","0.0","","33","","11","","16.1","","98.24","","28","","","","NA"
"-80.38","43.46","KITCHENER/WATERLOO","6144239","2025-06-25 06:00","2025","06","25","06:00","","20.9","","17.3","","79","","0.0","","32","","11","","16.1","","98.30","","26","","","","NA"
"-80.38","43.46","KITCHENER/WATERLOO","6144239","2025-06-25 07:00","2025","06","25","07:00","","20.9","","16.4","","75","","0.0","","31","","11","","16.1","","98.36","","26","","","","NA"
"-80.38","43.46","KITCHENER/WATERLOO","6144239","2025-06-25 08:00","2025","06","25","08:00","","20.5","","18.1","","86","","3.8","","33","","4","","16.1","","98.36","","27","","","","Rain"
"-80.38","43.46","KITCHENER/WATERLOO","6144239","2025-06-25 09:00","2025","06","25","09:00","","22.7","","17.4","","72","","0.0","","32","","8","","16.1","","98.35","","28","","","","NA"
"-80.38","43.46","KITCHENER/WATERLOO","6144239","2025-06-25 10:00","2025","06","25","10:00","","24.1","","18.5","","70","","0.0","","32","","5","","16.1","","98.32","","30","","","","NA"
"-80.38","43.46","KITCHENER/WATERLOO","6144239","2025-06-25 11:00","2025","06","25","11:00","","25.0","","18.8","","68","","0.0","","35","","5","","16.1","","98.33","","32","","","","NA"
"-80.38","43.46","KITCHENER/WATERLOO","6144239","2025-06-25 12:00","2025","06","25","12:00","","26.6","","19.5","","64","","0.0","","33","","9","","16.1","","98.32","","34","","","","NA"
"-80.38","43.46","KITCHENER/WATERLOO","6144239","2025-06-25 13:00","2025","06","25","13:00","","27.7","","19.8","","62","","0.0","","30","","9","","16.1","","98.26","","35","","","","NA"
"-80.38","43.46","KITCHENER/WATERLOO","6144239","2025-06-25 14:00","2025","06","25","14:00","","27.5","","20.6","","66","","0.0","","31","","9","","16.1","","98.20","","36","","","","NA"
"-80.38","43.46","KITCHENER/WATERLOO","6144239","2025-06-25 15:00","2025","06","25","15:00","","27.8","","20.0","","62","","0.0","","31","","13","","16.1","","98.17","","35","","","","NA"
"-80.38","43.46","KITCHENER/WATERLOO","6144239","2025-06-25 16:00","2025","06","25","16:00","","27.5","","19.2","","60","","0.0","","30","","9","","16.1","","98.14","","34","","","","NA"
"-80.38","43.46","KITCHENER/WATERLOO","6144239","2025-06-25 17:00","2025","06","25","17:00","","28.9","","19.0","","55","","0.0","","31","","9","","16.1","","98.09","","36","","","","NA"
"-80.38","43.46","KITCHENER/WATERLOO","6144239","2025-06-25 18:00","2025","06","25","18:00","","28.5","","18.0","","52","","0.0","","30","","5","","16.1","","98.05","","35","","","","NA"
"-80.38","43.46","KITCHENER/WATERLOO","6144239","2025-06-25 19:00","2025","06","25","19:00","","26.9","","19.5","","63","","0.0","","30","","5","","16.1","","98.08","","34","","","","NA"
"-80.38","43.46","KITCHENER/WATERLOO","6144239","2025-06-25 20:00","2025","06","25","20:00","","25.3","","17.1","","60","","0.0","","33","","8","","16.1","","98.06","","31","","","","NA"
"-80.38","43.46","KITCHENER/WATERLOO","6144239","2025-06-25 21:00","2025","06","25","21:00","","24.7","","15.4","","56","","0.0","","4","","8","","16.1","","98.10","","29","","","","NA"
"-80.38","43.46","KITCHENER/WATERLOO","6144239","2025-06-25 22:00","2025","06","25","22:00","","23.4","","13.4","","53","","0.0","","6","","13","","16.1","","98.07","","26","","","","NA"
"-80.38","43.46","KITCHENER/WATERLOO","6144239","2025-06-25 23:00","2025","06","25","23:00","","22.9","","15.0","","61","","0.0","","2","","9","","16.1","","98.09","","27","","","","NA"
"-80.38","43.46","KITCHENER/WATERLOO","6144239","2025-06-26 00:00","2025","06","26","00:00","","20.3","","18.3","","88","","0.2","","10","","11","","16.1","","98.09","","27","","","","Rain"
"-80.38","43.46","KITCHENER/WATERLOO","6144239","2025-06-26 01:00","2025","06","26","01:00","","19.7","","18.6","","93","","1.0","","11","","18","","12.9","","98.09","","","","","","Rain"
"-80.38","43.46","KITCHENER/WATERLOO","6144239","2025-06-26 02:00","2025","06","26","02:00","","17.9","","16.8","","93","","1.0","","9","","15","","12.9","","98.11","","","","","","Rain"
"-80.38","43.46","KITCHENER/WATERLOO","6144239","2025-06-26 03:00","2025","06","26","03:00","","18.3","","17.7","","96","","0.8","","6","","13","","4.0","","98.11","","","","","","Rain,Fog"
"-80.38","43.46","KITCHENER/WATERLOO","6144239","2025-06-26 04:00","2025","06","26","04:00","","18.6","","17.8","","95","","0.5","","8","","22","","16.1","","98.07","","","","","","NA"
"-80.38","43.46","KITCHENER/WATERLOO","6144239","2025-06-26 05:00","2025","06","26","05:00","","16.8","","15.3","","91","","0.0","","9","","21","","16.1","","98.05","","","","","","NA"
"-80.38","43.46","KITCHENER/WATERLOO","6144239","2025-06-26 06:00","2025","06","26","06:00","","16.0","","13.9","","87","","0.2","","8","","24","","16.1","","98.04","","","","","","NA"
"-80.38","43.46","KITCHENER/WATERLOO","6144239","2025-06-26 07:00","2025","06","26","07:00","","16.0","","12.6","","80","","0.0","","9","","22","","16.1","","98.09","","","","","","NA"
"-80.38","43.46","KITCHENER/WATERLOO","6144239","2025-06-26 08:00","2025","06","26","08:00","","16.7","","13.8","","83","","0.0","","8","","15","","16.1","","98.14","","","","","","NA"
"-80.38","43.46","KITCHENER/WATERLOO","6144239","2025-06-26 09:00","2025","06","26","09:00","","17.8","","14.8","","82","","0.0","","12","","18","","16.1","","98.10","","","","","","NA"
"-80.38","43.46","KITCHENER/WATERLOO","6144239","2025-06-26 10:00","2025","06","26","10:00","","19.0","","15.4","","79","","0.0","","11","","22","","16.1","","98.07","","","","","","NA"
"-80.38","43.46","KITCHENER/WATERLOO","6144239","2025-06-26 11:00","2025","06","26","11:00","","18.1","","16.1","","88","","0.8","","9","","15","","12.9","","98.10","","","","","","Thunderstorms,Rain"
"-80.38","43.46","KITCHENER/WATERLOO","6144239","2025-06-26 12:00","2025","06","26","12:00","","18.4","","16.8","","90","","1.8","","8","","17","","16.1","","98.14","","","","","","NA"
"-80.38","43.46","KITCHENER/WATERLOO","6144239","2025-06-26 13:00","2025","06","26","13:00","","17.8","","16.2","","90","","0.0","","9","","17","","16.1","","98.13","","","","","","NA"
"-80.38","43.46","KITCHENER/WATERLOO","6144239","2025-06-26 14:00","2025","06","26","14:00","","17.4","","15.8","","90","","0.0","","9","","21","","16.1","","98.11","","","","","","NA"
"-80.38","43.46","KITCHENER/WATERLOO","6144239","2025-06-26 15:00","2025","06","26","15:00","","16.3","","13.3","","82","","0.0","","9","","24","","16.1","","98.12","","","","","","NA"
"-80.38","43.46","KITCHENER/WATERLOO","6144239","2025-06-26 16:00","2025","06","26","16:00","","16.2","","13.7","","85","","0.0","","7","","22","","16.1","","98.10","","","","","","NA"
"-80.38","43.46","KITCHENER/WATERLOO","6144239","2025-06-26 17:00","2025","06","26","17:00","","16.4","","13.9","","85","","0.0","","9","","22","","16.1","","98.07","","","","","","NA"
"-80.38","43.46","KITCHENER/WATERLOO","6144239","2025-06-26 18:00","2025","06","26","18:00","","16.0","","13.4","","85","","0.0","","8","","24","","16.1","","98.05","","","","","","NA"
"-80.38","43.46","KITCHENER/WATERLOO","6144239","2025-06-26 19:00","2025","06","26","19:00","","16.5","","12.5","","77","","0.0","","8","","17","","16.1","","98.12","","","","","","NA"
"-80.38","43.46","KITCHENER/WATERLOO","6144239","2025-06-26 20:00","2025","06","26","20:00","","16.8","","11.3","","70","","0.0","","8","","21","","16.1","","98.14","","","","","","NA"
"-80.38","43.46","KITCHENER/WATERLOO","6144239","2025-06-26 21:00","2025","06","26","21:00","","16.3","","10.7","","69","","0.0","","9","","21","","16.1","","98.13","","","","","","NA"
"-80.38","43.46","KITCHENER/WATERLOO","6144239","2025-06-26 22:00","2025","06","26","22:00","","16.5","","11.1","","70","","0.0","","8","","24","","16.1","","98.18","","","","","","NA"
"-80.38","43.46","KITCHENER/WATERLOO","6144239","2025-06-26 23:00","2025","06","26","23:00","","16.4","","12.8","","79","","0.0","","9","","17","","16.1","","98.20","","","","","","NA"
"-80.38","43.46","KITCHENER/WATERLOO","6144239","2025-06-27 00:00","2025","06","27","00:00","","16.2","","13.5","","84","","0.0","","8","","17","","16.1","","98.16","","","","","","NA"
"-80.38","43.46","KITCHENER/WATERLOO","6144239","2025-06-27 01:00","2025","06","27","01:00","","16.3","","14.0","","86","","0.0","","8","","24","","16.1","","98.11","","","","","","NA"
"-80.38","43.46","KITCHENER/WATERLOO","6144239","2025-06-27 02:00","2025","06","27","02:00","","16.2","","13.6","","84","","0.0","","8","","18","","16.1","","98.14","","","","","","NA"
"-80.38","43.46","KITCHENER/WATERLOO","6144239","2025-06-27 03:00","2025","06","27","03:00","","15.9","","13.6","","86","","0.0","","8","","22","","16.1","","98.10","","","","","","NA"
"-80.38","43.46","KITCHENER/WATERLOO","6144239","2025-06-27 04:00","2025","06","27","04:00","","15.9","","13.6","","86","","0.0","","8","","17","","16.1","","98.10","","","","","","NA"
"-80.38","43.46","KITCHENER/WATERLOO","6144239","2025-06-27 05:00","2025","06","27","05:00","","15.8","","13.8","","88","","0.0","","8","","18","","16.1","","98.09","","","","","","NA"
"-80.38","43.46","KITCHENER/WATERLOO","6144239","2025-06-27 06:00","2025","06","27","06:00","","16.2","","14.4","","89","","0.0","","8","","13","","16.1","","98.08","","","","","","NA"
"-80.38","43.46","KITCHENER/WATERLOO","6144239","2025-06-27 07:00","2025","06","27","07:00","","16.8","","15.0","","89","","0.0","","9","","24","","16.1","","97.99","","","","","","NA"
"-80.38","43.46","KITCHENER/WATERLOO","6144239","2025-06-27 08:00","2025","06","27","08:00","","17.7","","15.9","","89","","0.0","","10","","17","","16.1","","97.97","","","","","","NA"
"-80.38","43.46","KITCHENER/WATERLOO","6144239","2025-06-27 09:00","2025","06","27","09:00","","19.0","","16.7","","86","","0.0","","10","","13","","16.1","","98.04","","","","","","NA"
"-80.38","43.46","KITCHENER/WATERLOO","6144239","2025-06-27 10:00","2025","06","27","10:00","","21.2","","17.5","","79","","0.0","","9","","15","","16.1","","97.97","","27","","","","NA"
"-80.38","43.46","KITCHENER/WATERLOO","6144239","2025-06-27 11:00","2025","06","27","11:00","","22.9","","18.9","","78","","0.0","","12","","18","","16.1","","97.90","","30","","","","NA"
"-80.38","43.46","KITCHENER/WATERLOO","6144239","2025-06-27 12:00","2025","06","27","12:00","","24.8","","20.2","","75","","0.0","","15","","21","","16.1","","97.83","","33","","","","NA"
"-80.38","43.46","KITCHENER/WATERLOO","6144239","2025-06-27 13:00","2025","06","27","13:00","","26.8","","21.3","","71","","0.0","","16","","17","","16.1","","97.77","","35","","","","NA"
"-80.38","43.46","KITCHENER/WATERLOO","6144239","2025-06-27 14:00","2025","06","27","14:00","","26.5","","21.7","","74","","0.0","","16","","24","","16.1","","97.73","","36","","","","Rain"
"-80.38","43.46","KITCHENER/WATERLOO","6144239","2025-06-27 15:00","2025","06","27","15:00","","28.2","","22.7","","72","","0.0","","17","","22","","16.1","","97.59","","38","","","","NA"
"-80.38","43.46","KITCHENER/WATERLOO","6144239","2025-06-27 16:00","2025","06","27","16:00","","28.9","","23.1","","70","","0.0","","19","","21","","16.1","","97.53","","39","","","","NA"
"-80.38","43.46","KITCHENER/WATERLOO","6144239","2025-06-27 17:00","2025","06","27","17:00","","27.9","","21.5","","68","","0.0","","20","","28","","16.1","","97.47","","37","","","","NA"
"-80.38","43.46","KITCHENER/WATERLOO","6144239","2025-06-27 18:00","2025","06","27","18:00","","27.2","","21.8","","72","","0.0","","18","","24","","16.1","","97.51","","36","","","","NA"
"-80.38","43.46","KITCHENER/WATERLOO","6144239","2025-06-27 19:00","2025","06","27","19:00","","25.7","","21.2","","76","","0.0","","17","","18","","16.1","","97.47","","34","","","","NA"
"-80.38","43.46","KITCHENER/WATERLOO","6144239","2025-06-27 20:00","2025","06","27","20:00","","24.9","","20.3","","75","","0.0","","17","","21","","16.1","","97.50","","33","","","","NA"
"-80.38","43.46","KITCHENER/WATERLOO","6144239","2025-06-27 21:00","2025","06","27","21:00","","23.4","","20.5","","84","","2.5","","29","","41","","8.1","","97.71","","31","","","","Thunderstorms,Fog"
"-80.38","43.46","KITCHENER/WATERLOO","6144239","2025-06-27 22:00","2025","06","27","22:00","","21.9","","20.9","","94","","14.0","","18","","17","","16.1","","97.61","","30","","","","Thunderstorms"
"-80.38","43.46","KITCHENER/WATERLOO","6144239","2025-06-27 23:00","2025","06","27","23:00","","21.8","","20.8","","94","","0.8","","18","","17","","16.1","","97.55","","30","","","","Thunderstorms,Rain"
"-80.38","43.46","KITCHENER/WATERLOO","6144239","2025-06-28 00:00","2025","06","28","00:00","","22.1","","21.4","","96","","0.8","","21","","11","","14.5","","97.55","","31","","","","Thunderstorms,Rain"
"-80.38","43.46","KITCHENER/WATERLOO","6144239","2025-06-28 01:00","2025","06","28","01:00","","21.8","","20.8","","94","","0.0","","17","","18","","16.1","","97.52","","30","","","","NA"
"-80.38","43.46","KITCHENER/WATERLOO","6144239","2025-06-28 02:00","2025","06","28","02:00","","21.3","","20.7","","96","","0.0","","21","","13","","12.9","","97.46","","29","","","","NA"
"-80.38","43.46","KITCHENER/WATERLOO","6144239","2025-06-28 03:00","2025","06","28","03:00","","21.6","","21.0","","96","","0.0","","23","","17","","9.7","","97.44","","30","","","","Fog"
"-80.38","43.46","KITCHENER/WATERLOO","6144239","2025-06-28 04:00","2025","06","28","04:00","","21.4","","20.8","","96","","0.0","","23","","13","","6.4","","97.45","","30","","","","Fog"
"-80.38","43.46","KITCHENER/WATERLOO","6144239","2025-06-28 05:00","2025","06","28","05:00","","21.6","","21.0","","96","","0.0","","24","","15","","6.4","","97.48","","30","","","","Fog"
"-80.38","43.46","KITCHENER/WATERLOO","6144239","2025-06-28 06:00","2025","06","28","06:00","","22.0","","21.0","","94","","0.0","","24","","17","","11.3","","97.56","","30","","","","NA"
"-80.38","43.46","KITCHENER/WATERLOO","6144239","2025-06-28 07:00","2025","06","28","07:00","","22.8","","21.1","","90","","0.0","","26","","17","","16.1","","97.56","","31","","","","NA"
"-80.38","43.46","KITCHENER/WATERLOO","6144239","2025-06-28 08:00","2025","06","28","08:00","","23.9","","20.0","","79","","0.2","","26","","32","","16.1","","97.60","","31","","","","NA"
"-80.38","43.46","KITCHENER/WATERLOO","6144239","2025-06-28 09:00","2025","06","28","09:00","","22.7","","19.2","","80","","0.0","","28","","26","","16.1","","97.64","","30","","","","NA"
"-80.38","43.46","KITCHENER/WATERLOO","6144239","2025-06-28 10:00","2025","06","28","10:00","","23.1","","18.7","","76","","0.0","","29","","18","","16.1","","97.63","","30","","","","NA"
"-80.38","43.46","KITCHENER/WATERLOO","6144239","2025-06-28 11:00","2025","06","28","11:00","","23.3","","18.1","","72","","0.0","","27","","17","","16.1","","97.66","","29","","","","NA"
"-80.38","43.46","KITCHENER/WATERLOO","6144239","2025-06-28 12:00","2025","06","28","12:00","","21.1","","17.0","","77","","0.0","","32","","26","","16.1","","97.74","","26","","","","NA"
"-80.38","43.46","KITCHENER/WATERLOO","6144239","2025-06-28 13:00","2025","06","28","13:00","","20.1","","16.1","","77","","0.0","","30","","24","","16.1","","97.77","","25","","","","NA"
"-80.38","43.46","KITCHENER/WATERLOO","6144239","2025-06-28 14:00","2025","06","28","14:00","","19.5","","15.4","","77","","0.0","","29","","24","","16.1","","97.79","","","","","","NA"
"-80.38","43.46","KITCHENER/WATERLOO","6144239","2025-06-28 15:00","2025","06","28","15:00","","19.7","","14.8","","73","","0.0","","28","","28","","16.1","","97.78","","","","","","NA"
"-80.38","43.46","KITCHENER/WATERLOO","6144239","2025-06-28 16:00","2025","06","28","16:00","","20.4","","15.3","","72","","0.0","","31","","21","","16.1","","97.74","","25","","","","NA"
"-80.38","43.46","KITCHENER/WATERLOO","6144239","2025-06-28 17:00","2025","06","28","17:00","","20.5","","14.1","","66","","0.0","","28","","30","","16.1","","97.74","","","","","","NA"
"-80.38","43.46","KITCHENER/WATERLOO","6144239","2025-06-28 18:00","2025","06","28","18:00","","20.5","","14.2","","67","","0.0","","29","","21","","16.1","","97.78","","","","","","NA"
"-80.38","43.46","KITCHENER/WATERLOO","6144239","2025-06-28 19:00","2025","06","28","19:00","","19.9","","13.9","","68","","0.0","","29","","11","","16.1","","97.83","","","","","","NA"
"-80.38","43.46","KITCHENER/WATERLOO","6144239","2025-06-28 20:00","2025","06","28","20:00","","17.8","","13.6","","76","","0.0","","30","","9","","16.1","","97.84","","","","","","NA"
"-80.38","43.46","KITCHENER/WATERLOO","6144239","2025-06-28 21:00","2025","06","28","21:00","","16.5","","13.6","","83","","0.0","","29","","4","","16.1","","97.87","","","","","","NA"
"-80.38","43.46","KITCHENER/WATERLOO","6144239","2025-06-28 22:00","2025","06","28","22:00","","13.9","","12.9","","93","","0.0","","29","","5","","16.1","","97.89","","","","","","NA"
"-80.38","43.46","KITCHENER/WATERLOO","6144239","2025-06-28 23:00","2025","06","28","23:00","","13.9","","13.1","","95","","0.0","","","","0","","16.1","","97.94","","","","","","NA"
"-80.38","43.46","KITCHENER/WATERLOO","6144239","2025-06-29 00:00","2025","06","29","00:00","","12.9","","12.4","","97","","0.0","","","M","4","","12.9","","97.93","","","","","","NA"
"-80.38","43.46","KITCHENER/WATERLOO","6144239","2025-06-29 01:00","2025","06","29","01:00","","12.8","","12.5","","98","","0.0","","32","","4","","2.4","","97.94","","","","","","Fog"
"-80.38","43.46","KITCHENER/WATERLOO","6144239","2025-06-29 02:00","2025","06","29","02:00","","12.5","","12.2","","98","","0.0","","26","","5","","1.6","","97.93","","","","","","Fog"
"-80.38","43.46","KITCHENER/WATERLOO","6144239","2025-06-29 03:00","2025","06","29","03:00","","12.5","","12.2","","98","","0.0","","6","","5","","4.0","","97.93","","","","","","Fog"
"-80.38","43.46","KITCHENER/WATERLOO","6144239","2025-06-29 04:00","2025","06","29","04:00","","11.2","","10.9","","98","","0.0","","","","0","","1.2","","97.95","","","","","","Fog"
"-80.38","43.46","KITCHENER/WATERLOO","6144239","2025-06-29 05:00","2025","06","29","05:00","","11.6","","11.3","","98","","0.0","","","","0","","0.4","","98.01","","","","","","Fog"
"-80.38","43.46","KITCHENER/WATERLOO","6144239","2025-06-29 06:00","2025","06","29","06:00","","13.4","","13.1","","98","","0.0","","","","0","","11.3","","98.06","","","","","","NA"
"-80.38","43.46","KITCHENER/WATERLOO","6144239","2025-06-29 07:00","2025","06","29","07:00","","16.5","","14.9","","90","","0.0","","17","","5","","16.1","","98.08","","","","","","NA"
"-80.38","43.46","KITCHENER/WATERLOO","6144239","2025-06-29 08:00","2025","06","29","08:00","","18.5","","14.6","","78","","0.0","","19","","5","","16.1","","98.08","","","","","","NA"
"-80.38","43.46","KITCHENER/WATERLOO","6144239","2025-06-29 09:00","2025","06","29","09:00","","20.4","","16.0","","75","","0.0","","17","","8","","16.1","","98.06","","25","","","","NA"
"-80.38","43.46","KITCHENER/WATERLOO","6144239","2025-06-29 10:00","2025","06","29","10:00","","22.1","","16.3","","69","","0.0","","15","","9","","16.1","","98.02","","27","","","","NA"
"-80.38","43.46","KITCHENER/WATERLOO","6144239","2025-06-29 11:00","2025","06","29","11:00","","24.2","","16.0","","60","","0.0","","","M","13","","16.1","","98.03","","29","","","","NA"
"-80.38","43.46","KITCHENER/WATERLOO","6144239","2025-06-29 12:00","2025","06","29","12:00","","25.1","","17.1","","61","","0.0","","","M","5","","16.1","","98.03","","30","","","","NA"
"-80.38","43.46","KITCHENER/WATERLOO","6144239","2025-06-29 13:00","2025","06","29","13:00","","25.7","","16.7","","57","","0.0","","30","","9","","16.1","","98.00","","31","","","","NA"
"-80.38","43.46","KITCHENER/WATERLOO","6144239","2025-06-29 14:00","2025","06","29","14:00","","26.2","","15.8","","52","","0.0","","32","","11","","16.1","","97.99","","31","","","","NA"
"-80.38","43.46","KITCHENER/WATERLOO","6144239","2025-06-29 15:00","2025","06","29","15:00","","27.1","","17.1","","54","","0.0","","32","","8","","16.1","","97.91","","32","","","","NA"
"-80.38","43.46","KITCHENER/WATERLOO","6144239","2025-06-29 16:00","2025","06","29","16:00","","27.5","","16.7","","51","","0.0","","26","","11","","16.1","","97.83","","33","","","","NA"
"-80.38","43.46","KITCHENER/WATERLOO","6144239","2025-06-29 17:00","2025","06","29","17:00","","27.4","","16.6","","51","","0.0","","17","","11","","16.1","","97.70","","32","","","","NA"
"-80.38","43.46","KITCHENER/WATERLOO","6144239","2025-06-29 18:00","2025","06","29","18:00","","26.9","","17.3","","55","","0.0","","18","","18","","16.1","","97.66","","32","","","","NA"
"-80.38","43.46","KITCHENER/WATERLOO","6144239","2025-06-29 19:00","2025","06","29","19:00","","26.0","","17.6","","59","","0.0","","20","","11","","16.1","","97.67","","32","","","","NA"
"-80.38","43.46","KITCHENER/WATERLOO","6144239","2025-06-29 20:00","2025","06","29","20:00","","24.9","","17.0","","61","","0.0","","20","","5","","16.1","","97.71","","30","","","","NA"
"-80.38","43.46","KITCHENER/WATERLOO","6144239","2025-06-29 21:00","2025","06","29","21:00","","21.4","","17.3","","77","","0.0","","17","","9","","14.5","","97.79","","27","","","","NA"
"-80.38","43.46","KITCHENER/WATERLOO","6144239","2025-06-29 22:00","2025","06","29","22:00","","20.3","","16.0","","76","","0.0","","15","","9","","16.1","","97.77","","25","","","","NA"
"-80.38","43.46","KITCHENER/WATERLOO","6144239","2025-06-29 23:00","2025","06","29","23:00","","18.9","","15.9","","82","","0.0","","","","0","","16.1","","97.76","","","","","","NA"
"-80.38","43.46","KITCHENER/WATERLOO","6144239","2025-06-30 00:00","2025","06","30","00:00","","17.0","","15.7","","92","","0.0","","","M","4","","16.1","","97.77","","","","","","NA"
"-80.38","43.46","KITCHENER/WATERLOO","6144239","2025-06-30 01:00","2025","06","30","01:00","","16.1","","15.0","","93","","0.0","","","","0","","16.1","","97.75","","","","","","NA"
"-80.38","43.46","KITCHENER/WATERLOO","6144239","2025-06-30 02:00","2025","06","30","02:00","","14.8","","14.5","","98","","0.0","","","","0","","2.4","","97.71","","","","","","Fog"
"-80.38","43.46","KITCHENER/WATERLOO","6144239","2025-06-30 03:00","2025","06","30","03:00","","14.1","","13.8","","98","","0.0","","7","","4","","6.4","","97.68","","","","","","Fog"
"-80.38","43.46","KITCHENER/WATERLOO","6144239","2025-06-30 04:00","2025","06","30","04:00","","14.0","","13.7","","98","","0.0","","1","","4","","4.8","","97.68","","","","","","Fog"
"-80.38","43.46","KITCHENER/WATERLOO","6144239","2025-06-30 05:00","2025","06","30","05:00","","14.3","","14.0","","98","","0.0","","","","0","","0.4","","97.67","","","","","","Fog"
"-80.38","43.46","KITCHENER/WATERLOO","6144239","2025-06-30 06:00","2025","06","30","06:00","","16.1","","15.9","","99","","0.0","","","M","4","","6.4","","97.65","","","","","","Fog"
"-80.38","43.46","KITCHENER/WATERLOO","6144239","2025-06-30 07:00","2025","06","30","07:00","","20.9","","16.6","","76","","0.0","","12","","5","","16.1","","97.64","","26","","","","NA"
"-80.38","43.46","KITCHENER/WATERLOO","6144239","2025-06-30 08:00","2025","06","30","08:00","","23.3","","17.1","","68","","0.0","","14","","5","","16.1","","97.62","","29","","","","NA"
"-80.38","43.46","KITCHENER/WATERLOO","6144239","2025-06-30 09:00","2025","06","30","09:00","","24.9","","19.6","","72","","0.0","","15","","9","","16.1","","97.60","","32","","","","NA"
"-80.38","43.46","KITCHENER/WATERLOO","6144239","2025-06-30 10:00","2025","06","30","10:00","","25.0","","20.8","","77","","0.0","","13","","9","","16.1","","97.54","","33","","","","Rain"
"-80.38","43.46","KITCHENER/WATERLOO","6144239","2025-06-30 11:00","2025","06","30","11:00","","25.1","","21.7","","81","","0.0","","16","","13","","16.1","","97.51","","34","","","","NA"
"-80.38","43.46","KITCHENER/WATERLOO","6144239","2025-06-30 12:00","2025","06","30","12:00","","26.3","","22.7","","80","","0.0","","18","","21","","16.1","","97.45","","36","","","","NA"
"-80.38","43.46","KITCHENER/WATERLOO","6144239","2025-06-30 13:00","2025","06","30","13:00","","24.4","","20.5","","79","","0.0","","17","","18","","16.1","","97.43","","32","","","","NA"
"-80.38","43.46","KITCHENER/WATERLOO","6144239","2025-06-30 14:00","2025","06","30","14:00","","24.3","","19.5","","74","","0.0","","16","","18","","16.1","","97.35","","31","","","","NA"
"-80.38","43.46","KITCHENER/WATERLOO","6144239","2025-06-30 15:00","2025","06","30","15:00","","22.2","","21.2","","94","","2.0","","13","","8","","11.3","","97.34","","31","","","","Rain"
"-80.38","43.46","KITCHENER/WATERLOO","6144239","2025-06-30 16:00","2025","06","30","16:00","","23.1","","22.1","","94","","0.5","","15","","9","","16.1","","97.25","","33","","","","Rain"
"-80.38","43.46","KITCHENER/WATERLOO","6144239","2025-06-30 17:00","2025","06","30","17:00","","24.0","","22.7","","92","","0.0","","18","","9","","16.1","","97.20","","34","","","","NA"
"-80.38","43.46","KITCHENER/WATERLOO","6144239","2025-06-30 18:00","2025","06","30","18:00","","24.1","","22.9","","93","","0.0","","17","","9","","16.1","","97.15","","34","","","","NA"
"-80.38","43.46","KITCHENER/WATERLOO","6144239","2025-06-30 19:00","2025","06","30","19:00","","24.0","","22.8","","93","","0.0","","16","","9","","16.1","","97.15","","34","","","","NA"
"-80.38","43.46","KITCHENER/WATERLOO","6144239","2025-06-30 20:00","2025","06","30","20:00","","23.3","","22.1","","93","","0.0","","15","","15","","16.1","","97.12","","33","","","","NA"
"-80.38","43.46","KITCHENER/WATERLOO","6144239","2025-06-30 21:00","2025","06","30","21:00","","22.4","","21.7","","96","","0.0","","14","","13","","16.1","","97.09","","31","","","","NA"
"-80.38","43.46","KITCHENER/WATERLOO","6144239","2025-06-30 22:00","2025","06","30","22:00","","21.9","","21.2","","96","","0.0","","18","","9","","16.1","","97.12","","30","","","","NA"
"-80.38","43.46","KITCHENER/WATERLOO","6144239","2025-06-30 23:00","2025","06","30","23:00","","21.8","","21.2","","96","","0.0","","22","","11","","16.1","","97.14","","30","","","","NA"
