"Longitude (x)","Latitude (y)","Station Name","Climate ID","Date/Time (LST)","Year","Month","Day","Time (LST)","Flag","Temp (°C)","Temp Flag","Dew Point Temp (°C)","Dew Point Temp Flag","Rel Hum (%)","Rel Hum Flag","Precip. Amount (mm)","Precip. Amount Flag","Wind Dir (10s deg)","Wind Dir Flag","Wind Spd (km/h)","Wind Spd Flag","Visibility (km)","Visibility Flag","Stn Press (kPa)","Stn Press Flag","Hmdx","Hmdx Flag","Wind Chill","Wind Chill Flag","Weather"
"-80.38","43.46","KITCHENER/WATERLOO","6144239","2024-12-01 00:00","2024","12","01","00:00","","-6.1","","-8.2","","85","","0.0","","","M","","M","16.1","","97.50","","","","","","NA"
"-80.38","43.46","KITCHENER/WATERLOO","6144239","2024-12-01 01:00","2024","12","01","01:00","","-5.4","","-8.0","","82","","0.0","","","M","","M","16.1","","97.46","","","","","","Snow"
"-80.38","43.46","KITCHENER/WATERLOO","6144239","2024-12-01 02:00","2024","12","01","02:00","","-5.2","","-7.8","","82","","0.0","","","M","","M","16.1","","97.46","","","","","","Snow"
"-80.38","43.46","KITCHENER/WATERLOO","6144239","2024-12-01 03:00","2024","12","01","03:00","","-5.3","","-7.8","","83","","0.0","","","M","","M","16.1","","97.49","","","","","","Snow"
"-80.38","43.46","KITCHENER/WATERLOO","6144239","2024-12-01 04:00","2024","12","01","04:00","","-5.2","","-7.8","","82","","0.0","","","M","","M","16.1","","97.48","","","","","","Snow"
"-80.38","43.46","KITCHENER/WATERLOO","6144239","2024-12-01 05:00","2024","12","01","05:00","","-5.4","","-7.7","","84","","0.0","","","M","","M","16.1","","97.46","","","","","","Snow"
"-80.38","43.46","KITCHENER/WATERLOO","6144239","2024-12-01 06:00","2024","12","01","06:00","","-5.9","","-8.0","","85","","0.0","","","M","","M","16.1","","97.48","","","","","","Snow"
"-80.38","43.46","KITCHENER/WATERLOO","6144239","2024-12-01 07:00","2024","12","01","07:00","","-6.3","","-8.2","","87","","0.0","","","M","","M","16.1","","97.51","","","","","","Snow"
"-80.38","43.46","KITCHENER/WATERLOO","6144239","2024-12-01 08:00","2024","12","01","08:00","","-5.5","","-7.5","","86","","0.0","","","M","","M","16.1","","97.51","","","","","","NA"
"-80.38","43.46","KITCHENER/WATERLOO","6144239","2024-12-01 09:00","2024","12","01","09:00","","-4.7","","-7.0","","84","","0.0","","","M","","M","16.1","","97.53","","","","","","Snow"
"-80.38","43.46","KITCHENER/WATERLOO","6144239","2024-12-01 10:00","2024","12","01","10:00","","-3.9","","-6.6","","82","","0.0","","","M","","M","16.1","","97.55","","","","","","Snow"
"-80.38","43.46","KITCHENER/WATERLOO","6144239","2024-12-01 11:00","2024","12","01","11:00","","-2.3","","-6.2","","75","","0.0","","","M","","M","16.1","","97.56","","","","","","NA"
"-80.38","43.46","KITCHENER/WATERLOO","6144239","2024-12-01 12:00","2024","12","01","12:00","","-2.1","","-5.9","","75","","0.0","","","M","","M","16.1","","97.56","","","","","","NA"
"-80.38","43.46","KITCHENER/WATERLOO","6144239","2024-12-01 13:00","2024","12","01","13:00","","-1.6","","-5.7","","74","","0.0","","","M","","M","16.1","","97.57","","","","","","Snow"
"-80.38","43.46","KITCHENER/WATERLOO","6144239","2024-12-01 14:00","2024","12","01","14:00","","-1.8","","-5.5","","76","","0.0","","","M","","M","16.1","","97.56","","","","","","Snow"
"-80.38","43.46","KITCHENER/WATERLOO","6144239","2024-12-01 15:00","2024","12","01","15:00","","-1.8","","-5.3","","77","","0.0","","","M","","M","16.1","","97.59","","","","","","Snow"
"-80.38","43.46","KITCHENER/WATERLOO","6144239","2024-12-01 16:00","2024","12","01","16:00","","-2.1","","-4.6","","83","","0.0","","","M","","M","2.8","","97.66","","","","","","Snow"
"-80.38","43.46","KITCHENER/WATERLOO","6144239","2024-12-01 17:00","2024","12","01","17:00","","-2.8","","-3.8","","93","","0.2","","","M","","M","1.2","","97.71","","","","","","Snow"
"-80.38","43.46","KITCHENER/WATERLOO","6144239","2024-12-01 18:00","2024","12","01","18:00","","-3.0","","-3.8","","94","","1.5","","","M","","M","1.6","","97.75","","","","","","Snow"
"-80.38","43.46","KITCHENER/WATERLOO","6144239","2024-12-01 19:00","2024","12","01","19:00","","-3.0","","-3.8","","94","","0.8","","","M","","M","2.8","","97.78","","","","","","Snow"
"-80.38","43.46","KITCHENER/WATERLOO","6144239","2024-12-01 20:00","2024","12","01","20:00","","-2.9","","-3.9","","93","","0.8","","","M","","M","2.4","","97.80","","","","","","Snow"
"-80.38","43.46","KITCHENER/WATERLOO","6144239","2024-12-01 21:00","2024","12","01","21:00","","-3.0","","-4.3","","91","","0.2","","","M","","M","16.1","","97.80","","","","","","Snow"
"-80.38","43.46","KITCHENER/WATERLOO","6144239","2024-12-01 22:00","2024","12","01","22:00","","-2.8","","-4.1","","91","","0.0","","","M","","M","16.1","","97.83","","","","","","Snow"
"-80.38","43.46","KITCHENER/WATERLOO","6144239","2024-12-01 23:00","2024","12","01","23:00","","-3.4","","-4.5","","92","","0.0","","","M","","M","14.5","","97.86","","","","","","Snow"
"-80.38","43.46","KITCHENER/WATERLOO","6144239","2024-12-02 00:00","2024","12","02","00:00","","-3.0","","-4.1","","92","","0.0","","","M","","M","16.1","","97.90","","","","","","NA"
"-80.38","43.46","KITCHENER/WATERLOO","6144239","2024-12-02 01:00","2024","12","02","01:00","","-3.8","","-4.6","","94","","0.0","","","M","","M","16.1","","97.90","","","","","","NA"
"-80.38","43.46","KITCHENER/WATERLOO","6144239","2024-12-02 02:00","2024","12","02","02:00","","-4.1","","-4.8","","95","","0.0","","","M","","M","12.9","","97.94","","","","","","NA"
"-80.38","43.46","KITCHENER/WATERLOO","6144239","2024-12-02 03:00","2024","12","02","03:00","","-6.5","","-6.8","","98","","0.0","","","M","","M","4.0","","97.99","","","","","","Fog"
"-80.38","43.46","KITCHENER/WATERLOO","6144239","2024-12-02 04:00","2024","12","02","04:00","","-8.6","","-8.9","","98","","0.0","","","M","","M","0.4","","97.99","","","","","","Freezing Fog"
"-80.38","43.46","KITCHENER/WATERLOO","6144239","2024-12-02 05:00","2024","12","02","05:00","","-8.2","","-9.0","","94","","0.0","","","M","","M","1.2","","98.06","","","","","","Snow"
"-80.38","43.46","KITCHENER/WATERLOO","6144239","2024-12-02 06:00","2024","12","02","06:00","","-5.2","","-5.9","","95","","0.0","","","M","","M","2.8","","98.07","","","","","","Snow"
"-80.38","43.46","KITCHENER/WATERLOO","6144239","2024-12-02 07:00","2024","12","02","07:00","","-4.4","","-5.0","","96","","0.0","","","M","","M","11.3","","98.13","","","","","","NA"
"-80.38","43.46","KITCHENER/WATERLOO","6144239","2024-12-02 08:00","2024","12","02","08:00","","-5.9","","-6.6","","95","","0.0","","","M","","M","2.8","","98.17","","","","","","Fog"
"-80.38","43.46","KITCHENER/WATERLOO","6144239","2024-12-02 09:00","2024","12","02","09:00","","-5.6","","-6.3","","95","","0.0","","","M","","M","16.1","","98.20","","","","","","NA"
"-80.38","43.46","KITCHENER/WATERLOO","6144239","2024-12-02 10:00","2024","12","02","10:00","","-3.8","","-4.5","","95","","0.0","","","M","","M","16.1","","98.24","","","","","","NA"
"-80.38","43.46","KITCHENER/WATERLOO","6144239","2024-12-02 11:00","2024","12","02","11:00","","-2.3","","-2.9","","96","","0.0","","","M","","M","16.1","","98.26","","","","","","NA"
"-80.38","43.46","KITCHENER/WATERLOO","6144239","2024-12-02 12:00","2024","12","02","12:00","","-1.6","","-3.5","","87","","0.0","","","M","","M","16.1","","98.24","","","","","","NA"
"-80.38","43.46","KITCHENER/WATERLOO","6144239","2024-12-02 13:00","2024","12","02","13:00","","-0.4","","-3.7","","78","","0.0","","","M","","M","16.1","","98.22","","","","","","NA"
"-80.38","43.46","KITCHENER/WATERLOO","6144239","2024-12-02 14:00","2024","12","02","14:00","","-0.4","","-3.8","","78","","0.0","","","M","","M","16.1","","98.22","","","","","","NA"
"-80.38","43.46","KITCHENER/WATERLOO","6144239","2024-12-02 15:00","2024","12","02","15:00","","-0.7","","-3.6","","81","","0.0","","","M","","M","16.1","","98.24","","","","","","NA"
"-80.38","43.46","KITCHENER/WATERLOO","6144239","2024-12-02 16:00","2024","12","02","16:00","","-1.1","","-3.8","","82","","0.0","","","M","","M","16.1","","98.27","","","","","","NA"
"-80.38","43.46","KITCHENER/WATERLOO","6144239","2024-12-02 17:00","2024","12","02","17:00","","-0.8","","-3.3","","83","","0.0","","","M","","M","16.1","","98.31","","","","","","NA"
"-80.38","43.46","KITCHENER/WATERLOO","6144239","2024-12-02 18:00","2024","12","02","18:00","","-1.8","","-3.4","","89","","0.0","","","M","","M","16.1","","98.35","","","","","","NA"
"-80.38","43.46","KITCHENER/WATERLOO","6144239","2024-12-02 19:00","2024","12","02","19:00","","-2.1","","-3.4","","91","","0.0","","","M","","M","16.1","","98.35","","","","","","NA"
"-80.38","43.46","KITCHENER/WATERLOO","6144239","2024-12-02 20:00","2024","12","02","20:00","","-2.9","","-4.0","","92","","0.0","","","M","","M","16.1","","98.37","","","","","","NA"
"-80.38","43.46","KITCHENER/WATERLOO","6144239","2024-12-02 21:00","2024","12","02","21:00","","-3.7","","-4.1","","97","","0.0","","","M","","M","1.6","","98.37","","","","","","Fog"
"-80.38","43.46","KITCHENER/WATERLOO","6144239","2024-12-02 22:00","2024","12","02","22:00","","-4.4","","-4.9","","96","","0.0","","","M","","M","2.4","","98.39","","","","","","Snow"
"-80.38","43.46","KITCHENER/WATERLOO","6144239","2024-12-02 23:00","2024","12","02","23:00","","-3.7","","-4.3","","96","","0.0","","","M","","M","16.1","","98.40","","","","","","Snow"
"-80.38","43.46","KITCHENER/WATERLOO","6144239","2024-12-03 00:00","2024","12","03","00:00","","-3.2","","-3.8","","96","","0.0","","","M","","M","8.1","","98.40","","","","","","Snow"
"-80.38","43.46","KITCHENER/WATERLOO","6144239","2024-12-03 01:00","2024","12","03","01:00","","-3.0","","-3.6","","96","","0.0","","","M","","M","16.1","","98.41","","","","","","NA"
"-80.38","43.46","KITCHENER/WATERLOO","6144239","2024-12-03 02:00","2024","12","03","02:00","","-2.7","","-3.4","","95","","0.0","","","M","","M","16.1","","98.42","","","","","","NA"
"-80.38","43.46","KITCHENER/WATERLOO","6144239","2024-12-03 03:00","2024","12","03","03:00","","-3.0","","-4.0","","93","","0.0","","","M","","M","16.1","","98.46","","","","","","NA"
"-80.38","43.46","KITCHENER/WATERLOO","6144239","2024-12-03 04:00","2024","12","03","04:00","","-4.7","","-5.5","","94","","0.0","","","M","","M","16.1","","98.50","","","","","","NA"
"-80.38","43.46","KITCHENER/WATERLOO","6144239","2024-12-03 05:00","2024","12","03","05:00","","-4.6","","-5.7","","92","","0.0","","","M","","M","16.1","","98.55","","","","","","NA"
"-80.38","43.46","KITCHENER/WATERLOO","6144239","2024-12-03 06:00","2024","12","03","06:00","","-5.8","","-6.8","","93","","0.0","","","M","","M","16.1","","98.59","","","","","","NA"
"-80.38","43.46","KITCHENER/WATERLOO","6144239","2024-12-03 07:00","2024","12","03","07:00","","-6.9","","-7.7","","94","","0.0","","","M","","M","16.1","","98.65","","","","","","NA"
"-80.38","43.46","KITCHENER/WATERLOO","6144239","2024-12-03 08:00","2024","12","03","08:00","","-7.7","","-8.5","","94","","0.0","","","M","","M","16.1","","98.70","","","","","","NA"
"-80.38","43.46","KITCHENER/WATERLOO","6144239","2024-12-03 09:00","2024","12","03","09:00","","-6.0","","-7.1","","92","","0.0","","","M","","M","16.1","","98.74","","","","","","NA"
"-80.38","43.46","KITCHENER/WATERLOO","6144239","2024-12-03 10:00","2024","12","03","10:00","","-4.5","","-6.1","","89","","0.0","","","M","","M","16.1","","98.77","","","","","","NA"
"-80.38","43.46","KITCHENER/WATERLOO","6144239","2024-12-03 11:00","2024","12","03","11:00","","-2.4","","-5.6","","79","","0.0","","","M","","M","16.1","","98.76","","","","","","NA"
"-80.38","43.46","KITCHENER/WATERLOO","6144239","2024-12-03 12:00","2024","12","03","12:00","","-0.9","","-6.9","","64","","0.0","","","M","","M","16.1","","98.70","","","","","","NA"
"-80.38","43.46","KITCHENER/WATERLOO","6144239","2024-12-03 13:00","2024","12","03","13:00","","-1.5","","-5.9","","72","","0.0","","","M","","M","16.1","","98.65","","","","","","NA"
"-80.38","43.46","KITCHENER/WATERLOO","6144239","2024-12-03 14:00","2024","12","03","14:00","","-1.8","","-6.6","","70","","0.0","","","M","","M","16.1","","98.64","","","","","","NA"
"-80.38","43.46","KITCHENER/WATERLOO","6144239","2024-12-03 15:00","2024","12","03","15:00","","-1.5","","-5.0","","77","","0.0","","","M","","M","16.1","","98.61","","","","","","Snow"
"-80.38","43.46","KITCHENER/WATERLOO","6144239","2024-12-03 16:00","2024","12","03","16:00","","-1.9","","-3.7","","88","","0.0","","","M","","M","8.1","","98.62","","","","","","Snow"
"-80.38","43.46","KITCHENER/WATERLOO","6144239","2024-12-03 17:00","2024","12","03","17:00","","-2.4","","-4.1","","88","","0.0","","","M","","M","16.1","","98.57","","","","","","NA"
"-80.38","43.46","KITCHENER/WATERLOO","6144239","2024-12-03 18:00","2024","12","03","18:00","","-2.8","","-4.5","","88","","0.0","","","M","","M","16.1","","98.55","","","","","","NA"
"-80.38","43.46","KITCHENER/WATERLOO","6144239","2024-12-03 19:00","2024","12","03","19:00","","-2.9","","-5.6","","82","","0.0","","","M","","M","16.1","","98.50","","","","","","NA"
"-80.38","43.46","KITCHENER/WATERLOO","6144239","2024-12-03 20:00","2024","12","03","20:00","","-2.7","","-4.6","","87","","0.0","","","M","","M","4.8","","98.43","","","","","","Snow"
"-80.38","43.46","KITCHENER/WATERLOO","6144239","2024-12-03 21:00","2024","12","03","21:00","","-3.0","","-5.5","","83","","0.0","","","M","","M","16.1","","98.36","","","","","","NA"
"-80.38","43.46","KITCHENER/WATERLOO","6144239","2024-12-03 22:00","2024","12","03","22:00","","-3.0","","-5.3","","84","","0.0","","","M","","M","16.1","","98.30","","","","","","NA"
"-80.38","43.46","KITCHENER/WATERLOO","6144239","2024-12-03 23:00","2024","12","03","23:00","","-3.1","","-5.3","","85","","0.0","","","M","","M","16.1","","98.27","","","","","","NA"
"-80.38","43.46","KITCHENER/WATERLOO","6144239","2024-12-04 00:00","2024","12","04","00:00","","-2.8","","-5.1","","84","","0.0","","","M","","M","16.1","","98.20","","","","","","NA"
"-80.38","43.46","KITCHENER/WATERLOO","6144239","2024-12-04 01:00","2024","12","04","01:00","","-2.8","","-5.0","","85","","0.0","","","M","","M","16.1","","98.13","","","","","","NA"
"-80.38","43.46","KITCHENER/WATERLOO","6144239","2024-12-04 02:00","2024","12","04","02:00","","-2.6","","-5.3","","82","","0.0","","","M","","M","16.1","","98.05","","","","","","NA"
"-80.38","43.46","KITCHENER/WATERLOO","6144239","2024-12-04 03:00","2024","12","04","03:00","","-2.5","","-6.0","","77","","0.0","","","M","","M","16.1","","97.97","","","","","","NA"
"-80.38","43.46","KITCHENER/WATERLOO","6144239","2024-12-04 04:00","2024","12","04","04:00","","-2.8","","-7.0","","73","","0.0","","","M","","M","16.1","","97.83","","","","","","NA"
"-80.38","43.46","KITCHENER/WATERLOO","6144239","2024-12-04 05:00","2024","12","04","05:00","","-2.4","","-6.9","","71","","0.0","","","M","","M","16.1","","97.73","","","","","","NA"
"-80.38","43.46","KITCHENER/WATERLOO","6144239","2024-12-04 06:00","2024","12","04","06:00","","-2.9","","-7.3","","72","","0.0","","","M","","M","16.1","","97.64","","","","","","NA"
"-80.38","43.46","KITCHENER/WATERLOO","6144239","2024-12-04 07:00","2024","12","04","07:00","","-2.7","","-5.7","","80","","0.0","","","M","","M","14.5","","97.49","","","","","","Snow"
"-80.38","43.46","KITCHENER/WATERLOO","6144239","2024-12-04 08:00","2024","12","04","08:00","","-2.5","","-3.8","","91","","0.0","","","M","","M","2.0","","97.31","","","","","","Snow"
"-80.38","43.46","KITCHENER/WATERLOO","6144239","2024-12-04 09:00","2024","12","04","09:00","","-2.5","","-3.6","","92","","0.2","","","M","","M","1.2","","97.17","","","","","","Snow"
"-80.38","43.46","KITCHENER/WATERLOO","6144239","2024-12-04 10:00","2024","12","04","10:00","","-2.5","","-4.2","","88","","0.0","","","M","","M","6.4","","97.02","","","","","","Snow"
"-80.38","43.46","KITCHENER/WATERLOO","6144239","2024-12-04 11:00","2024","12","04","11:00","","-2.6","","-4.2","","89","","0.0","","","M","","M","1.6","","96.88","","","","","","Snow"
"-80.38","43.46","KITCHENER/WATERLOO","6144239","2024-12-04 12:00","2024","12","04","12:00","","-1.8","","-4.5","","82","","0.2","","","M","","M","12.9","","96.68","","","","","","Snow"
"-80.38","43.46","KITCHENER/WATERLOO","6144239","2024-12-04 13:00","2024","12","04","13:00","","-1.7","","-3.6","","87","","0.0","","","M","","M","6.4","","96.53","","","","","","Snow"
"-80.38","43.46","KITCHENER/WATERLOO","6144239","2024-12-04 14:00","2024","12","04","14:00","","-1.5","","-3.4","","87","","0.0","","","M","","M","6.4","","96.36","","","","","","Snow"
"-80.38","43.46","KITCHENER/WATERLOO","6144239","2024-12-04 15:00","2024","12","04","15:00","","-1.4","","-2.8","","90","","0.0","","","M","","M","8.1","","96.23","","","","","","Snow"
"-80.38","43.46","KITCHENER/WATERLOO","6144239","2024-12-04 16:00","2024","12","04","16:00","","-1.1","","-2.1","","93","","0.0","","","M","","M","9.7","","96.20","","","","","","Snow"
"-80.38","43.46","KITCHENER/WATERLOO","6144239","2024-12-04 17:00","2024","12","04","17:00","","-0.8","","-2.7","","87","","0.5","","","M","","M","4.8","","96.09","","","","","","Snow"
"-80.38","43.46","KITCHENER/WATERLOO","6144239","2024-12-04 18:00","2024","12","04","18:00","","-0.9","","-2.0","","92","","0.0","","","M","","M","2.0","","96.04","","","","","","Snow"
"-80.38","43.46","KITCHENER/WATERLOO","6144239","2024-12-04 19:00","2024","12","04","19:00","","-0.5","","-1.8","","91","","0.2","","","M","","M","2.8","","95.96","","","","","","Snow"
"-80.38","43.46","KITCHENER/WATERLOO","6144239","2024-12-04 20:00","2024","12","04","20:00","","-0.1","","-1.5","","90","","0.2","","","M","","M","4.0","","95.87","","","","","","Snow"
"-80.38","43.46","KITCHENER/WATERLOO","6144239","2024-12-04 21:00","2024","12","04","21:00","","0.1","","-1.7","","88","","0.0","","","M","","M","12.9","","95.80","","","","","","Snow"
"-80.38","43.46","KITCHENER/WATERLOO","6144239","2024-12-04 22:00","2024","12","04","22:00","","0.1","","-2.5","","83","","0.0","","","M","","M","14.5","","95.77","","","","","","NA"
"-80.38","43.46","KITCHENER/WATERLOO","6144239","2024-12-04 23:00","2024","12","04","23:00","","-0.7","","-3.4","","82","","0.0","","","M","","M","16.1","","95.80","","","","","","NA"
"-80.38","43.46","KITCHENER/WATERLOO","6144239","2024-12-05 00:00","2024","12","05","00:00","","-0.9","","-3.3","","84","","0.0","","","M","","M","6.4","","95.78","","","","","","Snow"
"-80.38","43.46","KITCHENER/WATERLOO","6144239","2024-12-05 01:00","2024","12","05","01:00","","-1.6","","-2.6","","93","","0.0","","","M","","M","2.4","","95.71","","","","","","Snow"
"-80.38","43.46","KITCHENER/WATERLOO","6144239","2024-12-05 02:00","2024","12","05","02:00","","-2.8","","-3.2","","97","","0.0","","","M","","M","9.7","","95.63","","","","","","Fog"
"-80.38","43.46","KITCHENER/WATERLOO","6144239","2024-12-05 03:00","2024","12","05","03:00","","-2.2","","-2.8","","96","","0.2","","","M","","M","2.0","","95.58","","","","","","Snow"
"-80.38","43.46","KITCHENER/WATERLOO","6144239","2024-12-05 04:00","2024","12","05","04:00","","-2.3","","-2.7","","97","","0.0","","","M","","M","4.0","","95.63","","","","","","Snow"
"-80.38","43.46","KITCHENER/WATERLOO","6144239","2024-12-05 05:00","2024","12","05","05:00","","-2.7","","-3.8","","92","","0.8","","","M","","M","2.0","","95.81","","","","","","Snow"
"-80.38","43.46","KITCHENER/WATERLOO","6144239","2024-12-05 06:00","2024","12","05","06:00","","-2.2","","-7.5","","67","","0.5","","","M","","M","16.1","","95.94","","","","","","NA"
"-80.38","43.46","KITCHENER/WATERLOO","6144239","2024-12-05 07:00","2024","12","05","07:00","","-2.6","","-7.0","","72","","0.0","","","M","","M","16.1","","96.16","","","","","","NA"
"-80.38","43.46","KITCHENER/WATERLOO","6144239","2024-12-05 08:00","2024","12","05","08:00","","-2.8","","-5.1","","84","","0.0","","","M","","M","16.1","","96.33","","","","","","NA"
"-80.38","43.46","KITCHENER/WATERLOO","6144239","2024-12-05 09:00","2024","12","05","09:00","","-2.2","","-6.0","","76","","0.0","","","M","","M","8.1","","96.43","","","","","","Haze"
"-80.38","43.46","KITCHENER/WATERLOO","6144239","2024-12-05 10:00","2024","12","05","10:00","","-2.4","","-6.2","","75","","0.0","","","M","","M","6.4","","96.55","","","","","","Snow"
"-80.38","43.46","KITCHENER/WATERLOO","6144239","2024-12-05 11:00","2024","12","05","11:00","","-2.3","","-5.3","","80","","0.0","","","M","","M","4.0","","96.65","","","","","","Snow"
"-80.38","43.46","KITCHENER/WATERLOO","6144239","2024-12-05 12:00","2024","12","05","12:00","","-2.1","","-4.9","","81","","0.0","","","M","","M","6.4","","96.74","","","","","","Snow"
"-80.38","43.46","KITCHENER/WATERLOO","6144239","2024-12-05 13:00","2024","12","05","13:00","","-2.4","","-6.1","","76","","0.0","","","M","","M","12.9","","96.86","","","","","","Snow"
"-80.38","43.46","KITCHENER/WATERLOO","6144239","2024-12-05 14:00","2024","12","05","14:00","","-2.9","","-6.6","","76","","0.0","","31","","26","","16.1","","97.02","","","","-10","","Snow"
"-80.38","43.46","KITCHENER/WATERLOO","6144239","2024-12-05 15:00","2024","12","05","15:00","","-3.6","","-6.7","","79","","0.0","","31","","24","","9.7","","97.15","","","","-10","","Snow"
"-80.38","43.46","KITCHENER/WATERLOO","6144239","2024-12-05 16:00","2024","12","05","16:00","","-3.9","","-7.5","","76","","0.0","","31","","22","","16.1","","97.33","","","","-10","","Snow"
"-80.38","43.46","KITCHENER/WATERLOO","6144239","2024-12-05 17:00","2024","12","05","17:00","","-4.9","","-8.3","","77","","0.0","","31","","24","","16.1","","97.50","","","","-12","","Snow"
"-80.38","43.46","KITCHENER/WATERLOO","6144239","2024-12-05 18:00","2024","12","05","18:00","","-5.5","","-8.9","","77","","0.0","","30","","26","","16.1","","97.61","","","","-13","","NA"
"-80.38","43.46","KITCHENER/WATERLOO","6144239","2024-12-05 19:00","2024","12","05","19:00","","-5.3","","-9.1","","75","","0.0","","31","","26","","16.1","","97.73","","","","-13","","NA"
"-80.38","43.46","KITCHENER/WATERLOO","6144239","2024-12-05 20:00","2024","12","05","20:00","","-5.6","","-9.7","","73","","0.0","","31","","21","","16.1","","97.83","","","","-12","","NA"
"-80.38","43.46","KITCHENER/WATERLOO","6144239","2024-12-05 21:00","2024","12","05","21:00","","-5.6","","-10.0","","71","","0.0","","31","","21","","16.1","","97.91","","","","-12","","NA"
"-80.38","43.46","KITCHENER/WATERLOO","6144239","2024-12-05 22:00","2024","12","05","22:00","","-5.8","","-10.6","","69","","0.0","","31","","22","","16.1","","97.99","","","","-13","","NA"
"-80.38","43.46","KITCHENER/WATERLOO","6144239","2024-12-05 23:00","2024","12","05","23:00","","-6.8","","-11.8","","68","","0.0","","31","","15","","16.1","","98.03","","","","-13","","NA"
"-80.38","43.46","KITCHENER/WATERLOO","6144239","2024-12-06 00:00","2024","12","06","00:00","","-8.0","","-12.2","","72","","0.0","","31","","15","","16.1","","98.09","","","","-14","","NA"
"-80.38","43.46","KITCHENER/WATERLOO","6144239","2024-12-06 01:00","2024","12","06","01:00","","-9.3","","-12.8","","76","","0.0","","29","","13","","16.1","","98.12","","","","-15","","NA"
"-80.38","43.46","KITCHENER/WATERLOO","6144239","2024-12-06 02:00","2024","12","06","02:00","","-9.9","","-12.3","","83","","0.0","","30","","13","","16.1","","98.15","","","","-16","","NA"
"-80.38","43.46","KITCHENER/WATERLOO","6144239","2024-12-06 03:00","2024","12","06","03:00","","-10.4","","-12.2","","87","","0.0","","28","","11","","16.1","","98.21","","","","-16","","NA"
"-80.38","43.46","KITCHENER/WATERLOO","6144239","2024-12-06 04:00","2024","12","06","04:00","","-10.7","","-12.6","","86","","0.0","","30","","11","","16.1","","98.24","","","","-16","","NA"
"-80.38","43.46","KITCHENER/WATERLOO","6144239","2024-12-06 05:00","2024","12","06","05:00","","-12.0","","-13.8","","87","","0.0","","30","","9","","16.1","","98.26","","","","-17","","NA"
"-80.38","43.46","KITCHENER/WATERLOO","6144239","2024-12-06 06:00","2024","12","06","06:00","","-11.6","","-12.8","","91","","0.0","","30","","8","","16.1","","98.25","","","","-16","","NA"
"-80.38","43.46","KITCHENER/WATERLOO","6144239","2024-12-06 07:00","2024","12","06","07:00","","-9.0","","-10.9","","86","","0.0","","25","","15","","16.1","","98.32","","","","-16","","NA"
"-80.38","43.46","KITCHENER/WATERLOO","6144239","2024-12-06 08:00","2024","12","06","08:00","","-7.7","","-9.7","","86","","0.0","","23","","9","","16.1","","98.29","","","","-12","","Snow"
"-80.38","43.46","KITCHENER/WATERLOO","6144239","2024-12-06 09:00","2024","12","06","09:00","","-7.0","","-8.9","","86","","0.0","","22","","11","","16.1","","98.30","","","","-12","","Snow"
"-80.38","43.46","KITCHENER/WATERLOO","6144239","2024-12-06 10:00","2024","12","06","10:00","","-5.9","","-7.6","","88","","0.0","","22","","18","","6.4","","98.28","","","","-12","","Snow"
"-80.38","43.46","KITCHENER/WATERLOO","6144239","2024-12-06 11:00","2024","12","06","11:00","","-4.2","","-7.7","","77","","0.0","","24","","26","","16.1","","98.22","","","","-11","","Snow"
"-80.38","43.46","KITCHENER/WATERLOO","6144239","2024-12-06 12:00","2024","12","06","12:00","","-3.9","","-8.4","","71","","0.0","","25","","37","","14.5","","98.14","","","","-12","","NA"
"-80.38","43.46","KITCHENER/WATERLOO","6144239","2024-12-06 13:00","2024","12","06","13:00","","-3.5","","-8.7","","68","","0.0","","23","","26","","16.1","","98.07","","","","-11","","Snow"
"-80.38","43.46","KITCHENER/WATERLOO","6144239","2024-12-06 14:00","2024","12","06","14:00","","-3.9","","-8.6","","70","","0.0","","24","","26","","16.1","","98.03","","","","-11","","Snow"
"-80.38","43.46","KITCHENER/WATERLOO","6144239","2024-12-06 15:00","2024","12","06","15:00","","-4.3","","-7.6","","78","","0.0","","23","","21","","16.1","","98.00","","","","-11","","Snow"
"-80.38","43.46","KITCHENER/WATERLOO","6144239","2024-12-06 16:00","2024","12","06","16:00","","-4.2","","-7.5","","78","","0.0","","24","","22","","12.9","","97.96","","","","-11","","Snow"
"-80.38","43.46","KITCHENER/WATERLOO","6144239","2024-12-06 17:00","2024","12","06","17:00","","-4.3","","-7.6","","78","","0.0","","23","","22","","14.5","","97.95","","","","-11","","Snow"
"-80.38","43.46","KITCHENER/WATERLOO","6144239","2024-12-06 18:00","2024","12","06","18:00","","-4.0","","-8.3","","72","","0.0","","23","","21","","16.1","","97.93","","","","-10","","Snow"
"-80.38","43.46","KITCHENER/WATERLOO","6144239","2024-12-06 19:00","2024","12","06","19:00","","-3.8","","-8.5","","70","","0.0","","23","","22","","16.1","","97.91","","","","-10","","Snow"
"-80.38","43.46","KITCHENER/WATERLOO","6144239","2024-12-06 20:00","2024","12","06","20:00","","-4.1","","-7.2","","79","","0.0","","24","","21","","16.1","","97.93","","","","-11","","Snow"
"-80.38","43.46","KITCHENER/WATERLOO","6144239","2024-12-06 21:00","2024","12","06","21:00","","-4.3","","-6.6","","84","","0.0","","23","","21","","12.9","","97.89","","","","-11","","Snow"
"-80.38","43.46","KITCHENER/WATERLOO","6144239","2024-12-06 22:00","2024","12","06","22:00","","-4.3","","-6.6","","84","","0.0","","23","","26","","14.5","","97.87","","","","-12","","Snow"
"-80.38","43.46","KITCHENER/WATERLOO","6144239","2024-12-06 23:00","2024","12","06","23:00","","-4.0","","-7.5","","77","","0.0","","23","","22","","16.1","","97.83","","","","-11","","Snow"
"-80.38","43.46","KITCHENER/WATERLOO","6144239","2024-12-07 00:00","2024","12","07","00:00","","-4.3","","-6.8","","83","","0.0","","22","","26","","16.1","","97.84","","","","-12","","Snow"
"-80.38","43.46","KITCHENER/WATERLOO","6144239","2024-12-07 01:00","2024","12","07","01:00","","-4.0","","-7.3","","78","","0.0","","22","","22","","16.1","","97.81","","","","-11","","Snow"
"-80.38","43.46","KITCHENER/WATERLOO","6144239","2024-12-07 02:00","2024","12","07","02:00","","-4.2","","-6.1","","87","","0.0","","22","","21","","9.7","","97.80","","","","-11","","Freezing Rain,Snow"
"-80.38","43.46","KITCHENER/WATERLOO","6144239","2024-12-07 03:00","2024","12","07","03:00","","-3.8","","-5.7","","87","","0.0","","23","","17","","16.1","","97.85","","","","-10","","Snow"
"-80.38","43.46","KITCHENER/WATERLOO","6144239","2024-12-07 04:00","2024","12","07","04:00","","-3.3","","-5.3","","86","","0.0","","24","","18","","16.1","","97.85","","","","-9","","Snow"
"-80.38","43.46","KITCHENER/WATERLOO","6144239","2024-12-07 05:00","2024","12","07","05:00","","-3.0","","-5.0","","86","","0.0","","23","","17","","16.1","","97.85","","","","-9","","Snow"
"-80.38","43.46","KITCHENER/WATERLOO","6144239","2024-12-07 06:00","2024","12","07","06:00","","-2.7","","-4.8","","85","","0.0","","25","","17","","16.1","","97.88","","","","-8","","Snow"
"-80.38","43.46","KITCHENER/WATERLOO","6144239","2024-12-07 07:00","2024","12","07","07:00","","-2.9","","-4.9","","86","","0.0","","24","","18","","16.1","","97.89","","","","-9","","Snow"
"-80.38","43.46","KITCHENER/WATERLOO","6144239","2024-12-07 08:00","2024","12","07","08:00","","-3.0","","-4.9","","87","","0.0","","24","","18","","11.3","","97.91","","","","-9","","Snow"
"-80.38","43.46","KITCHENER/WATERLOO","6144239","2024-12-07 09:00","2024","12","07","09:00","","-3.3","","-5.3","","86","","0.0","","23","","21","","16.1","","97.92","","","","-10","","NA"
"-80.38","43.46","KITCHENER/WATERLOO","6144239","2024-12-07 10:00","2024","12","07","10:00","","-3.3","","-5.3","","86","","0.0","","22","","18","","16.1","","97.89","","","","-9","","NA"
"-80.38","43.46","KITCHENER/WATERLOO","6144239","2024-12-07 11:00","2024","12","07","11:00","","-3.0","","-5.7","","82","","0.0","","21","","18","","16.1","","97.78","","","","-9","","NA"
"-80.38","43.46","KITCHENER/WATERLOO","6144239","2024-12-07 12:00","2024","12","07","12:00","","-2.8","","-5.1","","84","","0.0","","22","","24","","3.2","","97.68","","","","-9","","Snow"
"-80.38","43.46","KITCHENER/WATERLOO","6144239","2024-12-07 13:00","2024","12","07","13:00","","-2.8","","-4.7","","87","","0.0","","22","","22","","2.4","","97.53","","","","-9","","Snow"
"-80.38","43.46","KITCHENER/WATERLOO","6144239","2024-12-07 14:00","2024","12","07","14:00","","-2.0","","-3.9","","87","","0.0","","22","","28","","3.2","","97.37","","","","-9","","Snow"
"-80.38","43.46","KITCHENER/WATERLOO","6144239","2024-12-07 15:00","2024","12","07","15:00","","-1.4","","-3.3","","87","","0.0","","21","","26","","4.8","","97.22","","","","-8","","Snow"
"-80.38","43.46","KITCHENER/WATERLOO","6144239","2024-12-07 16:00","2024","12","07","16:00","","-1.7","","-3.0","","91","","0.0","","21","","28","","1.6","","97.11","","","","-8","","Snow"
"-80.38","43.46","KITCHENER/WATERLOO","6144239","2024-12-07 17:00","2024","12","07","17:00","","-0.2","","-3.9","","76","","0.0","","21","","28","","16.1","","96.99","","","","-7","","NA"
"-80.38","43.46","KITCHENER/WATERLOO","6144239","2024-12-07 18:00","2024","12","07","18:00","","0.5","","-4.0","","72","","0.0","","21","","34","","16.1","","96.84","","","","","","NA"
"-80.38","43.46","KITCHENER/WATERLOO","6144239","2024-12-07 19:00","2024","12","07","19:00","","1.1","","-3.8","","70","","0.0","","21","","37","","16.1","","96.72","","","","","","NA"
"-80.38","43.46","KITCHENER/WATERLOO","6144239","2024-12-07 20:00","2024","12","07","20:00","","1.2","","-2.3","","78","","0.0","","22","","41","","8.1","","96.68","","","","","","NA"
"-80.38","43.46","KITCHENER/WATERLOO","6144239","2024-12-07 21:00","2024","12","07","21:00","","1.3","","-1.5","","82","","0.0","","22","","35","","9.7","","96.57","","","","","","Snow"
"-80.38","43.46","KITCHENER/WATERLOO","6144239","2024-12-07 22:00","2024","12","07","22:00","","2.4","","-2.7","","69","","0.0","","22","","37","","16.1","","96.46","","","","","","NA"
"-80.38","43.46","KITCHENER/WATERLOO","6144239","2024-12-07 23:00","2024","12","07","23:00","","2.8","","-3.3","","64","","0.0","","22","","37","","16.1","","96.32","","","","","","NA"
"-80.38","43.46","KITCHENER/WATERLOO","6144239","2024-12-08 00:00","2024","12","08","00:00","","2.8","","-3.5","","63","","0.0","","23","","43","","16.1","","96.28","","","","","","NA"
"-80.38","43.46","KITCHENER/WATERLOO","6144239","2024-12-08 01:00","2024","12","08","01:00","","2.7","","-3.7","","63","","0.0","","22","","34","","16.1","","96.16","","","","","","NA"
"-80.38","43.46","KITCHENER/WATERLOO","6144239","2024-12-08 02:00","2024","12","08","02:00","","2.9","","-3.3","","64","","0.0","","24","","30","","16.1","","96.17","","","","","","NA"
"-80.38","43.46","KITCHENER/WATERLOO","6144239","2024-12-08 03:00","2024","12","08","03:00","","3.3","","-2.7","","65","","0.0","","24","","34","","16.1","","96.21","","","","","","NA"
"-80.38","43.46","KITCHENER/WATERLOO","6144239","2024-12-08 04:00","2024","12","08","04:00","","3.2","","-2.3","","67","","0.0","","24","","32","","16.1","","96.24","","","","","","NA"
"-80.38","43.46","KITCHENER/WATERLOO","6144239","2024-12-08 05:00","2024","12","08","05:00","","3.0","","-2.0","","70","","0.0","","24","","34","","16.1","","96.28","","","","","","NA"
"-80.38","43.46","KITCHENER/WATERLOO","6144239","2024-12-08 06:00","2024","12","08","06:00","","2.6","","-1.9","","72","","0.0","","24","","26","","16.1","","96.37","","","","","","NA"
"-80.38","43.46","KITCHENER/WATERLOO","6144239","2024-12-08 07:00","2024","12","08","07:00","","2.8","","-1.3","","74","","0.0","","26","","22","","16.1","","96.50","","","","","","NA"
"-80.38","43.46","KITCHENER/WATERLOO","6144239","2024-12-08 08:00","2024","12","08","08:00","","3.2","","-0.3","","78","","0.0","","25","","18","","16.1","","96.63","","","","","","NA"
"-80.38","43.46","KITCHENER/WATERLOO","6144239","2024-12-08 09:00","2024","12","08","09:00","","3.6","","0.3","","79","","0.0","","27","","21","","16.1","","96.72","","","","","","NA"
"-80.38","43.46","KITCHENER/WATERLOO","6144239","2024-12-08 10:00","2024","12","08","10:00","","3.5","","0.6","","81","","0.0","","26","","17","","16.1","","96.86","","","","","","NA"
"-80.38","43.46","KITCHENER/WATERLOO","6144239","2024-12-08 11:00","2024","12","08","11:00","","3.4","","0.6","","82","","0.0","","28","","17","","16.1","","96.95","","","","","","NA"
"-80.38","43.46","KITCHENER/WATERLOO","6144239","2024-12-08 12:00","2024","12","08","12:00","","3.5","","0.4","","80","","0.0","","28","","18","","16.1","","96.99","","","","","","NA"
"-80.38","43.46","KITCHENER/WATERLOO","6144239","2024-12-08 13:00","2024","12","08","13:00","","4.0","","-0.2","","74","","0.0","","29","","17","","16.1","","97.02","","","","","","NA"
"-80.38","43.46","KITCHENER/WATERLOO","6144239","2024-12-08 14:00","2024","12","08","14:00","","4.0","","-0.2","","74","","0.0","","28","","18","","16.1","","97.08","","","","","","NA"
"-80.38","43.46","KITCHENER/WATERLOO","6144239","2024-12-08 15:00","2024","12","08","15:00","","4.0","","-0.7","","71","","0.0","","27","","17","","16.1","","97.19","","","","","","NA"
"-80.38","43.46","KITCHENER/WATERLOO","6144239","2024-12-08 16:00","2024","12","08","16:00","","4.1","","-0.3","","73","","0.0","","26","","17","","16.1","","97.27","","","","","","NA"
"-80.38","43.46","KITCHENER/WATERLOO","6144239","2024-12-08 17:00","2024","12","08","17:00","","3.2","","0.3","","81","","0.0","","24","","13","","16.1","","97.33","","","","","","NA"
"-80.38","43.46","KITCHENER/WATERLOO","6144239","2024-12-08 18:00","2024","12","08","18:00","","2.5","","0.4","","86","","0.0","","23","","5","","16.1","","97.40","","","","","","NA"
"-80.38","43.46","KITCHENER/WATERLOO","6144239","2024-12-08 19:00","2024","12","08","19:00","","2.3","","0.4","","87","","0.0","","17","","5","","16.1","","97.46","","","","","","NA"
"-80.38","43.46","KITCHENER/WATERLOO","6144239","2024-12-08 20:00","2024","12","08","20:00","","2.0","","0.5","","90","","0.0","","","M","4","","16.1","","97.46","","","","","","NA"
"-80.38","43.46","KITCHENER/WATERLOO","6144239","2024-12-08 21:00","2024","12","08","21:00","","2.2","","0.9","","91","","0.0","","","","0","","16.1","","97.49","","","","","","NA"
"-80.38","43.46","KITCHENER/WATERLOO","6144239","2024-12-08 22:00","2024","12","08","22:00","","1.8","","0.8","","93","","0.0","","9","","4","","16.1","","97.43","","","","","","NA"
"-80.38","43.46","KITCHENER/WATERLOO","6144239","2024-12-08 23:00","2024","12","08","23:00","","1.5","","0.5","","93","","0.0","","7","","8","","16.1","","97.37","","","","","","NA"
"-80.38","43.46","KITCHENER/WATERLOO","6144239","2024-12-09 00:00","2024","12","09","00:00","","1.5","","0.2","","91","","0.0","","10","","13","","16.1","","97.35","","","","","","NA"
"-80.38","43.46","KITCHENER/WATERLOO","6144239","2024-12-09 01:00","2024","12","09","01:00","","1.3","","0.0","","91","","0.0","","10","","13","","16.1","","97.39","","","","","","NA"
"-80.38","43.46","KITCHENER/WATERLOO","6144239","2024-12-09 02:00","2024","12","09","02:00","","1.5","","0.2","","91","","0.0","","9","","18","","16.1","","97.27","","","","","","NA"
"-80.38","43.46","KITCHENER/WATERLOO","6144239","2024-12-09 03:00","2024","12","09","03:00","","1.9","","0.6","","91","","0.0","","10","","17","","16.1","","97.26","","","","","","NA"
"-80.38","43.46","KITCHENER/WATERLOO","6144239","2024-12-09 04:00","2024","12","09","04:00","","1.8","","0.6","","92","","0.0","","10","","15","","16.1","","97.17","","","","","","NA"
"-80.38","43.46","KITCHENER/WATERLOO","6144239","2024-12-09 05:00","2024","12","09","05:00","","2.0","","0.5","","90","","0.0","","9","","22","","16.1","","97.09","","","","","","NA"
"-80.38","43.46","KITCHENER/WATERLOO","6144239","2024-12-09 06:00","2024","12","09","06:00","","2.0","","0.7","","91","","0.0","","9","","24","","16.1","","97.06","","","","","","NA"
"-80.38","43.46","KITCHENER/WATERLOO","6144239","2024-12-09 07:00","2024","12","09","07:00","","1.9","","1.0","","94","","0.0","","9","","30","","16.1","","97.02","","","","","","Rain"
"-80.38","43.46","KITCHENER/WATERLOO","6144239","2024-12-09 08:00","2024","12","09","08:00","","1.5","","1.2","","98","","0.0","","10","","30","","1.0","","97.00","","","","","","Rain,Fog"
"-80.38","43.46","KITCHENER/WATERLOO","6144239","2024-12-09 09:00","2024","12","09","09:00","","0.8","","0.2","","96","","0.2","","8","","24","","9.7","","96.96","","","","","","Rain,Fog"
"-80.38","43.46","KITCHENER/WATERLOO","6144239","2024-12-09 10:00","2024","12","09","10:00","","0.4","","-0.2","","96","","0.8","","8","","32","","11.3","","96.93","","","","","","Rain"
"-80.38","43.46","KITCHENER/WATERLOO","6144239","2024-12-09 11:00","2024","12","09","11:00","","0.5","","-0.2","","95","","1.5","","9","","28","","14.5","","96.87","","","","","","Rain"
"-80.38","43.46","KITCHENER/WATERLOO","6144239","2024-12-09 12:00","2024","12","09","12:00","","0.6","","-0.1","","95","","0.2","","8","","22","","16.1","","96.82","","","","","","Rain"
"-80.38","43.46","KITCHENER/WATERLOO","6144239","2024-12-09 13:00","2024","12","09","13:00","","0.6","","0.0","","96","","0.0","","8","","24","","16.1","","96.74","","","","","","Rain"
"-80.38","43.46","KITCHENER/WATERLOO","6144239","2024-12-09 14:00","2024","12","09","14:00","","0.7","","0.3","","97","","0.0","","9","","13","","8.1","","96.79","","","","","","Fog"
"-80.38","43.46","KITCHENER/WATERLOO","6144239","2024-12-09 15:00","2024","12","09","15:00","","0.8","","0.7","","99","","0.0","","9","","11","","1.2","","96.80","","","","","","Rain,Fog"
"-80.38","43.46","KITCHENER/WATERLOO","6144239","2024-12-09 16:00","2024","12","09","16:00","","0.7","","0.6","","99","","0.0","","9","","8","","1.6","","96.85","","","","","","Rain,Fog"
"-80.38","43.46","KITCHENER/WATERLOO","6144239","2024-12-09 17:00","2024","12","09","17:00","","0.9","","0.8","","99","","0.0","","12","","5","","2.0","","96.92","","","","","","Rain,Fog"
"-80.38","43.46","KITCHENER/WATERLOO","6144239","2024-12-09 18:00","2024","12","09","18:00","","1.0","","0.9","","99","","0.0","","11","","5","","1.6","","96.97","","","","","","Rain,Fog"
"-80.38","43.46","KITCHENER/WATERLOO","6144239","2024-12-09 19:00","2024","12","09","19:00","","1.3","","1.2","","99","","0.0","","16","","5","","4.0","","97.06","","","","","","Rain,Fog"
"-80.38","43.46","KITCHENER/WATERLOO","6144239","2024-12-09 20:00","2024","12","09","20:00","","1.5","","1.4","","99","","0.0","","","M","4","","3.2","","97.11","","","","","","Fog"
"-80.38","43.46","KITCHENER/WATERLOO","6144239","2024-12-09 21:00","2024","12","09","21:00","","1.9","","1.8","","99","","0.0","","19","","4","","0.4","","97.15","","","","","","Fog"
"-80.38","43.46","KITCHENER/WATERLOO","6144239","2024-12-09 22:00","2024","12","09","22:00","","2.2","","2.1","","99","","0.0","","","","0","","0.4","","97.15","","","","","","Fog"
"-80.38","43.46","KITCHENER/WATERLOO","6144239","2024-12-09 23:00","2024","12","09","23:00","","4.1","","4.0","","99","","0.0","","22","","11","","0.4","","97.17","","","","","","Fog"
"-80.38","43.46","KITCHENER/WATERLOO","6144239","2024-12-10 00:00","2024","12","10","00:00","","4.3","","4.2","","99","","0.0","","22","","8","","1.2","","97.19","","","","","","Fog"
"-80.38","43.46","KITCHENER/WATERLOO","6144239","2024-12-10 01:00","2024","12","10","01:00","","4.3","","4.2","","99","","0.0","","24","","11","","4.0","","97.23","","","","","","Fog"
"-80.38","43.46","KITCHENER/WATERLOO","6144239","2024-12-10 02:00","2024","12","10","02:00","","3.7","","3.6","","99","","0.0","","18","","5","","2.0","","97.25","","","","","","Fog"
"-80.38","43.46","KITCHENER/WATERLOO","6144239","2024-12-10 03:00","2024","12","10","03:00","","3.8","","3.7","","99","","0.0","","21","","8","","1.0","","97.31","","","","","","Fog"
"-80.38","43.46","KITCHENER/WATERLOO","6144239","2024-12-10 04:00","2024","12","10","04:00","","3.6","","3.5","","99","","0.0","","20","","9","","2.0","","97.33","","","","","","Fog"
"-80.38","43.46","KITCHENER/WATERLOO","6144239","2024-12-10 05:00","2024","12","10","05:00","","3.4","","3.3","","99","","0.0","","20","","8","","2.4","","97.38","","","","","","Fog"
"-80.38","43.46","KITCHENER/WATERLOO","6144239","2024-12-10 06:00","2024","12","10","06:00","","3.3","","3.2","","99","","0.0","","18","","8","","1.2","","97.38","","","","","","Fog"
"-80.38","43.46","KITCHENER/WATERLOO","6144239","2024-12-10 07:00","2024","12","10","07:00","","3.0","","2.9","","99","","0.0","","14","","4","","1.2","","97.42","","","","","","Fog"
"-80.38","43.46","KITCHENER/WATERLOO","6144239","2024-12-10 08:00","2024","12","10","08:00","","2.1","","2.0","","99","","0.0","","11","","5","","1.2","","97.38","","","","","","Fog"
"-80.38","43.46","KITCHENER/WATERLOO","6144239","2024-12-10 09:00","2024","12","10","09:00","","3.4","","3.3","","99","","0.0","","15","","11","","2.4","","97.35","","","","","","Fog"
"-80.38","43.46","KITCHENER/WATERLOO","6144239","2024-12-10 10:00","2024","12","10","10:00","","4.1","","3.8","","98","","0.0","","17","","15","","2.4","","97.38","","","","","","Fog"
"-80.38","43.46","KITCHENER/WATERLOO","6144239","2024-12-10 11:00","2024","12","10","11:00","","5.2","","4.6","","96","","0.0","","18","","9","","6.4","","97.38","","","","","","Fog"
"-80.38","43.46","KITCHENER/WATERLOO","6144239","2024-12-10 12:00","2024","12","10","12:00","","6.2","","4.5","","89","","0.0","","19","","11","","16.1","","97.30","","","","","","NA"
"-80.38","43.46","KITCHENER/WATERLOO","6144239","2024-12-10 13:00","2024","12","10","13:00","","6.6","","4.7","","88","","0.0","","18","","8","","11.3","","97.23","","","","","","NA"
"-80.38","43.46","KITCHENER/WATERLOO","6144239","2024-12-10 14:00","2024","12","10","14:00","","7.4","","4.7","","83","","0.0","","","M","4","","16.1","","97.11","","","","","","NA"
"-80.38","43.46","KITCHENER/WATERLOO","6144239","2024-12-10 15:00","2024","12","10","15:00","","7.3","","4.4","","82","","0.0","","","","0","","16.1","","97.05","","","","","","NA"
"-80.38","43.46","KITCHENER/WATERLOO","6144239","2024-12-10 16:00","2024","12","10","16:00","","6.5","","4.8","","89","","0.0","","11","","5","","12.9","","97.04","","","","","","NA"
"-80.38","43.46","KITCHENER/WATERLOO","6144239","2024-12-10 17:00","2024","12","10","17:00","","5.5","","4.8","","95","","0.0","","8","","8","","6.4","","96.98","","","","","","Fog"
"-80.38","43.46","KITCHENER/WATERLOO","6144239","2024-12-10 18:00","2024","12","10","18:00","","5.4","","4.8","","96","","0.0","","3","","4","","4.8","","96.99","","","","","","Fog"
"-80.38","43.46","KITCHENER/WATERLOO","6144239","2024-12-10 19:00","2024","12","10","19:00","","4.9","","4.5","","97","","0.0","","29","","4","","4.0","","97.02","","","","","","Rain,Fog"
"-80.38","43.46","KITCHENER/WATERLOO","6144239","2024-12-10 20:00","2024","12","10","20:00","","5.2","","4.8","","97","","0.0","","3","","8","","4.0","","96.97","","","","","","Rain,Fog"
"-80.38","43.46","KITCHENER/WATERLOO","6144239","2024-12-10 21:00","2024","12","10","21:00","","4.8","","4.2","","96","","0.0","","31","","4","","4.0","","96.97","","","","","","Fog"
"-80.38","43.46","KITCHENER/WATERLOO","6144239","2024-12-10 22:00","2024","12","10","22:00","","4.4","","4.0","","97","","0.0","","3","","8","","2.4","","96.95","","","","","","Fog"
"-80.38","43.46","KITCHENER/WATERLOO","6144239","2024-12-10 23:00","2024","12","10","23:00","","4.2","","4.1","","99","","0.0","","8","","11","","0.4","","96.90","","","","","","Fog"
"-80.38","43.46","KITCHENER/WATERLOO","6144239","2024-12-11 00:00","2024","12","11","00:00","","4.2","","4.1","","99","","0.0","","","M","4","","0.2","","96.93","","","","","","Fog"
"-80.38","43.46","KITCHENER/WATERLOO","6144239","2024-12-11 01:00","2024","12","11","01:00","","4.3","","4.2","","99","","0.0","","26","","8","","0.2","","96.90","","","","","","Fog"
"-80.38","43.46","KITCHENER/WATERLOO","6144239","2024-12-11 02:00","2024","12","11","02:00","","3.3","","3.2","","99","","0.0","","29","","18","","0.4","","96.89","","","","","","Fog"
"-80.38","43.46","KITCHENER/WATERLOO","6144239","2024-12-11 03:00","2024","12","11","03:00","","2.6","","2.5","","99","","0.0","","32","","4","","2.8","","96.86","","","","","","Fog"
"-80.38","43.46","KITCHENER/WATERLOO","6144239","2024-12-11 04:00","2024","12","11","04:00","","2.2","","1.9","","98","","0.0","","","","0","","3.2","","96.83","","","","","","Fog"
"-80.38","43.46","KITCHENER/WATERLOO","6144239","2024-12-11 05:00","2024","12","11","05:00","","1.3","","1.2","","99","","0.0","","26","","8","","2.0","","96.83","","","","","","Fog"
"-80.38","43.46","KITCHENER/WATERLOO","6144239","2024-12-11 06:00","2024","12","11","06:00","","1.0","","0.7","","98","","0.0","","","","0","","2.4","","96.78","","","","","","Fog"
"-80.38","43.46","KITCHENER/WATERLOO","6144239","2024-12-11 07:00","2024","12","11","07:00","","1.7","","1.1","","96","","0.0","","21","","8","","8.1","","96.83","","","","","","Fog"
"-80.38","43.46","KITCHENER/WATERLOO","6144239","2024-12-11 08:00","2024","12","11","08:00","","1.9","","0.9","","93","","0.0","","27","","9","","16.1","","96.72","","","","","","NA"
"-80.38","43.46","KITCHENER/WATERLOO","6144239","2024-12-11 09:00","2024","12","11","09:00","","2.2","","1.3","","94","","0.2","","25","","13","","8.1","","96.76","","","","","","Rain,Fog"
"-80.38","43.46","KITCHENER/WATERLOO","6144239","2024-12-11 10:00","2024","12","11","10:00","","1.6","","1.0","","96","","0.2","","24","","15","","6.4","","96.76","","","","","","Rain,Fog"
"-80.38","43.46","KITCHENER/WATERLOO","6144239","2024-12-11 11:00","2024","12","11","11:00","","1.8","","0.7","","93","","0.2","","26","","21","","11.3","","96.68","","","","","","Rain"
"-80.38","43.46","KITCHENER/WATERLOO","6144239","2024-12-11 12:00","2024","12","11","12:00","","1.5","","-0.3","","88","","0.0","","26","","22","","16.1","","96.59","","","","","","NA"
"-80.38","43.46","KITCHENER/WATERLOO","6144239","2024-12-11 13:00","2024","12","11","13:00","","1.1","","-1.5","","83","","0.0","","26","","28","","16.1","","96.51","","","","","","NA"
"-80.38","43.46","KITCHENER/WATERLOO","6144239","2024-12-11 14:00","2024","12","11","14:00","","1.1","","-1.9","","80","","0.0","","25","","26","","16.1","","96.49","","","","","","NA"
"-80.38","43.46","KITCHENER/WATERLOO","6144239","2024-12-11 15:00","2024","12","11","15:00","","0.8","","-2.2","","80","","0.2","","23","","22","","16.1","","96.46","","","","","","NA"
"-80.38","43.46","KITCHENER/WATERLOO","6144239","2024-12-11 16:00","2024","12","11","16:00","","0.0","","-1.3","","91","","0.0","","26","","41","","3.2","","96.51","","","","-7","","Rain,Snow"
"-80.38","43.46","KITCHENER/WATERLOO","6144239","2024-12-11 17:00","2024","12","11","17:00","","-0.5","","-1.9","","90","","0.0","","27","","30","","4.0","","96.66","","","","-7","","Snow"
"-80.38","43.46","KITCHENER/WATERLOO","6144239","2024-12-11 18:00","2024","12","11","18:00","","-0.9","","-3.9","","80","","0.2","","27","","28","","16.1","","96.72","","","","-7","","NA"
"-80.38","43.46","KITCHENER/WATERLOO","6144239","2024-12-11 19:00","2024","12","11","19:00","","-1.1","","-3.6","","83","","0.0","","26","","24","","16.1","","96.75","","","","-7","","Snow"
"-80.38","43.46","KITCHENER/WATERLOO","6144239","2024-12-11 20:00","2024","12","11","20:00","","-1.1","","-4.5","","78","","0.0","","26","","26","","16.1","","96.75","","","","-7","","Snow"
"-80.38","43.46","KITCHENER/WATERLOO","6144239","2024-12-11 21:00","2024","12","11","21:00","","-1.3","","-6.3","","69","","0.0","","24","","26","","16.1","","96.74","","","","-8","","NA"
"-80.38","43.46","KITCHENER/WATERLOO","6144239","2024-12-11 22:00","2024","12","11","22:00","","-1.5","","-5.8","","73","","0.0","","23","","26","","16.1","","96.72","","","","-8","","NA"
"-80.38","43.46","KITCHENER/WATERLOO","6144239","2024-12-11 23:00","2024","12","11","23:00","","-2.2","","-4.8","","83","","0.0","","23","","26","","16.1","","96.70","","","","-9","","Snow"
"-80.38","43.46","KITCHENER/WATERLOO","6144239","2024-12-12 00:00","2024","12","12","00:00","","-2.7","","-5.4","","82","","0.0","","24","","26","","16.1","","96.70","","","","-10","","Snow"
"-80.38","43.46","KITCHENER/WATERLOO","6144239","2024-12-12 01:00","2024","12","12","01:00","","-3.4","","-6.4","","80","","0.0","","24","","32","","16.1","","96.68","","","","-11","","NA"
"-80.38","43.46","KITCHENER/WATERLOO","6144239","2024-12-12 02:00","2024","12","12","02:00","","-3.6","","-6.7","","79","","0.0","","24","","28","","16.1","","96.74","","","","-11","","Snow"
"-80.38","43.46","KITCHENER/WATERLOO","6144239","2024-12-12 03:00","2024","12","12","03:00","","-3.7","","-7.2","","77","","0.0","","26","","39","","11.3","","96.81","","","","-12","","Snow"
"-80.38","43.46","KITCHENER/WATERLOO","6144239","2024-12-12 04:00","2024","12","12","04:00","","-5.4","","-9.4","","73","","0.0","","26","","43","","4.8","","96.92","","","","-15","","Snow"
"-80.38","43.46","KITCHENER/WATERLOO","6144239","2024-12-12 05:00","2024","12","12","05:00","","-6.6","","-12.9","","61","","0.0","","24","","32","","16.1","","97.08","","","","-15","","NA"
"-80.38","43.46","KITCHENER/WATERLOO","6144239","2024-12-12 06:00","2024","12","12","06:00","","-7.3","","-12.8","","65","","0.0","","24","","41","","16.1","","97.21","","","","-17","","Snow"
"-80.38","43.46","KITCHENER/WATERLOO","6144239","2024-12-12 07:00","2024","12","12","07:00","","-8.0","","-16.0","","53","","0.0","","26","","45","","16.1","","97.35","","","","-19","","NA"
"-80.38","43.46","KITCHENER/WATERLOO","6144239","2024-12-12 08:00","2024","12","12","08:00","","-8.9","","-17.0","","52","","0.0","","25","","35","","16.1","","97.50","","","","-19","","NA"
"-80.38","43.46","KITCHENER/WATERLOO","6144239","2024-12-12 09:00","2024","12","12","09:00","","-9.5","","-16.1","","59","","0.0","","25","","39","","16.1","","97.65","","","","-20","","NA"
"-80.38","43.46","KITCHENER/WATERLOO","6144239","2024-12-12 10:00","2024","12","12","10:00","","-9.5","","-14.9","","65","","0.0","","25","","37","","16.1","","97.79","","","","-20","","NA"
"-80.38","43.46","KITCHENER/WATERLOO","6144239","2024-12-12 11:00","2024","12","12","11:00","","-9.1","","-14.4","","66","","0.0","","25","","48","","16.1","","97.85","","","","-20","","NA"
"-80.38","43.46","KITCHENER/WATERLOO","6144239","2024-12-12 12:00","2024","12","12","12:00","","-9.3","","-14.0","","69","","0.0","","24","","41","","16.1","","97.94","","","","-20","","NA"
"-80.38","43.46","KITCHENER/WATERLOO","6144239","2024-12-12 13:00","2024","12","12","13:00","","-8.0","","-12.8","","69","","0.0","","24","","41","","16.1","","98.05","","","","-18","","NA"
"-80.38","43.46","KITCHENER/WATERLOO","6144239","2024-12-12 14:00","2024","12","12","14:00","","-7.3","","-12.0","","69","","0.0","","25","","32","","16.1","","98.14","","","","-16","","Snow"
"-80.38","43.46","KITCHENER/WATERLOO","6144239","2024-12-12 15:00","2024","12","12","15:00","","-6.9","","-11.7","","69","","0.0","","25","","34","","16.1","","98.24","","","","-16","","NA"
"-80.38","43.46","KITCHENER/WATERLOO","6144239","2024-12-12 16:00","2024","12","12","16:00","","-7.4","","-11.1","","75","","0.0","","23","","30","","16.1","","98.38","","","","-16","","Snow"
"-80.38","43.46","KITCHENER/WATERLOO","6144239","2024-12-12 17:00","2024","12","12","17:00","","-8.1","","-11.7","","76","","0.0","","24","","26","","16.1","","98.50","","","","-16","","NA"
"-80.38","43.46","KITCHENER/WATERLOO","6144239","2024-12-12 18:00","2024","12","12","18:00","","-8.1","","-12.1","","73","","0.0","","24","","32","","16.1","","98.60","","","","-17","","Snow"
"-80.38","43.46","KITCHENER/WATERLOO","6144239","2024-12-12 19:00","2024","12","12","19:00","","-8.7","","-12.9","","72","","0.0","","24","","30","","16.1","","98.66","","","","-18","","NA"
"-80.38","43.46","KITCHENER/WATERLOO","6144239","2024-12-12 20:00","2024","12","12","20:00","","-8.5","","-12.9","","71","","0.0","","25","","22","","16.1","","98.72","","","","-16","","Snow"
"-80.38","43.46","KITCHENER/WATERLOO","6144239","2024-12-12 21:00","2024","12","12","21:00","","-9.1","","-13.3","","72","","0.0","","25","","26","","16.1","","98.74","","","","-18","","Snow"
"-80.38","43.46","KITCHENER/WATERLOO","6144239","2024-12-12 22:00","2024","12","12","22:00","","-9.4","","-13.4","","73","","0.0","","27","","30","","16.1","","98.82","","","","-19","","Snow"
"-80.38","43.46","KITCHENER/WATERLOO","6144239","2024-12-12 23:00","2024","12","12","23:00","","-9.8","","-14.0","","72","","0.0","","25","","22","","16.1","","98.85","","","","-18","","NA"
"-80.38","43.46","KITCHENER/WATERLOO","6144239","2024-12-13 00:00","2024","12","13","00:00","","-9.9","","-14.6","","69","","0.0","","24","","22","","16.1","","98.92","","","","-18","","NA"
"-80.38","43.46","KITCHENER/WATERLOO","6144239","2024-12-13 01:00","2024","12","13","01:00","","-10.0","","-14.8","","69","","0.0","","25","","18","","16.1","","98.98","","","","-17","","NA"
"-80.38","43.46","KITCHENER/WATERLOO","6144239","2024-12-13 02:00","2024","12","13","02:00","","-9.9","","-14.3","","70","","0.0","","25","","22","","16.1","","99.05","","","","-18","","NA"
"-80.38","43.46","KITCHENER/WATERLOO","6144239","2024-12-13 03:00","2024","12","13","03:00","","-10.2","","-14.5","","71","","0.0","","25","","15","","16.1","","99.15","","","","-17","","NA"
"-80.38","43.46","KITCHENER/WATERLOO","6144239","2024-12-13 04:00","2024","12","13","04:00","","-9.8","","-15.0","","66","","0.0","","24","","17","","16.1","","99.21","","","","-17","","NA"
"-80.38","43.46","KITCHENER/WATERLOO","6144239","2024-12-13 05:00","2024","12","13","05:00","","-9.6","","-14.1","","70","","0.0","","23","","15","","16.1","","99.29","","","","-16","","NA"
"-80.38","43.46","KITCHENER/WATERLOO","6144239","2024-12-13 06:00","2024","12","13","06:00","","-9.4","","-13.2","","74","","0.0","","23","","22","","16.1","","99.36","","","","-17","","NA"
"-80.38","43.46","KITCHENER/WATERLOO","6144239","2024-12-13 07:00","2024","12","13","07:00","","-9.4","","-12.4","","79","","0.0","","23","","18","","16.1","","99.48","","","","-17","","Snow"
"-80.38","43.46","KITCHENER/WATERLOO","6144239","2024-12-13 08:00","2024","12","13","08:00","","-9.1","","-12.3","","78","","0.0","","23","","22","","16.1","","99.56","","","","-17","","NA"
"-80.38","43.46","KITCHENER/WATERLOO","6144239","2024-12-13 09:00","2024","12","13","09:00","","-8.7","","-12.5","","74","","0.0","","24","","18","","16.1","","99.65","","","","-16","","Snow"
"-80.38","43.46","KITCHENER/WATERLOO","6144239","2024-12-13 10:00","2024","12","13","10:00","","-8.1","","-12.6","","70","","0.0","","25","","11","","16.1","","99.76","","","","-13","","NA"
"-80.38","43.46","KITCHENER/WATERLOO","6144239","2024-12-13 11:00","2024","12","13","11:00","","-7.5","","-12.2","","69","","0.0","","22","","17","","16.1","","99.86","","","","-14","","Snow"
"-80.38","43.46","KITCHENER/WATERLOO","6144239","2024-12-13 12:00","2024","12","13","12:00","","-7.0","","-11.6","","70","","0.0","","24","","18","","16.1","","99.88","","","","-14","","Snow"
"-80.38","43.46","KITCHENER/WATERLOO","6144239","2024-12-13 13:00","2024","12","13","13:00","","-6.3","","-12.0","","64","","0.0","","25","","17","","16.1","","99.85","","","","-13","","NA"
"-80.38","43.46","KITCHENER/WATERLOO","6144239","2024-12-13 14:00","2024","12","13","14:00","","-6.3","","-12.5","","62","","0.0","","26","","15","","16.1","","99.88","","","","-12","","NA"
"-80.38","43.46","KITCHENER/WATERLOO","6144239","2024-12-13 15:00","2024","12","13","15:00","","-6.1","","-12.6","","60","","0.0","","27","","18","","16.1","","99.92","","","","-13","","NA"
"-80.38","43.46","KITCHENER/WATERLOO","6144239","2024-12-13 16:00","2024","12","13","16:00","","-6.7","","-13.1","","61","","0.0","","29","","13","","16.1","","100.01","","","","-12","","NA"
"-80.38","43.46","KITCHENER/WATERLOO","6144239","2024-12-13 17:00","2024","12","13","17:00","","-9.0","","-13.7","","69","","0.0","","29","","13","","16.1","","100.05","","","","-15","","NA"
"-80.38","43.46","KITCHENER/WATERLOO","6144239","2024-12-13 18:00","2024","12","13","18:00","","-10.4","","-14.0","","75","","0.0","","27","","9","","16.1","","100.10","","","","-15","","NA"
"-80.38","43.46","KITCHENER/WATERLOO","6144239","2024-12-13 19:00","2024","12","13","19:00","","-10.2","","-13.3","","78","","0.0","","30","","5","","16.1","","100.16","","","","-13","","NA"
"-80.38","43.46","KITCHENER/WATERLOO","6144239","2024-12-13 20:00","2024","12","13","20:00","","-11.1","","-13.6","","82","","0.0","","27","","5","","16.1","","100.23","","","","-14","","NA"
"-80.38","43.46","KITCHENER/WATERLOO","6144239","2024-12-13 21:00","2024","12","13","21:00","","-12.0","","-13.9","","86","","0.0","","","","0","","16.1","","100.25","","","","","","NA"
"-80.38","43.46","KITCHENER/WATERLOO","6144239","2024-12-13 22:00","2024","12","13","22:00","","-13.6","","-14.9","","90","","0.0","","","","0","","16.1","","100.28","","","","","","NA"
"-80.38","43.46","KITCHENER/WATERLOO","6144239","2024-12-13 23:00","2024","12","13","23:00","","-14.0","","-15.8","","87","","0.0","","6","","5","","16.1","","100.33","","","","-17","","NA"
"-80.38","43.46","KITCHENER/WATERLOO","6144239","2024-12-14 00:00","2024","12","14","00:00","","-14.4","","-15.8","","89","","0.0","","1","","4","","16.1","","100.36","","","","-17","","NA"
"-80.38","43.46","KITCHENER/WATERLOO","6144239","2024-12-14 01:00","2024","12","14","01:00","","-14.6","","-16.4","","86","","0.0","","36","","4","","16.1","","100.33","","","","-17","","NA"
"-80.38","43.46","KITCHENER/WATERLOO","6144239","2024-12-14 02:00","2024","12","14","02:00","","-13.9","","-15.5","","88","","0.0","","","","0","","16.1","","100.39","","","","","","NA"
"-80.38","43.46","KITCHENER/WATERLOO","6144239","2024-12-14 03:00","2024","12","14","03:00","","-14.1","","-15.8","","87","","0.0","","30","","4","","16.1","","100.43","","","","-17","","NA"
"-80.38","43.46","KITCHENER/WATERLOO","6144239","2024-12-14 04:00","2024","12","14","04:00","","-14.1","","-15.9","","87","","0.0","","34","","5","","16.1","","100.47","","","","-18","","NA"
"-80.38","43.46","KITCHENER/WATERLOO","6144239","2024-12-14 05:00","2024","12","14","05:00","","-14.9","","-16.8","","86","","0.0","","36","","5","","16.1","","100.48","","","","-18","","NA"
"-80.38","43.46","KITCHENER/WATERLOO","6144239","2024-12-14 06:00","2024","12","14","06:00","","-15.8","","-17.8","","85","","0.0","","32","","4","","16.1","","100.52","","","","-19","","NA"
"-80.38","43.46","KITCHENER/WATERLOO","6144239","2024-12-14 07:00","2024","12","14","07:00","","-15.8","","-17.8","","85","","0.0","","36","","4","","16.1","","100.53","","","","-19","","NA"
"-80.38","43.46","KITCHENER/WATERLOO","6144239","2024-12-14 08:00","2024","12","14","08:00","","-15.1","","-16.9","","86","","0.0","","","","0","","16.1","","100.54","","","","","","NA"
"-80.38","43.46","KITCHENER/WATERLOO","6144239","2024-12-14 09:00","2024","12","14","09:00","","-11.1","","-12.7","","88","","0.0","","6","","5","","16.1","","100.55","","","","-14","","NA"
"-80.38","43.46","KITCHENER/WATERLOO","6144239","2024-12-14 10:00","2024","12","14","10:00","","-6.3","","-8.0","","88","","0.0","","9","","13","","16.1","","100.51","","","","-12","","NA"
"-80.38","43.46","KITCHENER/WATERLOO","6144239","2024-12-14 11:00","2024","12","14","11:00","","-3.8","","-8.7","","69","","0.0","","11","","26","","16.1","","100.49","","","","-11","","NA"
"-80.38","43.46","KITCHENER/WATERLOO","6144239","2024-12-14 12:00","2024","12","14","12:00","","-3.2","","-9.5","","62","","0.0","","11","","32","","16.1","","100.34","","","","-11","","NA"
"-80.38","43.46","KITCHENER/WATERLOO","6144239","2024-12-14 13:00","2024","12","14","13:00","","-2.4","","-9.7","","58","","0.0","","11","","32","","16.1","","100.29","","","","-10","","NA"
"-80.38","43.46","KITCHENER/WATERLOO","6144239","2024-12-14 14:00","2024","12","14","14:00","","-1.7","","-10.1","","53","","0.0","","10","","24","","16.1","","100.24","","","","-8","","NA"
"-80.38","43.46","KITCHENER/WATERLOO","6144239","2024-12-14 15:00","2024","12","14","15:00","","-2.0","","-10.1","","54","","0.0","","9","","24","","16.1","","100.21","","","","-8","","NA"
"-80.38","43.46","KITCHENER/WATERLOO","6144239","2024-12-14 16:00","2024","12","14","16:00","","-2.5","","-9.5","","59","","0.0","","9","","24","","16.1","","100.22","","","","-9","","NA"
"-80.38","43.46","KITCHENER/WATERLOO","6144239","2024-12-14 17:00","2024","12","14","17:00","","-3.6","","-9.1","","66","","0.0","","9","","18","","16.1","","100.18","","","","-9","","NA"
"-80.38","43.46","KITCHENER/WATERLOO","6144239","2024-12-14 18:00","2024","12","14","18:00","","-3.9","","-8.4","","71","","0.0","","8","","21","","16.1","","100.14","","","","-10","","NA"
"-80.38","43.46","KITCHENER/WATERLOO","6144239","2024-12-14 19:00","2024","12","14","19:00","","-3.9","","-8.4","","71","","0.0","","9","","18","","16.1","","100.15","","","","-10","","NA"
"-80.38","43.46","KITCHENER/WATERLOO","6144239","2024-12-14 20:00","2024","12","14","20:00","","-4.1","","-9.2","","68","","0.0","","10","","18","","16.1","","100.11","","","","-10","","NA"
"-80.38","43.46","KITCHENER/WATERLOO","6144239","2024-12-14 21:00","2024","12","14","21:00","","-3.8","","-8.5","","70","","0.0","","9","","17","","16.1","","100.02","","","","-10","","NA"
"-80.38","43.46","KITCHENER/WATERLOO","6144239","2024-12-14 22:00","2024","12","14","22:00","","-3.7","","-8.0","","72","","0.0","","9","","21","","16.1","","99.92","","","","-10","","NA"
"-80.38","43.46","KITCHENER/WATERLOO","6144239","2024-12-14 23:00","2024","12","14","23:00","","-4.1","","-7.9","","75","","0.0","","9","","21","","16.1","","99.88","","","","-11","","NA"
"-80.38","43.46","KITCHENER/WATERLOO","6144239","2024-12-15 00:00","2024","12","15","00:00","","-4.2","","-7.8","","76","","0.0","","10","","15","","16.1","","99.84","","","","-10","","NA"
"-80.38","43.46","KITCHENER/WATERLOO","6144239","2024-12-15 01:00","2024","12","15","01:00","","-4.3","","-7.8","","77","","0.0","","9","","18","","16.1","","99.73","","","","-10","","NA"
"-80.38","43.46","KITCHENER/WATERLOO","6144239","2024-12-15 02:00","2024","12","15","02:00","","-4.4","","-7.5","","79","","0.0","","8","","18","","16.1","","99.66","","","","-10","","NA"
"-80.38","43.46","KITCHENER/WATERLOO","6144239","2024-12-15 03:00","2024","12","15","03:00","","-3.9","","-7.4","","77","","0.0","","10","","13","","16.1","","99.66","","","","-9","","NA"
"-80.38","43.46","KITCHENER/WATERLOO","6144239","2024-12-15 04:00","2024","12","15","04:00","","-4.1","","-7.4","","78","","0.0","","12","","11","","16.1","","99.62","","","","-9","","NA"
"-80.38","43.46","KITCHENER/WATERLOO","6144239","2024-12-15 05:00","2024","12","15","05:00","","-4.0","","-7.4","","77","","0.0","","11","","11","","16.1","","99.54","","","","-8","","NA"
"-80.38","43.46","KITCHENER/WATERLOO","6144239","2024-12-15 06:00","2024","12","15","06:00","","-3.6","","-7.0","","77","","0.0","","8","","18","","16.1","","99.44","","","","-9","","NA"
"-80.38","43.46","KITCHENER/WATERLOO","6144239","2024-12-15 07:00","2024","12","15","07:00","","-3.2","","-6.9","","76","","0.0","","9","","15","","16.1","","99.37","","","","-8","","NA"
"-80.38","43.46","KITCHENER/WATERLOO","6144239","2024-12-15 08:00","2024","12","15","08:00","","-2.9","","-6.7","","75","","0.0","","11","","15","","16.1","","99.37","","","","-8","","NA"
"-80.38","43.46","KITCHENER/WATERLOO","6144239","2024-12-15 09:00","2024","12","15","09:00","","-2.5","","-6.3","","75","","0.0","","10","","15","","16.1","","99.32","","","","-7","","NA"
"-80.38","43.46","KITCHENER/WATERLOO","6144239","2024-12-15 10:00","2024","12","15","10:00","","-1.6","","-5.6","","75","","0.0","","10","","17","","16.1","","99.29","","","","-7","","NA"
"-80.38","43.46","KITCHENER/WATERLOO","6144239","2024-12-15 11:00","2024","12","15","11:00","","-0.4","","-4.7","","73","","0.0","","10","","18","","16.1","","99.24","","","","-5","","NA"
"-80.38","43.46","KITCHENER/WATERLOO","6144239","2024-12-15 12:00","2024","12","15","12:00","","0.3","","-4.2","","72","","0.0","","10","","18","","16.1","","99.10","","","","","","NA"
"-80.38","43.46","KITCHENER/WATERLOO","6144239","2024-12-15 13:00","2024","12","15","13:00","","0.7","","-3.6","","73","","0.0","","10","","18","","16.1","","98.99","","","","","","NA"
"-80.38","43.46","KITCHENER/WATERLOO","6144239","2024-12-15 14:00","2024","12","15","14:00","","0.5","","-2.4","","81","","0.0","","9","","17","","16.1","","98.95","","","","","","Rain"
"-80.38","43.46","KITCHENER/WATERLOO","6144239","2024-12-15 15:00","2024","12","15","15:00","","-0.2","","-1.8","","89","","0.2","","9","","15","","9.7","","98.94","","","","-5","","Fog"
"-80.38","43.46","KITCHENER/WATERLOO","6144239","2024-12-15 16:00","2024","12","15","16:00","","-0.5","","-1.4","","94","","0.5","","10","","17","","3.2","","98.93","","","","-5","","Snow"
"-80.38","43.46","KITCHENER/WATERLOO","6144239","2024-12-15 17:00","2024","12","15","17:00","","-0.6","","-1.3","","95","","0.5","","10","","17","","2.0","","98.91","","","","-6","","Snow"
"-80.38","43.46","KITCHENER/WATERLOO","6144239","2024-12-15 18:00","2024","12","15","18:00","","-0.6","","-1.3","","95","","1.0","","10","","17","","6.4","","98.86","","","","-6","","Fog"
"-80.38","43.46","KITCHENER/WATERLOO","6144239","2024-12-15 19:00","2024","12","15","19:00","","-0.2","","-0.9","","95","","0.5","","9","","17","","4.8","","98.84","","","","-5","","Fog"
"-80.38","43.46","KITCHENER/WATERLOO","6144239","2024-12-15 20:00","2024","12","15","20:00","","0.2","","-0.2","","97","","0.0","","10","","15","","2.8","","98.80","","","","","","Fog"
"-80.38","43.46","KITCHENER/WATERLOO","6144239","2024-12-15 21:00","2024","12","15","21:00","","0.3","","0.0","","98","","0.0","","12","","13","","2.0","","98.73","","","","","","Fog"
"-80.38","43.46","KITCHENER/WATERLOO","6144239","2024-12-15 22:00","2024","12","15","22:00","","0.6","","0.5","","99","","0.0","","14","","11","","1.6","","98.72","","","","","","Fog"
"-80.38","43.46","KITCHENER/WATERLOO","6144239","2024-12-15 23:00","2024","12","15","23:00","","0.8","","0.7","","99","","0.0","","14","","9","","0.6","","98.70","","","","","","Fog"
"-80.38","43.46","KITCHENER/WATERLOO","6144239","2024-12-16 00:00","2024","12","16","00:00","","1.0","","0.9","","99","","0.0","","12","","11","","0.4","","98.64","","","","","","Fog"
"-80.38","43.46","KITCHENER/WATERLOO","6144239","2024-12-16 01:00","2024","12","16","01:00","","1.4","","1.3","","99","","0.0","","15","","11","","0.4","","98.63","","","","","","Rain,Fog"
"-80.38","43.46","KITCHENER/WATERLOO","6144239","2024-12-16 02:00","2024","12","16","02:00","","1.3","","1.2","","99","","0.0","","14","","11","","0.4","","98.61","","","","","","Rain,Fog"
"-80.38","43.46","KITCHENER/WATERLOO","6144239","2024-12-16 03:00","2024","12","16","03:00","","1.6","","1.5","","99","","0.0","","15","","9","","0.4","","98.60","","","","","","Rain,Fog"
"-80.38","43.46","KITCHENER/WATERLOO","6144239","2024-12-16 04:00","2024","12","16","04:00","","1.5","","1.4","","99","","0.0","","13","","9","","0.4","","98.53","","","","","","Rain,Fog"
"-80.38","43.46","KITCHENER/WATERLOO","6144239","2024-12-16 05:00","2024","12","16","05:00","","1.8","","1.7","","99","","0.0","","15","","11","","0.4","","98.49","","","","","","Rain,Fog"
"-80.38","43.46","KITCHENER/WATERLOO","6144239","2024-12-16 06:00","2024","12","16","06:00","","2.0","","2.0","","100","","0.0","","12","","15","","0.4","","98.41","","","","","","Rain,Fog"
"-80.38","43.46","KITCHENER/WATERLOO","6144239","2024-12-16 07:00","2024","12","16","07:00","","2.1","","2.0","","99","","0.0","","14","","11","","0.4","","98.39","","","","","","Fog"
"-80.38","43.46","KITCHENER/WATERLOO","6144239","2024-12-16 08:00","2024","12","16","08:00","","2.5","","2.5","","100","","0.0","","15","","13","","0.2","","98.35","","","","","","Rain,Fog"
"-80.38","43.46","KITCHENER/WATERLOO","6144239","2024-12-16 09:00","2024","12","16","09:00","","3.0","","3.0","","100","","0.0","","12","","18","","0.2","","98.26","","","","","","Rain,Fog"
"-80.38","43.46","KITCHENER/WATERLOO","6144239","2024-12-16 10:00","2024","12","16","10:00","","3.4","","3.4","","100","","0.0","","15","","17","","0.2","","98.27","","","","","","Rain,Fog"
"-80.38","43.46","KITCHENER/WATERLOO","6144239","2024-12-16 11:00","2024","12","16","11:00","","3.9","","3.9","","100","","0.0","","15","","15","","0.4","","98.20","","","","","","Fog"
"-80.38","43.46","KITCHENER/WATERLOO","6144239","2024-12-16 12:00","2024","12","16","12:00","","4.4","","4.4","","100","","0.0","","14","","17","","1.2","","98.05","","","","","","Fog"
"-80.38","43.46","KITCHENER/WATERLOO","6144239","2024-12-16 13:00","2024","12","16","13:00","","5.3","","5.3","","100","","0.0","","15","","21","","16.1","","97.88","","","","","","NA"
"-80.38","43.46","KITCHENER/WATERLOO","6144239","2024-12-16 14:00","2024","12","16","14:00","","6.0","","5.3","","95","","0.0","","15","","26","","16.1","","97.70","","","","","","NA"
"-80.38","43.46","KITCHENER/WATERLOO","6144239","2024-12-16 15:00","2024","12","16","15:00","","6.1","","5.2","","94","","0.0","","14","","21","","16.1","","97.57","","","","","","Rain"
"-80.38","43.46","KITCHENER/WATERLOO","6144239","2024-12-16 16:00","2024","12","16","16:00","","5.7","","5.1","","96","","1.0","","14","","21","","8.1","","97.45","","","","","","Rain,Fog"
"-80.38","43.46","KITCHENER/WATERLOO","6144239","2024-12-16 17:00","2024","12","16","17:00","","5.5","","5.1","","97","","1.8","","15","","22","","8.1","","97.35","","","","","","Rain,Fog"
"-80.38","43.46","KITCHENER/WATERLOO","6144239","2024-12-16 18:00","2024","12","16","18:00","","5.3","","5.0","","98","","2.0","","15","","13","","4.8","","97.25","","","","","","Rain,Fog"
"-80.38","43.46","KITCHENER/WATERLOO","6144239","2024-12-16 19:00","2024","12","16","19:00","","5.8","","5.7","","99","","1.5","","15","","15","","3.2","","97.16","","","","","","Rain,Fog"
"-80.38","43.46","KITCHENER/WATERLOO","6144239","2024-12-16 20:00","2024","12","16","20:00","","7.3","","7.1","","99","","3.2","","18","","15","","4.0","","97.04","","","","","","Moderate Rain,Fog"
"-80.38","43.46","KITCHENER/WATERLOO","6144239","2024-12-16 21:00","2024","12","16","21:00","","8.2","","8.1","","99","","3.5","","20","","15","","2.4","","96.96","","","","","","Rain,Fog"
"-80.38","43.46","KITCHENER/WATERLOO","6144239","2024-12-16 22:00","2024","12","16","22:00","","8.9","","8.5","","97","","0.5","","23","","22","","4.8","","96.93","","","","","","Rain,Fog"
"-80.38","43.46","KITCHENER/WATERLOO","6144239","2024-12-16 23:00","2024","12","16","23:00","","9.3","","8.6","","95","","0.0","","24","","26","","16.1","","96.95","","","","","","NA"
"-80.38","43.46","KITCHENER/WATERLOO","6144239","2024-12-17 00:00","2024","12","17","00:00","","9.0","","7.9","","93","","0.0","","25","","21","","14.5","","96.99","","","","","","NA"
"-80.38","43.46","KITCHENER/WATERLOO","6144239","2024-12-17 01:00","2024","12","17","01:00","","7.7","","5.2","","84","","0.0","","26","","50","","16.1","","97.06","","","","","","NA"
"-80.38","43.46","KITCHENER/WATERLOO","6144239","2024-12-17 02:00","2024","12","17","02:00","","6.6","","3.9","","83","","0.0","","26","","34","","16.1","","97.18","","","","","","NA"
"-80.38","43.46","KITCHENER/WATERLOO","6144239","2024-12-17 03:00","2024","12","17","03:00","","5.4","","2.6","","82","","0.0","","26","","34","","16.1","","97.40","","","","","","NA"
"-80.38","43.46","KITCHENER/WATERLOO","6144239","2024-12-17 04:00","2024","12","17","04:00","","5.2","","2.4","","82","","0.0","","25","","34","","16.1","","97.46","","","","","","NA"
"-80.38","43.46","KITCHENER/WATERLOO","6144239","2024-12-17 05:00","2024","12","17","05:00","","4.6","","1.8","","82","","0.0","","26","","34","","16.1","","97.52","","","","","","NA"
"-80.38","43.46","KITCHENER/WATERLOO","6144239","2024-12-17 06:00","2024","12","17","06:00","","3.8","","0.8","","81","","0.0","","26","","18","","16.1","","97.56","","","","","","NA"
"-80.38","43.46","KITCHENER/WATERLOO","6144239","2024-12-17 07:00","2024","12","17","07:00","","3.8","","0.7","","80","","0.0","","25","","28","","16.1","","97.64","","","","","","NA"
"-80.38","43.46","KITCHENER/WATERLOO","6144239","2024-12-17 08:00","2024","12","17","08:00","","3.6","","0.8","","82","","0.0","","23","","24","","16.1","","97.71","","","","","","NA"
"-80.38","43.46","KITCHENER/WATERLOO","6144239","2024-12-17 09:00","2024","12","17","09:00","","3.7","","1.0","","83","","0.0","","23","","24","","16.1","","97.76","","","","","","NA"
"-80.38","43.46","KITCHENER/WATERLOO","6144239","2024-12-17 10:00","2024","12","17","10:00","","4.3","","1.1","","80","","0.0","","24","","30","","16.1","","97.85","","","","","","NA"
"-80.38","43.46","KITCHENER/WATERLOO","6144239","2024-12-17 11:00","2024","12","17","11:00","","4.8","","0.6","","74","","0.0","","26","","34","","16.1","","97.87","","","","","","NA"
"-80.38","43.46","KITCHENER/WATERLOO","6144239","2024-12-17 12:00","2024","12","17","12:00","","4.0","","0.2","","76","","0.0","","28","","26","","16.1","","97.93","","","","","","NA"
"-80.38","43.46","KITCHENER/WATERLOO","6144239","2024-12-17 13:00","2024","12","17","13:00","","3.8","","-0.9","","71","","0.0","","28","","28","","16.1","","97.97","","","","","","NA"
"-80.38","43.46","KITCHENER/WATERLOO","6144239","2024-12-17 14:00","2024","12","17","14:00","","3.3","","-0.7","","75","","0.0","","28","","18","","16.1","","98.06","","","","","","NA"
"-80.38","43.46","KITCHENER/WATERLOO","6144239","2024-12-17 15:00","2024","12","17","15:00","","2.9","","-1.3","","74","","0.0","","27","","21","","16.1","","98.13","","","","","","NA"
"-80.38","43.46","KITCHENER/WATERLOO","6144239","2024-12-17 16:00","2024","12","17","16:00","","2.7","","-1.9","","72","","0.0","","27","","21","","16.1","","98.25","","","","","","NA"
"-80.38","43.46","KITCHENER/WATERLOO","6144239","2024-12-17 17:00","2024","12","17","17:00","","2.3","","-1.5","","76","","0.0","","26","","15","","16.1","","98.33","","","","","","NA"
"-80.38","43.46","KITCHENER/WATERLOO","6144239","2024-12-17 18:00","2024","12","17","18:00","","2.1","","-1.9","","75","","0.0","","26","","18","","16.1","","98.38","","","","","","NA"
"-80.38","43.46","KITCHENER/WATERLOO","6144239","2024-12-17 19:00","2024","12","17","19:00","","2.0","","-2.3","","73","","0.0","","26","","21","","16.1","","98.45","","","","","","NA"
"-80.38","43.46","KITCHENER/WATERLOO","6144239","2024-12-17 20:00","2024","12","17","20:00","","2.0","","-2.9","","70","","0.0","","26","","18","","16.1","","98.43","","","","","","NA"
"-80.38","43.46","KITCHENER/WATERLOO","6144239","2024-12-17 21:00","2024","12","17","21:00","","1.9","","-3.2","","69","","0.0","","26","","15","","16.1","","98.44","","","","","","NA"
"-80.38","43.46","KITCHENER/WATERLOO","6144239","2024-12-17 22:00","2024","12","17","22:00","","1.8","","-2.8","","71","","0.0","","25","","9","","16.1","","98.47","","","","","","NA"
"-80.38","43.46","KITCHENER/WATERLOO","6144239","2024-12-17 23:00","2024","12","17","23:00","","1.4","","-2.0","","78","","0.0","","22","","9","","16.1","","98.50","","","","","","NA"
"-80.38","43.46","KITCHENER/WATERLOO","6144239","2024-12-18 00:00","2024","12","18","00:00","","1.1","","-1.6","","82","","0.0","","21","","8","","16.1","","98.46","","","","","","NA"
"-80.38","43.46","KITCHENER/WATERLOO","6144239","2024-12-18 01:00","2024","12","18","01:00","","1.0","","-1.3","","85","","0.0","","20","","9","","16.1","","98.44","","","","","","NA"
"-80.38","43.46","KITCHENER/WATERLOO","6144239","2024-12-18 02:00","2024","12","18","02:00","","1.0","","-1.1","","86","","0.0","","20","","8","","16.1","","98.44","","","","","","NA"
"-80.38","43.46","KITCHENER/WATERLOO","6144239","2024-12-18 03:00","2024","12","18","03:00","","1.2","","-1.0","","85","","0.0","","21","","9","","16.1","","98.43","","","","","","NA"
"-80.38","43.46","KITCHENER/WATERLOO","6144239","2024-12-18 04:00","2024","12","18","04:00","","1.2","","-1.2","","84","","0.0","","19","","11","","16.1","","98.35","","","","","","NA"
"-80.38","43.46","KITCHENER/WATERLOO","6144239","2024-12-18 05:00","2024","12","18","05:00","","1.3","","-1.3","","83","","0.0","","23","","11","","16.1","","98.32","","","","","","NA"
"-80.38","43.46","KITCHENER/WATERLOO","6144239","2024-12-18 06:00","2024","12","18","06:00","","1.3","","-1.3","","83","","0.0","","24","","11","","16.1","","98.29","","","","","","NA"
"-80.38","43.46","KITCHENER/WATERLOO","6144239","2024-12-18 07:00","2024","12","18","07:00","","1.3","","-1.4","","82","","0.0","","24","","11","","16.1","","98.24","","","","","","NA"
"-80.38","43.46","KITCHENER/WATERLOO","6144239","2024-12-18 08:00","2024","12","18","08:00","","1.2","","-1.1","","85","","0.0","","25","","13","","16.1","","98.22","","","","","","NA"
"-80.38","43.46","KITCHENER/WATERLOO","6144239","2024-12-18 09:00","2024","12","18","09:00","","1.2","","-0.9","","86","","0.0","","26","","13","","12.9","","98.22","","","","","","NA"
"-80.38","43.46","KITCHENER/WATERLOO","6144239","2024-12-18 10:00","2024","12","18","10:00","","0.9","","-0.9","","88","","0.0","","28","","11","","4.8","","98.18","","","","","","Snow"
"-80.38","43.46","KITCHENER/WATERLOO","6144239","2024-12-18 11:00","2024","12","18","11:00","","0.7","","-1.0","","88","","0.0","","31","","8","","14.5","","98.11","","","","","","Rain"
"-80.38","43.46","KITCHENER/WATERLOO","6144239","2024-12-18 12:00","2024","12","18","12:00","","1.0","","-1.2","","85","","0.0","","28","","9","","16.1","","98.04","","","","","","NA"
"-80.38","43.46","KITCHENER/WATERLOO","6144239","2024-12-18 13:00","2024","12","18","13:00","","0.5","","-0.8","","91","","0.0","","30","","8","","4.8","","97.93","","","","","","Snow"
"-80.38","43.46","KITCHENER/WATERLOO","6144239","2024-12-18 14:00","2024","12","18","14:00","","0.6","","-0.7","","91","","0.0","","29","","13","","8.1","","97.91","","","","","","Snow"
"-80.38","43.46","KITCHENER/WATERLOO","6144239","2024-12-18 15:00","2024","12","18","15:00","","0.9","","-1.0","","87","","0.0","","26","","11","","16.1","","97.86","","","","","","NA"
"-80.38","43.46","KITCHENER/WATERLOO","6144239","2024-12-18 16:00","2024","12","18","16:00","","0.7","","-1.1","","88","","0.0","","26","","11","","11.3","","97.89","","","","","","Rain"
"-80.38","43.46","KITCHENER/WATERLOO","6144239","2024-12-18 17:00","2024","12","18","17:00","","0.7","","-0.8","","90","","0.0","","26","","17","","16.1","","97.93","","","","","","Rain"
"-80.38","43.46","KITCHENER/WATERLOO","6144239","2024-12-18 18:00","2024","12","18","18:00","","0.6","","-0.7","","91","","0.0","","26","","15","","9.7","","97.98","","","","","","Rain,Fog"
"-80.38","43.46","KITCHENER/WATERLOO","6144239","2024-12-18 19:00","2024","12","18","19:00","","0.7","","-0.8","","90","","0.0","","29","","21","","16.1","","98.02","","","","","","Rain"
"-80.38","43.46","KITCHENER/WATERLOO","6144239","2024-12-18 20:00","2024","12","18","20:00","","0.3","","-2.0","","85","","0.0","","30","","18","","16.1","","98.06","","","","","","Rain"
"-80.38","43.46","KITCHENER/WATERLOO","6144239","2024-12-18 21:00","2024","12","18","21:00","","0.1","","-2.0","","86","","0.0","","30","","17","","16.1","","98.11","","","","","","Snow"
"-80.38","43.46","KITCHENER/WATERLOO","6144239","2024-12-18 22:00","2024","12","18","22:00","","-0.1","","-2.7","","83","","0.0","","29","","22","","16.1","","98.17","","","","-6","","Rain"
"-80.38","43.46","KITCHENER/WATERLOO","6144239","2024-12-18 23:00","2024","12","18","23:00","","-0.3","","-3.9","","77","","0.0","","30","","21","","16.1","","98.19","","","","-6","","NA"
"-80.38","43.46","KITCHENER/WATERLOO","6144239","2024-12-19 00:00","2024","12","19","00:00","","-0.5","","-4.5","","74","","0.0","","30","","24","","16.1","","98.24","","","","-6","","NA"
"-80.38","43.46","KITCHENER/WATERLOO","6144239","2024-12-19 01:00","2024","12","19","01:00","","-1.2","","-4.2","","80","","0.0","","31","","24","","16.1","","98.31","","","","-7","","Snow"
"-80.38","43.46","KITCHENER/WATERLOO","6144239","2024-12-19 02:00","2024","12","19","02:00","","-1.7","","-5.4","","76","","0.0","","31","","18","","16.1","","98.38","","","","-7","","Snow"
"-80.38","43.46","KITCHENER/WATERLOO","6144239","2024-12-19 03:00","2024","12","19","03:00","","-2.0","","-6.2","","73","","0.0","","32","","17","","16.1","","98.48","","","","-7","","NA"
"-80.38","43.46","KITCHENER/WATERLOO","6144239","2024-12-19 04:00","2024","12","19","04:00","","-2.6","","-6.9","","73","","0.0","","31","","21","","16.1","","98.57","","","","-9","","NA"
"-80.38","43.46","KITCHENER/WATERLOO","6144239","2024-12-19 05:00","2024","12","19","05:00","","-2.6","","-8.1","","66","","0.0","","31","","21","","16.1","","98.61","","","","-9","","NA"
"-80.38","43.46","KITCHENER/WATERLOO","6144239","2024-12-19 06:00","2024","12","19","06:00","","-3.3","","-9.8","","61","","0.0","","29","","22","","16.1","","98.67","","","","-10","","NA"
"-80.38","43.46","KITCHENER/WATERLOO","6144239","2024-12-19 07:00","2024","12","19","07:00","","-4.2","","-9.3","","68","","0.0","","29","","15","","16.1","","98.71","","","","-10","","NA"
"-80.38","43.46","KITCHENER/WATERLOO","6144239","2024-12-19 08:00","2024","12","19","08:00","","-3.4","","-8.7","","67","","0.0","","28","","13","","16.1","","98.74","","","","-8","","NA"
"-80.38","43.46","KITCHENER/WATERLOO","6144239","2024-12-19 09:00","2024","12","19","09:00","","-3.4","","-8.3","","69","","0.0","","34","","18","","16.1","","98.78","","","","-9","","Snow"
"-80.38","43.46","KITCHENER/WATERLOO","6144239","2024-12-19 10:00","2024","12","19","10:00","","-3.3","","-8.8","","66","","0.0","","33","","13","","16.1","","98.82","","","","-8","","Snow"
"-80.38","43.46","KITCHENER/WATERLOO","6144239","2024-12-19 11:00","2024","12","19","11:00","","-2.8","","-8.4","","66","","0.0","","32","","9","","16.1","","98.86","","","","-6","","Snow"
"-80.38","43.46","KITCHENER/WATERLOO","6144239","2024-12-19 12:00","2024","12","19","12:00","","-2.7","","-8.2","","66","","0.0","","35","","11","","16.1","","98.78","","","","-7","","Snow"
"-80.38","43.46","KITCHENER/WATERLOO","6144239","2024-12-19 13:00","2024","12","19","13:00","","-2.7","","-8.7","","63","","0.0","","3","","8","","16.1","","98.71","","","","-6","","NA"
"-80.38","43.46","KITCHENER/WATERLOO","6144239","2024-12-19 14:00","2024","12","19","14:00","","-2.4","","-9.1","","60","","0.0","","","","0","","16.1","","98.66","","","","","","NA"
"-80.38","43.46","KITCHENER/WATERLOO","6144239","2024-12-19 15:00","2024","12","19","15:00","","-2.4","","-9.6","","58","","0.0","","","","0","","16.1","","98.69","","","","","","NA"
"-80.38","43.46","KITCHENER/WATERLOO","6144239","2024-12-19 16:00","2024","12","19","16:00","","-2.5","","-8.9","","62","","0.0","","20","","8","","16.1","","98.68","","","","-6","","NA"
"-80.38","43.46","KITCHENER/WATERLOO","6144239","2024-12-19 17:00","2024","12","19","17:00","","-2.6","","-8.6","","64","","0.0","","23","","4","","16.1","","98.66","","","","-4","","NA"
"-80.38","43.46","KITCHENER/WATERLOO","6144239","2024-12-19 18:00","2024","12","19","18:00","","-2.9","","-8.1","","68","","0.0","","","M","4","","16.1","","98.64","","","","-4","","NA"
"-80.38","43.46","KITCHENER/WATERLOO","6144239","2024-12-19 19:00","2024","12","19","19:00","","-2.9","","-8.0","","68","","0.0","","9","","9","","16.1","","98.57","","","","-6","","NA"
"-80.38","43.46","KITCHENER/WATERLOO","6144239","2024-12-19 20:00","2024","12","19","20:00","","-3.1","","-8.0","","69","","0.0","","11","","8","","16.1","","98.55","","","","-6","","NA"
"-80.38","43.46","KITCHENER/WATERLOO","6144239","2024-12-19 21:00","2024","12","19","21:00","","-3.0","","-8.1","","68","","0.0","","11","","11","","16.1","","98.52","","","","-7","","NA"
"-80.38","43.46","KITCHENER/WATERLOO","6144239","2024-12-19 22:00","2024","12","19","22:00","","-3.0","","-7.5","","71","","0.0","","10","","9","","16.1","","98.52","","","","-7","","NA"
"-80.38","43.46","KITCHENER/WATERLOO","6144239","2024-12-19 23:00","2024","12","19","23:00","","-3.9","","-6.4","","83","","0.0","","15","","13","","4.8","","98.47","","","","-9","","Snow"
"-80.38","43.46","KITCHENER/WATERLOO","6144239","2024-12-20 00:00","2024","12","20","00:00","","-4.3","","-5.9","","89","","0.0","","10","","9","","6.4","","98.40","","","","-8","","Snow"
"-80.38","43.46","KITCHENER/WATERLOO","6144239","2024-12-20 01:00","2024","12","20","01:00","","-4.3","","-5.6","","91","","0.0","","7","","8","","4.8","","98.31","","","","-8","","Snow"
"-80.38","43.46","KITCHENER/WATERLOO","6144239","2024-12-20 02:00","2024","12","20","02:00","","-4.2","","-5.3","","92","","0.0","","5","","5","","9.7","","98.24","","","","-6","","Snow"
"-80.38","43.46","KITCHENER/WATERLOO","6144239","2024-12-20 03:00","2024","12","20","03:00","","-4.7","","-6.0","","91","","0.0","","6","","13","","16.1","","98.18","","","","-10","","Snow"
"-80.38","43.46","KITCHENER/WATERLOO","6144239","2024-12-20 04:00","2024","12","20","04:00","","-4.6","","-6.0","","90","","0.0","","6","","13","","9.7","","98.09","","","","-10","","Snow"
"-80.38","43.46","KITCHENER/WATERLOO","6144239","2024-12-20 05:00","2024","12","20","05:00","","-4.6","","-5.7","","92","","0.0","","6","","15","","16.1","","98.02","","","","-10","","Snow"
"-80.38","43.46","KITCHENER/WATERLOO","6144239","2024-12-20 06:00","2024","12","20","06:00","","-4.6","","-6.0","","90","","0.2","","6","","13","","3.2","","97.99","","","","-10","","Snow"
"-80.38","43.46","KITCHENER/WATERLOO","6144239","2024-12-20 07:00","2024","12","20","07:00","","-4.6","","-5.9","","91","","0.0","","5","","13","","16.1","","97.99","","","","-10","","Snow"
"-80.38","43.46","KITCHENER/WATERLOO","6144239","2024-12-20 08:00","2024","12","20","08:00","","-4.0","","-5.4","","90","","0.0","","6","","15","","16.1","","97.97","","","","-9","","NA"
"-80.38","43.46","KITCHENER/WATERLOO","6144239","2024-12-20 09:00","2024","12","20","09:00","","-3.9","","-5.3","","90","","0.0","","5","","15","","16.1","","97.98","","","","-9","","Snow"
"-80.38","43.46","KITCHENER/WATERLOO","6144239","2024-12-20 10:00","2024","12","20","10:00","","-4.2","","-5.8","","89","","0.0","","5","","15","","16.1","","97.98","","","","-10","","Snow"
"-80.38","43.46","KITCHENER/WATERLOO","6144239","2024-12-20 11:00","2024","12","20","11:00","","-3.8","","-5.8","","86","","0.0","","3","","17","","6.4","","97.93","","","","-10","","Snow"
"-80.38","43.46","KITCHENER/WATERLOO","6144239","2024-12-20 12:00","2024","12","20","12:00","","-3.4","","-5.8","","83","","0.0","","2","","17","","8.1","","97.89","","","","-9","","Snow"
"-80.38","43.46","KITCHENER/WATERLOO","6144239","2024-12-20 13:00","2024","12","20","13:00","","-3.4","","-5.9","","83","","0.0","","1","","15","","9.7","","97.86","","","","-9","","Snow"
"-80.38","43.46","KITCHENER/WATERLOO","6144239","2024-12-20 14:00","2024","12","20","14:00","","-3.4","","-6.3","","80","","0.0","","36","","17","","16.1","","97.85","","","","-9","","Snow"
"-80.38","43.46","KITCHENER/WATERLOO","6144239","2024-12-20 15:00","2024","12","20","15:00","","-3.4","","-6.9","","77","","0.0","","36","","17","","16.1","","97.90","","","","-9","","NA"
"-80.38","43.46","KITCHENER/WATERLOO","6144239","2024-12-20 16:00","2024","12","20","16:00","","-3.9","","-7.0","","79","","0.0","","36","","17","","11.3","","97.95","","","","-10","","Snow"
"-80.38","43.46","KITCHENER/WATERLOO","6144239","2024-12-20 17:00","2024","12","20","17:00","","-4.5","","-6.5","","86","","0.0","","36","","11","","11.3","","98.01","","","","-9","","Snow"
"-80.38","43.46","KITCHENER/WATERLOO","6144239","2024-12-20 18:00","2024","12","20","18:00","","-4.5","","-7.0","","83","","0.0","","35","","15","","16.1","","98.08","","","","-10","","NA"
"-80.38","43.46","KITCHENER/WATERLOO","6144239","2024-12-20 19:00","2024","12","20","19:00","","-4.7","","-7.6","","80","","0.0","","34","","15","","11.3","","98.16","","","","-10","","Snow"
"-80.38","43.46","KITCHENER/WATERLOO","6144239","2024-12-20 20:00","2024","12","20","20:00","","-6.1","","-8.7","","82","","0.0","","32","","17","","16.1","","98.18","","","","-12","","NA"
"-80.38","43.46","KITCHENER/WATERLOO","6144239","2024-12-20 21:00","2024","12","20","21:00","","-5.8","","-8.1","","84","","0.0","","32","","11","","16.1","","98.19","","","","-11","","NA"
"-80.38","43.46","KITCHENER/WATERLOO","6144239","2024-12-20 22:00","2024","12","20","22:00","","-5.5","","-8.8","","78","","0.0","","33","","15","","16.1","","98.22","","","","-11","","NA"
"-80.38","43.46","KITCHENER/WATERLOO","6144239","2024-12-20 23:00","2024","12","20","23:00","","-5.8","","-10.1","","72","","0.0","","34","","13","","16.1","","98.25","","","","-11","","NA"
"-80.38","43.46","KITCHENER/WATERLOO","6144239","2024-12-21 00:00","2024","12","21","00:00","","-7.1","","-10.8","","75","","0.0","","32","","13","","16.1","","98.22","","","","-13","","NA"
"-80.38","43.46","KITCHENER/WATERLOO","6144239","2024-12-21 01:00","2024","12","21","01:00","","-8.4","","-11.3","","80","","0.0","","31","","13","","16.1","","98.24","","","","-14","","NA"
"-80.38","43.46","KITCHENER/WATERLOO","6144239","2024-12-21 02:00","2024","12","21","02:00","","-9.1","","-11.2","","85","","0.0","","31","","9","","16.1","","98.26","","","","-14","","NA"
"-80.38","43.46","KITCHENER/WATERLOO","6144239","2024-12-21 03:00","2024","12","21","03:00","","-9.9","","-11.5","","88","","0.0","","32","","11","","16.1","","98.32","","","","-15","","NA"
"-80.38","43.46","KITCHENER/WATERLOO","6144239","2024-12-21 04:00","2024","12","21","04:00","","-10.7","","-12.7","","86","","0.0","","32","","11","","16.1","","98.35","","","","-16","","NA"
"-80.38","43.46","KITCHENER/WATERLOO","6144239","2024-12-21 05:00","2024","12","21","05:00","","-11.0","","-13.2","","84","","0.0","","31","","9","","16.1","","98.39","","","","-16","","NA"
"-80.38","43.46","KITCHENER/WATERLOO","6144239","2024-12-21 06:00","2024","12","21","06:00","","-11.4","","-13.3","","86","","0.0","","34","","5","","16.1","","98.45","","","","-15","","NA"
"-80.38","43.46","KITCHENER/WATERLOO","6144239","2024-12-21 07:00","2024","12","21","07:00","","-10.9","","-13.6","","81","","0.0","","31","","13","","16.1","","98.54","","","","-17","","NA"
"-80.38","43.46","KITCHENER/WATERLOO","6144239","2024-12-21 08:00","2024","12","21","08:00","","-11.6","","-14.0","","83","","0.0","","31","","13","","16.1","","98.59","","","","-18","","NA"
"-80.38","43.46","KITCHENER/WATERLOO","6144239","2024-12-21 09:00","2024","12","21","09:00","","-10.5","","-13.8","","77","","0.0","","33","","15","","16.1","","98.69","","","","-17","","NA"
"-80.38","43.46","KITCHENER/WATERLOO","6144239","2024-12-21 10:00","2024","12","21","10:00","","-9.4","","-14.1","","69","","0.0","","34","","17","","16.1","","98.74","","","","-16","","NA"
"-80.38","43.46","KITCHENER/WATERLOO","6144239","2024-12-21 11:00","2024","12","21","11:00","","-8.9","","-14.6","","64","","0.0","","33","","22","","16.1","","98.76","","","","-17","","NA"
"-80.38","43.46","KITCHENER/WATERLOO","6144239","2024-12-21 12:00","2024","12","21","12:00","","-8.7","","-14.4","","64","","0.0","","34","","22","","16.1","","98.72","","","","-17","","NA"
"-80.38","43.46","KITCHENER/WATERLOO","6144239","2024-12-21 13:00","2024","12","21","13:00","","-8.9","","-15.5","","59","","0.0","","31","","22","","16.1","","98.68","","","","-17","","NA"
"-80.38","43.46","KITCHENER/WATERLOO","6144239","2024-12-21 14:00","2024","12","21","14:00","","-8.9","","-15.9","","57","","0.0","","32","","24","","16.1","","98.67","","","","-17","","NA"
"-80.38","43.46","KITCHENER/WATERLOO","6144239","2024-12-21 15:00","2024","12","21","15:00","","-9.2","","-15.5","","61","","0.0","","31","","21","","16.1","","98.74","","","","-17","","NA"
"-80.38","43.46","KITCHENER/WATERLOO","6144239","2024-12-21 16:00","2024","12","21","16:00","","-10.3","","-16.7","","60","","0.0","","32","","21","","16.1","","98.80","","","","-18","","NA"
"-80.38","43.46","KITCHENER/WATERLOO","6144239","2024-12-21 17:00","2024","12","21","17:00","","-11.9","","-17.0","","66","","0.0","","31","","13","","16.1","","98.84","","","","-19","","NA"
"-80.38","43.46","KITCHENER/WATERLOO","6144239","2024-12-21 18:00","2024","12","21","18:00","","-12.7","","-17.1","","70","","0.0","","33","","18","","16.1","","98.85","","","","-21","","NA"
"-80.38","43.46","KITCHENER/WATERLOO","6144239","2024-12-21 19:00","2024","12","21","19:00","","-13.3","","-17.7","","70","","0.0","","34","","18","","16.1","","98.90","","","","-22","","NA"
"-80.38","43.46","KITCHENER/WATERLOO","6144239","2024-12-21 20:00","2024","12","21","20:00","","-13.9","","-17.8","","73","","0.0","","31","","9","","16.1","","98.94","","","","-20","","NA"
"-80.38","43.46","KITCHENER/WATERLOO","6144239","2024-12-21 21:00","2024","12","21","21:00","","-14.3","","-17.8","","75","","0.0","","31","","13","","16.1","","98.96","","","","-21","","NA"
"-80.38","43.46","KITCHENER/WATERLOO","6144239","2024-12-21 22:00","2024","12","21","22:00","","-15.1","","-18.3","","77","","0.0","","30","","11","","16.1","","99.00","","","","-22","","NA"
"-80.38","43.46","KITCHENER/WATERLOO","6144239","2024-12-21 23:00","2024","12","21","23:00","","-15.7","","-18.4","","80","","0.0","","29","","13","","16.1","","99.03","","","","-23","","NA"
"-80.38","43.46","KITCHENER/WATERLOO","6144239","2024-12-22 00:00","2024","12","22","00:00","","-16.0","","-18.4","","82","","0.0","","31","","8","","16.1","","99.05","","","","-22","","NA"
"-80.38","43.46","KITCHENER/WATERLOO","6144239","2024-12-22 01:00","2024","12","22","01:00","","-16.4","","-18.8","","82","","0.0","","36","","9","","16.1","","99.09","","","","-22","","NA"
"-80.38","43.46","KITCHENER/WATERLOO","6144239","2024-12-22 02:00","2024","12","22","02:00","","-17.1","","-20.2","","77","","0.0","","2","","5","","16.1","","99.15","","","","-21","","NA"
"-80.38","43.46","KITCHENER/WATERLOO","6144239","2024-12-22 03:00","2024","12","22","03:00","","-17.7","","-21.0","","76","","0.0","","3","","5","","16.1","","99.21","","","","-22","","NA"
"-80.38","43.46","KITCHENER/WATERLOO","6144239","2024-12-22 04:00","2024","12","22","04:00","","-18.5","","-21.6","","77","","0.0","","2","","8","","16.1","","99.23","","","","-24","","NA"
"-80.38","43.46","KITCHENER/WATERLOO","6144239","2024-12-22 05:00","2024","12","22","05:00","","-18.9","","-22.6","","73","","0.0","","36","","9","","16.1","","99.25","","","","-25","","NA"
"-80.38","43.46","KITCHENER/WATERLOO","6144239","2024-12-22 06:00","2024","12","22","06:00","","-19.0","","-22.6","","74","","0.0","","3","","5","","16.1","","99.30","","","","-23","","NA"
"-80.38","43.46","KITCHENER/WATERLOO","6144239","2024-12-22 07:00","2024","12","22","07:00","","-20.1","","-23.2","","77","","0.0","","31","","5","","16.1","","99.40","","","","-24","","NA"
"-80.38","43.46","KITCHENER/WATERLOO","6144239","2024-12-22 08:00","2024","12","22","08:00","","-20.2","","-22.8","","80","","0.0","","27","","5","","16.1","","99.40","","","","-25","","NA"
"-80.38","43.46","KITCHENER/WATERLOO","6144239","2024-12-22 09:00","2024","12","22","09:00","","-18.5","","-21.9","","75","","0.0","","","","0","","16.1","","99.45","","","","","","NA"
"-80.38","43.46","KITCHENER/WATERLOO","6144239","2024-12-22 10:00","2024","12","22","10:00","","-16.6","","-21.2","","68","","0.0","","7","","5","","16.1","","99.52","","","","-20","","NA"
"-80.38","43.46","KITCHENER/WATERLOO","6144239","2024-12-22 11:00","2024","12","22","11:00","","-13.9","","-19.7","","62","","0.0","","","M","4","","16.1","","99.51","","","","-17","","NA"
"-80.38","43.46","KITCHENER/WATERLOO","6144239","2024-12-22 12:00","2024","12","22","12:00","","-12.4","","-19.1","","58","","0.0","","11","","9","","16.1","","99.41","","","","-18","","NA"
"-80.38","43.46","KITCHENER/WATERLOO","6144239","2024-12-22 13:00","2024","12","22","13:00","","-11.4","","-19.5","","52","","0.0","","15","","13","","16.1","","99.36","","","","-18","","NA"
"-80.38","43.46","KITCHENER/WATERLOO","6144239","2024-12-22 14:00","2024","12","22","14:00","","-10.9","","-17.0","","61","","0.0","","16","","9","","16.1","","99.33","","","","-16","","NA"
"-80.38","43.46","KITCHENER/WATERLOO","6144239","2024-12-22 15:00","2024","12","22","15:00","","-10.9","","-17.8","","57","","0.0","","14","","13","","16.1","","99.30","","","","-17","","NA"
"-80.38","43.46","KITCHENER/WATERLOO","6144239","2024-12-22 16:00","2024","12","22","16:00","","-10.8","","-17.5","","59","","0.0","","15","","11","","16.1","","99.33","","","","-17","","NA"
"-80.38","43.46","KITCHENER/WATERLOO","6144239","2024-12-22 17:00","2024","12","22","17:00","","-12.2","","-17.0","","68","","0.0","","15","","11","","16.1","","99.32","","","","-18","","NA"
"-80.38","43.46","KITCHENER/WATERLOO","6144239","2024-12-22 18:00","2024","12","22","18:00","","-12.6","","-16.4","","73","","0.0","","14","","8","","16.1","","99.37","","","","-18","","NA"
"-80.38","43.46","KITCHENER/WATERLOO","6144239","2024-12-22 19:00","2024","12","22","19:00","","-11.4","","-15.7","","71","","0.0","","15","","13","","16.1","","99.37","","","","-18","","NA"
"-80.38","43.46","KITCHENER/WATERLOO","6144239","2024-12-22 20:00","2024","12","22","20:00","","-11.3","","-15.6","","71","","0.0","","15","","17","","16.1","","99.33","","","","-19","","NA"
"-80.38","43.46","KITCHENER/WATERLOO","6144239","2024-12-22 21:00","2024","12","22","21:00","","-11.2","","-15.0","","74","","0.0","","13","","11","","16.1","","99.28","","","","-17","","NA"
"-80.38","43.46","KITCHENER/WATERLOO","6144239","2024-12-22 22:00","2024","12","22","22:00","","-11.0","","-14.8","","74","","0.0","","12","","8","","16.1","","99.27","","","","-16","","NA"
"-80.38","43.46","KITCHENER/WATERLOO","6144239","2024-12-22 23:00","2024","12","22","23:00","","-10.5","","-14.3","","74","","0.0","","12","","11","","16.1","","99.26","","","","-16","","NA"
"-80.38","43.46","KITCHENER/WATERLOO","6144239","2024-12-23 00:00","2024","12","23","00:00","","-10.1","","-13.9","","74","","0.0","","11","","11","","16.1","","99.20","","","","-16","","NA"
"-80.38","43.46","KITCHENER/WATERLOO","6144239","2024-12-23 01:00","2024","12","23","01:00","","-9.6","","-13.1","","76","","0.0","","11","","13","","16.1","","99.14","","","","-16","","NA"
"-80.38","43.46","KITCHENER/WATERLOO","6144239","2024-12-23 02:00","2024","12","23","02:00","","-9.1","","-12.3","","78","","0.0","","13","","11","","16.1","","99.10","","","","-15","","NA"
"-80.38","43.46","KITCHENER/WATERLOO","6144239","2024-12-23 03:00","2024","12","23","03:00","","-8.6","","-11.6","","79","","0.0","","15","","5","","16.1","","99.08","","","","-11","","NA"
"-80.38","43.46","KITCHENER/WATERLOO","6144239","2024-12-23 04:00","2024","12","23","04:00","","-8.1","","-11.0","","80","","0.0","","13","","8","","16.1","","99.08","","","","-12","","NA"
"-80.38","43.46","KITCHENER/WATERLOO","6144239","2024-12-23 05:00","2024","12","23","05:00","","-7.1","","-10.0","","80","","0.0","","18","","9","","16.1","","99.03","","","","-11","","NA"
"-80.38","43.46","KITCHENER/WATERLOO","6144239","2024-12-23 06:00","2024","12","23","06:00","","-6.7","","-9.6","","80","","0.0","","16","","11","","16.1","","98.98","","","","-12","","NA"
"-80.38","43.46","KITCHENER/WATERLOO","6144239","2024-12-23 07:00","2024","12","23","07:00","","-6.1","","-9.0","","80","","0.0","","15","","11","","16.1","","98.93","","","","-11","","NA"
"-80.38","43.46","KITCHENER/WATERLOO","6144239","2024-12-23 08:00","2024","12","23","08:00","","-5.2","","-8.1","","80","","0.0","","15","","13","","16.1","","98.90","","","","-10","","NA"
"-80.38","43.46","KITCHENER/WATERLOO","6144239","2024-12-23 09:00","2024","12","23","09:00","","-4.6","","-7.6","","80","","0.0","","18","","15","","16.1","","98.90","","","","-10","","NA"
"-80.38","43.46","KITCHENER/WATERLOO","6144239","2024-12-23 10:00","2024","12","23","10:00","","-4.2","","-6.8","","82","","0.0","","16","","17","","9.7","","98.83","","","","-10","","Snow"
"-80.38","43.46","KITCHENER/WATERLOO","6144239","2024-12-23 11:00","2024","12","23","11:00","","-4.3","","-6.0","","88","","0.0","","15","","22","","3.6","","98.73","","","","-11","","Snow"
"-80.38","43.46","KITCHENER/WATERLOO","6144239","2024-12-23 12:00","2024","12","23","12:00","","-3.9","","-6.5","","82","","0.2","","16","","30","","16.1","","98.53","","","","-12","","NA"
"-80.38","43.46","KITCHENER/WATERLOO","6144239","2024-12-23 13:00","2024","12","23","13:00","","-3.1","","-7.5","","72","","0.0","","16","","22","","16.1","","98.37","","","","-9","","NA"
"-80.38","43.46","KITCHENER/WATERLOO","6144239","2024-12-23 14:00","2024","12","23","14:00","","-2.5","","-7.1","","71","","0.0","","19","","18","","16.1","","98.34","","","","-8","","NA"
"-80.38","43.46","KITCHENER/WATERLOO","6144239","2024-12-23 15:00","2024","12","23","15:00","","-1.8","","-7.0","","68","","0.0","","19","","13","","16.1","","98.24","","","","-6","","NA"
"-80.38","43.46","KITCHENER/WATERLOO","6144239","2024-12-23 16:00","2024","12","23","16:00","","-2.0","","-5.3","","78","","0.0","","18","","21","","16.1","","98.19","","","","-8","","Snow"
"-80.38","43.46","KITCHENER/WATERLOO","6144239","2024-12-23 17:00","2024","12","23","17:00","","-2.2","","-3.8","","89","","0.0","","19","","13","","4.8","","98.13","","","","-7","","Snow"
"-80.38","43.46","KITCHENER/WATERLOO","6144239","2024-12-23 18:00","2024","12","23","18:00","","-2.2","","-3.2","","93","","0.2","","18","","11","","2.4","","98.10","","","","-6","","Snow"
"-80.38","43.46","KITCHENER/WATERLOO","6144239","2024-12-23 19:00","2024","12","23","19:00","","-1.6","","-2.3","","95","","0.5","","19","","9","","2.0","","98.07","","","","-5","","Snow"
"-80.38","43.46","KITCHENER/WATERLOO","6144239","2024-12-23 20:00","2024","12","23","20:00","","-0.5","","-0.9","","97","","0.8","","21","","8","","1.6","","98.06","","","","-3","","Snow"
"-80.38","43.46","KITCHENER/WATERLOO","6144239","2024-12-23 21:00","2024","12","23","21:00","","0.4","","-0.5","","94","","0.5","","22","","17","","2.4","","98.02","","","","","","Snow"
"-80.38","43.46","KITCHENER/WATERLOO","6144239","2024-12-23 22:00","2024","12","23","22:00","","0.3","","-0.6","","94","","0.5","","24","","18","","3.2","","98.02","","","","","","Snow"
"-80.38","43.46","KITCHENER/WATERLOO","6144239","2024-12-23 23:00","2024","12","23","23:00","","0.3","","-0.6","","94","","0.2","","25","","11","","9.7","","98.02","","","","","","Snow"
"-80.38","43.46","KITCHENER/WATERLOO","6144239","2024-12-24 00:00","2024","12","24","00:00","","0.3","","-1.0","","91","","0.0","","25","","15","","16.1","","98.01","","","","","","Rain"
"-80.38","43.46","KITCHENER/WATERLOO","6144239","2024-12-24 01:00","2024","12","24","01:00","","0.2","","-1.1","","91","","0.0","","26","","17","","16.1","","98.02","","","","","","Rain"
"-80.38","43.46","KITCHENER/WATERLOO","6144239","2024-12-24 02:00","2024","12","24","02:00","","0.1","","-0.8","","94","","0.0","","27","","11","","4.8","","98.05","","","","","","Snow"
"-80.38","43.46","KITCHENER/WATERLOO","6144239","2024-12-24 03:00","2024","12","24","03:00","","-0.3","","-1.2","","94","","0.0","","28","","13","","4.8","","98.14","","","","-4","","Snow"
"-80.38","43.46","KITCHENER/WATERLOO","6144239","2024-12-24 04:00","2024","12","24","04:00","","-0.5","","-1.4","","94","","0.0","","29","","11","","8.1","","98.17","","","","-4","","Fog"
"-80.38","43.46","KITCHENER/WATERLOO","6144239","2024-12-24 05:00","2024","12","24","05:00","","-0.4","","-1.4","","93","","0.0","","29","","11","","11.3","","98.21","","","","-4","","NA"
"-80.38","43.46","KITCHENER/WATERLOO","6144239","2024-12-24 06:00","2024","12","24","06:00","","-0.3","","-1.3","","93","","0.0","","27","","8","","12.9","","98.30","","","","-3","","NA"
"-80.38","43.46","KITCHENER/WATERLOO","6144239","2024-12-24 07:00","2024","12","24","07:00","","-0.2","","-0.9","","95","","0.0","","28","","11","","8.1","","98.39","","","","-4","","Fog"
"-80.38","43.46","KITCHENER/WATERLOO","6144239","2024-12-24 08:00","2024","12","24","08:00","","-0.2","","-0.6","","97","","0.0","","26","","9","","2.8","","98.44","","","","-3","","Fog"
"-80.38","43.46","KITCHENER/WATERLOO","6144239","2024-12-24 09:00","2024","12","24","09:00","","0.0","","-0.3","","98","","0.0","","30","","8","","2.8","","98.53","","","","-3","","Fog"
"-80.38","43.46","KITCHENER/WATERLOO","6144239","2024-12-24 10:00","2024","12","24","10:00","","0.4","","-0.5","","94","","0.0","","32","","11","","8.1","","98.58","","","","","","Fog"
"-80.38","43.46","KITCHENER/WATERLOO","6144239","2024-12-24 11:00","2024","12","24","11:00","","0.8","","-1.0","","88","","0.0","","34","","11","","12.9","","98.60","","","","","","NA"
"-80.38","43.46","KITCHENER/WATERLOO","6144239","2024-12-24 12:00","2024","12","24","12:00","","0.8","","-2.3","","80","","0.0","","36","","15","","16.1","","98.58","","","","","","NA"
"-80.38","43.46","KITCHENER/WATERLOO","6144239","2024-12-24 13:00","2024","12","24","13:00","","0.4","","-2.9","","78","","0.0","","36","","9","","16.1","","98.59","","","","","","NA"
"-80.38","43.46","KITCHENER/WATERLOO","6144239","2024-12-24 14:00","2024","12","24","14:00","","-0.3","","-3.5","","79","","0.0","","33","","17","","16.1","","98.63","","","","-5","","NA"
"-80.38","43.46","KITCHENER/WATERLOO","6144239","2024-12-24 15:00","2024","12","24","15:00","","-0.4","","-4.0","","77","","0.0","","34","","17","","16.1","","98.69","","","","-5","","NA"
"-80.38","43.46","KITCHENER/WATERLOO","6144239","2024-12-24 16:00","2024","12","24","16:00","","-0.4","","-3.9","","77","","0.0","","36","","8","","16.1","","98.73","","","","-3","","NA"
"-80.38","43.46","KITCHENER/WATERLOO","6144239","2024-12-24 17:00","2024","12","24","17:00","","-0.8","","-4.5","","76","","0.0","","35","","9","","16.1","","98.79","","","","-4","","NA"
"-80.38","43.46","KITCHENER/WATERLOO","6144239","2024-12-24 18:00","2024","12","24","18:00","","-1.3","","-4.5","","79","","0.0","","36","","5","","16.1","","98.80","","","","-3","","NA"
"-80.38","43.46","KITCHENER/WATERLOO","6144239","2024-12-24 19:00","2024","12","24","19:00","","-1.4","","-4.6","","79","","0.0","","34","","5","","16.1","","98.82","","","","-3","","NA"
"-80.38","43.46","KITCHENER/WATERLOO","6144239","2024-12-24 20:00","2024","12","24","20:00","","-1.7","","-5.4","","76","","0.0","","1","","9","","16.1","","98.87","","","","-5","","NA"
"-80.38","43.46","KITCHENER/WATERLOO","6144239","2024-12-24 21:00","2024","12","24","21:00","","-2.1","","-5.8","","76","","0.0","","32","","8","","16.1","","98.88","","","","-5","","NA"
"-80.38","43.46","KITCHENER/WATERLOO","6144239","2024-12-24 22:00","2024","12","24","22:00","","-2.3","","-6.2","","75","","0.0","","32","","8","","16.1","","98.92","","","","-5","","NA"
"-80.38","43.46","KITCHENER/WATERLOO","6144239","2024-12-24 23:00","2024","12","24","23:00","","-2.5","","-6.9","","72","","0.0","","","","0","","16.1","","98.90","","","","","","NA"
"-80.38","43.46","KITCHENER/WATERLOO","6144239","2024-12-25 00:00","2024","12","25","00:00","","-2.7","","-6.7","","74","","0.0","","29","","5","","16.1","","98.88","","","","-5","","NA"
"-80.38","43.46","KITCHENER/WATERLOO","6144239","2024-12-25 01:00","2024","12","25","01:00","","-3.1","","-6.7","","76","","0.0","","31","","9","","16.1","","98.88","","","","-7","","NA"
"-80.38","43.46","KITCHENER/WATERLOO","6144239","2024-12-25 02:00","2024","12","25","02:00","","-3.2","","-6.9","","76","","0.0","","33","","9","","16.1","","98.90","","","","-7","","NA"
"-80.38","43.46","KITCHENER/WATERLOO","6144239","2024-12-25 03:00","2024","12","25","03:00","","-3.0","","-6.8","","75","","0.0","","16","","4","","16.1","","98.93","","","","-5","","NA"
"-80.38","43.46","KITCHENER/WATERLOO","6144239","2024-12-25 04:00","2024","12","25","04:00","","-4.0","","-7.0","","80","","0.0","","36","","5","","16.1","","98.91","","","","-6","","NA"
"-80.38","43.46","KITCHENER/WATERLOO","6144239","2024-12-25 05:00","2024","12","25","05:00","","-3.9","","-7.0","","79","","0.0","","36","","5","","16.1","","98.92","","","","-6","","NA"
"-80.38","43.46","KITCHENER/WATERLOO","6144239","2024-12-25 06:00","2024","12","25","06:00","","-4.1","","-6.9","","81","","0.0","","","M","4","","16.1","","98.96","","","","-6","","NA"
"-80.38","43.46","KITCHENER/WATERLOO","6144239","2024-12-25 07:00","2024","12","25","07:00","","-4.1","","-6.4","","84","","0.0","","","M","4","","16.1","","99.01","","","","-6","","NA"
"-80.38","43.46","KITCHENER/WATERLOO","6144239","2024-12-25 08:00","2024","12","25","08:00","","-3.4","","-7.0","","76","","0.0","","33","","8","","16.1","","99.03","","","","-7","","NA"
"-80.38","43.46","KITCHENER/WATERLOO","6144239","2024-12-25 09:00","2024","12","25","09:00","","-3.2","","-6.8","","76","","0.0","","10","","4","","16.1","","99.09","","","","-5","","NA"
"-80.38","43.46","KITCHENER/WATERLOO","6144239","2024-12-25 10:00","2024","12","25","10:00","","-2.8","","-6.7","","74","","0.0","","12","","8","","16.1","","99.11","","","","-6","","NA"
"-80.38","43.46","KITCHENER/WATERLOO","6144239","2024-12-25 11:00","2024","12","25","11:00","","-2.6","","-6.8","","73","","0.0","","8","","5","","16.1","","99.10","","","","-5","","NA"
"-80.38","43.46","KITCHENER/WATERLOO","6144239","2024-12-25 12:00","2024","12","25","12:00","","-2.1","","-6.4","","73","","0.0","","7","","5","","16.1","","99.02","","","","-4","","NA"
"-80.38","43.46","KITCHENER/WATERLOO","6144239","2024-12-25 13:00","2024","12","25","13:00","","-2.0","","-6.4","","72","","0.0","","5","","8","","16.1","","98.94","","","","-5","","NA"
"-80.38","43.46","KITCHENER/WATERLOO","6144239","2024-12-25 14:00","2024","12","25","14:00","","-1.6","","-6.0","","72","","0.0","","10","","8","","16.1","","98.89","","","","-5","","NA"
"-80.38","43.46","KITCHENER/WATERLOO","6144239","2024-12-25 15:00","2024","12","25","15:00","","-1.6","","-6.2","","71","","0.0","","5","","5","","16.1","","98.91","","","","-3","","NA"
"-80.38","43.46","KITCHENER/WATERLOO","6144239","2024-12-25 16:00","2024","12","25","16:00","","-1.6","","-5.4","","75","","0.0","","7","","9","","16.1","","98.94","","","","-5","","NA"
"-80.38","43.46","KITCHENER/WATERLOO","6144239","2024-12-25 17:00","2024","12","25","17:00","","-2.1","","-5.5","","78","","0.0","","11","","9","","16.1","","98.95","","","","-6","","NA"
"-80.38","43.46","KITCHENER/WATERLOO","6144239","2024-12-25 18:00","2024","12","25","18:00","","-2.4","","-5.8","","78","","0.0","","11","","11","","16.1","","98.95","","","","-6","","NA"
"-80.38","43.46","KITCHENER/WATERLOO","6144239","2024-12-25 19:00","2024","12","25","19:00","","-2.7","","-5.9","","79","","0.0","","12","","8","","16.1","","98.98","","","","-6","","NA"
"-80.38","43.46","KITCHENER/WATERLOO","6144239","2024-12-25 20:00","2024","12","25","20:00","","-2.9","","-5.9","","80","","0.0","","4","","5","","16.1","","99.00","","","","-5","","NA"
"-80.38","43.46","KITCHENER/WATERLOO","6144239","2024-12-25 21:00","2024","12","25","21:00","","-3.0","","-6.0","","80","","0.0","","5","","5","","16.1","","98.99","","","","-5","","NA"
"-80.38","43.46","KITCHENER/WATERLOO","6144239","2024-12-25 22:00","2024","12","25","22:00","","-3.0","","-5.8","","81","","0.0","","","M","4","","16.1","","98.99","","","","-5","","NA"
"-80.38","43.46","KITCHENER/WATERLOO","6144239","2024-12-25 23:00","2024","12","25","23:00","","-3.1","","-5.0","","87","","0.0","","8","","4","","16.1","","98.97","","","","-5","","NA"
"-80.38","43.46","KITCHENER/WATERLOO","6144239","2024-12-26 00:00","2024","12","26","00:00","","-3.0","","-4.6","","89","","0.0","","7","","8","","16.1","","98.95","","","","-6","","NA"
"-80.38","43.46","KITCHENER/WATERLOO","6144239","2024-12-26 01:00","2024","12","26","01:00","","-3.0","","-4.3","","91","","0.0","","","","0","","12.9","","98.94","","","","","","NA"
"-80.38","43.46","KITCHENER/WATERLOO","6144239","2024-12-26 02:00","2024","12","26","02:00","","-2.8","","-3.9","","92","","0.0","","7","","8","","9.7","","98.93","","","","-6","","Fog"
"-80.38","43.46","KITCHENER/WATERLOO","6144239","2024-12-26 03:00","2024","12","26","03:00","","-2.5","","-3.9","","90","","0.0","","10","","9","","12.9","","99.00","","","","-6","","NA"
"-80.38","43.46","KITCHENER/WATERLOO","6144239","2024-12-26 04:00","2024","12","26","04:00","","-2.4","","-3.8","","90","","0.0","","10","","11","","16.1","","98.99","","","","-6","","NA"
"-80.38","43.46","KITCHENER/WATERLOO","6144239","2024-12-26 05:00","2024","12","26","05:00","","-3.6","","-5.0","","90","","0.0","","13","","8","","16.1","","99.02","","","","-7","","NA"
"-80.38","43.46","KITCHENER/WATERLOO","6144239","2024-12-26 06:00","2024","12","26","06:00","","-3.0","","-4.3","","91","","0.0","","10","","4","","16.1","","99.05","","","","-5","","NA"
"-80.38","43.46","KITCHENER/WATERLOO","6144239","2024-12-26 07:00","2024","12","26","07:00","","-2.5","","-4.4","","87","","0.0","","13","","5","","16.1","","99.12","","","","-4","","NA"
"-80.38","43.46","KITCHENER/WATERLOO","6144239","2024-12-26 08:00","2024","12","26","08:00","","-2.5","","-4.2","","88","","0.0","","10","","5","","16.1","","99.10","","","","-4","","NA"
"-80.38","43.46","KITCHENER/WATERLOO","6144239","2024-12-26 09:00","2024","12","26","09:00","","-2.1","","-4.1","","86","","0.0","","12","","9","","16.1","","99.11","","","","-6","","NA"
"-80.38","43.46","KITCHENER/WATERLOO","6144239","2024-12-26 10:00","2024","12","26","10:00","","-1.7","","-3.9","","85","","0.0","","11","","11","","16.1","","99.10","","","","-6","","NA"
"-80.38","43.46","KITCHENER/WATERLOO","6144239","2024-12-26 11:00","2024","12","26","11:00","","-1.2","","-3.6","","84","","0.0","","14","","13","","16.1","","99.08","","","","-5","","NA"
"-80.38","43.46","KITCHENER/WATERLOO","6144239","2024-12-26 12:00","2024","12","26","12:00","","-0.9","","-3.4","","83","","0.0","","13","","9","","16.1","","99.01","","","","-4","","NA"
"-80.38","43.46","KITCHENER/WATERLOO","6144239","2024-12-26 13:00","2024","12","26","13:00","","-0.6","","-3.8","","79","","0.0","","15","","15","","16.1","","98.95","","","","-5","","NA"
"-80.38","43.46","KITCHENER/WATERLOO","6144239","2024-12-26 14:00","2024","12","26","14:00","","-0.4","","-3.4","","80","","0.0","","13","","17","","16.1","","98.88","","","","-5","","NA"
"-80.38","43.46","KITCHENER/WATERLOO","6144239","2024-12-26 15:00","2024","12","26","15:00","","-0.5","","-3.7","","79","","0.0","","12","","17","","16.1","","98.90","","","","-5","","NA"
"-80.38","43.46","KITCHENER/WATERLOO","6144239","2024-12-26 16:00","2024","12","26","16:00","","-0.8","","-3.8","","80","","0.0","","12","","11","","16.1","","98.93","","","","-5","","NA"
"-80.38","43.46","KITCHENER/WATERLOO","6144239","2024-12-26 17:00","2024","12","26","17:00","","-1.1","","-4.2","","79","","0.0","","11","","17","","16.1","","98.90","","","","-6","","NA"
"-80.38","43.46","KITCHENER/WATERLOO","6144239","2024-12-26 18:00","2024","12","26","18:00","","-1.2","","-3.9","","82","","0.0","","12","","17","","16.1","","98.95","","","","-6","","NA"
"-80.38","43.46","KITCHENER/WATERLOO","6144239","2024-12-26 19:00","2024","12","26","19:00","","-1.2","","-4.1","","81","","0.0","","11","","13","","16.1","","98.96","","","","-5","","NA"
"-80.38","43.46","KITCHENER/WATERLOO","6144239","2024-12-26 20:00","2024","12","26","20:00","","-1.2","","-3.8","","83","","0.0","","8","","9","","16.1","","98.94","","","","-4","","NA"
"-80.38","43.46","KITCHENER/WATERLOO","6144239","2024-12-26 21:00","2024","12","26","21:00","","-1.2","","-3.4","","85","","0.0","","8","","15","","16.1","","98.90","","","","-6","","NA"
"-80.38","43.46","KITCHENER/WATERLOO","6144239","2024-12-26 22:00","2024","12","26","22:00","","-1.0","","-3.5","","83","","0.0","","11","","13","","16.1","","98.87","","","","-5","","NA"
"-80.38","43.46","KITCHENER/WATERLOO","6144239","2024-12-26 23:00","2024","12","26","23:00","","-1.3","","-4.0","","82","","0.0","","10","","15","","16.1","","98.83","","","","-6","","NA"
"-80.38","43.46","KITCHENER/WATERLOO","6144239","2024-12-27 00:00","2024","12","27","00:00","","-1.0","","-3.5","","83","","0.0","","9","","15","","16.1","","98.83","","","","-6","","NA"
"-80.38","43.46","KITCHENER/WATERLOO","6144239","2024-12-27 01:00","2024","12","27","01:00","","-1.3","","-3.5","","85","","0.0","","9","","13","","16.1","","98.80","","","","-6","","NA"
"-80.38","43.46","KITCHENER/WATERLOO","6144239","2024-12-27 02:00","2024","12","27","02:00","","-0.8","","-2.9","","86","","0.0","","9","","15","","16.1","","98.83","","","","-5","","NA"
"-80.38","43.46","KITCHENER/WATERLOO","6144239","2024-12-27 03:00","2024","12","27","03:00","","-0.7","","-2.7","","86","","0.0","","9","","11","","16.1","","98.86","","","","-4","","NA"
"-80.38","43.46","KITCHENER/WATERLOO","6144239","2024-12-27 04:00","2024","12","27","04:00","","-0.5","","-2.4","","87","","0.0","","9","","17","","16.1","","98.80","","","","-5","","NA"
"-80.38","43.46","KITCHENER/WATERLOO","6144239","2024-12-27 05:00","2024","12","27","05:00","","-0.5","","-2.7","","85","","0.0","","9","","22","","16.1","","98.71","","","","-6","","NA"
"-80.38","43.46","KITCHENER/WATERLOO","6144239","2024-12-27 06:00","2024","12","27","06:00","","-0.7","","-2.8","","86","","0.0","","8","","18","","16.1","","98.74","","","","-6","","NA"
"-80.38","43.46","KITCHENER/WATERLOO","6144239","2024-12-27 07:00","2024","12","27","07:00","","-0.7","","-2.8","","86","","0.0","","9","","17","","16.1","","98.72","","","","-6","","NA"
"-80.38","43.46","KITCHENER/WATERLOO","6144239","2024-12-27 08:00","2024","12","27","08:00","","-0.6","","-2.5","","87","","0.0","","9","","17","","16.1","","98.68","","","","-6","","NA"
"-80.38","43.46","KITCHENER/WATERLOO","6144239","2024-12-27 09:00","2024","12","27","09:00","","-0.1","","-2.2","","86","","0.0","","10","","18","","16.1","","98.70","","","","-5","","NA"
"-80.38","43.46","KITCHENER/WATERLOO","6144239","2024-12-27 10:00","2024","12","27","10:00","","0.5","","-1.7","","85","","0.0","","8","","18","","16.1","","98.64","","","","","","NA"
"-80.38","43.46","KITCHENER/WATERLOO","6144239","2024-12-27 11:00","2024","12","27","11:00","","1.2","","-1.7","","81","","0.0","","9","","17","","16.1","","98.54","","","","","","NA"
"-80.38","43.46","KITCHENER/WATERLOO","6144239","2024-12-27 12:00","2024","12","27","12:00","","1.7","","-1.6","","79","","0.0","","9","","18","","16.1","","98.43","","","","","","NA"
"-80.38","43.46","KITCHENER/WATERLOO","6144239","2024-12-27 13:00","2024","12","27","13:00","","1.5","","-1.6","","80","","0.0","","10","","22","","16.1","","98.30","","","","","","NA"
"-80.38","43.46","KITCHENER/WATERLOO","6144239","2024-12-27 14:00","2024","12","27","14:00","","1.5","","-1.0","","84","","0.0","","10","","22","","16.1","","98.24","","","","","","NA"
"-80.38","43.46","KITCHENER/WATERLOO","6144239","2024-12-27 15:00","2024","12","27","15:00","","1.4","","-0.8","","85","","0.0","","9","","21","","16.1","","98.22","","","","","","NA"
"-80.38","43.46","KITCHENER/WATERLOO","6144239","2024-12-27 16:00","2024","12","27","16:00","","1.0","","-0.5","","90","","0.0","","9","","18","","16.1","","98.22","","","","","","NA"
"-80.38","43.46","KITCHENER/WATERLOO","6144239","2024-12-27 17:00","2024","12","27","17:00","","0.6","","-0.3","","94","","0.0","","8","","21","","14.5","","98.16","","","","","","NA"
"-80.38","43.46","KITCHENER/WATERLOO","6144239","2024-12-27 18:00","2024","12","27","18:00","","0.7","","-0.2","","94","","0.0","","9","","17","","11.3","","98.14","","","","","","NA"
"-80.38","43.46","KITCHENER/WATERLOO","6144239","2024-12-27 19:00","2024","12","27","19:00","","0.8","","0.1","","95","","0.0","","9","","18","","8.1","","98.10","","","","","","Fog"
"-80.38","43.46","KITCHENER/WATERLOO","6144239","2024-12-27 20:00","2024","12","27","20:00","","0.9","","0.2","","95","","0.0","","10","","15","","6.4","","98.09","","","","","","Fog"
"-80.38","43.46","KITCHENER/WATERLOO","6144239","2024-12-27 21:00","2024","12","27","21:00","","1.0","","0.1","","94","","0.0","","8","","24","","4.8","","97.99","","","","","","Rain,Fog"
"-80.38","43.46","KITCHENER/WATERLOO","6144239","2024-12-27 22:00","2024","12","27","22:00","","1.1","","0.4","","95","","0.0","","9","","15","","4.8","","97.97","","","","","","Fog"
"-80.38","43.46","KITCHENER/WATERLOO","6144239","2024-12-27 23:00","2024","12","27","23:00","","1.1","","0.5","","96","","0.0","","9","","18","","4.8","","97.90","","","","","","Fog"
"-80.38","43.46","KITCHENER/WATERLOO","6144239","2024-12-28 00:00","2024","12","28","00:00","","1.4","","0.7","","95","","0.0","","10","","13","","4.8","","97.84","","","","","","Fog"
"-80.38","43.46","KITCHENER/WATERLOO","6144239","2024-12-28 01:00","2024","12","28","01:00","","1.5","","1.1","","97","","0.2","","9","","15","","2.0","","97.81","","","","","","Rain,Fog"
"-80.38","43.46","KITCHENER/WATERLOO","6144239","2024-12-28 02:00","2024","12","28","02:00","","1.7","","1.1","","96","","0.0","","10","","13","","4.8","","97.72","","","","","","Fog"
"-80.38","43.46","KITCHENER/WATERLOO","6144239","2024-12-28 03:00","2024","12","28","03:00","","1.8","","1.2","","96","","0.0","","9","","15","","4.8","","97.71","","","","","","Fog"
"-80.38","43.46","KITCHENER/WATERLOO","6144239","2024-12-28 04:00","2024","12","28","04:00","","1.8","","1.4","","97","","0.0","","11","","13","","4.8","","97.67","","","","","","Fog"
"-80.38","43.46","KITCHENER/WATERLOO","6144239","2024-12-28 05:00","2024","12","28","05:00","","2.2","","1.8","","97","","0.0","","10","","8","","3.6","","97.65","","","","","","Rain,Fog"
"-80.38","43.46","KITCHENER/WATERLOO","6144239","2024-12-28 06:00","2024","12","28","06:00","","2.2","","1.8","","97","","0.2","","12","","11","","3.2","","97.63","","","","","","Rain,Fog"
"-80.38","43.46","KITCHENER/WATERLOO","6144239","2024-12-28 07:00","2024","12","28","07:00","","2.8","","2.5","","98","","0.0","","13","","13","","3.2","","97.63","","","","","","Fog"
"-80.38","43.46","KITCHENER/WATERLOO","6144239","2024-12-28 08:00","2024","12","28","08:00","","3.7","","3.4","","98","","1.2","","15","","13","","2.0","","97.66","","","","","","Rain,Fog"
"-80.38","43.46","KITCHENER/WATERLOO","6144239","2024-12-28 09:00","2024","12","28","09:00","","4.0","","3.9","","99","","0.2","","15","","11","","1.2","","97.71","","","","","","Fog"
"-80.38","43.46","KITCHENER/WATERLOO","6144239","2024-12-28 10:00","2024","12","28","10:00","","5.7","","5.6","","99","","0.0","","17","","9","","0.2","","97.75","","","","","","Fog"
"-80.38","43.46","KITCHENER/WATERLOO","6144239","2024-12-28 11:00","2024","12","28","11:00","","8.2","","8.1","","99","","0.0","","18","","17","","9.7","","97.74","","","","","","Fog"
"-80.38","43.46","KITCHENER/WATERLOO","6144239","2024-12-28 12:00","2024","12","28","12:00","","9.9","","9.0","","94","","0.0","","19","","17","","16.1","","97.70","","","","","","NA"
"-80.38","43.46","KITCHENER/WATERLOO","6144239","2024-12-28 13:00","2024","12","28","13:00","","9.7","","8.8","","94","","0.0","","18","","21","","16.1","","97.66","","","","","","NA"
"-80.38","43.46","KITCHENER/WATERLOO","6144239","2024-12-28 14:00","2024","12","28","14:00","","10.1","","8.9","","92","","0.0","","18","","24","","16.1","","97.64","","","","","","NA"
"-80.38","43.46","KITCHENER/WATERLOO","6144239","2024-12-28 15:00","2024","12","28","15:00","","10.2","","8.7","","90","","0.2","","19","","18","","16.1","","97.65","","","","","","NA"
"-80.38","43.46","KITCHENER/WATERLOO","6144239","2024-12-28 16:00","2024","12","28","16:00","","10.2","","8.2","","87","","0.0","","20","","22","","16.1","","97.66","","","","","","NA"
"-80.38","43.46","KITCHENER/WATERLOO","6144239","2024-12-28 17:00","2024","12","28","17:00","","9.3","","7.6","","89","","0.0","","19","","21","","16.1","","97.71","","","","","","NA"
"-80.38","43.46","KITCHENER/WATERLOO","6144239","2024-12-28 18:00","2024","12","28","18:00","","8.0","","6.6","","91","","0.0","","21","","15","","16.1","","97.76","","","","","","NA"
"-80.38","43.46","KITCHENER/WATERLOO","6144239","2024-12-28 19:00","2024","12","28","19:00","","7.2","","6.0","","92","","0.0","","21","","17","","16.1","","97.83","","","","","","NA"
"-80.38","43.46","KITCHENER/WATERLOO","6144239","2024-12-28 20:00","2024","12","28","20:00","","7.8","","6.6","","92","","0.0","","22","","22","","16.1","","97.83","","","","","","NA"
"-80.38","43.46","KITCHENER/WATERLOO","6144239","2024-12-28 21:00","2024","12","28","21:00","","6.7","","5.7","","93","","0.0","","22","","13","","16.1","","97.84","","","","","","NA"
"-80.38","43.46","KITCHENER/WATERLOO","6144239","2024-12-28 22:00","2024","12","28","22:00","","5.8","","5.2","","96","","0.0","","24","","9","","16.1","","97.86","","","","","","NA"
"-80.38","43.46","KITCHENER/WATERLOO","6144239","2024-12-28 23:00","2024","12","28","23:00","","4.5","","4.2","","98","","0.0","","","M","4","","4.8","","97.90","","","","","","Fog"
"-80.38","43.46","KITCHENER/WATERLOO","6144239","2024-12-29 00:00","2024","12","29","00:00","","3.2","","3.1","","99","","0.0","","16","","5","","0.4","","97.91","","","","","","Fog"
"-80.38","43.46","KITCHENER/WATERLOO","6144239","2024-12-29 01:00","2024","12","29","01:00","","2.7","","2.6","","99","","0.0","","16","","5","","0.2","","97.88","","","","","","Fog"
"-80.38","43.46","KITCHENER/WATERLOO","6144239","2024-12-29 02:00","2024","12","29","02:00","","1.3","","1.2","","99","","0.0","","34","","5","","0.2","","97.84","","","","","","Fog"
"-80.38","43.46","KITCHENER/WATERLOO","6144239","2024-12-29 03:00","2024","12","29","03:00","","0.9","","0.8","","99","","0.0","","7","","5","","0.2","","97.82","","","","","","Fog"
"-80.38","43.46","KITCHENER/WATERLOO","6144239","2024-12-29 04:00","2024","12","29","04:00","","0.6","","0.5","","99","","0.0","","8","","5","","0.4","","97.75","","","","","","Fog"
"-80.38","43.46","KITCHENER/WATERLOO","6144239","2024-12-29 05:00","2024","12","29","05:00","","1.8","","1.8","","100","","0.0","","","M","4","","0.4","","97.70","","","","","","Fog"
"-80.38","43.46","KITCHENER/WATERLOO","6144239","2024-12-29 06:00","2024","12","29","06:00","","1.8","","1.8","","100","","0.0","","4","","5","","0.8","","97.63","","","","","","Fog"
"-80.38","43.46","KITCHENER/WATERLOO","6144239","2024-12-29 07:00","2024","12","29","07:00","","3.0","","3.0","","100","","0.0","","6","","8","","6.4","","97.52","","","","","","Fog"
"-80.38","43.46","KITCHENER/WATERLOO","6144239","2024-12-29 08:00","2024","12","29","08:00","","4.3","","4.2","","99","","0.0","","4","","15","","4.8","","97.36","","","","","","Rain,Fog"
"-80.38","43.46","KITCHENER/WATERLOO","6144239","2024-12-29 09:00","2024","12","29","09:00","","5.3","","5.2","","99","","0.8","","5","","13","","2.8","","97.30","","","","","","Rain,Fog"
"-80.38","43.46","KITCHENER/WATERLOO","6144239","2024-12-29 10:00","2024","12","29","10:00","","6.3","","6.0","","98","","1.5","","5","","21","","4.0","","97.14","","","","","","Rain,Fog"
"-80.38","43.46","KITCHENER/WATERLOO","6144239","2024-12-29 11:00","2024","12","29","11:00","","6.9","","6.5","","97","","2.2","","7","","28","","4.8","","96.91","","","","","","Rain,Fog"
"-80.38","43.46","KITCHENER/WATERLOO","6144239","2024-12-29 12:00","2024","12","29","12:00","","7.3","","6.9","","97","","3.0","","8","","28","","4.8","","96.64","","","","","","Rain,Fog"
"-80.38","43.46","KITCHENER/WATERLOO","6144239","2024-12-29 13:00","2024","12","29","13:00","","6.7","","6.3","","97","","3.5","","9","","22","","9.7","","96.45","","","","","","Rain,Fog"
"-80.38","43.46","KITCHENER/WATERLOO","6144239","2024-12-29 14:00","2024","12","29","14:00","","6.1","","5.8","","98","","2.0","","8","","15","","9.7","","96.28","","","","","","Rain,Fog"
"-80.38","43.46","KITCHENER/WATERLOO","6144239","2024-12-29 15:00","2024","12","29","15:00","","5.9","","5.6","","98","","1.0","","9","","21","","8.1","","96.14","","","","","","Rain,Fog"
"-80.38","43.46","KITCHENER/WATERLOO","6144239","2024-12-29 16:00","2024","12","29","16:00","","5.8","","5.5","","98","","4.8","","9","","13","","4.8","","96.03","","","","","","Moderate Rain,Fog"
"-80.38","43.46","KITCHENER/WATERLOO","6144239","2024-12-29 17:00","2024","12","29","17:00","","5.7","","5.6","","99","","2.2","","9","","8","","4.0","","95.92","","","","","","Rain,Fog"
"-80.38","43.46","KITCHENER/WATERLOO","6144239","2024-12-29 18:00","2024","12","29","18:00","","5.8","","5.7","","99","","1.8","","8","","8","","2.4","","95.81","","","","","","Rain,Fog"
"-80.38","43.46","KITCHENER/WATERLOO","6144239","2024-12-29 19:00","2024","12","29","19:00","","6.1","","6.0","","99","","2.2","","9","","9","","8.1","","95.73","","","","","","Rain,Fog"
"-80.38","43.46","KITCHENER/WATERLOO","6144239","2024-12-29 20:00","2024","12","29","20:00","","6.1","","6.0","","99","","0.2","","8","","9","","4.8","","95.61","","","","","","Fog"
"-80.38","43.46","KITCHENER/WATERLOO","6144239","2024-12-29 21:00","2024","12","29","21:00","","6.8","","6.8","","100","","0.0","","9","","8","","0.4","","95.47","","","","","","Fog"
"-80.38","43.46","KITCHENER/WATERLOO","6144239","2024-12-29 22:00","2024","12","29","22:00","","8.3","","8.3","","100","","0.0","","14","","21","","2.0","","95.42","","","","","","Fog"
"-80.38","43.46","KITCHENER/WATERLOO","6144239","2024-12-29 23:00","2024","12","29","23:00","","8.6","","8.5","","99","","0.0","","13","","15","","16.1","","95.37","","","","","","NA"
"-80.38","43.46","KITCHENER/WATERLOO","6144239","2024-12-30 00:00","2024","12","30","00:00","","8.8","","8.1","","96","","3.8","","20","","50","","4.0","","95.39","","","","","","Moderate Rain,Fog"
"-80.38","43.46","KITCHENER/WATERLOO","6144239","2024-12-30 01:00","2024","12","30","01:00","","7.0","","5.8","","92","","0.2","","20","","28","","14.5","","95.40","","","","","","Rain"
"-80.38","43.46","KITCHENER/WATERLOO","6144239","2024-12-30 02:00","2024","12","30","02:00","","5.4","","4.1","","92","","0.0","","18","","37","","4.8","","95.41","","","","","","Rain,Fog"
"-80.38","43.46","KITCHENER/WATERLOO","6144239","2024-12-30 03:00","2024","12","30","03:00","","4.1","","2.8","","91","","0.2","","18","","41","","12.9","","95.36","","","","","","Rain"
"-80.38","43.46","KITCHENER/WATERLOO","6144239","2024-12-30 04:00","2024","12","30","04:00","","3.1","","2.2","","94","","0.2","","17","","45","","3.6","","95.25","","","","","","Rain,Fog"
"-80.38","43.46","KITCHENER/WATERLOO","6144239","2024-12-30 05:00","2024","12","30","05:00","","3.6","","3.2","","97","","0.8","","19","","21","","11.3","","95.24","","","","","","Rain"
"-80.38","43.46","KITCHENER/WATERLOO","6144239","2024-12-30 06:00","2024","12","30","06:00","","2.5","","1.2","","91","","1.2","","25","","43","","16.1","","95.41","","","","","","Rain"
"-80.38","43.46","KITCHENER/WATERLOO","6144239","2024-12-30 07:00","2024","12","30","07:00","","1.3","","0.4","","94","","0.8","","24","","24","","16.1","","95.61","","","","","","Rain"
"-80.38","43.46","KITCHENER/WATERLOO","6144239","2024-12-30 08:00","2024","12","30","08:00","","1.2","","0.5","","95","","0.5","","24","","28","","11.3","","95.73","","","","","","Rain"
"-80.38","43.46","KITCHENER/WATERLOO","6144239","2024-12-30 09:00","2024","12","30","09:00","","2.0","","1.0","","93","","0.0","","25","","35","","16.1","","95.84","","","","","","Rain"
"-80.38","43.46","KITCHENER/WATERLOO","6144239","2024-12-30 10:00","2024","12","30","10:00","","2.5","","1.0","","90","","0.0","","26","","39","","16.1","","95.94","","","","","","NA"
"-80.38","43.46","KITCHENER/WATERLOO","6144239","2024-12-30 11:00","2024","12","30","11:00","","2.9","","1.3","","89","","0.0","","26","","34","","16.1","","96.06","","","","","","NA"
"-80.38","43.46","KITCHENER/WATERLOO","6144239","2024-12-30 12:00","2024","12","30","12:00","","3.1","","1.5","","89","","0.0","","26","","35","","16.1","","96.07","","","","","","Rain"
"-80.38","43.46","KITCHENER/WATERLOO","6144239","2024-12-30 13:00","2024","12","30","13:00","","3.1","","1.3","","88","","0.0","","26","","39","","16.1","","96.11","","","","","","Rain"
"-80.38","43.46","KITCHENER/WATERLOO","6144239","2024-12-30 14:00","2024","12","30","14:00","","3.9","","2.1","","88","","0.0","","26","","35","","16.1","","96.19","","","","","","NA"
"-80.38","43.46","KITCHENER/WATERLOO","6144239","2024-12-30 15:00","2024","12","30","15:00","","3.5","","1.3","","85","","0.0","","27","","34","","16.1","","96.29","","","","","","NA"
"-80.38","43.46","KITCHENER/WATERLOO","6144239","2024-12-30 16:00","2024","12","30","16:00","","3.2","","1.3","","87","","0.0","","27","","30","","16.1","","96.44","","","","","","NA"
"-80.38","43.46","KITCHENER/WATERLOO","6144239","2024-12-30 17:00","2024","12","30","17:00","","3.0","","0.9","","86","","0.0","","27","","32","","16.1","","96.56","","","","","","NA"
"-80.38","43.46","KITCHENER/WATERLOO","6144239","2024-12-30 18:00","2024","12","30","18:00","","3.0","","0.7","","85","","0.0","","26","","30","","16.1","","96.67","","","","","","Rain"
"-80.38","43.46","KITCHENER/WATERLOO","6144239","2024-12-30 19:00","2024","12","30","19:00","","3.1","","0.3","","82","","0.0","","27","","26","","16.1","","96.76","","","","","","NA"
"-80.38","43.46","KITCHENER/WATERLOO","6144239","2024-12-30 20:00","2024","12","30","20:00","","2.5","","-0.3","","82","","0.0","","26","","22","","16.1","","96.84","","","","","","NA"
"-80.38","43.46","KITCHENER/WATERLOO","6144239","2024-12-30 21:00","2024","12","30","21:00","","1.9","","-0.5","","84","","0.0","","26","","18","","16.1","","96.88","","","","","","NA"
"-80.38","43.46","KITCHENER/WATERLOO","6144239","2024-12-30 22:00","2024","12","30","22:00","","1.4","","-0.3","","88","","0.0","","27","","17","","16.1","","96.92","","","","","","NA"
"-80.38","43.46","KITCHENER/WATERLOO","6144239","2024-12-30 23:00","2024","12","30","23:00","","0.3","","-0.9","","92","","0.0","","26","","9","","16.1","","96.95","","","","","","NA"
"-80.38","43.46","KITCHENER/WATERLOO","6144239","2024-12-31 00:00","2024","12","31","00:00","","-1.6","","-2.2","","96","","0.0","","24","","9","","16.1","","96.97","","","","-5","","NA"
"-80.38","43.46","KITCHENER/WATERLOO","6144239","2024-12-31 01:00","2024","12","31","01:00","","-1.3","","-1.7","","97","","0.0","","24","","5","","16.1","","97.00","","","","-3","","NA"
"-80.38","43.46","KITCHENER/WATERLOO","6144239","2024-12-31 02:00","2024","12","31","02:00","","0.1","","-0.6","","95","","0.0","","26","","8","","16.1","","96.99","","","","","","NA"
"-80.38","43.46","KITCHENER/WATERLOO","6144239","2024-12-31 03:00","2024","12","31","03:00","","0.4","","-0.6","","93","","0.0","","","","0","","16.1","","97.04","","","","","","NA"
"-80.38","43.46","KITCHENER/WATERLOO","6144239","2024-12-31 04:00","2024","12","31","04:00","","-1.5","","-1.7","","98","","0.0","","18","","8","","6.4","","97.04","","","","-5","","Fog"
"-80.38","43.46","KITCHENER/WATERLOO","6144239","2024-12-31 05:00","2024","12","31","05:00","","-1.4","","-1.7","","98","","0.0","","","M","4","","12.9","","97.01","","","","-3","","NA"
"-80.38","43.46","KITCHENER/WATERLOO","6144239","2024-12-31 06:00","2024","12","31","06:00","","-1.1","","-1.4","","98","","0.0","","7","","5","","9.7","","97.02","","","","-3","","Fog"
"-80.38","43.46","KITCHENER/WATERLOO","6144239","2024-12-31 07:00","2024","12","31","07:00","","-1.2","","-1.5","","98","","0.0","","6","","9","","6.4","","96.99","","","","-4","","Fog"
"-80.38","43.46","KITCHENER/WATERLOO","6144239","2024-12-31 08:00","2024","12","31","08:00","","-1.8","","-2.1","","98","","0.0","","6","","5","","4.8","","96.96","","","","-4","","Fog"
"-80.38","43.46","KITCHENER/WATERLOO","6144239","2024-12-31 09:00","2024","12","31","09:00","","-0.9","","-1.0","","99","","0.0","","7","","8","","2.8","","96.91","","","","-4","","Fog"
"-80.38","43.46","KITCHENER/WATERLOO","6144239","2024-12-31 10:00","2024","12","31","10:00","","0.2","","-0.2","","97","","0.0","","7","","9","","8.1","","96.86","","","","","","Fog"
"-80.38","43.46","KITCHENER/WATERLOO","6144239","2024-12-31 11:00","2024","12","31","11:00","","1.7","","0.3","","91","","0.0","","9","","13","","16.1","","96.80","","","","","","NA"
"-80.38","43.46","KITCHENER/WATERLOO","6144239","2024-12-31 12:00","2024","12","31","12:00","","2.1","","0.6","","90","","0.0","","8","","15","","16.1","","96.65","","","","","","NA"
"-80.38","43.46","KITCHENER/WATERLOO","6144239","2024-12-31 13:00","2024","12","31","13:00","","2.6","","-0.1","","82","","0.0","","7","","21","","16.1","","96.54","","","","","","NA"
"-80.38","43.46","KITCHENER/WATERLOO","6144239","2024-12-31 14:00","2024","12","31","14:00","","2.2","","0.1","","86","","0.0","","6","","21","","16.1","","96.47","","","","","","NA"
"-80.38","43.46","KITCHENER/WATERLOO","6144239","2024-12-31 15:00","2024","12","31","15:00","","2.3","","-0.1","","84","","0.0","","6","","18","","16.1","","96.40","","","","","","NA"
"-80.38","43.46","KITCHENER/WATERLOO","6144239","2024-12-31 16:00","2024","12","31","16:00","","2.2","","-0.6","","82","","0.0","","5","","26","","16.1","","96.37","","","","","","NA"
"-80.38","43.46","KITCHENER/WATERLOO","6144239","2024-12-31 17:00","2024","12","31","17:00","","2.2","","-0.2","","84","","0.0","","5","","24","","16.1","","96.38","","","","","","NA"
"-80.38","43.46","KITCHENER/WATERLOO","6144239","2024-12-31 18:00","2024","12","31","18:00","","2.0","","-0.4","","84","","0.0","","6","","24","","16.1","","96.37","","","","","","NA"
"-80.38","43.46","KITCHENER/WATERLOO","6144239","2024-12-31 19:00","2024","12","31","19:00","","1.9","","0.1","","88","","0.0","","6","","21","","16.1","","96.33","","","","","","Rain"
"-80.38","43.46","KITCHENER/WATERLOO","6144239","2024-12-31 20:00","2024","12","31","20:00","","1.3","","0.2","","92","","0.5","","4","","15","","9.7","","96.31","","","","","","Fog"
"-80.38","43.46","KITCHENER/WATERLOO","6144239","2024-12-31 21:00","2024","12","31","21:00","","0.8","","0.1","","95","","0.8","","3","","11","","4.8","","96.28","","","","","","Snow"
"-80.38","43.46","KITCHENER/WATERLOO","6144239","2024-12-31 22:00","2024","12","31","22:00","","0.5","","-0.1","","96","","1.0","","1","","11","","3.6","","96.25","","","","","","Snow"
"-80.38","43.46","KITCHENER/WATERLOO","6144239","2024-12-31 23:00","2024","12","31","23:00","","0.5","","-0.1","","96","","0.5","","36","","13","","11.3","","96.24","","","","","","Rain"
