"Longitude (x)","Latitude (y)","Station Name","Climate ID","Date/Time (LST)","Year","Month","Day","Time (LST)","Flag","Temp (°C)","Temp Flag","Dew Point Temp (°C)","Dew Point Temp Flag","Rel Hum (%)","Rel Hum Flag","Precip. Amount (mm)","Precip. Amount Flag","Wind Dir (10s deg)","Wind Dir Flag","Wind Spd (km/h)","Wind Spd Flag","Visibility (km)","Visibility Flag","Stn Press (kPa)","Stn Press Flag","Hmdx","Hmdx Flag","Wind Chill","Wind Chill Flag","Weather"
"-80.38","43.46","KITCHENER/WATERLOO","6144239","2024-01-01 00:00","2024","01","01","00:00","","-1.3","","-1.7","","97","","0.8","","3","","13","","1.6","","97.66","","","","-6","","Snow"
"-80.38","43.46","KITCHENER/WATERLOO","6144239","2024-01-01 01:00","2024","01","01","01:00","","-1.6","","-2.3","","95","","0.5","","4","","13","","4.0","","97.68","","","","-6","","Snow"
"-80.38","43.46","KITCHENER/WATERLOO","6144239","2024-01-01 02:00","2024","01","01","02:00","","-1.8","","-2.9","","92","","0.2","","4","","15","","14.5","","97.74","","","","-7","","Snow"
"-80.38","43.46","KITCHENER/WATERLOO","6144239","2024-01-01 03:00","2024","01","01","03:00","","-1.9","","-3.2","","91","","0.0","","4","","11","","16.1","","97.79","","","","-6","","Snow"
"-80.38","43.46","KITCHENER/WATERLOO","6144239","2024-01-01 04:00","2024","01","01","04:00","","-2.1","","-3.5","","90","","0.0","","3","","9","","16.1","","97.80","","","","-6","","NA"
"-80.38","43.46","KITCHENER/WATERLOO","6144239","2024-01-01 05:00","2024","01","01","05:00","","-2.2","","-3.5","","91","","0.0","","1","","9","","16.1","","97.86","","","","-6","","NA"
"-80.38","43.46","KITCHENER/WATERLOO","6144239","2024-01-01 06:00","2024","01","01","06:00","","-2.3","","-3.7","","90","","0.0","","2","","9","","16.1","","97.93","","","","-6","","NA"
"-80.38","43.46","KITCHENER/WATERLOO","6144239","2024-01-01 07:00","2024","01","01","07:00","","-2.5","","-3.6","","92","","0.0","","34","","8","","16.1","","97.99","","","","-6","","NA"
"-80.38","43.46","KITCHENER/WATERLOO","6144239","2024-01-01 08:00","2024","01","01","08:00","","-2.6","","-4.3","","88","","0.0","","34","","9","","16.1","","98.05","","","","-6","","NA"
"-80.38","43.46","KITCHENER/WATERLOO","6144239","2024-01-01 09:00","2024","01","01","09:00","","-2.7","","-4.4","","88","","0.0","","36","","13","","16.1","","98.11","","","","-7","","NA"
"-80.38","43.46","KITCHENER/WATERLOO","6144239","2024-01-01 10:00","2024","01","01","10:00","","-2.8","","-4.6","","87","","0.0","","33","","9","","16.1","","98.18","","","","-6","","NA"
"-80.38","43.46","KITCHENER/WATERLOO","6144239","2024-01-01 11:00","2024","01","01","11:00","","-2.7","","-4.1","","90","","0.0","","31","","13","","16.1","","98.22","","","","-7","","NA"
"-80.38","43.46","KITCHENER/WATERLOO","6144239","2024-01-01 12:00","2024","01","01","12:00","","-3.0","","-4.5","","89","","0.0","","31","","11","","16.1","","98.20","","","","-7","","NA"
"-80.38","43.46","KITCHENER/WATERLOO","6144239","2024-01-01 13:00","2024","01","01","13:00","","-3.0","","-4.6","","89","","0.0","","31","","15","","16.1","","98.16","","","","-8","","NA"
"-80.38","43.46","KITCHENER/WATERLOO","6144239","2024-01-01 14:00","2024","01","01","14:00","","-3.0","","-5.5","","83","","0.0","","31","","15","","16.1","","98.16","","","","-8","","NA"
"-80.38","43.46","KITCHENER/WATERLOO","6144239","2024-01-01 15:00","2024","01","01","15:00","","-3.2","","-6.3","","79","","0.0","","31","","15","","16.1","","98.19","","","","-8","","NA"
"-80.38","43.46","KITCHENER/WATERLOO","6144239","2024-01-01 16:00","2024","01","01","16:00","","-3.8","","-7.0","","79","","0.0","","30","","17","","16.1","","98.26","","","","-10","","NA"
"-80.38","43.46","KITCHENER/WATERLOO","6144239","2024-01-01 17:00","2024","01","01","17:00","","-4.0","","-7.6","","76","","0.0","","32","","13","","16.1","","98.29","","","","-9","","NA"
"-80.38","43.46","KITCHENER/WATERLOO","6144239","2024-01-01 18:00","2024","01","01","18:00","","-4.0","","-7.4","","78","","0.0","","30","","9","","16.1","","98.29","","","","-8","","NA"
"-80.38","43.46","KITCHENER/WATERLOO","6144239","2024-01-01 19:00","2024","01","01","19:00","","-3.6","","-6.6","","80","","0.0","","29","","21","","16.1","","98.30","","","","-10","","NA"
"-80.38","43.46","KITCHENER/WATERLOO","6144239","2024-01-01 20:00","2024","01","01","20:00","","-3.3","","-5.6","","84","","0.0","","30","","22","","16.1","","98.28","","","","-10","","NA"
"-80.38","43.46","KITCHENER/WATERLOO","6144239","2024-01-01 21:00","2024","01","01","21:00","","-3.2","","-5.1","","87","","0.0","","29","","15","","16.1","","98.26","","","","-8","","NA"
"-80.38","43.46","KITCHENER/WATERLOO","6144239","2024-01-01 22:00","2024","01","01","22:00","","-3.2","","-4.9","","88","","0.0","","28","","17","","16.1","","98.26","","","","-9","","NA"
"-80.38","43.46","KITCHENER/WATERLOO","6144239","2024-01-01 23:00","2024","01","01","23:00","","-3.7","","-5.6","","87","","0.0","","30","","22","","16.1","","98.27","","","","-10","","NA"
"-80.38","43.46","KITCHENER/WATERLOO","6144239","2024-01-02 00:00","2024","01","02","00:00","","-3.3","","-5.3","","86","","0.0","","27","","17","","16.1","","98.22","","","","-9","","NA"
"-80.38","43.46","KITCHENER/WATERLOO","6144239","2024-01-02 01:00","2024","01","02","01:00","","-3.2","","-5.4","","85","","0.0","","26","","24","","16.1","","98.17","","","","-10","","NA"
"-80.38","43.46","KITCHENER/WATERLOO","6144239","2024-01-02 02:00","2024","01","02","02:00","","-3.1","","-5.3","","85","","0.0","","26","","21","","16.1","","98.15","","","","-9","","NA"
"-80.38","43.46","KITCHENER/WATERLOO","6144239","2024-01-02 03:00","2024","01","02","03:00","","-3.1","","-5.3","","85","","0.0","","25","","22","","16.1","","98.16","","","","-9","","NA"
"-80.38","43.46","KITCHENER/WATERLOO","6144239","2024-01-02 04:00","2024","01","02","04:00","","-3.3","","-5.3","","86","","0.0","","25","","24","","16.1","","98.13","","","","-10","","NA"
"-80.38","43.46","KITCHENER/WATERLOO","6144239","2024-01-02 05:00","2024","01","02","05:00","","-3.1","","-5.6","","83","","0.0","","25","","28","","16.1","","98.10","","","","-10","","NA"
"-80.38","43.46","KITCHENER/WATERLOO","6144239","2024-01-02 06:00","2024","01","02","06:00","","-3.2","","-5.9","","82","","0.0","","25","","34","","16.1","","98.10","","","","-11","","NA"
"-80.38","43.46","KITCHENER/WATERLOO","6144239","2024-01-02 07:00","2024","01","02","07:00","","-3.0","","-5.7","","82","","0.0","","24","","21","","16.1","","98.09","","","","-9","","NA"
"-80.38","43.46","KITCHENER/WATERLOO","6144239","2024-01-02 08:00","2024","01","02","08:00","","-2.8","","-5.5","","82","","0.0","","24","","28","","16.1","","98.06","","","","-10","","NA"
"-80.38","43.46","KITCHENER/WATERLOO","6144239","2024-01-02 09:00","2024","01","02","09:00","","-2.8","","-5.7","","81","","0.0","","24","","30","","16.1","","98.04","","","","-10","","NA"
"-80.38","43.46","KITCHENER/WATERLOO","6144239","2024-01-02 10:00","2024","01","02","10:00","","-2.6","","-5.3","","82","","0.0","","23","","30","","16.1","","98.05","","","","-10","","NA"
"-80.38","43.46","KITCHENER/WATERLOO","6144239","2024-01-02 11:00","2024","01","02","11:00","","-2.3","","-5.1","","81","","0.0","","23","","18","","16.1","","98.01","","","","-8","","NA"
"-80.38","43.46","KITCHENER/WATERLOO","6144239","2024-01-02 12:00","2024","01","02","12:00","","-1.3","","-4.3","","80","","0.0","","24","","21","","16.1","","97.87","","","","-7","","NA"
"-80.38","43.46","KITCHENER/WATERLOO","6144239","2024-01-02 13:00","2024","01","02","13:00","","-1.1","","-4.1","","80","","0.0","","24","","21","","16.1","","97.78","","","","-7","","NA"
"-80.38","43.46","KITCHENER/WATERLOO","6144239","2024-01-02 14:00","2024","01","02","14:00","","-1.4","","-4.6","","79","","0.0","","24","","30","","16.1","","97.72","","","","-8","","NA"
"-80.38","43.46","KITCHENER/WATERLOO","6144239","2024-01-02 15:00","2024","01","02","15:00","","-1.3","","-4.5","","79","","0.0","","23","","24","","16.1","","97.76","","","","-7","","NA"
"-80.38","43.46","KITCHENER/WATERLOO","6144239","2024-01-02 16:00","2024","01","02","16:00","","-1.6","","-4.8","","79","","0.0","","24","","30","","16.1","","97.72","","","","-9","","NA"
"-80.38","43.46","KITCHENER/WATERLOO","6144239","2024-01-02 17:00","2024","01","02","17:00","","-1.8","","-4.6","","81","","0.0","","24","","28","","16.1","","97.73","","","","-9","","NA"
"-80.38","43.46","KITCHENER/WATERLOO","6144239","2024-01-02 18:00","2024","01","02","18:00","","-1.9","","-4.6","","82","","0.0","","22","","26","","16.1","","97.75","","","","-8","","NA"
"-80.38","43.46","KITCHENER/WATERLOO","6144239","2024-01-02 19:00","2024","01","02","19:00","","-1.8","","-4.4","","82","","0.0","","24","","18","","16.1","","97.73","","","","-7","","NA"
"-80.38","43.46","KITCHENER/WATERLOO","6144239","2024-01-02 20:00","2024","01","02","20:00","","-1.9","","-4.3","","84","","0.0","","24","","21","","16.1","","97.75","","","","-8","","NA"
"-80.38","43.46","KITCHENER/WATERLOO","6144239","2024-01-02 21:00","2024","01","02","21:00","","-1.8","","-4.2","","84","","0.0","","23","","28","","16.1","","97.68","","","","-9","","NA"
"-80.38","43.46","KITCHENER/WATERLOO","6144239","2024-01-02 22:00","2024","01","02","22:00","","-1.7","","-3.7","","86","","0.0","","23","","22","","16.1","","97.67","","","","-8","","NA"
"-80.38","43.46","KITCHENER/WATERLOO","6144239","2024-01-02 23:00","2024","01","02","23:00","","-1.7","","-3.1","","90","","0.0","","22","","22","","11.3","","97.65","","","","-8","","NA"
"-80.38","43.46","KITCHENER/WATERLOO","6144239","2024-01-03 00:00","2024","01","03","00:00","","-1.6","","-2.6","","93","","0.0","","22","","21","","8.1","","97.64","","","","-7","","Fog"
"-80.38","43.46","KITCHENER/WATERLOO","6144239","2024-01-03 01:00","2024","01","03","01:00","","-1.4","","-2.1","","95","","0.0","","22","","21","","6.4","","97.60","","","","-7","","Fog"
"-80.38","43.46","KITCHENER/WATERLOO","6144239","2024-01-03 02:00","2024","01","03","02:00","","-1.3","","-1.9","","96","","0.0","","23","","18","","3.6","","97.60","","","","-7","","Fog"
"-80.38","43.46","KITCHENER/WATERLOO","6144239","2024-01-03 03:00","2024","01","03","03:00","","-1.1","","-1.7","","96","","0.0","","23","","15","","4.8","","97.63","","","","-6","","Fog"
"-80.38","43.46","KITCHENER/WATERLOO","6144239","2024-01-03 04:00","2024","01","03","04:00","","-0.9","","-1.5","","96","","0.0","","23","","17","","4.8","","97.60","","","","-6","","Snow"
"-80.38","43.46","KITCHENER/WATERLOO","6144239","2024-01-03 05:00","2024","01","03","05:00","","-0.9","","-1.3","","97","","0.0","","22","","15","","4.8","","97.61","","","","-6","","Snow"
"-80.38","43.46","KITCHENER/WATERLOO","6144239","2024-01-03 06:00","2024","01","03","06:00","","-0.7","","-1.1","","97","","0.0","","21","","17","","4.0","","97.62","","","","-6","","Snow"
"-80.38","43.46","KITCHENER/WATERLOO","6144239","2024-01-03 07:00","2024","01","03","07:00","","-0.6","","-1.1","","97","","0.0","","22","","17","","4.0","","97.61","","","","-6","","Snow"
"-80.38","43.46","KITCHENER/WATERLOO","6144239","2024-01-03 08:00","2024","01","03","08:00","","-0.5","","-0.9","","97","","0.0","","22","","15","","2.8","","97.61","","","","-5","","Snow"
"-80.38","43.46","KITCHENER/WATERLOO","6144239","2024-01-03 09:00","2024","01","03","09:00","","-0.6","","-1.3","","95","","0.0","","22","","18","","4.8","","97.59","","","","-6","","Fog"
"-80.38","43.46","KITCHENER/WATERLOO","6144239","2024-01-03 10:00","2024","01","03","10:00","","-0.4","","-1.4","","93","","0.0","","22","","17","","9.7","","97.60","","","","-5","","Fog"
"-80.38","43.46","KITCHENER/WATERLOO","6144239","2024-01-03 11:00","2024","01","03","11:00","","-0.3","","-1.4","","92","","0.0","","22","","17","","11.3","","97.58","","","","-5","","NA"
"-80.38","43.46","KITCHENER/WATERLOO","6144239","2024-01-03 12:00","2024","01","03","12:00","","0.0","","-1.3","","91","","0.0","","22","","17","","16.1","","97.50","","","","-5","","NA"
"-80.38","43.46","KITCHENER/WATERLOO","6144239","2024-01-03 13:00","2024","01","03","13:00","","0.0","","-1.6","","89","","0.0","","23","","18","","16.1","","97.43","","","","-5","","NA"
"-80.38","43.46","KITCHENER/WATERLOO","6144239","2024-01-03 14:00","2024","01","03","14:00","","0.0","","-0.9","","94","","0.0","","24","","15","","4.8","","97.38","","","","-4","","Fog"
"-80.38","43.46","KITCHENER/WATERLOO","6144239","2024-01-03 15:00","2024","01","03","15:00","","-0.3","","-1.2","","94","","0.0","","27","","22","","2.0","","97.36","","","","-6","","Rain,Fog"
"-80.38","43.46","KITCHENER/WATERLOO","6144239","2024-01-03 16:00","2024","01","03","16:00","","-0.3","","-2.2","","87","","0.2","","27","","13","","16.1","","97.38","","","","-4","","NA"
"-80.38","43.46","KITCHENER/WATERLOO","6144239","2024-01-03 17:00","2024","01","03","17:00","","-0.6","","-2.3","","88","","0.0","","23","","13","","16.1","","97.43","","","","-5","","NA"
"-80.38","43.46","KITCHENER/WATERLOO","6144239","2024-01-03 18:00","2024","01","03","18:00","","-0.6","","-2.3","","88","","0.0","","24","","15","","16.1","","97.48","","","","-5","","NA"
"-80.38","43.46","KITCHENER/WATERLOO","6144239","2024-01-03 19:00","2024","01","03","19:00","","-0.7","","-2.0","","91","","0.0","","24","","13","","16.1","","97.48","","","","-5","","NA"
"-80.38","43.46","KITCHENER/WATERLOO","6144239","2024-01-03 20:00","2024","01","03","20:00","","-0.7","","-1.7","","93","","0.0","","24","","13","","16.1","","97.48","","","","-5","","NA"
"-80.38","43.46","KITCHENER/WATERLOO","6144239","2024-01-03 21:00","2024","01","03","21:00","","-0.6","","-1.0","","97","","0.0","","24","","13","","4.8","","97.46","","","","-5","","Snow"
"-80.38","43.46","KITCHENER/WATERLOO","6144239","2024-01-03 22:00","2024","01","03","22:00","","-0.3","","-1.0","","95","","0.0","","23","","9","","11.3","","97.45","","","","-3","","Snow"
"-80.38","43.46","KITCHENER/WATERLOO","6144239","2024-01-03 23:00","2024","01","03","23:00","","-0.9","","-3.3","","84","","0.2","","31","","21","","16.1","","97.51","","","","-7","","Snow"
"-80.38","43.46","KITCHENER/WATERLOO","6144239","2024-01-04 00:00","2024","01","04","00:00","","-1.3","","-3.5","","85","","0.0","","30","","18","","16.1","","97.54","","","","-7","","NA"
"-80.38","43.46","KITCHENER/WATERLOO","6144239","2024-01-04 01:00","2024","01","04","01:00","","-1.7","","-3.3","","89","","0.0","","29","","18","","16.1","","97.57","","","","-7","","Snow"
"-80.38","43.46","KITCHENER/WATERLOO","6144239","2024-01-04 02:00","2024","01","04","02:00","","-2.0","","-3.3","","91","","0.0","","31","","18","","4.0","","97.65","","","","-7","","Snow"
"-80.38","43.46","KITCHENER/WATERLOO","6144239","2024-01-04 03:00","2024","01","04","03:00","","-2.7","","-5.5","","81","","0.0","","33","","24","","16.1","","97.76","","","","-9","","Snow"
"-80.38","43.46","KITCHENER/WATERLOO","6144239","2024-01-04 04:00","2024","01","04","04:00","","-3.8","","-6.9","","79","","0.0","","34","","22","","16.1","","97.82","","","","-10","","Snow"
"-80.38","43.46","KITCHENER/WATERLOO","6144239","2024-01-04 05:00","2024","01","04","05:00","","-4.3","","-6.9","","82","","0.0","","34","","17","","16.1","","97.89","","","","-10","","Snow"
"-80.38","43.46","KITCHENER/WATERLOO","6144239","2024-01-04 06:00","2024","01","04","06:00","","-5.6","","-9.1","","76","","0.0","","32","","26","","16.1","","98.00","","","","-13","","NA"
"-80.38","43.46","KITCHENER/WATERLOO","6144239","2024-01-04 07:00","2024","01","04","07:00","","-6.6","","-9.8","","78","","0.0","","31","","18","","16.1","","98.17","","","","-13","","Snow"
"-80.38","43.46","KITCHENER/WATERLOO","6144239","2024-01-04 08:00","2024","01","04","08:00","","-7.3","","-10.7","","77","","0.0","","32","","22","","16.1","","98.27","","","","-15","","Snow"
"-80.38","43.46","KITCHENER/WATERLOO","6144239","2024-01-04 09:00","2024","01","04","09:00","","-8.0","","-11.5","","76","","0.0","","31","","18","","16.1","","98.36","","","","-15","","NA"
"-80.38","43.46","KITCHENER/WATERLOO","6144239","2024-01-04 10:00","2024","01","04","10:00","","-7.8","","-11.8","","73","","0.0","","33","","24","","16.1","","98.43","","","","-16","","NA"
"-80.38","43.46","KITCHENER/WATERLOO","6144239","2024-01-04 11:00","2024","01","04","11:00","","-6.8","","-11.3","","70","","0.0","","31","","21","","16.1","","98.50","","","","-14","","NA"
"-80.38","43.46","KITCHENER/WATERLOO","6144239","2024-01-04 12:00","2024","01","04","12:00","","-6.5","","-10.9","","71","","0.0","","30","","21","","16.1","","98.50","","","","-14","","NA"
"-80.38","43.46","KITCHENER/WATERLOO","6144239","2024-01-04 13:00","2024","01","04","13:00","","-6.2","","-10.5","","72","","0.0","","33","","18","","16.1","","98.50","","","","-13","","NA"
"-80.38","43.46","KITCHENER/WATERLOO","6144239","2024-01-04 14:00","2024","01","04","14:00","","-6.1","","-10.5","","71","","0.0","","31","","22","","16.1","","98.51","","","","-13","","NA"
"-80.38","43.46","KITCHENER/WATERLOO","6144239","2024-01-04 15:00","2024","01","04","15:00","","-5.7","","-9.8","","73","","0.0","","29","","26","","16.1","","98.53","","","","-13","","NA"
"-80.38","43.46","KITCHENER/WATERLOO","6144239","2024-01-04 16:00","2024","01","04","16:00","","-5.3","","-9.5","","72","","0.0","","31","","15","","16.1","","98.54","","","","-11","","NA"
"-80.38","43.46","KITCHENER/WATERLOO","6144239","2024-01-04 17:00","2024","01","04","17:00","","-5.3","","-9.5","","73","","0.0","","30","","18","","16.1","","98.59","","","","-12","","NA"
"-80.38","43.46","KITCHENER/WATERLOO","6144239","2024-01-04 18:00","2024","01","04","18:00","","-5.3","","-9.4","","73","","0.0","","33","","5","","16.1","","98.62","","","","-8","","Snow"
"-80.38","43.46","KITCHENER/WATERLOO","6144239","2024-01-04 19:00","2024","01","04","19:00","","-5.2","","-9.0","","75","","0.0","","29","","5","","16.1","","98.65","","","","-7","","NA"
"-80.38","43.46","KITCHENER/WATERLOO","6144239","2024-01-04 20:00","2024","01","04","20:00","","-4.8","","-8.5","","76","","0.0","","25","","9","","16.1","","98.66","","","","-9","","Snow"
"-80.38","43.46","KITCHENER/WATERLOO","6144239","2024-01-04 21:00","2024","01","04","21:00","","-4.5","","-8.5","","74","","0.0","","26","","21","","16.1","","98.64","","","","-11","","Snow"
"-80.38","43.46","KITCHENER/WATERLOO","6144239","2024-01-04 22:00","2024","01","04","22:00","","-4.4","","-8.2","","75","","0.0","","25","","15","","16.1","","98.61","","","","-10","","Snow"
"-80.38","43.46","KITCHENER/WATERLOO","6144239","2024-01-04 23:00","2024","01","04","23:00","","-4.4","","-8.7","","72","","0.0","","25","","17","","16.1","","98.63","","","","-10","","NA"
"-80.38","43.46","KITCHENER/WATERLOO","6144239","2024-01-05 00:00","2024","01","05","00:00","","-4.4","","-8.3","","74","","0.0","","24","","15","","16.1","","98.57","","","","-10","","Snow"
"-80.38","43.46","KITCHENER/WATERLOO","6144239","2024-01-05 01:00","2024","01","05","01:00","","-4.6","","-8.2","","76","","0.0","","23","","18","","16.1","","98.54","","","","-11","","NA"
"-80.38","43.46","KITCHENER/WATERLOO","6144239","2024-01-05 02:00","2024","01","05","02:00","","-4.8","","-8.6","","75","","0.0","","23","","21","","16.1","","98.54","","","","-11","","NA"
"-80.38","43.46","KITCHENER/WATERLOO","6144239","2024-01-05 03:00","2024","01","05","03:00","","-4.8","","-8.8","","74","","0.0","","24","","18","","16.1","","98.55","","","","-11","","NA"
"-80.38","43.46","KITCHENER/WATERLOO","6144239","2024-01-05 04:00","2024","01","05","04:00","","-4.8","","-8.8","","74","","0.0","","23","","21","","16.1","","98.52","","","","-11","","NA"
"-80.38","43.46","KITCHENER/WATERLOO","6144239","2024-01-05 05:00","2024","01","05","05:00","","-4.8","","-8.8","","74","","0.0","","23","","18","","16.1","","98.50","","","","-11","","NA"
"-80.38","43.46","KITCHENER/WATERLOO","6144239","2024-01-05 06:00","2024","01","05","06:00","","-4.8","","-8.7","","74","","0.0","","23","","18","","16.1","","98.54","","","","-11","","NA"
"-80.38","43.46","KITCHENER/WATERLOO","6144239","2024-01-05 07:00","2024","01","05","07:00","","-4.6","","-8.4","","75","","0.0","","24","","15","","16.1","","98.57","","","","-10","","NA"
"-80.38","43.46","KITCHENER/WATERLOO","6144239","2024-01-05 08:00","2024","01","05","08:00","","-4.4","","-8.0","","76","","0.0","","25","","18","","16.1","","98.58","","","","-10","","NA"
"-80.38","43.46","KITCHENER/WATERLOO","6144239","2024-01-05 09:00","2024","01","05","09:00","","-4.1","","-7.7","","76","","0.0","","24","","18","","16.1","","98.55","","","","-10","","NA"
"-80.38","43.46","KITCHENER/WATERLOO","6144239","2024-01-05 10:00","2024","01","05","10:00","","-4.1","","-7.4","","78","","0.0","","23","","15","","16.1","","98.57","","","","-9","","NA"
"-80.38","43.46","KITCHENER/WATERLOO","6144239","2024-01-05 11:00","2024","01","05","11:00","","-3.6","","-6.9","","78","","0.0","","22","","24","","16.1","","98.52","","","","-10","","NA"
"-80.38","43.46","KITCHENER/WATERLOO","6144239","2024-01-05 12:00","2024","01","05","12:00","","-3.4","","-7.0","","76","","0.0","","23","","22","","16.1","","98.45","","","","-10","","NA"
"-80.38","43.46","KITCHENER/WATERLOO","6144239","2024-01-05 13:00","2024","01","05","13:00","","-3.3","","-7.1","","75","","0.0","","22","","21","","16.1","","98.37","","","","-10","","NA"
"-80.38","43.46","KITCHENER/WATERLOO","6144239","2024-01-05 14:00","2024","01","05","14:00","","-3.0","","-7.0","","74","","0.0","","24","","21","","16.1","","98.26","","","","-9","","NA"
"-80.38","43.46","KITCHENER/WATERLOO","6144239","2024-01-05 15:00","2024","01","05","15:00","","-2.7","","-6.7","","74","","0.0","","23","","17","","16.1","","98.23","","","","-8","","NA"
"-80.38","43.46","KITCHENER/WATERLOO","6144239","2024-01-05 16:00","2024","01","05","16:00","","-2.8","","-6.5","","76","","0.0","","24","","17","","16.1","","98.22","","","","-8","","NA"
"-80.38","43.46","KITCHENER/WATERLOO","6144239","2024-01-05 17:00","2024","01","05","17:00","","-2.9","","-6.1","","79","","0.0","","22","","13","","16.1","","98.28","","","","-8","","NA"
"-80.38","43.46","KITCHENER/WATERLOO","6144239","2024-01-05 18:00","2024","01","05","18:00","","-2.8","","-6.1","","78","","0.0","","21","","15","","16.1","","98.36","","","","-8","","NA"
"-80.38","43.46","KITCHENER/WATERLOO","6144239","2024-01-05 19:00","2024","01","05","19:00","","-2.7","","-6.1","","78","","0.0","","22","","17","","16.1","","98.33","","","","-8","","NA"
"-80.38","43.46","KITCHENER/WATERLOO","6144239","2024-01-05 20:00","2024","01","05","20:00","","-2.7","","-5.9","","79","","0.0","","21","","9","","16.1","","98.29","","","","-6","","NA"
"-80.38","43.46","KITCHENER/WATERLOO","6144239","2024-01-05 21:00","2024","01","05","21:00","","-2.8","","-5.8","","80","","0.0","","19","","9","","16.1","","98.22","","","","-6","","NA"
"-80.38","43.46","KITCHENER/WATERLOO","6144239","2024-01-05 22:00","2024","01","05","22:00","","-2.6","","-5.8","","79","","0.0","","20","","13","","16.1","","98.21","","","","-7","","NA"
"-80.38","43.46","KITCHENER/WATERLOO","6144239","2024-01-05 23:00","2024","01","05","23:00","","-2.6","","-5.7","","79","","0.0","","","M","4","","16.1","","98.07","","","","-4","","NA"
"-80.38","43.46","KITCHENER/WATERLOO","6144239","2024-01-06 00:00","2024","01","06","00:00","","-2.6","","-5.6","","80","","0.0","","17","","9","","14.5","","98.08","","","","-6","","NA"
"-80.38","43.46","KITCHENER/WATERLOO","6144239","2024-01-06 01:00","2024","01","06","01:00","","-2.8","","-6.0","","79","","0.0","","18","","9","","16.1","","98.09","","","","-6","","NA"
"-80.38","43.46","KITCHENER/WATERLOO","6144239","2024-01-06 02:00","2024","01","06","02:00","","-2.9","","-6.2","","78","","0.0","","18","","13","","16.1","","98.07","","","","-8","","NA"
"-80.38","43.46","KITCHENER/WATERLOO","6144239","2024-01-06 03:00","2024","01","06","03:00","","-2.9","","-6.3","","78","","0.0","","19","","8","","16.1","","98.10","","","","-6","","NA"
"-80.38","43.46","KITCHENER/WATERLOO","6144239","2024-01-06 04:00","2024","01","06","04:00","","-3.1","","-6.1","","80","","0.0","","14","","5","","16.1","","98.05","","","","-5","","NA"
"-80.38","43.46","KITCHENER/WATERLOO","6144239","2024-01-06 05:00","2024","01","06","05:00","","-3.2","","-6.0","","81","","0.0","","4","","8","","16.1","","97.89","","","","-6","","NA"
"-80.38","43.46","KITCHENER/WATERLOO","6144239","2024-01-06 06:00","2024","01","06","06:00","","-3.4","","-5.8","","83","","0.0","","5","","9","","16.1","","97.84","","","","-7","","NA"
"-80.38","43.46","KITCHENER/WATERLOO","6144239","2024-01-06 07:00","2024","01","06","07:00","","-3.6","","-5.9","","84","","0.0","","6","","8","","16.1","","97.83","","","","-7","","NA"
"-80.38","43.46","KITCHENER/WATERLOO","6144239","2024-01-06 08:00","2024","01","06","08:00","","-3.2","","-5.9","","82","","0.0","","9","","13","","16.1","","97.75","","","","-8","","NA"
"-80.38","43.46","KITCHENER/WATERLOO","6144239","2024-01-06 09:00","2024","01","06","09:00","","-2.8","","-5.1","","84","","0.0","","9","","15","","16.1","","97.63","","","","-8","","NA"
"-80.38","43.46","KITCHENER/WATERLOO","6144239","2024-01-06 10:00","2024","01","06","10:00","","-2.3","","-5.0","","82","","0.0","","10","","26","","16.1","","97.52","","","","-9","","NA"
"-80.38","43.46","KITCHENER/WATERLOO","6144239","2024-01-06 11:00","2024","01","06","11:00","","-1.8","","-4.8","","80","","0.0","","9","","17","","16.1","","97.42","","","","-7","","NA"
"-80.38","43.46","KITCHENER/WATERLOO","6144239","2024-01-06 12:00","2024","01","06","12:00","","-1.3","","-5.4","","74","","0.0","","9","","26","","16.1","","97.30","","","","-8","","NA"
"-80.38","43.46","KITCHENER/WATERLOO","6144239","2024-01-06 13:00","2024","01","06","13:00","","-1.0","","-5.5","","72","","0.0","","9","","32","","16.1","","97.15","","","","-8","","NA"
"-80.38","43.46","KITCHENER/WATERLOO","6144239","2024-01-06 14:00","2024","01","06","14:00","","-0.5","","-4.3","","76","","0.0","","9","","28","","16.1","","97.01","","","","-7","","NA"
"-80.38","43.46","KITCHENER/WATERLOO","6144239","2024-01-06 15:00","2024","01","06","15:00","","-0.8","","-4.2","","78","","0.0","","8","","18","","16.1","","96.94","","","","-6","","NA"
"-80.38","43.46","KITCHENER/WATERLOO","6144239","2024-01-06 16:00","2024","01","06","16:00","","-1.0","","-4.8","","76","","0.0","","9","","21","","16.1","","96.94","","","","-7","","NA"
"-80.38","43.46","KITCHENER/WATERLOO","6144239","2024-01-06 17:00","2024","01","06","17:00","","-1.1","","-4.1","","80","","0.0","","9","","17","","16.1","","96.98","","","","-6","","Snow"
"-80.38","43.46","KITCHENER/WATERLOO","6144239","2024-01-06 18:00","2024","01","06","18:00","","-1.9","","-2.7","","94","","0.0","","7","","15","","2.4","","96.93","","","","-7","","Snow"
"-80.38","43.46","KITCHENER/WATERLOO","6144239","2024-01-06 19:00","2024","01","06","19:00","","-1.7","","-2.7","","93","","0.0","","8","","15","","4.8","","96.87","","","","-7","","Snow"
"-80.38","43.46","KITCHENER/WATERLOO","6144239","2024-01-06 20:00","2024","01","06","20:00","","-1.5","","-2.8","","91","","0.0","","6","","18","","11.3","","96.81","","","","-7","","Snow"
"-80.38","43.46","KITCHENER/WATERLOO","6144239","2024-01-06 21:00","2024","01","06","21:00","","-2.0","","-3.1","","92","","0.0","","7","","18","","16.1","","96.75","","","","-7","","Snow"
"-80.38","43.46","KITCHENER/WATERLOO","6144239","2024-01-06 22:00","2024","01","06","22:00","","-2.5","","-4.1","","89","","0.0","","6","","15","","9.7","","96.75","","","","-7","","Snow"
"-80.38","43.46","KITCHENER/WATERLOO","6144239","2024-01-06 23:00","2024","01","06","23:00","","-3.3","","-4.3","","93","","0.0","","6","","13","","2.8","","96.72","","","","-8","","Snow"
"-80.38","43.46","KITCHENER/WATERLOO","6144239","2024-01-07 00:00","2024","01","07","00:00","","-3.5","","-4.6","","92","","0.2","","5","","9","","8.1","","96.68","","","","-7","","Snow"
"-80.38","43.46","KITCHENER/WATERLOO","6144239","2024-01-07 01:00","2024","01","07","01:00","","-3.7","","-5.1","","90","","0.0","","4","","11","","16.1","","96.67","","","","-8","","Snow"
"-80.38","43.46","KITCHENER/WATERLOO","6144239","2024-01-07 02:00","2024","01","07","02:00","","-3.8","","-5.3","","90","","0.0","","6","","13","","16.1","","96.67","","","","-9","","Snow"
"-80.38","43.46","KITCHENER/WATERLOO","6144239","2024-01-07 03:00","2024","01","07","03:00","","-3.9","","-5.0","","92","","0.0","","6","","13","","6.4","","96.68","","","","-9","","Snow"
"-80.38","43.46","KITCHENER/WATERLOO","6144239","2024-01-07 04:00","2024","01","07","04:00","","-4.1","","-5.1","","93","","0.0","","1","","5","","9.7","","96.66","","","","-6","","Snow"
"-80.38","43.46","KITCHENER/WATERLOO","6144239","2024-01-07 05:00","2024","01","07","05:00","","-4.4","","-5.4","","93","","0.0","","1","","8","","16.1","","96.65","","","","-8","","Snow"
"-80.38","43.46","KITCHENER/WATERLOO","6144239","2024-01-07 06:00","2024","01","07","06:00","","-4.5","","-5.9","","90","","0.0","","1","","8","","16.1","","96.68","","","","-8","","NA"
"-80.38","43.46","KITCHENER/WATERLOO","6144239","2024-01-07 07:00","2024","01","07","07:00","","-4.5","","-6.1","","89","","0.0","","36","","4","","16.1","","96.75","","","","-6","","NA"
"-80.38","43.46","KITCHENER/WATERLOO","6144239","2024-01-07 08:00","2024","01","07","08:00","","-4.6","","-6.0","","90","","0.0","","4","","4","","16.1","","96.78","","","","-6","","NA"
"-80.38","43.46","KITCHENER/WATERLOO","6144239","2024-01-07 09:00","2024","01","07","09:00","","-4.6","","-5.9","","91","","0.0","","","","0","","16.1","","96.84","","","","","","NA"
"-80.38","43.46","KITCHENER/WATERLOO","6144239","2024-01-07 10:00","2024","01","07","10:00","","-3.7","","-5.6","","87","","0.0","","","M","4","","16.1","","96.86","","","","-5","","NA"
"-80.38","43.46","KITCHENER/WATERLOO","6144239","2024-01-07 11:00","2024","01","07","11:00","","-2.9","","-4.8","","87","","0.0","","21","","8","","16.1","","96.88","","","","-6","","NA"
"-80.38","43.46","KITCHENER/WATERLOO","6144239","2024-01-07 12:00","2024","01","07","12:00","","-2.3","","-4.3","","86","","0.0","","","","0","","16.1","","96.86","","","","","","Snow"
"-80.38","43.46","KITCHENER/WATERLOO","6144239","2024-01-07 13:00","2024","01","07","13:00","","-1.6","","-3.6","","86","","0.0","","","M","4","","16.1","","96.88","","","","-3","","NA"
"-80.38","43.46","KITCHENER/WATERLOO","6144239","2024-01-07 14:00","2024","01","07","14:00","","-0.8","","-2.7","","87","","0.0","","25","","5","","14.5","","96.93","","","","-2","","Snow"
"-80.38","43.46","KITCHENER/WATERLOO","6144239","2024-01-07 15:00","2024","01","07","15:00","","-0.9","","-2.2","","91","","0.0","","36","","5","","6.4","","97.03","","","","-3","","Rain,Snow"
"-80.38","43.46","KITCHENER/WATERLOO","6144239","2024-01-07 16:00","2024","01","07","16:00","","-0.7","","-2.0","","91","","0.0","","29","","5","","8.1","","97.16","","","","-2","","Snow"
"-80.38","43.46","KITCHENER/WATERLOO","6144239","2024-01-07 17:00","2024","01","07","17:00","","-0.6","","-1.7","","92","","0.0","","29","","8","","9.7","","97.26","","","","-3","","Snow"
"-80.38","43.46","KITCHENER/WATERLOO","6144239","2024-01-07 18:00","2024","01","07","18:00","","-0.6","","-1.6","","93","","0.0","","28","","9","","8.1","","97.37","","","","-4","","Snow"
"-80.38","43.46","KITCHENER/WATERLOO","6144239","2024-01-07 19:00","2024","01","07","19:00","","-0.6","","-1.7","","92","","0.0","","28","","8","","14.5","","97.49","","","","-3","","Snow"
"-80.38","43.46","KITCHENER/WATERLOO","6144239","2024-01-07 20:00","2024","01","07","20:00","","-0.3","","-1.3","","93","","0.0","","28","","8","","11.3","","97.64","","","","-3","","Snow"
"-80.38","43.46","KITCHENER/WATERLOO","6144239","2024-01-07 21:00","2024","01","07","21:00","","0.0","","-1.0","","93","","0.0","","28","","8","","8.1","","97.74","","","","-3","","Fog"
"-80.38","43.46","KITCHENER/WATERLOO","6144239","2024-01-07 22:00","2024","01","07","22:00","","-0.2","","-1.3","","93","","0.0","","29","","8","","9.7","","97.85","","","","-3","","Fog"
"-80.38","43.46","KITCHENER/WATERLOO","6144239","2024-01-07 23:00","2024","01","07","23:00","","0.2","","-1.1","","91","","0.0","","27","","15","","16.1","","97.96","","","","","","NA"
"-80.38","43.46","KITCHENER/WATERLOO","6144239","2024-01-08 00:00","2024","01","08","00:00","","-0.1","","-1.4","","91","","0.0","","28","","15","","16.1","","98.04","","","","-5","","NA"
"-80.38","43.46","KITCHENER/WATERLOO","6144239","2024-01-08 01:00","2024","01","08","01:00","","0.1","","-1.5","","89","","0.0","","27","","11","","16.1","","98.11","","","","","","NA"
"-80.38","43.46","KITCHENER/WATERLOO","6144239","2024-01-08 02:00","2024","01","08","02:00","","-0.1","","-2.0","","87","","0.0","","26","","11","","16.1","","98.23","","","","-4","","NA"
"-80.38","43.46","KITCHENER/WATERLOO","6144239","2024-01-08 03:00","2024","01","08","03:00","","0.1","","-1.7","","88","","0.0","","24","","9","","16.1","","98.33","","","","","","NA"
"-80.38","43.46","KITCHENER/WATERLOO","6144239","2024-01-08 04:00","2024","01","08","04:00","","0.2","","-1.1","","91","","0.0","","24","","13","","16.1","","98.43","","","","","","NA"
"-80.38","43.46","KITCHENER/WATERLOO","6144239","2024-01-08 05:00","2024","01","08","05:00","","0.4","","-1.1","","90","","0.0","","25","","15","","16.1","","98.50","","","","","","NA"
"-80.38","43.46","KITCHENER/WATERLOO","6144239","2024-01-08 06:00","2024","01","08","06:00","","0.4","","-1.5","","87","","0.0","","24","","15","","16.1","","98.57","","","","","","NA"
"-80.38","43.46","KITCHENER/WATERLOO","6144239","2024-01-08 07:00","2024","01","08","07:00","","0.7","","-2.2","","81","","0.0","","25","","15","","16.1","","98.68","","","","","","NA"
"-80.38","43.46","KITCHENER/WATERLOO","6144239","2024-01-08 08:00","2024","01","08","08:00","","0.4","","-2.2","","83","","0.0","","24","","13","","16.1","","98.74","","","","","","NA"
"-80.38","43.46","KITCHENER/WATERLOO","6144239","2024-01-08 09:00","2024","01","08","09:00","","0.5","","-1.9","","84","","0.0","","25","","8","","16.1","","98.78","","","","","","NA"
"-80.38","43.46","KITCHENER/WATERLOO","6144239","2024-01-08 10:00","2024","01","08","10:00","","0.8","","-1.0","","88","","0.0","","24","","11","","16.1","","98.87","","","","","","NA"
"-80.38","43.46","KITCHENER/WATERLOO","6144239","2024-01-08 11:00","2024","01","08","11:00","","1.0","","-0.8","","88","","0.0","","24","","11","","16.1","","98.90","","","","","","NA"
"-80.38","43.46","KITCHENER/WATERLOO","6144239","2024-01-08 12:00","2024","01","08","12:00","","1.1","","-1.0","","86","","0.0","","24","","11","","16.1","","98.87","","","","","","NA"
"-80.38","43.46","KITCHENER/WATERLOO","6144239","2024-01-08 13:00","2024","01","08","13:00","","1.2","","-1.2","","84","","0.0","","24","","11","","16.1","","98.83","","","","","","NA"
"-80.38","43.46","KITCHENER/WATERLOO","6144239","2024-01-08 14:00","2024","01","08","14:00","","1.1","","-2.1","","79","","0.0","","24","","11","","16.1","","98.79","","","","","","NA"
"-80.38","43.46","KITCHENER/WATERLOO","6144239","2024-01-08 15:00","2024","01","08","15:00","","1.0","","-2.2","","79","","0.0","","25","","11","","16.1","","98.84","","","","","","NA"
"-80.38","43.46","KITCHENER/WATERLOO","6144239","2024-01-08 16:00","2024","01","08","16:00","","1.0","","-2.2","","79","","0.0","","23","","8","","16.1","","98.88","","","","","","NA"
"-80.38","43.46","KITCHENER/WATERLOO","6144239","2024-01-08 17:00","2024","01","08","17:00","","0.8","","-2.3","","80","","0.0","","22","","5","","16.1","","98.90","","","","","","NA"
"-80.38","43.46","KITCHENER/WATERLOO","6144239","2024-01-08 18:00","2024","01","08","18:00","","0.2","","-2.2","","84","","0.0","","","","0","","16.1","","98.87","","","","","","NA"
"-80.38","43.46","KITCHENER/WATERLOO","6144239","2024-01-08 19:00","2024","01","08","19:00","","-1.6","","-3.0","","90","","0.0","","9","","5","","11.3","","98.80","","","","-3","","NA"
"-80.38","43.46","KITCHENER/WATERLOO","6144239","2024-01-08 20:00","2024","01","08","20:00","","-0.3","","-2.2","","87","","0.0","","11","","8","","14.5","","98.79","","","","-3","","NA"
"-80.38","43.46","KITCHENER/WATERLOO","6144239","2024-01-08 21:00","2024","01","08","21:00","","-0.8","","-2.2","","90","","0.0","","8","","11","","12.9","","98.68","","","","-5","","NA"
"-80.38","43.46","KITCHENER/WATERLOO","6144239","2024-01-08 22:00","2024","01","08","22:00","","-0.3","","-2.6","","85","","0.0","","9","","9","","16.1","","98.61","","","","-3","","NA"
"-80.38","43.46","KITCHENER/WATERLOO","6144239","2024-01-08 23:00","2024","01","08","23:00","","-0.4","","-2.5","","86","","0.0","","9","","9","","16.1","","98.53","","","","-4","","NA"
"-80.38","43.46","KITCHENER/WATERLOO","6144239","2024-01-09 00:00","2024","01","09","00:00","","0.0","","-2.2","","85","","0.0","","8","","13","","16.1","","98.44","","","","-4","","NA"
"-80.38","43.46","KITCHENER/WATERLOO","6144239","2024-01-09 01:00","2024","01","09","01:00","","0.4","","-0.9","","91","","0.0","","9","","17","","11.3","","98.35","","","","","","NA"
"-80.38","43.46","KITCHENER/WATERLOO","6144239","2024-01-09 02:00","2024","01","09","02:00","","0.3","","-1.5","","88","","0.0","","9","","22","","16.1","","98.16","","","","","","NA"
"-80.38","43.46","KITCHENER/WATERLOO","6144239","2024-01-09 03:00","2024","01","09","03:00","","0.4","","-2.8","","79","","0.0","","11","","22","","16.1","","98.10","","","","","","NA"
"-80.38","43.46","KITCHENER/WATERLOO","6144239","2024-01-09 04:00","2024","01","09","04:00","","0.4","","-3.2","","77","","0.0","","9","","28","","16.1","","97.89","","","","","","NA"
"-80.38","43.46","KITCHENER/WATERLOO","6144239","2024-01-09 05:00","2024","01","09","05:00","","0.4","","-3.1","","78","","0.0","","11","","22","","16.1","","97.85","","","","","","NA"
"-80.38","43.46","KITCHENER/WATERLOO","6144239","2024-01-09 06:00","2024","01","09","06:00","","0.1","","-3.1","","79","","0.0","","11","","21","","16.1","","97.76","","","","","","NA"
"-80.38","43.46","KITCHENER/WATERLOO","6144239","2024-01-09 07:00","2024","01","09","07:00","","-1.0","","-1.6","","96","","0.2","","9","","21","","1.6","","97.55","","","","-7","","Snow"
"-80.38","43.46","KITCHENER/WATERLOO","6144239","2024-01-09 08:00","2024","01","09","08:00","","-0.8","","-1.7","","94","","0.2","","9","","24","","8.1","","97.39","","","","-7","","Snow"
"-80.38","43.46","KITCHENER/WATERLOO","6144239","2024-01-09 09:00","2024","01","09","09:00","","-0.5","","-1.4","","94","","0.2","","9","","26","","8.1","","97.21","","","","-7","","Snow"
"-80.38","43.46","KITCHENER/WATERLOO","6144239","2024-01-09 10:00","2024","01","09","10:00","","-0.3","","-0.9","","96","","0.0","","9","","28","","2.8","","97.01","","","","-7","","Snow"
"-80.38","43.46","KITCHENER/WATERLOO","6144239","2024-01-09 11:00","2024","01","09","11:00","","0.0","","-0.4","","97","","1.2","","10","","22","","2.0","","96.80","","","","-6","","Snow"
"-80.38","43.46","KITCHENER/WATERLOO","6144239","2024-01-09 12:00","2024","01","09","12:00","","0.2","","-0.4","","96","","1.8","","9","","32","","6.4","","96.46","","","","","","Snow"
"-80.38","43.46","KITCHENER/WATERLOO","6144239","2024-01-09 13:00","2024","01","09","13:00","","0.3","","-0.1","","97","","1.2","","9","","34","","3.2","","96.12","","","","","","Rain,Fog"
"-80.38","43.46","KITCHENER/WATERLOO","6144239","2024-01-09 14:00","2024","01","09","14:00","","0.5","","0.1","","97","","1.2","","9","","28","","4.8","","95.92","","","","","","Snow"
"-80.38","43.46","KITCHENER/WATERLOO","6144239","2024-01-09 15:00","2024","01","09","15:00","","0.6","","0.3","","98","","2.8","","9","","34","","4.8","","95.62","","","","","","Snow"
"-80.38","43.46","KITCHENER/WATERLOO","6144239","2024-01-09 16:00","2024","01","09","16:00","","1.0","","0.7","","98","","2.2","","9","","26","","9.7","","95.46","","","","","","Rain,Fog"
"-80.38","43.46","KITCHENER/WATERLOO","6144239","2024-01-09 17:00","2024","01","09","17:00","","1.3","","1.2","","99","","2.0","","8","","26","","6.4","","95.20","","","","","","Snow"
"-80.38","43.46","KITCHENER/WATERLOO","6144239","2024-01-09 18:00","2024","01","09","18:00","","1.5","","1.4","","99","","1.2","","8","","26","","16.1","","94.85","","","","","","Rain"
"-80.38","43.46","KITCHENER/WATERLOO","6144239","2024-01-09 19:00","2024","01","09","19:00","","1.9","","1.9","","100","","2.5","","8","","24","","3.6","","94.65","","","","","","Rain,Fog"
"-80.38","43.46","KITCHENER/WATERLOO","6144239","2024-01-09 20:00","2024","01","09","20:00","","2.3","","2.3","","100","","1.8","","9","","24","","4.0","","94.45","","","","","","Rain,Fog"
"-80.38","43.46","KITCHENER/WATERLOO","6144239","2024-01-09 21:00","2024","01","09","21:00","","2.5","","2.5","","100","","3.2","","8","","24","","2.8","","94.26","","","","","","Rain,Fog"
"-80.38","43.46","KITCHENER/WATERLOO","6144239","2024-01-09 22:00","2024","01","09","22:00","","2.5","","2.5","","100","","1.5","","12","","13","","2.8","","94.15","","","","","","Rain,Fog"
"-80.38","43.46","KITCHENER/WATERLOO","6144239","2024-01-09 23:00","2024","01","09","23:00","","3.6","","3.6","","100","","1.0","","15","","22","","16.1","","94.08","","","","","","NA"
"-80.38","43.46","KITCHENER/WATERLOO","6144239","2024-01-10 00:00","2024","01","10","00:00","","4.4","","3.8","","96","","0.0","","19","","30","","16.1","","94.02","","","","","","NA"
"-80.38","43.46","KITCHENER/WATERLOO","6144239","2024-01-10 01:00","2024","01","10","01:00","","3.9","","3.2","","95","","0.0","","21","","30","","16.1","","94.04","","","","","","Rain"
"-80.38","43.46","KITCHENER/WATERLOO","6144239","2024-01-10 02:00","2024","01","10","02:00","","3.7","","1.6","","86","","0.0","","22","","43","","16.1","","94.10","","","","","","NA"
"-80.38","43.46","KITCHENER/WATERLOO","6144239","2024-01-10 03:00","2024","01","10","03:00","","3.4","","0.8","","83","","0.0","","22","","35","","16.1","","94.17","","","","","","NA"
"-80.38","43.46","KITCHENER/WATERLOO","6144239","2024-01-10 04:00","2024","01","10","04:00","","2.8","","0.0","","82","","0.0","","23","","35","","16.1","","94.18","","","","","","NA"
"-80.38","43.46","KITCHENER/WATERLOO","6144239","2024-01-10 05:00","2024","01","10","05:00","","2.6","","0.2","","84","","0.0","","22","","30","","16.1","","94.18","","","","","","NA"
"-80.38","43.46","KITCHENER/WATERLOO","6144239","2024-01-10 06:00","2024","01","10","06:00","","2.0","","-0.1","","86","","0.0","","23","","37","","16.1","","94.21","","","","","","Rain"
"-80.38","43.46","KITCHENER/WATERLOO","6144239","2024-01-10 07:00","2024","01","10","07:00","","1.1","","0.4","","95","","0.5","","22","","26","","8.1","","94.29","","","","","","Snow"
"-80.38","43.46","KITCHENER/WATERLOO","6144239","2024-01-10 08:00","2024","01","10","08:00","","0.5","","-0.4","","94","","0.2","","25","","30","","6.4","","94.39","","","","","","Rain,Fog"
"-80.38","43.46","KITCHENER/WATERLOO","6144239","2024-01-10 09:00","2024","01","10","09:00","","0.0","","-1.9","","87","","0.0","","27","","34","","16.1","","94.55","","","","-7","","Rain"
"-80.38","43.46","KITCHENER/WATERLOO","6144239","2024-01-10 10:00","2024","01","10","10:00","","-0.3","","-2.7","","84","","0.0","","27","","39","","16.1","","94.75","","","","-8","","NA"
"-80.38","43.46","KITCHENER/WATERLOO","6144239","2024-01-10 11:00","2024","01","10","11:00","","-0.7","","-3.2","","84","","0.0","","28","","39","","16.1","","94.93","","","","-8","","Snow"
"-80.38","43.46","KITCHENER/WATERLOO","6144239","2024-01-10 12:00","2024","01","10","12:00","","-1.5","","-3.7","","85","","0.0","","26","","39","","12.9","","95.12","","","","-9","","NA"
"-80.38","43.46","KITCHENER/WATERLOO","6144239","2024-01-10 13:00","2024","01","10","13:00","","-1.7","","-4.8","","79","","0.0","","28","","41","","16.1","","95.26","","","","-10","","NA"
"-80.38","43.46","KITCHENER/WATERLOO","6144239","2024-01-10 14:00","2024","01","10","14:00","","-1.7","","-4.7","","80","","0.0","","27","","35","","16.1","","95.44","","","","-9","","NA"
"-80.38","43.46","KITCHENER/WATERLOO","6144239","2024-01-10 15:00","2024","01","10","15:00","","-1.8","","-4.0","","85","","0.0","","28","","39","","12.9","","95.60","","","","-10","","Snow"
"-80.38","43.46","KITCHENER/WATERLOO","6144239","2024-01-10 16:00","2024","01","10","16:00","","-1.9","","-4.4","","83","","0.0","","27","","35","","11.3","","95.82","","","","-9","","Snow"
"-80.38","43.46","KITCHENER/WATERLOO","6144239","2024-01-10 17:00","2024","01","10","17:00","","-1.9","","-3.9","","86","","0.0","","26","","26","","12.9","","96.01","","","","-8","","Snow"
"-80.38","43.46","KITCHENER/WATERLOO","6144239","2024-01-10 18:00","2024","01","10","18:00","","-1.6","","-3.8","","85","","0.0","","27","","34","","16.1","","96.16","","","","-9","","Snow"
"-80.38","43.46","KITCHENER/WATERLOO","6144239","2024-01-10 19:00","2024","01","10","19:00","","-1.4","","-4.3","","81","","0.0","","27","","26","","16.1","","96.27","","","","-8","","Snow"
"-80.38","43.46","KITCHENER/WATERLOO","6144239","2024-01-10 20:00","2024","01","10","20:00","","-1.2","","-4.2","","80","","0.0","","27","","30","","16.1","","96.36","","","","-8","","NA"
"-80.38","43.46","KITCHENER/WATERLOO","6144239","2024-01-10 21:00","2024","01","10","21:00","","-1.0","","-3.8","","81","","0.0","","26","","22","","16.1","","96.42","","","","-7","","NA"
"-80.38","43.46","KITCHENER/WATERLOO","6144239","2024-01-10 22:00","2024","01","10","22:00","","-0.6","","-3.6","","80","","0.0","","26","","21","","16.1","","96.49","","","","-6","","NA"
"-80.38","43.46","KITCHENER/WATERLOO","6144239","2024-01-10 23:00","2024","01","10","23:00","","-0.4","","-3.6","","79","","0.0","","25","","28","","16.1","","96.53","","","","-7","","NA"
"-80.38","43.46","KITCHENER/WATERLOO","6144239","2024-01-11 00:00","2024","01","11","00:00","","-0.4","","-3.4","","80","","0.0","","25","","15","","16.1","","96.52","","","","-5","","Snow"
"-80.38","43.46","KITCHENER/WATERLOO","6144239","2024-01-11 01:00","2024","01","11","01:00","","-0.4","","-3.3","","81","","0.0","","25","","17","","16.1","","96.56","","","","-5","","NA"
"-80.38","43.46","KITCHENER/WATERLOO","6144239","2024-01-11 02:00","2024","01","11","02:00","","-0.5","","-2.9","","84","","0.0","","25","","17","","16.1","","96.65","","","","-5","","Snow"
"-80.38","43.46","KITCHENER/WATERLOO","6144239","2024-01-11 03:00","2024","01","11","03:00","","-0.5","","-2.6","","86","","0.0","","25","","15","","16.1","","96.73","","","","-5","","Snow"
"-80.38","43.46","KITCHENER/WATERLOO","6144239","2024-01-11 04:00","2024","01","11","04:00","","-0.4","","-2.5","","86","","0.0","","23","","11","","16.1","","96.71","","","","-4","","Snow"
"-80.38","43.46","KITCHENER/WATERLOO","6144239","2024-01-11 05:00","2024","01","11","05:00","","-0.5","","-2.6","","86","","0.0","","22","","15","","16.1","","96.69","","","","-5","","NA"
"-80.38","43.46","KITCHENER/WATERLOO","6144239","2024-01-11 06:00","2024","01","11","06:00","","-0.5","","-2.9","","84","","0.0","","22","","15","","16.1","","96.68","","","","-5","","NA"
"-80.38","43.46","KITCHENER/WATERLOO","6144239","2024-01-11 07:00","2024","01","11","07:00","","-0.7","","-2.7","","86","","0.0","","19","","8","","6.4","","96.63","","","","-4","","Snow"
"-80.38","43.46","KITCHENER/WATERLOO","6144239","2024-01-11 08:00","2024","01","11","08:00","","-1.3","","-1.7","","98","","0.2","","17","","9","","2.0","","96.65","","","","-5","","Snow"
"-80.38","43.46","KITCHENER/WATERLOO","6144239","2024-01-11 09:00","2024","01","11","09:00","","-1.0","","-1.3","","98","","0.5","","14","","9","","2.8","","96.65","","","","-4","","Snow"
"-80.38","43.46","KITCHENER/WATERLOO","6144239","2024-01-11 10:00","2024","01","11","10:00","","-0.8","","-1.4","","96","","0.0","","17","","11","","3.6","","96.68","","","","-5","","Snow"
"-80.38","43.46","KITCHENER/WATERLOO","6144239","2024-01-11 11:00","2024","01","11","11:00","","-0.4","","-0.8","","97","","0.2","","18","","8","","1.6","","96.70","","","","-3","","Snow"
"-80.38","43.46","KITCHENER/WATERLOO","6144239","2024-01-11 12:00","2024","01","11","12:00","","0.2","","-0.5","","95","","0.2","","21","","9","","8.1","","96.67","","","","","","Rain,Snow"
"-80.38","43.46","KITCHENER/WATERLOO","6144239","2024-01-11 13:00","2024","01","11","13:00","","0.7","","-0.5","","92","","0.0","","24","","9","","6.4","","96.65","","","","","","Fog"
"-80.38","43.46","KITCHENER/WATERLOO","6144239","2024-01-11 14:00","2024","01","11","14:00","","1.1","","-0.4","","90","","0.0","","24","","13","","16.1","","96.69","","","","","","Rain"
"-80.38","43.46","KITCHENER/WATERLOO","6144239","2024-01-11 15:00","2024","01","11","15:00","","1.3","","-0.2","","90","","0.0","","26","","13","","16.1","","96.77","","","","","","Rain"
"-80.38","43.46","KITCHENER/WATERLOO","6144239","2024-01-11 16:00","2024","01","11","16:00","","1.0","","-0.3","","91","","0.0","","25","","9","","16.1","","96.91","","","","","","Rain"
"-80.38","43.46","KITCHENER/WATERLOO","6144239","2024-01-11 17:00","2024","01","11","17:00","","0.8","","-0.5","","91","","0.0","","26","","11","","16.1","","97.05","","","","","","NA"
"-80.38","43.46","KITCHENER/WATERLOO","6144239","2024-01-11 18:00","2024","01","11","18:00","","0.6","","-0.3","","94","","0.0","","26","","13","","8.1","","97.16","","","","","","Fog"
"-80.38","43.46","KITCHENER/WATERLOO","6144239","2024-01-11 19:00","2024","01","11","19:00","","0.5","","-0.1","","96","","0.0","","26","","9","","11.3","","97.27","","","","","","Rain"
"-80.38","43.46","KITCHENER/WATERLOO","6144239","2024-01-11 20:00","2024","01","11","20:00","","0.0","","-1.1","","92","","0.0","","28","","13","","16.1","","97.40","","","","-4","","NA"
"-80.38","43.46","KITCHENER/WATERLOO","6144239","2024-01-11 21:00","2024","01","11","21:00","","0.1","","-1.2","","91","","0.0","","27","","15","","16.1","","97.55","","","","","","NA"
"-80.38","43.46","KITCHENER/WATERLOO","6144239","2024-01-11 22:00","2024","01","11","22:00","","0.1","","-1.3","","91","","0.0","","26","","13","","16.1","","97.60","","","","","","NA"
"-80.38","43.46","KITCHENER/WATERLOO","6144239","2024-01-11 23:00","2024","01","11","23:00","","0.2","","-1.3","","90","","0.0","","26","","17","","8.1","","97.72","","","","","","Rain,Fog"
"-80.38","43.46","KITCHENER/WATERLOO","6144239","2024-01-12 00:00","2024","01","12","00:00","","0.0","","-1.8","","88","","0.0","","28","","11","","16.1","","97.74","","","","-4","","NA"
"-80.38","43.46","KITCHENER/WATERLOO","6144239","2024-01-12 01:00","2024","01","12","01:00","","0.0","","-1.8","","88","","0.0","","25","","11","","16.1","","97.85","","","","-4","","NA"
"-80.38","43.46","KITCHENER/WATERLOO","6144239","2024-01-12 02:00","2024","01","12","02:00","","-0.6","","-2.1","","89","","0.0","","21","","9","","16.1","","97.90","","","","-4","","NA"
"-80.38","43.46","KITCHENER/WATERLOO","6144239","2024-01-12 03:00","2024","01","12","03:00","","-2.7","","-3.0","","98","","0.0","","16","","4","","12.9","","97.94","","","","-4","","NA"
"-80.38","43.46","KITCHENER/WATERLOO","6144239","2024-01-12 04:00","2024","01","12","04:00","","-3.2","","-3.3","","99","","0.0","","6","","5","","9.7","","97.88","","","","-5","","Fog"
"-80.38","43.46","KITCHENER/WATERLOO","6144239","2024-01-12 05:00","2024","01","12","05:00","","-3.2","","-3.2","","100","","0.0","","20","","8","","4.8","","97.94","","","","-6","","Fog"
"-80.38","43.46","KITCHENER/WATERLOO","6144239","2024-01-12 06:00","2024","01","12","06:00","","-3.5","","-3.5","","100","","0.0","","7","","8","","4.0","","97.90","","","","-7","","Fog"
"-80.38","43.46","KITCHENER/WATERLOO","6144239","2024-01-12 07:00","2024","01","12","07:00","","-4.3","","-4.4","","99","","0.0","","10","","8","","4.8","","97.87","","","","-8","","Fog"
"-80.38","43.46","KITCHENER/WATERLOO","6144239","2024-01-12 08:00","2024","01","12","08:00","","-3.1","","-3.4","","98","","0.0","","8","","17","","6.4","","97.90","","","","-9","","Fog"
"-80.38","43.46","KITCHENER/WATERLOO","6144239","2024-01-12 09:00","2024","01","12","09:00","","-1.7","","-2.0","","98","","0.0","","8","","22","","12.9","","97.86","","","","-8","","NA"
"-80.38","43.46","KITCHENER/WATERLOO","6144239","2024-01-12 10:00","2024","01","12","10:00","","-1.1","","-1.8","","95","","0.0","","7","","28","","16.1","","97.76","","","","-8","","NA"
"-80.38","43.46","KITCHENER/WATERLOO","6144239","2024-01-12 11:00","2024","01","12","11:00","","-0.7","","-1.7","","93","","0.0","","7","","17","","16.1","","97.71","","","","-6","","NA"
"-80.38","43.46","KITCHENER/WATERLOO","6144239","2024-01-12 12:00","2024","01","12","12:00","","0.6","","-1.2","","88","","0.0","","10","","30","","16.1","","97.47","","","","","","NA"
"-80.38","43.46","KITCHENER/WATERLOO","6144239","2024-01-12 13:00","2024","01","12","13:00","","0.8","","-1.5","","85","","0.0","","9","","30","","16.1","","97.19","","","","","","NA"
"-80.38","43.46","KITCHENER/WATERLOO","6144239","2024-01-12 14:00","2024","01","12","14:00","","0.3","","-1.5","","88","","0.0","","9","","43","","16.1","","96.95","","","","","","NA"
"-80.38","43.46","KITCHENER/WATERLOO","6144239","2024-01-12 15:00","2024","01","12","15:00","","0.1","","-0.9","","93","","0.0","","8","","43","","16.1","","96.74","","","","","","NA"
"-80.38","43.46","KITCHENER/WATERLOO","6144239","2024-01-12 16:00","2024","01","12","16:00","","0.3","","-0.9","","92","","0.0","","9","","35","","16.1","","96.52","","","","","","NA"
"-80.38","43.46","KITCHENER/WATERLOO","6144239","2024-01-12 17:00","2024","01","12","17:00","","0.1","","-0.6","","95","","0.0","","9","","41","","16.1","","96.30","","","","","","NA"
"-80.38","43.46","KITCHENER/WATERLOO","6144239","2024-01-12 18:00","2024","01","12","18:00","","0.3","","-0.1","","97","","0.0","","10","","45","","12.9","","96.07","","","","","","Rain"
"-80.38","43.46","KITCHENER/WATERLOO","6144239","2024-01-12 19:00","2024","01","12","19:00","","0.3","","0.2","","99","","1.0","","10","","37","","1.2","","95.86","","","","","","Snow"
"-80.38","43.46","KITCHENER/WATERLOO","6144239","2024-01-12 20:00","2024","01","12","20:00","","0.2","","-0.1","","98","","2.8","","10","","34","","2.0","","95.70","","","","","","Snow"
"-80.38","43.46","KITCHENER/WATERLOO","6144239","2024-01-12 21:00","2024","01","12","21:00","","0.2","","0.1","","99","","1.0","","9","","35","","1.6","","95.46","","","","","","Snow"
"-80.38","43.46","KITCHENER/WATERLOO","6144239","2024-01-12 22:00","2024","01","12","22:00","","0.4","","0.1","","98","","2.0","","10","","34","","2.8","","95.26","","","","","","Snow"
"-80.38","43.46","KITCHENER/WATERLOO","6144239","2024-01-12 23:00","2024","01","12","23:00","","0.6","","0.5","","99","","2.2","","11","","32","","2.8","","95.08","","","","","","Snow"
"-80.38","43.46","KITCHENER/WATERLOO","6144239","2024-01-13 00:00","2024","01","13","00:00","","1.6","","1.2","","97","","2.2","","13","","24","","16.1","","94.93","","","","","","Rain"
"-80.38","43.46","KITCHENER/WATERLOO","6144239","2024-01-13 01:00","2024","01","13","01:00","","3.7","","2.7","","93","","0.5","","15","","32","","16.1","","94.81","","","","","","Rain"
"-80.38","43.46","KITCHENER/WATERLOO","6144239","2024-01-13 02:00","2024","01","13","02:00","","3.3","","2.9","","97","","0.8","","17","","22","","12.9","","94.77","","","","","","Rain"
"-80.38","43.46","KITCHENER/WATERLOO","6144239","2024-01-13 03:00","2024","01","13","03:00","","2.8","","2.8","","100","","1.0","","17","","8","","12.9","","94.74","","","","","","Rain"
"-80.38","43.46","KITCHENER/WATERLOO","6144239","2024-01-13 04:00","2024","01","13","04:00","","3.2","","2.8","","97","","1.8","","19","","15","","6.4","","94.65","","","","","","Rain,Fog"
"-80.38","43.46","KITCHENER/WATERLOO","6144239","2024-01-13 05:00","2024","01","13","05:00","","2.4","","2.0","","97","","0.5","","23","","11","","6.4","","94.62","","","","","","Rain,Fog"
"-80.38","43.46","KITCHENER/WATERLOO","6144239","2024-01-13 06:00","2024","01","13","06:00","","1.3","","0.7","","96","","1.0","","20","","17","","11.3","","94.67","","","","","","Rain"
"-80.38","43.46","KITCHENER/WATERLOO","6144239","2024-01-13 07:00","2024","01","13","07:00","","0.8","","0.4","","97","","0.5","","22","","30","","4.8","","94.68","","","","","","Rain,Fog"
"-80.38","43.46","KITCHENER/WATERLOO","6144239","2024-01-13 08:00","2024","01","13","08:00","","-0.7","","-2.1","","90","","0.0","","22","","41","","9.7","","94.78","","","","-8","","Snow"
"-80.38","43.46","KITCHENER/WATERLOO","6144239","2024-01-13 09:00","2024","01","13","09:00","","-2.5","","-4.1","","89","","0.0","","22","","43","","1.0","","94.89","","","","-11","","Snow"
"-80.38","43.46","KITCHENER/WATERLOO","6144239","2024-01-13 10:00","2024","01","13","10:00","","-3.2","","-5.1","","87","","0.0","","22","","35","","1.6","","94.98","","","","-11","","Snow"
"-80.38","43.46","KITCHENER/WATERLOO","6144239","2024-01-13 11:00","2024","01","13","11:00","","-3.3","","-5.5","","85","","0.0","","22","","41","","3.2","","95.01","","","","-12","","Snow"
"-80.38","43.46","KITCHENER/WATERLOO","6144239","2024-01-13 12:00","2024","01","13","12:00","","-3.7","","-5.4","","88","","0.0","","22","","43","","1.6","","95.00","","","","-13","","Snow"
"-80.38","43.46","KITCHENER/WATERLOO","6144239","2024-01-13 13:00","2024","01","13","13:00","","-3.5","","-5.5","","86","","0.0","","22","","37","","2.4","","94.99","","","","-12","","Snow"
"-80.38","43.46","KITCHENER/WATERLOO","6144239","2024-01-13 14:00","2024","01","13","14:00","","-2.9","","-4.6","","88","","0.0","","22","","35","","2.0","","95.02","","","","-11","","Snow"
"-80.38","43.46","KITCHENER/WATERLOO","6144239","2024-01-13 15:00","2024","01","13","15:00","","-3.0","","-5.2","","85","","0.0","","26","","35","","2.4","","95.24","","","","-11","","Snow"
"-80.38","43.46","KITCHENER/WATERLOO","6144239","2024-01-13 16:00","2024","01","13","16:00","","-4.4","","-7.3","","80","","0.0","","25","","45","","1.2","","95.45","","","","-14","","Snow"
"-80.38","43.46","KITCHENER/WATERLOO","6144239","2024-01-13 17:00","2024","01","13","17:00","","-4.9","","-6.9","","86","","0.0","","24","","32","","3.6","","95.57","","","","-13","","Snow"
"-80.38","43.46","KITCHENER/WATERLOO","6144239","2024-01-13 18:00","2024","01","13","18:00","","-5.2","","-7.8","","82","","0.0","","25","","43","","1.6","","95.70","","","","-15","","Snow"
"-80.38","43.46","KITCHENER/WATERLOO","6144239","2024-01-13 19:00","2024","01","13","19:00","","-5.5","","-7.8","","84","","0.0","","26","","30","","4.8","","95.84","","","","-14","","Snow"
"-80.38","43.46","KITCHENER/WATERLOO","6144239","2024-01-13 20:00","2024","01","13","20:00","","-5.3","","-7.1","","88","","0.0","","25","","28","","2.8","","95.94","","","","-13","","Snow"
"-80.38","43.46","KITCHENER/WATERLOO","6144239","2024-01-13 21:00","2024","01","13","21:00","","-4.6","","-7.9","","78","","0.0","","25","","35","","4.8","","96.02","","","","-13","","Snow"
"-80.38","43.46","KITCHENER/WATERLOO","6144239","2024-01-13 22:00","2024","01","13","22:00","","-4.8","","-7.7","","80","","0.0","","25","","41","","2.4","","96.11","","","","-14","","Snow"
"-80.38","43.46","KITCHENER/WATERLOO","6144239","2024-01-13 23:00","2024","01","13","23:00","","-5.0","","-8.5","","77","","0.0","","25","","30","","6.4","","96.20","","","","-13","","Snow"
"-80.38","43.46","KITCHENER/WATERLOO","6144239","2024-01-14 00:00","2024","01","14","00:00","","-5.2","","-9.5","","72","","0.0","","25","","34","","3.2","","96.24","","","","-14","","Snow"
"-80.38","43.46","KITCHENER/WATERLOO","6144239","2024-01-14 01:00","2024","01","14","01:00","","-5.7","","-8.3","","82","","0.0","","25","","26","","6.4","","96.32","","","","-13","","Snow"
"-80.38","43.46","KITCHENER/WATERLOO","6144239","2024-01-14 02:00","2024","01","14","02:00","","-5.5","","-7.6","","85","","0.0","","24","","26","","4.8","","96.33","","","","-13","","Snow"
"-80.38","43.46","KITCHENER/WATERLOO","6144239","2024-01-14 03:00","2024","01","14","03:00","","-6.2","","-8.1","","86","","0.0","","23","","37","","2.4","","96.38","","","","-15","","Snow"
"-80.38","43.46","KITCHENER/WATERLOO","6144239","2024-01-14 04:00","2024","01","14","04:00","","-7.4","","-9.4","","86","","0.0","","23","","30","","3.2","","96.34","","","","-16","","Snow"
"-80.38","43.46","KITCHENER/WATERLOO","6144239","2024-01-14 05:00","2024","01","14","05:00","","-7.9","","-10.2","","84","","0.0","","23","","28","","6.4","","96.29","","","","-17","","Snow"
"-80.38","43.46","KITCHENER/WATERLOO","6144239","2024-01-14 06:00","2024","01","14","06:00","","-8.3","","-10.2","","86","","0.0","","23","","28","","2.0","","96.30","","","","-17","","Snow"
"-80.38","43.46","KITCHENER/WATERLOO","6144239","2024-01-14 07:00","2024","01","14","07:00","","-9.0","","-11.4","","83","","0.0","","25","","30","","1.6","","96.32","","","","-18","","Snow"
"-80.38","43.46","KITCHENER/WATERLOO","6144239","2024-01-14 08:00","2024","01","14","08:00","","-9.7","","-12.2","","82","","0.0","","23","","30","","1.6","","96.41","","","","-19","","Snow"
"-80.38","43.46","KITCHENER/WATERLOO","6144239","2024-01-14 09:00","2024","01","14","09:00","","-10.8","","-13.6","","80","","0.0","","23","","32","","2.8","","96.51","","","","-21","","Snow"
"-80.38","43.46","KITCHENER/WATERLOO","6144239","2024-01-14 10:00","2024","01","14","10:00","","-11.4","","-14.8","","76","","0.0","","24","","32","","2.8","","96.66","","","","-22","","Snow"
"-80.38","43.46","KITCHENER/WATERLOO","6144239","2024-01-14 11:00","2024","01","14","11:00","","-11.1","","-14.4","","77","","0.0","","23","","43","","1.6","","96.80","","","","-23","","Snow,Blowing Snow"
"-80.38","43.46","KITCHENER/WATERLOO","6144239","2024-01-14 12:00","2024","01","14","12:00","","-10.8","","-14.3","","76","","0.0","","24","","41","","2.0","","96.89","","","","-22","","Snow,Blowing Snow"
"-80.38","43.46","KITCHENER/WATERLOO","6144239","2024-01-14 13:00","2024","01","14","13:00","","-10.2","","-13.8","","75","","0.0","","24","","34","","3.2","","96.96","","","","-20","","Snow"
"-80.38","43.46","KITCHENER/WATERLOO","6144239","2024-01-14 14:00","2024","01","14","14:00","","-9.5","","-13.4","","73","","0.0","","24","","34","","8.1","","97.08","","","","-19","","Snow"
"-80.38","43.46","KITCHENER/WATERLOO","6144239","2024-01-14 15:00","2024","01","14","15:00","","-9.8","","-13.6","","74","","0.0","","24","","32","","12.9","","97.26","","","","-20","","Snow"
"-80.38","43.46","KITCHENER/WATERLOO","6144239","2024-01-14 16:00","2024","01","14","16:00","","-10.1","","-14.0","","73","","0.0","","23","","39","","14.5","","97.42","","","","-21","","Snow"
"-80.38","43.46","KITCHENER/WATERLOO","6144239","2024-01-14 17:00","2024","01","14","17:00","","-10.7","","-15.0","","71","","0.0","","24","","35","","16.1","","97.56","","","","-21","","NA"
"-80.38","43.46","KITCHENER/WATERLOO","6144239","2024-01-14 18:00","2024","01","14","18:00","","-11.4","","-15.4","","73","","0.0","","24","","35","","14.5","","97.69","","","","-22","","Snow"
"-80.38","43.46","KITCHENER/WATERLOO","6144239","2024-01-14 19:00","2024","01","14","19:00","","-12.3","","-15.6","","77","","0.0","","23","","34","","4.8","","97.76","","","","-23","","Snow"
"-80.38","43.46","KITCHENER/WATERLOO","6144239","2024-01-14 20:00","2024","01","14","20:00","","-13.2","","-16.4","","77","","0.0","","23","","28","","8.1","","97.82","","","","-23","","Snow"
"-80.38","43.46","KITCHENER/WATERLOO","6144239","2024-01-14 21:00","2024","01","14","21:00","","-13.5","","-16.7","","77","","0.0","","22","","35","","4.8","","97.84","","","","-25","","Snow"
"-80.38","43.46","KITCHENER/WATERLOO","6144239","2024-01-14 22:00","2024","01","14","22:00","","-13.9","","-17.1","","77","","0.0","","23","","32","","16.1","","97.81","","","","-25","","Snow"
"-80.38","43.46","KITCHENER/WATERLOO","6144239","2024-01-14 23:00","2024","01","14","23:00","","-13.9","","-17.1","","77","","0.0","","23","","28","","16.1","","97.82","","","","-24","","Snow"
"-80.38","43.46","KITCHENER/WATERLOO","6144239","2024-01-15 00:00","2024","01","15","00:00","","-14.5","","-17.4","","79","","0.0","","23","","28","","16.1","","97.85","","","","-25","","Snow"
"-80.38","43.46","KITCHENER/WATERLOO","6144239","2024-01-15 01:00","2024","01","15","01:00","","-14.7","","-17.6","","79","","0.0","","23","","26","","16.1","","97.86","","","","-25","","Snow"
"-80.38","43.46","KITCHENER/WATERLOO","6144239","2024-01-15 02:00","2024","01","15","02:00","","-14.7","","-17.6","","79","","0.0","","23","","18","","16.1","","97.89","","","","-23","","Snow"
"-80.38","43.46","KITCHENER/WATERLOO","6144239","2024-01-15 03:00","2024","01","15","03:00","","-14.5","","-17.5","","78","","0.0","","22","","22","","16.1","","97.95","","","","-24","","Snow"
"-80.38","43.46","KITCHENER/WATERLOO","6144239","2024-01-15 04:00","2024","01","15","04:00","","-14.6","","-17.5","","79","","0.0","","22","","21","","12.9","","97.96","","","","-24","","Snow"
"-80.38","43.46","KITCHENER/WATERLOO","6144239","2024-01-15 05:00","2024","01","15","05:00","","-15.2","","-17.8","","81","","0.0","","23","","22","","16.1","","97.98","","","","-25","","Snow"
"-80.38","43.46","KITCHENER/WATERLOO","6144239","2024-01-15 06:00","2024","01","15","06:00","","-15.2","","-17.6","","82","","0.0","","21","","18","","16.1","","97.99","","","","-24","","Snow"
"-80.38","43.46","KITCHENER/WATERLOO","6144239","2024-01-15 07:00","2024","01","15","07:00","","-15.5","","-18.0","","81","","0.0","","22","","21","","16.1","","98.02","","","","-25","","Snow"
"-80.38","43.46","KITCHENER/WATERLOO","6144239","2024-01-15 08:00","2024","01","15","08:00","","-15.4","","-17.7","","83","","0.0","","22","","18","","9.7","","98.03","","","","-24","","Snow"
"-80.38","43.46","KITCHENER/WATERLOO","6144239","2024-01-15 09:00","2024","01","15","09:00","","-16.2","","-18.4","","83","","0.0","","22","","18","","4.8","","98.08","","","","-25","","Snow"
"-80.38","43.46","KITCHENER/WATERLOO","6144239","2024-01-15 10:00","2024","01","15","10:00","","-15.0","","-18.2","","77","","0.0","","23","","18","","16.1","","98.14","","","","-24","","Snow"
"-80.38","43.46","KITCHENER/WATERLOO","6144239","2024-01-15 11:00","2024","01","15","11:00","","-13.9","","-17.6","","74","","0.0","","23","","22","","16.1","","98.15","","","","-23","","Snow"
"-80.38","43.46","KITCHENER/WATERLOO","6144239","2024-01-15 12:00","2024","01","15","12:00","","-12.7","","-16.9","","71","","0.0","","22","","28","","16.1","","98.07","","","","-23","","Snow"
"-80.38","43.46","KITCHENER/WATERLOO","6144239","2024-01-15 13:00","2024","01","15","13:00","","-12.2","","-17.2","","67","","0.0","","23","","30","","16.1","","98.04","","","","-22","","NA"
"-80.38","43.46","KITCHENER/WATERLOO","6144239","2024-01-15 14:00","2024","01","15","14:00","","-11.9","","-16.3","","70","","0.0","","21","","18","","16.1","","98.00","","","","-20","","NA"
"-80.38","43.46","KITCHENER/WATERLOO","6144239","2024-01-15 15:00","2024","01","15","15:00","","-11.6","","-16.6","","67","","0.0","","23","","24","","16.1","","97.99","","","","-21","","NA"
"-80.38","43.46","KITCHENER/WATERLOO","6144239","2024-01-15 16:00","2024","01","15","16:00","","-11.8","","-16.9","","66","","0.0","","23","","21","","16.1","","98.03","","","","-20","","NA"
"-80.38","43.46","KITCHENER/WATERLOO","6144239","2024-01-15 17:00","2024","01","15","17:00","","-12.4","","-17.0","","69","","0.0","","24","","17","","16.1","","98.03","","","","-20","","NA"
"-80.38","43.46","KITCHENER/WATERLOO","6144239","2024-01-15 18:00","2024","01","15","18:00","","-12.8","","-16.7","","73","","0.0","","25","","15","","16.1","","98.00","","","","-20","","NA"
"-80.38","43.46","KITCHENER/WATERLOO","6144239","2024-01-15 19:00","2024","01","15","19:00","","-12.9","","-16.8","","73","","0.0","","25","","11","","16.1","","98.02","","","","-19","","NA"
"-80.38","43.46","KITCHENER/WATERLOO","6144239","2024-01-15 20:00","2024","01","15","20:00","","-12.9","","-17.3","","70","","0.0","","23","","18","","16.1","","97.95","","","","-21","","NA"
"-80.38","43.46","KITCHENER/WATERLOO","6144239","2024-01-15 21:00","2024","01","15","21:00","","-13.1","","-17.5","","70","","0.0","","24","","13","","16.1","","97.95","","","","-20","","NA"
"-80.38","43.46","KITCHENER/WATERLOO","6144239","2024-01-15 22:00","2024","01","15","22:00","","-13.0","","-17.0","","73","","0.0","","25","","15","","16.1","","97.89","","","","-20","","NA"
"-80.38","43.46","KITCHENER/WATERLOO","6144239","2024-01-15 23:00","2024","01","15","23:00","","-12.8","","-16.7","","73","","0.0","","23","","18","","16.1","","97.85","","","","-21","","NA"
"-80.38","43.46","KITCHENER/WATERLOO","6144239","2024-01-16 00:00","2024","01","16","00:00","","-12.7","","-16.1","","76","","0.0","","22","","17","","16.1","","97.82","","","","-21","","NA"
"-80.38","43.46","KITCHENER/WATERLOO","6144239","2024-01-16 01:00","2024","01","16","01:00","","-12.4","","-15.7","","77","","0.0","","19","","15","","16.1","","97.77","","","","-20","","NA"
"-80.38","43.46","KITCHENER/WATERLOO","6144239","2024-01-16 02:00","2024","01","16","02:00","","-12.1","","-15.7","","75","","0.0","","21","","11","","16.1","","97.67","","","","-18","","NA"
"-80.38","43.46","KITCHENER/WATERLOO","6144239","2024-01-16 03:00","2024","01","16","03:00","","-12.0","","-15.9","","73","","0.0","","25","","11","","16.1","","97.60","","","","-18","","NA"
"-80.38","43.46","KITCHENER/WATERLOO","6144239","2024-01-16 04:00","2024","01","16","04:00","","-11.9","","-15.9","","73","","0.0","","22","","13","","16.1","","97.56","","","","-19","","Snow"
"-80.38","43.46","KITCHENER/WATERLOO","6144239","2024-01-16 05:00","2024","01","16","05:00","","-12.0","","-14.6","","81","","0.0","","22","","9","","3.6","","97.51","","","","-17","","Snow"
"-80.38","43.46","KITCHENER/WATERLOO","6144239","2024-01-16 06:00","2024","01","16","06:00","","-12.1","","-14.6","","82","","0.0","","23","","11","","6.4","","97.45","","","","-18","","Snow"
"-80.38","43.46","KITCHENER/WATERLOO","6144239","2024-01-16 07:00","2024","01","16","07:00","","-11.9","","-13.8","","86","","0.0","","19","","9","","2.4","","97.45","","","","-17","","Snow"
"-80.38","43.46","KITCHENER/WATERLOO","6144239","2024-01-16 08:00","2024","01","16","08:00","","-11.9","","-13.8","","86","","0.0","","21","","9","","2.4","","97.40","","","","-17","","Snow"
"-80.38","43.46","KITCHENER/WATERLOO","6144239","2024-01-16 09:00","2024","01","16","09:00","","-11.7","","-14.1","","83","","0.0","","22","","15","","3.2","","97.39","","","","-19","","Snow"
"-80.38","43.46","KITCHENER/WATERLOO","6144239","2024-01-16 10:00","2024","01","16","10:00","","-11.3","","-13.8","","82","","0.0","","22","","15","","2.8","","97.40","","","","-18","","Snow"
"-80.38","43.46","KITCHENER/WATERLOO","6144239","2024-01-16 11:00","2024","01","16","11:00","","-10.8","","-13.6","","80","","0.0","","25","","21","","2.0","","97.41","","","","-19","","Snow"
"-80.38","43.46","KITCHENER/WATERLOO","6144239","2024-01-16 12:00","2024","01","16","12:00","","-10.6","","-13.9","","77","","0.0","","23","","24","","4.8","","97.33","","","","-19","","Snow"
"-80.38","43.46","KITCHENER/WATERLOO","6144239","2024-01-16 13:00","2024","01","16","13:00","","-10.0","","-13.8","","74","","0.0","","24","","26","","6.4","","97.27","","","","-19","","Snow"
"-80.38","43.46","KITCHENER/WATERLOO","6144239","2024-01-16 14:00","2024","01","16","14:00","","-10.0","","-14.2","","71","","0.0","","24","","26","","14.5","","97.26","","","","-19","","Snow"
"-80.38","43.46","KITCHENER/WATERLOO","6144239","2024-01-16 15:00","2024","01","16","15:00","","-10.3","","-14.9","","69","","0.0","","26","","30","","16.1","","97.26","","","","-20","","Snow"
"-80.38","43.46","KITCHENER/WATERLOO","6144239","2024-01-16 16:00","2024","01","16","16:00","","-11.0","","-15.6","","69","","0.0","","24","","21","","16.1","","97.32","","","","-19","","Snow"
"-80.38","43.46","KITCHENER/WATERLOO","6144239","2024-01-16 17:00","2024","01","16","17:00","","-11.6","","-15.9","","71","","0.0","","23","","21","","16.1","","97.33","","","","-20","","NA"
"-80.38","43.46","KITCHENER/WATERLOO","6144239","2024-01-16 18:00","2024","01","16","18:00","","-12.4","","-16.6","","71","","0.0","","23","","24","","16.1","","97.31","","","","-22","","Snow"
"-80.38","43.46","KITCHENER/WATERLOO","6144239","2024-01-16 19:00","2024","01","16","19:00","","-12.6","","-16.3","","74","","0.0","","22","","24","","16.1","","97.30","","","","-22","","Snow"
"-80.38","43.46","KITCHENER/WATERLOO","6144239","2024-01-16 20:00","2024","01","16","20:00","","-13.1","","-16.7","","75","","0.0","","23","","30","","16.1","","97.33","","","","-24","","Snow"
"-80.38","43.46","KITCHENER/WATERLOO","6144239","2024-01-16 21:00","2024","01","16","21:00","","-13.4","","-17.1","","74","","0.0","","23","","22","","16.1","","97.35","","","","-23","","Snow"
"-80.38","43.46","KITCHENER/WATERLOO","6144239","2024-01-16 22:00","2024","01","16","22:00","","-14.0","","-17.9","","73","","0.0","","23","","30","","12.9","","97.34","","","","-25","","Snow"
"-80.38","43.46","KITCHENER/WATERLOO","6144239","2024-01-16 23:00","2024","01","16","23:00","","-14.2","","-18.4","","71","","0.0","","24","","24","","16.1","","97.30","","","","-24","","Snow"
"-80.38","43.46","KITCHENER/WATERLOO","6144239","2024-01-17 00:00","2024","01","17","00:00","","-14.8","","-18.5","","74","","0.0","","23","","28","","14.5","","97.26","","","","-25","","Snow"
"-80.38","43.46","KITCHENER/WATERLOO","6144239","2024-01-17 01:00","2024","01","17","01:00","","-15.7","","-19.3","","74","","0.0","","23","","24","","16.1","","97.21","","","","-26","","Snow"
"-80.38","43.46","KITCHENER/WATERLOO","6144239","2024-01-17 02:00","2024","01","17","02:00","","-16.5","","-20.1","","74","","0.0","","23","","24","","16.1","","97.22","","","","-27","","Snow"
"-80.38","43.46","KITCHENER/WATERLOO","6144239","2024-01-17 03:00","2024","01","17","03:00","","-16.7","","-20.0","","76","","0.0","","23","","21","","16.1","","97.21","","","","-27","","Snow"
"-80.38","43.46","KITCHENER/WATERLOO","6144239","2024-01-17 04:00","2024","01","17","04:00","","-16.9","","-20.0","","77","","0.0","","23","","26","","16.1","","97.19","","","","-28","","Snow"
"-80.38","43.46","KITCHENER/WATERLOO","6144239","2024-01-17 05:00","2024","01","17","05:00","","-16.5","","-19.5","","78","","0.0","","22","","24","","11.3","","97.17","","","","-27","","Snow"
"-80.38","43.46","KITCHENER/WATERLOO","6144239","2024-01-17 06:00","2024","01","17","06:00","","-16.3","","-19.5","","77","","0.0","","22","","22","","12.9","","97.17","","","","-26","","Snow"
"-80.38","43.46","KITCHENER/WATERLOO","6144239","2024-01-17 07:00","2024","01","17","07:00","","-15.4","","-18.6","","77","","0.0","","23","","30","","12.9","","97.16","","","","-27","","Snow"
"-80.38","43.46","KITCHENER/WATERLOO","6144239","2024-01-17 08:00","2024","01","17","08:00","","-15.0","","-18.2","","77","","0.0","","22","","28","","9.7","","97.16","","","","-26","","Snow"
"-80.38","43.46","KITCHENER/WATERLOO","6144239","2024-01-17 09:00","2024","01","17","09:00","","-15.0","","-18.3","","77","","0.0","","21","","32","","4.8","","97.19","","","","-26","","Snow"
"-80.38","43.46","KITCHENER/WATERLOO","6144239","2024-01-17 10:00","2024","01","17","10:00","","-15.0","","-18.5","","75","","0.0","","23","","37","","3.6","","97.24","","","","-27","","Snow,Blowing Snow"
"-80.38","43.46","KITCHENER/WATERLOO","6144239","2024-01-17 11:00","2024","01","17","11:00","","-14.1","","-18.1","","72","","0.0","","22","","30","","14.5","","97.27","","","","-25","","NA"
"-80.38","43.46","KITCHENER/WATERLOO","6144239","2024-01-17 12:00","2024","01","17","12:00","","-13.1","","-17.3","","71","","0.0","","23","","28","","9.7","","97.20","","","","-23","","Snow"
"-80.38","43.46","KITCHENER/WATERLOO","6144239","2024-01-17 13:00","2024","01","17","13:00","","-12.5","","-16.6","","72","","0.0","","22","","34","","6.4","","97.14","","","","-23","","Snow"
"-80.38","43.46","KITCHENER/WATERLOO","6144239","2024-01-17 14:00","2024","01","17","14:00","","-12.1","","-16.3","","71","","0.0","","23","","35","","8.1","","97.14","","","","-23","","Snow"
"-80.38","43.46","KITCHENER/WATERLOO","6144239","2024-01-17 15:00","2024","01","17","15:00","","-11.6","","-16.2","","69","","0.0","","22","","24","","16.1","","97.15","","","","-21","","Snow"
"-80.38","43.46","KITCHENER/WATERLOO","6144239","2024-01-17 16:00","2024","01","17","16:00","","-11.5","","-17.4","","62","","0.0","","22","","26","","16.1","","97.19","","","","-21","","NA"
"-80.38","43.46","KITCHENER/WATERLOO","6144239","2024-01-17 17:00","2024","01","17","17:00","","-12.3","","-18.2","","62","","0.0","","23","","24","","16.1","","97.29","","","","-22","","NA"
"-80.38","43.46","KITCHENER/WATERLOO","6144239","2024-01-17 18:00","2024","01","17","18:00","","-12.7","","-17.6","","67","","0.0","","22","","21","","16.1","","97.36","","","","-21","","NA"
"-80.38","43.46","KITCHENER/WATERLOO","6144239","2024-01-17 19:00","2024","01","17","19:00","","-11.6","","-17.1","","64","","0.0","","21","","28","","16.1","","97.39","","","","-21","","NA"
"-80.38","43.46","KITCHENER/WATERLOO","6144239","2024-01-17 20:00","2024","01","17","20:00","","-11.2","","-16.4","","66","","0.0","","22","","24","","16.1","","97.44","","","","-20","","NA"
"-80.38","43.46","KITCHENER/WATERLOO","6144239","2024-01-17 21:00","2024","01","17","21:00","","-11.1","","-16.0","","68","","0.0","","22","","24","","16.1","","97.47","","","","-20","","NA"
"-80.38","43.46","KITCHENER/WATERLOO","6144239","2024-01-17 22:00","2024","01","17","22:00","","-10.9","","-16.1","","66","","0.0","","23","","28","","16.1","","97.46","","","","-20","","NA"
"-80.38","43.46","KITCHENER/WATERLOO","6144239","2024-01-17 23:00","2024","01","17","23:00","","-10.6","","-15.8","","66","","0.0","","23","","28","","16.1","","97.46","","","","-20","","NA"
"-80.38","43.46","KITCHENER/WATERLOO","6144239","2024-01-18 00:00","2024","01","18","00:00","","-10.1","","-14.8","","69","","0.0","","23","","24","","16.1","","97.48","","","","-19","","NA"
"-80.38","43.46","KITCHENER/WATERLOO","6144239","2024-01-18 01:00","2024","01","18","01:00","","-9.6","","-13.9","","71","","0.0","","23","","22","","16.1","","97.45","","","","-18","","NA"
"-80.38","43.46","KITCHENER/WATERLOO","6144239","2024-01-18 02:00","2024","01","18","02:00","","-9.6","","-13.8","","72","","0.0","","24","","22","","16.1","","97.49","","","","-18","","Snow"
"-80.38","43.46","KITCHENER/WATERLOO","6144239","2024-01-18 03:00","2024","01","18","03:00","","-9.3","","-13.1","","74","","0.0","","24","","21","","16.1","","97.54","","","","-17","","Snow"
"-80.38","43.46","KITCHENER/WATERLOO","6144239","2024-01-18 04:00","2024","01","18","04:00","","-9.4","","-12.7","","77","","0.0","","23","","18","","16.1","","97.55","","","","-17","","Snow"
"-80.38","43.46","KITCHENER/WATERLOO","6144239","2024-01-18 05:00","2024","01","18","05:00","","-9.0","","-12.2","","78","","0.0","","24","","17","","16.1","","97.58","","","","-16","","Snow"
"-80.38","43.46","KITCHENER/WATERLOO","6144239","2024-01-18 06:00","2024","01","18","06:00","","-8.6","","-11.8","","78","","0.0","","23","","24","","16.1","","97.61","","","","-17","","Snow"
"-80.38","43.46","KITCHENER/WATERLOO","6144239","2024-01-18 07:00","2024","01","18","07:00","","-8.4","","-11.4","","79","","0.0","","24","","17","","16.1","","97.61","","","","-15","","Rain,Snow"
"-80.38","43.46","KITCHENER/WATERLOO","6144239","2024-01-18 08:00","2024","01","18","08:00","","-8.4","","-10.6","","84","","0.0","","22","","18","","4.8","","97.59","","","","-15","","Snow"
"-80.38","43.46","KITCHENER/WATERLOO","6144239","2024-01-18 09:00","2024","01","18","09:00","","-8.3","","-10.4","","85","","0.0","","22","","18","","4.0","","97.62","","","","-15","","Snow"
"-80.38","43.46","KITCHENER/WATERLOO","6144239","2024-01-18 10:00","2024","01","18","10:00","","-7.8","","-9.9","","85","","0.0","","23","","22","","3.2","","97.66","","","","-15","","Snow"
"-80.38","43.46","KITCHENER/WATERLOO","6144239","2024-01-18 11:00","2024","01","18","11:00","","-7.0","","-9.7","","81","","0.0","","23","","22","","9.7","","97.69","","","","-14","","Snow"
"-80.38","43.46","KITCHENER/WATERLOO","6144239","2024-01-18 12:00","2024","01","18","12:00","","-6.3","","-9.5","","78","","0.0","","24","","22","","14.5","","97.63","","","","-14","","Snow"
"-80.38","43.46","KITCHENER/WATERLOO","6144239","2024-01-18 13:00","2024","01","18","13:00","","-5.7","","-9.1","","77","","0.0","","24","","22","","12.9","","97.56","","","","-13","","Snow"
"-80.38","43.46","KITCHENER/WATERLOO","6144239","2024-01-18 14:00","2024","01","18","14:00","","-5.3","","-9.7","","71","","0.0","","26","","22","","16.1","","97.52","","","","-12","","Snow"
"-80.38","43.46","KITCHENER/WATERLOO","6144239","2024-01-18 15:00","2024","01","18","15:00","","-5.1","","-9.2","","73","","0.0","","26","","22","","16.1","","97.52","","","","-12","","Snow"
"-80.38","43.46","KITCHENER/WATERLOO","6144239","2024-01-18 16:00","2024","01","18","16:00","","-5.3","","-8.8","","77","","0.0","","26","","21","","16.1","","97.57","","","","-12","","Snow"
"-80.38","43.46","KITCHENER/WATERLOO","6144239","2024-01-18 17:00","2024","01","18","17:00","","-5.5","","-8.3","","81","","0.0","","25","","17","","11.3","","97.63","","","","-12","","Snow"
"-80.38","43.46","KITCHENER/WATERLOO","6144239","2024-01-18 18:00","2024","01","18","18:00","","-5.9","","-8.2","","84","","0.0","","29","","15","","12.9","","97.67","","","","-12","","Snow"
"-80.38","43.46","KITCHENER/WATERLOO","6144239","2024-01-18 19:00","2024","01","18","19:00","","-6.8","","-8.6","","87","","0.0","","33","","11","","16.1","","97.69","","","","-12","","Snow"
"-80.38","43.46","KITCHENER/WATERLOO","6144239","2024-01-18 20:00","2024","01","18","20:00","","-7.3","","-9.4","","85","","0.0","","31","","4","","16.1","","97.70","","","","-9","","NA"
"-80.38","43.46","KITCHENER/WATERLOO","6144239","2024-01-18 21:00","2024","01","18","21:00","","-7.4","","-9.2","","87","","0.0","","30","","4","","16.1","","97.68","","","","-9","","NA"
"-80.38","43.46","KITCHENER/WATERLOO","6144239","2024-01-18 22:00","2024","01","18","22:00","","-7.4","","-9.4","","86","","0.0","","32","","5","","16.1","","97.63","","","","-10","","NA"
"-80.38","43.46","KITCHENER/WATERLOO","6144239","2024-01-18 23:00","2024","01","18","23:00","","-7.8","","-9.6","","87","","0.0","","1","","4","","16.1","","97.62","","","","-10","","NA"
"-80.38","43.46","KITCHENER/WATERLOO","6144239","2024-01-19 00:00","2024","01","19","00:00","","-8.5","","-9.7","","91","","0.0","","28","","5","","16.1","","97.59","","","","-11","","NA"
"-80.38","43.46","KITCHENER/WATERLOO","6144239","2024-01-19 01:00","2024","01","19","01:00","","-9.4","","-10.5","","92","","0.0","","","","0","","12.9","","97.57","","","","","","NA"
"-80.38","43.46","KITCHENER/WATERLOO","6144239","2024-01-19 02:00","2024","01","19","02:00","","-9.6","","-10.5","","93","","0.0","","2","","8","","11.3","","97.59","","","","-14","","NA"
"-80.38","43.46","KITCHENER/WATERLOO","6144239","2024-01-19 03:00","2024","01","19","03:00","","-9.0","","-10.5","","89","","0.0","","1","","5","","16.1","","97.56","","","","-12","","NA"
"-80.38","43.46","KITCHENER/WATERLOO","6144239","2024-01-19 04:00","2024","01","19","04:00","","-8.6","","-12.1","","76","","0.0","","4","","9","","16.1","","97.53","","","","-13","","NA"
"-80.38","43.46","KITCHENER/WATERLOO","6144239","2024-01-19 05:00","2024","01","19","05:00","","-8.8","","-12.3","","76","","0.0","","2","","9","","16.1","","97.53","","","","-13","","NA"
"-80.38","43.46","KITCHENER/WATERLOO","6144239","2024-01-19 06:00","2024","01","19","06:00","","-9.3","","-12.6","","77","","0.0","","5","","15","","9.7","","97.52","","","","-16","","Snow"
"-80.38","43.46","KITCHENER/WATERLOO","6144239","2024-01-19 07:00","2024","01","19","07:00","","-10.0","","-13.0","","79","","0.0","","3","","13","","6.4","","97.53","","","","-16","","Snow"
"-80.38","43.46","KITCHENER/WATERLOO","6144239","2024-01-19 08:00","2024","01","19","08:00","","-10.6","","-15.4","","68","","0.0","","1","","15","","16.1","","97.54","","","","-17","","Snow"
"-80.38","43.46","KITCHENER/WATERLOO","6144239","2024-01-19 09:00","2024","01","19","09:00","","-10.6","","-16.4","","63","","0.0","","36","","11","","16.1","","97.60","","","","-16","","NA"
"-80.38","43.46","KITCHENER/WATERLOO","6144239","2024-01-19 10:00","2024","01","19","10:00","","-10.8","","-15.8","","67","","0.0","","36","","13","","16.1","","97.63","","","","-17","","Snow"
"-80.38","43.46","KITCHENER/WATERLOO","6144239","2024-01-19 11:00","2024","01","19","11:00","","-10.6","","-15.1","","70","","0.0","","34","","17","","11.3","","97.64","","","","-18","","Snow"
"-80.38","43.46","KITCHENER/WATERLOO","6144239","2024-01-19 12:00","2024","01","19","12:00","","-10.5","","-15.2","","69","","0.0","","36","","17","","16.1","","97.63","","","","-18","","Snow"
"-80.38","43.46","KITCHENER/WATERLOO","6144239","2024-01-19 13:00","2024","01","19","13:00","","-10.1","","-14.7","","70","","0.0","","34","","17","","16.1","","97.61","","","","-17","","NA"
"-80.38","43.46","KITCHENER/WATERLOO","6144239","2024-01-19 14:00","2024","01","19","14:00","","-10.1","","-15.4","","66","","0.0","","33","","18","","16.1","","97.60","","","","-18","","NA"
"-80.38","43.46","KITCHENER/WATERLOO","6144239","2024-01-19 15:00","2024","01","19","15:00","","-10.6","","-15.3","","69","","0.0","","33","","18","","16.1","","97.65","","","","-18","","NA"
"-80.38","43.46","KITCHENER/WATERLOO","6144239","2024-01-19 16:00","2024","01","19","16:00","","-11.0","","-15.8","","68","","0.0","","33","","17","","16.1","","97.71","","","","-18","","NA"
"-80.38","43.46","KITCHENER/WATERLOO","6144239","2024-01-19 17:00","2024","01","19","17:00","","-11.3","","-15.8","","70","","0.0","","32","","15","","16.1","","97.77","","","","-18","","NA"
"-80.38","43.46","KITCHENER/WATERLOO","6144239","2024-01-19 18:00","2024","01","19","18:00","","-11.7","","-16.3","","69","","0.0","","34","","18","","16.1","","97.84","","","","-20","","NA"
"-80.38","43.46","KITCHENER/WATERLOO","6144239","2024-01-19 19:00","2024","01","19","19:00","","-12.4","","-17.0","","69","","0.0","","33","","21","","16.1","","97.88","","","","-21","","NA"
"-80.38","43.46","KITCHENER/WATERLOO","6144239","2024-01-19 20:00","2024","01","19","20:00","","-13.1","","-17.0","","73","","0.0","","33","","17","","16.1","","97.91","","","","-21","","NA"
"-80.38","43.46","KITCHENER/WATERLOO","6144239","2024-01-19 21:00","2024","01","19","21:00","","-14.0","","-18.0","","72","","0.0","","31","","15","","16.1","","97.92","","","","-22","","NA"
"-80.38","43.46","KITCHENER/WATERLOO","6144239","2024-01-19 22:00","2024","01","19","22:00","","-14.1","","-17.8","","74","","0.0","","31","","15","","16.1","","97.91","","","","-22","","NA"
"-80.38","43.46","KITCHENER/WATERLOO","6144239","2024-01-19 23:00","2024","01","19","23:00","","-14.5","","-17.5","","78","","0.0","","30","","13","","16.1","","97.91","","","","-22","","NA"
"-80.38","43.46","KITCHENER/WATERLOO","6144239","2024-01-20 00:00","2024","01","20","00:00","","-15.1","","-17.8","","80","","0.0","","31","","13","","16.1","","97.95","","","","-22","","NA"
"-80.38","43.46","KITCHENER/WATERLOO","6144239","2024-01-20 01:00","2024","01","20","01:00","","-16.1","","-18.2","","84","","0.0","","30","","11","","16.1","","97.95","","","","-23","","NA"
"-80.38","43.46","KITCHENER/WATERLOO","6144239","2024-01-20 02:00","2024","01","20","02:00","","-16.4","","-18.2","","86","","0.0","","30","","9","","16.1","","97.98","","","","-22","","NA"
"-80.38","43.46","KITCHENER/WATERLOO","6144239","2024-01-20 03:00","2024","01","20","03:00","","-16.6","","-17.9","","90","","0.0","","28","","5","","16.1","","97.98","","","","-20","","NA"
"-80.38","43.46","KITCHENER/WATERLOO","6144239","2024-01-20 04:00","2024","01","20","04:00","","-15.6","","-17.4","","86","","0.0","","29","","11","","16.1","","97.98","","","","-22","","NA"
"-80.38","43.46","KITCHENER/WATERLOO","6144239","2024-01-20 05:00","2024","01","20","05:00","","-15.1","","-17.3","","83","","0.0","","29","","13","","16.1","","97.98","","","","-22","","NA"
"-80.38","43.46","KITCHENER/WATERLOO","6144239","2024-01-20 06:00","2024","01","20","06:00","","-15.2","","-17.8","","81","","0.0","","27","","9","","16.1","","98.01","","","","-21","","NA"
"-80.38","43.46","KITCHENER/WATERLOO","6144239","2024-01-20 07:00","2024","01","20","07:00","","-15.4","","-17.4","","85","","0.0","","27","","9","","16.1","","98.05","","","","-21","","NA"
"-80.38","43.46","KITCHENER/WATERLOO","6144239","2024-01-20 08:00","2024","01","20","08:00","","-13.2","","-16.3","","78","","0.0","","28","","15","","16.1","","98.08","","","","-21","","Snow"
"-80.38","43.46","KITCHENER/WATERLOO","6144239","2024-01-20 09:00","2024","01","20","09:00","","-12.9","","-16.0","","78","","0.0","","30","","13","","16.1","","98.11","","","","-20","","Snow"
"-80.38","43.46","KITCHENER/WATERLOO","6144239","2024-01-20 10:00","2024","01","20","10:00","","-12.1","","-16.0","","73","","0.0","","30","","18","","16.1","","98.15","","","","-20","","Snow"
"-80.38","43.46","KITCHENER/WATERLOO","6144239","2024-01-20 11:00","2024","01","20","11:00","","-11.4","","-15.8","","70","","0.0","","31","","17","","9.7","","98.17","","","","-19","","Snow"
"-80.38","43.46","KITCHENER/WATERLOO","6144239","2024-01-20 12:00","2024","01","20","12:00","","-10.7","","-15.3","","69","","0.0","","30","","26","","16.1","","98.15","","","","-20","","Snow"
"-80.38","43.46","KITCHENER/WATERLOO","6144239","2024-01-20 13:00","2024","01","20","13:00","","-10.3","","-15.1","","68","","0.0","","30","","22","","16.1","","98.16","","","","-19","","Snow"
"-80.38","43.46","KITCHENER/WATERLOO","6144239","2024-01-20 14:00","2024","01","20","14:00","","-10.2","","-14.5","","71","","0.0","","30","","26","","8.1","","98.17","","","","-19","","Snow"
"-80.38","43.46","KITCHENER/WATERLOO","6144239","2024-01-20 15:00","2024","01","20","15:00","","-10.3","","-14.8","","70","","0.0","","32","","24","","11.3","","98.20","","","","-19","","Snow"
"-80.38","43.46","KITCHENER/WATERLOO","6144239","2024-01-20 16:00","2024","01","20","16:00","","-10.1","","-14.4","","71","","0.0","","31","","26","","16.1","","98.29","","","","-19","","Snow"
"-80.38","43.46","KITCHENER/WATERLOO","6144239","2024-01-20 17:00","2024","01","20","17:00","","-9.9","","-13.2","","77","","0.0","","31","","22","","16.1","","98.35","","","","-18","","Snow"
"-80.38","43.46","KITCHENER/WATERLOO","6144239","2024-01-20 18:00","2024","01","20","18:00","","-9.5","","-12.7","","78","","0.0","","31","","22","","16.1","","98.43","","","","-18","","Snow"
"-80.38","43.46","KITCHENER/WATERLOO","6144239","2024-01-20 19:00","2024","01","20","19:00","","-8.9","","-12.1","","78","","0.0","","30","","18","","16.1","","98.47","","","","-16","","Snow"
"-80.38","43.46","KITCHENER/WATERLOO","6144239","2024-01-20 20:00","2024","01","20","20:00","","-8.8","","-11.7","","80","","0.0","","31","","17","","16.1","","98.52","","","","-16","","Snow"
"-80.38","43.46","KITCHENER/WATERLOO","6144239","2024-01-20 21:00","2024","01","20","21:00","","-8.6","","-11.3","","81","","0.0","","32","","17","","16.1","","98.57","","","","-15","","Snow"
"-80.38","43.46","KITCHENER/WATERLOO","6144239","2024-01-20 22:00","2024","01","20","22:00","","-9.6","","-12.7","","79","","0.0","","33","","21","","16.1","","98.63","","","","-18","","Snow"
"-80.38","43.46","KITCHENER/WATERLOO","6144239","2024-01-20 23:00","2024","01","20","23:00","","-10.0","","-13.1","","78","","0.0","","32","","17","","16.1","","98.71","","","","-17","","Snow"
"-80.38","43.46","KITCHENER/WATERLOO","6144239","2024-01-21 00:00","2024","01","21","00:00","","-10.1","","-13.1","","79","","0.0","","30","","11","","16.1","","98.75","","","","-16","","Snow"
"-80.38","43.46","KITCHENER/WATERLOO","6144239","2024-01-21 01:00","2024","01","21","01:00","","-10.1","","-13.2","","78","","0.0","","29","","9","","16.1","","98.79","","","","-15","","Snow"
"-80.38","43.46","KITCHENER/WATERLOO","6144239","2024-01-21 02:00","2024","01","21","02:00","","-10.3","","-13.6","","77","","0.0","","30","","15","","16.1","","98.83","","","","-17","","Snow"
"-80.38","43.46","KITCHENER/WATERLOO","6144239","2024-01-21 03:00","2024","01","21","03:00","","-10.6","","-13.9","","77","","0.0","","29","","11","","16.1","","98.94","","","","-16","","Snow"
"-80.38","43.46","KITCHENER/WATERLOO","6144239","2024-01-21 04:00","2024","01","21","04:00","","-11.5","","-14.6","","78","","0.0","","30","","11","","16.1","","98.94","","","","-17","","NA"
"-80.38","43.46","KITCHENER/WATERLOO","6144239","2024-01-21 05:00","2024","01","21","05:00","","-12.9","","-15.5","","81","","0.0","","28","","9","","16.1","","98.98","","","","-18","","NA"
"-80.38","43.46","KITCHENER/WATERLOO","6144239","2024-01-21 06:00","2024","01","21","06:00","","-12.9","","-15.5","","81","","0.0","","30","","13","","16.1","","99.08","","","","-20","","NA"
"-80.38","43.46","KITCHENER/WATERLOO","6144239","2024-01-21 07:00","2024","01","21","07:00","","-13.3","","-15.9","","81","","0.0","","30","","11","","16.1","","99.14","","","","-20","","NA"
"-80.38","43.46","KITCHENER/WATERLOO","6144239","2024-01-21 08:00","2024","01","21","08:00","","-13.6","","-16.1","","82","","0.0","","32","","9","","16.1","","99.19","","","","-19","","NA"
"-80.38","43.46","KITCHENER/WATERLOO","6144239","2024-01-21 09:00","2024","01","21","09:00","","-11.9","","-14.8","","79","","0.0","","26","","13","","16.1","","99.30","","","","-19","","NA"
"-80.38","43.46","KITCHENER/WATERLOO","6144239","2024-01-21 10:00","2024","01","21","10:00","","-9.0","","-12.8","","74","","0.0","","27","","9","","16.1","","99.36","","","","-14","","NA"
"-80.38","43.46","KITCHENER/WATERLOO","6144239","2024-01-21 11:00","2024","01","21","11:00","","-6.5","","-9.9","","77","","0.0","","27","","11","","16.1","","99.35","","","","-11","","Snow"
"-80.38","43.46","KITCHENER/WATERLOO","6144239","2024-01-21 12:00","2024","01","21","12:00","","-4.8","","-8.0","","78","","0.0","","28","","22","","16.1","","99.30","","","","-12","","NA"
"-80.38","43.46","KITCHENER/WATERLOO","6144239","2024-01-21 13:00","2024","01","21","13:00","","-4.3","","-9.0","","70","","0.0","","27","","28","","16.1","","99.28","","","","-12","","Snow"
"-80.38","43.46","KITCHENER/WATERLOO","6144239","2024-01-21 14:00","2024","01","21","14:00","","-4.5","","-9.3","","69","","0.0","","25","","21","","16.1","","99.26","","","","-11","","NA"
"-80.38","43.46","KITCHENER/WATERLOO","6144239","2024-01-21 15:00","2024","01","21","15:00","","-5.1","","-9.9","","69","","0.0","","25","","22","","16.1","","99.28","","","","-12","","NA"
"-80.38","43.46","KITCHENER/WATERLOO","6144239","2024-01-21 16:00","2024","01","21","16:00","","-5.8","","-10.4","","70","","0.0","","25","","13","","16.1","","99.30","","","","-11","","Snow"
"-80.38","43.46","KITCHENER/WATERLOO","6144239","2024-01-21 17:00","2024","01","21","17:00","","-6.1","","-10.7","","70","","0.0","","24","","18","","16.1","","99.30","","","","-13","","NA"
"-80.38","43.46","KITCHENER/WATERLOO","6144239","2024-01-21 18:00","2024","01","21","18:00","","-7.6","","-11.5","","74","","0.0","","23","","13","","16.1","","99.28","","","","-13","","NA"
"-80.38","43.46","KITCHENER/WATERLOO","6144239","2024-01-21 19:00","2024","01","21","19:00","","-8.3","","-12.2","","74","","0.0","","22","","15","","16.1","","99.29","","","","-15","","NA"
"-80.38","43.46","KITCHENER/WATERLOO","6144239","2024-01-21 20:00","2024","01","21","20:00","","-8.6","","-11.8","","78","","0.0","","23","","13","","16.1","","99.29","","","","-15","","NA"
"-80.38","43.46","KITCHENER/WATERLOO","6144239","2024-01-21 21:00","2024","01","21","21:00","","-8.4","","-11.3","","80","","0.0","","23","","21","","16.1","","99.24","","","","-16","","NA"
"-80.38","43.46","KITCHENER/WATERLOO","6144239","2024-01-21 22:00","2024","01","21","22:00","","-8.6","","-11.5","","80","","0.0","","22","","18","","16.1","","99.22","","","","-16","","NA"
"-80.38","43.46","KITCHENER/WATERLOO","6144239","2024-01-21 23:00","2024","01","21","23:00","","-8.5","","-12.5","","73","","0.0","","23","","17","","16.1","","99.20","","","","-15","","NA"
"-80.38","43.46","KITCHENER/WATERLOO","6144239","2024-01-22 00:00","2024","01","22","00:00","","-8.6","","-13.1","","70","","0.0","","23","","21","","16.1","","99.18","","","","-16","","NA"
"-80.38","43.46","KITCHENER/WATERLOO","6144239","2024-01-22 01:00","2024","01","22","01:00","","-8.6","","-13.5","","68","","0.0","","22","","22","","16.1","","99.17","","","","-16","","NA"
"-80.38","43.46","KITCHENER/WATERLOO","6144239","2024-01-22 02:00","2024","01","22","02:00","","-8.7","","-12.7","","73","","0.0","","24","","15","","16.1","","99.17","","","","-15","","NA"
"-80.38","43.46","KITCHENER/WATERLOO","6144239","2024-01-22 03:00","2024","01","22","03:00","","-8.1","","-11.5","","77","","0.0","","23","","18","","16.1","","99.13","","","","-15","","NA"
"-80.38","43.46","KITCHENER/WATERLOO","6144239","2024-01-22 04:00","2024","01","22","04:00","","-8.5","","-11.2","","81","","0.0","","23","","18","","16.1","","99.10","","","","-16","","NA"
"-80.38","43.46","KITCHENER/WATERLOO","6144239","2024-01-22 05:00","2024","01","22","05:00","","-8.4","","-10.8","","83","","0.0","","20","","11","","16.1","","99.05","","","","-14","","NA"
"-80.38","43.46","KITCHENER/WATERLOO","6144239","2024-01-22 06:00","2024","01","22","06:00","","-8.2","","-10.3","","85","","0.0","","21","","13","","16.1","","99.03","","","","-14","","NA"
"-80.38","43.46","KITCHENER/WATERLOO","6144239","2024-01-22 07:00","2024","01","22","07:00","","-7.9","","-9.9","","86","","0.0","","19","","9","","16.1","","98.93","","","","-12","","NA"
"-80.38","43.46","KITCHENER/WATERLOO","6144239","2024-01-22 08:00","2024","01","22","08:00","","-7.5","","-9.5","","86","","0.0","","19","","11","","16.1","","98.87","","","","-13","","NA"
"-80.38","43.46","KITCHENER/WATERLOO","6144239","2024-01-22 09:00","2024","01","22","09:00","","-6.2","","-8.5","","84","","0.0","","19","","13","","16.1","","98.82","","","","-12","","NA"
"-80.38","43.46","KITCHENER/WATERLOO","6144239","2024-01-22 10:00","2024","01","22","10:00","","-5.2","","-7.8","","82","","0.0","","20","","21","","16.1","","98.80","","","","-12","","NA"
"-80.38","43.46","KITCHENER/WATERLOO","6144239","2024-01-22 11:00","2024","01","22","11:00","","-3.8","","-7.6","","75","","0.0","","21","","26","","16.1","","98.77","","","","-11","","NA"
"-80.38","43.46","KITCHENER/WATERLOO","6144239","2024-01-22 12:00","2024","01","22","12:00","","-3.1","","-7.6","","71","","0.0","","21","","22","","16.1","","98.67","","","","-9","","Snow"
"-80.38","43.46","KITCHENER/WATERLOO","6144239","2024-01-22 13:00","2024","01","22","13:00","","-3.4","","-5.9","","83","","0.0","","20","","26","","3.2","","98.57","","","","-10","","Snow"
"-80.38","43.46","KITCHENER/WATERLOO","6144239","2024-01-22 14:00","2024","01","22","14:00","","-3.3","","-5.1","","88","","0.0","","20","","18","","4.8","","98.47","","","","-9","","Snow"
"-80.38","43.46","KITCHENER/WATERLOO","6144239","2024-01-22 15:00","2024","01","22","15:00","","-2.6","","-4.5","","87","","0.0","","20","","22","","12.9","","98.44","","","","-9","","Snow"
"-80.38","43.46","KITCHENER/WATERLOO","6144239","2024-01-22 16:00","2024","01","22","16:00","","-2.9","","-4.3","","90","","0.0","","22","","22","","2.4","","98.45","","","","-9","","Snow"
"-80.38","43.46","KITCHENER/WATERLOO","6144239","2024-01-22 17:00","2024","01","22","17:00","","-3.3","","-4.9","","89","","0.0","","23","","26","","4.8","","98.53","","","","-10","","Snow"
"-80.38","43.46","KITCHENER/WATERLOO","6144239","2024-01-22 18:00","2024","01","22","18:00","","-3.4","","-4.8","","90","","0.0","","23","","28","","4.8","","98.57","","","","-11","","Snow"
"-80.38","43.46","KITCHENER/WATERLOO","6144239","2024-01-22 19:00","2024","01","22","19:00","","-3.3","","-5.2","","87","","0.0","","24","","26","","14.5","","98.63","","","","-10","","Snow"
"-80.38","43.46","KITCHENER/WATERLOO","6144239","2024-01-22 20:00","2024","01","22","20:00","","-3.1","","-4.8","","88","","0.0","","24","","22","","16.1","","98.68","","","","-9","","Snow"
"-80.38","43.46","KITCHENER/WATERLOO","6144239","2024-01-22 21:00","2024","01","22","21:00","","-2.8","","-4.4","","89","","0.0","","24","","18","","16.1","","98.74","","","","-8","","NA"
"-80.38","43.46","KITCHENER/WATERLOO","6144239","2024-01-22 22:00","2024","01","22","22:00","","-2.6","","-4.0","","90","","0.0","","24","","15","","16.1","","98.77","","","","-8","","NA"
"-80.38","43.46","KITCHENER/WATERLOO","6144239","2024-01-22 23:00","2024","01","22","23:00","","-2.2","","-3.6","","90","","0.0","","24","","13","","14.5","","98.87","","","","-7","","NA"
"-80.38","43.46","KITCHENER/WATERLOO","6144239","2024-01-23 00:00","2024","01","23","00:00","","-1.9","","-2.7","","94","","0.0","","24","","13","","4.0","","98.87","","","","-6","","Fog"
"-80.38","43.46","KITCHENER/WATERLOO","6144239","2024-01-23 01:00","2024","01","23","01:00","","-1.8","","-2.2","","97","","0.0","","22","","13","","3.6","","98.89","","","","-6","","Fog"
"-80.38","43.46","KITCHENER/WATERLOO","6144239","2024-01-23 02:00","2024","01","23","02:00","","-1.6","","-2.0","","97","","0.0","","22","","11","","3.6","","98.93","","","","-5","","Fog"
"-80.38","43.46","KITCHENER/WATERLOO","6144239","2024-01-23 03:00","2024","01","23","03:00","","-1.5","","-1.8","","98","","0.0","","24","","4","","3.2","","98.95","","","","-3","","Fog"
"-80.38","43.46","KITCHENER/WATERLOO","6144239","2024-01-23 04:00","2024","01","23","04:00","","-1.5","","-1.6","","99","","0.0","","19","","5","","2.8","","98.94","","","","-3","","Snow"
"-80.38","43.46","KITCHENER/WATERLOO","6144239","2024-01-23 05:00","2024","01","23","05:00","","-1.5","","-1.6","","99","","0.0","","18","","8","","2.4","","98.92","","","","-5","","Fog"
"-80.38","43.46","KITCHENER/WATERLOO","6144239","2024-01-23 06:00","2024","01","23","06:00","","-1.5","","-1.6","","99","","0.0","","19","","5","","2.4","","98.96","","","","-3","","Fog"
"-80.38","43.46","KITCHENER/WATERLOO","6144239","2024-01-23 07:00","2024","01","23","07:00","","-1.5","","-1.5","","100","","0.0","","18","","8","","2.0","","99.01","","","","-5","","Snow"
"-80.38","43.46","KITCHENER/WATERLOO","6144239","2024-01-23 08:00","2024","01","23","08:00","","-1.4","","-1.4","","100","","0.0","","16","","5","","1.6","","99.03","","","","-3","","Snow"
"-80.38","43.46","KITCHENER/WATERLOO","6144239","2024-01-23 09:00","2024","01","23","09:00","","-1.3","","-1.3","","100","","0.2","","13","","8","","1.2","","99.05","","","","-4","","Snow"
"-80.38","43.46","KITCHENER/WATERLOO","6144239","2024-01-23 10:00","2024","01","23","10:00","","-1.0","","-1.0","","100","","1.2","","12","","8","","1.0","","99.11","","","","-4","","Snow"
"-80.38","43.46","KITCHENER/WATERLOO","6144239","2024-01-23 11:00","2024","01","23","11:00","","-0.8","","-0.9","","99","","1.0","","14","","8","","0.8","","99.14","","","","-4","","Moderate Snow"
"-80.38","43.46","KITCHENER/WATERLOO","6144239","2024-01-23 12:00","2024","01","23","12:00","","-0.6","","-1.0","","97","","0.8","","11","","9","","1.2","","99.07","","","","-4","","Snow"
"-80.38","43.46","KITCHENER/WATERLOO","6144239","2024-01-23 13:00","2024","01","23","13:00","","-0.3","","-0.9","","96","","0.5","","11","","13","","4.0","","98.99","","","","-4","","Snow"
"-80.38","43.46","KITCHENER/WATERLOO","6144239","2024-01-23 14:00","2024","01","23","14:00","","-0.3","","-1.0","","95","","0.0","","10","","15","","6.4","","98.93","","","","-5","","Snow"
"-80.38","43.46","KITCHENER/WATERLOO","6144239","2024-01-23 15:00","2024","01","23","15:00","","-0.5","","-0.9","","97","","0.5","","10","","21","","1.6","","98.89","","","","-6","","Snow"
"-80.38","43.46","KITCHENER/WATERLOO","6144239","2024-01-23 16:00","2024","01","23","16:00","","-0.4","","-1.0","","96","","0.8","","11","","18","","12.9","","98.91","","","","-5","","Snow"
"-80.38","43.46","KITCHENER/WATERLOO","6144239","2024-01-23 17:00","2024","01","23","17:00","","-0.6","","-1.0","","97","","0.8","","10","","13","","4.8","","98.91","","","","-5","","Snow"
"-80.38","43.46","KITCHENER/WATERLOO","6144239","2024-01-23 18:00","2024","01","23","18:00","","-0.4","","-0.7","","98","","0.2","","9","","15","","6.4","","98.89","","","","-5","","Snow"
"-80.38","43.46","KITCHENER/WATERLOO","6144239","2024-01-23 19:00","2024","01","23","19:00","","-0.3","","-0.6","","98","","0.2","","9","","18","","11.3","","98.87","","","","-5","","Snow"
"-80.38","43.46","KITCHENER/WATERLOO","6144239","2024-01-23 20:00","2024","01","23","20:00","","-0.1","","-0.2","","99","","0.2","","11","","13","","3.6","","98.86","","","","-4","","Freezing Rain,Fog"
"-80.38","43.46","KITCHENER/WATERLOO","6144239","2024-01-23 21:00","2024","01","23","21:00","","-0.1","","-0.1","","100","","0.2","","9","","18","","2.4","","98.79","","","","-5","","Snow"
"-80.38","43.46","KITCHENER/WATERLOO","6144239","2024-01-23 22:00","2024","01","23","22:00","","0.1","","0.0","","99","","0.2","","9","","17","","4.8","","98.77","","","","","","Fog"
"-80.38","43.46","KITCHENER/WATERLOO","6144239","2024-01-23 23:00","2024","01","23","23:00","","0.1","","0.1","","100","","0.0","","10","","18","","9.7","","98.69","","","","","","Fog"
"-80.38","43.46","KITCHENER/WATERLOO","6144239","2024-01-24 00:00","2024","01","24","00:00","","0.1","","0.1","","100","","0.2","","9","","11","","1.6","","98.74","","","","","","Rain,Fog"
"-80.38","43.46","KITCHENER/WATERLOO","6144239","2024-01-24 01:00","2024","01","24","01:00","","0.1","","0.1","","100","","0.2","","9","","8","","3.2","","98.71","","","","","","Rain,Fog"
"-80.38","43.46","KITCHENER/WATERLOO","6144239","2024-01-24 02:00","2024","01","24","02:00","","0.1","","0.1","","100","","0.0","","10","","9","","6.4","","98.67","","","","","","Fog"
"-80.38","43.46","KITCHENER/WATERLOO","6144239","2024-01-24 03:00","2024","01","24","03:00","","0.2","","0.2","","100","","0.0","","10","","4","","6.4","","98.73","","","","","","Fog"
"-80.38","43.46","KITCHENER/WATERLOO","6144239","2024-01-24 04:00","2024","01","24","04:00","","0.1","","0.1","","100","","0.0","","8","","4","","2.4","","98.70","","","","","","Fog"
"-80.38","43.46","KITCHENER/WATERLOO","6144239","2024-01-24 05:00","2024","01","24","05:00","","0.1","","0.1","","100","","0.0","","7","","5","","1.2","","98.67","","","","","","Fog"
"-80.38","43.46","KITCHENER/WATERLOO","6144239","2024-01-24 06:00","2024","01","24","06:00","","0.1","","0.1","","100","","0.0","","11","","8","","0.8","","98.67","","","","","","Fog"
"-80.38","43.46","KITCHENER/WATERLOO","6144239","2024-01-24 07:00","2024","01","24","07:00","","0.2","","0.2","","100","","0.0","","10","","5","","0.8","","98.72","","","","","","Fog"
"-80.38","43.46","KITCHENER/WATERLOO","6144239","2024-01-24 08:00","2024","01","24","08:00","","0.3","","0.3","","100","","0.0","","12","","9","","0.4","","98.67","","","","","","Fog"
"-80.38","43.46","KITCHENER/WATERLOO","6144239","2024-01-24 09:00","2024","01","24","09:00","","0.4","","0.4","","100","","0.0","","11","","8","","0.8","","98.64","","","","","","Fog"
"-80.38","43.46","KITCHENER/WATERLOO","6144239","2024-01-24 10:00","2024","01","24","10:00","","0.3","","0.3","","100","","0.0","","8","","9","","0.4","","98.62","","","","","","Fog"
"-80.38","43.46","KITCHENER/WATERLOO","6144239","2024-01-24 11:00","2024","01","24","11:00","","0.7","","0.7","","100","","0.0","","10","","9","","0.4","","98.63","","","","","","Rain,Fog"
"-80.38","43.46","KITCHENER/WATERLOO","6144239","2024-01-24 12:00","2024","01","24","12:00","","0.9","","0.9","","100","","0.0","","11","","9","","0.4","","98.52","","","","","","Fog"
"-80.38","43.46","KITCHENER/WATERLOO","6144239","2024-01-24 13:00","2024","01","24","13:00","","1.2","","1.2","","100","","0.0","","11","","8","","0.4","","98.40","","","","","","Fog"
"-80.38","43.46","KITCHENER/WATERLOO","6144239","2024-01-24 14:00","2024","01","24","14:00","","1.4","","1.4","","100","","0.5","","10","","11","","1.2","","98.33","","","","","","Rain,Fog"
"-80.38","43.46","KITCHENER/WATERLOO","6144239","2024-01-24 15:00","2024","01","24","15:00","","1.3","","1.3","","100","","0.8","","8","","8","","1.2","","98.28","","","","","","Rain,Fog"
"-80.38","43.46","KITCHENER/WATERLOO","6144239","2024-01-24 16:00","2024","01","24","16:00","","1.1","","1.1","","100","","1.0","","8","","11","","2.0","","98.19","","","","","","Rain,Snow"
"-80.38","43.46","KITCHENER/WATERLOO","6144239","2024-01-24 17:00","2024","01","24","17:00","","1.0","","1.0","","100","","0.8","","7","","11","","1.2","","98.15","","","","","","Snow"
"-80.38","43.46","KITCHENER/WATERLOO","6144239","2024-01-24 18:00","2024","01","24","18:00","","0.7","","0.7","","100","","1.0","","8","","5","","4.8","","98.11","","","","","","Snow"
"-80.38","43.46","KITCHENER/WATERLOO","6144239","2024-01-24 19:00","2024","01","24","19:00","","0.9","","0.9","","100","","0.8","","7","","8","","2.4","","98.07","","","","","","Snow"
"-80.38","43.46","KITCHENER/WATERLOO","6144239","2024-01-24 20:00","2024","01","24","20:00","","0.9","","0.9","","100","","0.2","","6","","9","","6.4","","98.00","","","","","","Rain,Fog"
"-80.38","43.46","KITCHENER/WATERLOO","6144239","2024-01-24 21:00","2024","01","24","21:00","","0.7","","0.7","","100","","0.5","","17","","4","","1.6","","98.04","","","","","","Rain,Fog"
"-80.38","43.46","KITCHENER/WATERLOO","6144239","2024-01-24 22:00","2024","01","24","22:00","","0.9","","0.9","","100","","1.5","","36","","5","","1.6","","97.99","","","","","","Rain,Fog"
"-80.38","43.46","KITCHENER/WATERLOO","6144239","2024-01-24 23:00","2024","01","24","23:00","","0.9","","0.9","","100","","0.2","","34","","5","","2.4","","97.97","","","","","","Rain,Fog"
"-80.38","43.46","KITCHENER/WATERLOO","6144239","2024-01-25 00:00","2024","01","25","00:00","","0.7","","0.7","","100","","0.0","","","","0","","3.6","","97.96","","","","","","Fog"
"-80.38","43.46","KITCHENER/WATERLOO","6144239","2024-01-25 01:00","2024","01","25","01:00","","0.8","","0.8","","100","","0.0","","33","","5","","12.9","","97.97","","","","","","NA"
"-80.38","43.46","KITCHENER/WATERLOO","6144239","2024-01-25 02:00","2024","01","25","02:00","","0.7","","0.7","","100","","0.0","","","","0","","12.9","","98.00","","","","","","NA"
"-80.38","43.46","KITCHENER/WATERLOO","6144239","2024-01-25 03:00","2024","01","25","03:00","","0.7","","0.7","","100","","0.0","","","","0","","4.8","","98.03","","","","","","Fog"
"-80.38","43.46","KITCHENER/WATERLOO","6144239","2024-01-25 04:00","2024","01","25","04:00","","0.7","","0.7","","100","","0.0","","30","","4","","2.0","","98.07","","","","","","Fog"
"-80.38","43.46","KITCHENER/WATERLOO","6144239","2024-01-25 05:00","2024","01","25","05:00","","1.0","","1.0","","100","","0.0","","34","","5","","2.8","","98.07","","","","","","Fog"
"-80.38","43.46","KITCHENER/WATERLOO","6144239","2024-01-25 06:00","2024","01","25","06:00","","1.1","","1.1","","100","","0.0","","3","","4","","2.0","","98.08","","","","","","Fog"
"-80.38","43.46","KITCHENER/WATERLOO","6144239","2024-01-25 07:00","2024","01","25","07:00","","1.4","","1.4","","100","","0.0","","35","","8","","0.6","","98.17","","","","","","Fog"
"-80.38","43.46","KITCHENER/WATERLOO","6144239","2024-01-25 08:00","2024","01","25","08:00","","1.4","","1.4","","100","","0.0","","36","","4","","1.2","","98.26","","","","","","Fog"
"-80.38","43.46","KITCHENER/WATERLOO","6144239","2024-01-25 09:00","2024","01","25","09:00","","1.4","","1.4","","100","","0.0","","","M","4","","1.0","","98.26","","","","","","Rain,Fog"
"-80.38","43.46","KITCHENER/WATERLOO","6144239","2024-01-25 10:00","2024","01","25","10:00","","2.5","","2.5","","100","","0.0","","4","","8","","4.8","","98.26","","","","","","Fog"
"-80.38","43.46","KITCHENER/WATERLOO","6144239","2024-01-25 11:00","2024","01","25","11:00","","2.0","","2.0","","100","","0.0","","7","","9","","2.8","","98.32","","","","","","Fog"
"-80.38","43.46","KITCHENER/WATERLOO","6144239","2024-01-25 12:00","2024","01","25","12:00","","2.0","","2.0","","100","","0.0","","7","","11","","0.4","","98.29","","","","","","Fog"
"-80.38","43.46","KITCHENER/WATERLOO","6144239","2024-01-25 13:00","2024","01","25","13:00","","2.2","","2.2","","100","","0.0","","6","","13","","0.4","","98.23","","","","","","Fog"
"-80.38","43.46","KITCHENER/WATERLOO","6144239","2024-01-25 14:00","2024","01","25","14:00","","2.4","","2.4","","100","","0.0","","8","","8","","0.4","","98.23","","","","","","Fog"
"-80.38","43.46","KITCHENER/WATERLOO","6144239","2024-01-25 15:00","2024","01","25","15:00","","1.9","","1.9","","100","","0.0","","7","","13","","4.8","","98.18","","","","","","Fog"
"-80.38","43.46","KITCHENER/WATERLOO","6144239","2024-01-25 16:00","2024","01","25","16:00","","2.2","","2.2","","100","","0.0","","10","","11","","1.2","","98.23","","","","","","Fog"
"-80.38","43.46","KITCHENER/WATERLOO","6144239","2024-01-25 17:00","2024","01","25","17:00","","1.7","","1.7","","100","","0.0","","6","","11","","0.6","","98.24","","","","","","Fog"
"-80.38","43.46","KITCHENER/WATERLOO","6144239","2024-01-25 18:00","2024","01","25","18:00","","1.2","","1.2","","100","","0.0","","7","","9","","0.8","","98.23","","","","","","Fog"
"-80.38","43.46","KITCHENER/WATERLOO","6144239","2024-01-25 19:00","2024","01","25","19:00","","1.4","","1.4","","100","","0.0","","6","","11","","1.0","","98.22","","","","","","Fog"
"-80.38","43.46","KITCHENER/WATERLOO","6144239","2024-01-25 20:00","2024","01","25","20:00","","1.0","","1.0","","100","","0.0","","7","","13","","1.2","","98.19","","","","","","Fog"
"-80.38","43.46","KITCHENER/WATERLOO","6144239","2024-01-25 21:00","2024","01","25","21:00","","0.9","","0.9","","100","","0.0","","8","","13","","1.6","","98.16","","","","","","Fog"
"-80.38","43.46","KITCHENER/WATERLOO","6144239","2024-01-25 22:00","2024","01","25","22:00","","0.9","","0.9","","100","","0.0","","7","","21","","1.2","","98.04","","","","","","Fog"
"-80.38","43.46","KITCHENER/WATERLOO","6144239","2024-01-25 23:00","2024","01","25","23:00","","1.0","","1.0","","100","","0.0","","6","","15","","1.6","","98.02","","","","","","Fog"
"-80.38","43.46","KITCHENER/WATERLOO","6144239","2024-01-26 00:00","2024","01","26","00:00","","1.0","","1.0","","100","","0.0","","6","","21","","1.2","","97.86","","","","","","Fog"
"-80.38","43.46","KITCHENER/WATERLOO","6144239","2024-01-26 01:00","2024","01","26","01:00","","1.2","","1.2","","100","","0.2","","6","","18","","1.6","","97.76","","","","","","Snow"
"-80.38","43.46","KITCHENER/WATERLOO","6144239","2024-01-26 02:00","2024","01","26","02:00","","1.2","","1.2","","100","","2.5","","5","","17","","4.8","","97.63","","","","","","Snow"
"-80.38","43.46","KITCHENER/WATERLOO","6144239","2024-01-26 03:00","2024","01","26","03:00","","1.3","","1.3","","100","","1.8","","4","","18","","12.9","","97.50","","","","","","Snow"
"-80.38","43.46","KITCHENER/WATERLOO","6144239","2024-01-26 04:00","2024","01","26","04:00","","1.7","","1.6","","99","","4.0","","5","","18","","6.4","","97.45","","","","","","Snow"
"-80.38","43.46","KITCHENER/WATERLOO","6144239","2024-01-26 05:00","2024","01","26","05:00","","2.0","","1.9","","99","","6.0","","6","","24","","6.4","","97.28","","","","","","Snow"
"-80.38","43.46","KITCHENER/WATERLOO","6144239","2024-01-26 06:00","2024","01","26","06:00","","2.2","","2.2","","100","","3.5","","4","","11","","9.7","","97.34","","","","","","Fog"
"-80.38","43.46","KITCHENER/WATERLOO","6144239","2024-01-26 07:00","2024","01","26","07:00","","1.9","","1.8","","99","","0.8","","6","","21","","16.1","","97.32","","","","","","Rain"
"-80.38","43.46","KITCHENER/WATERLOO","6144239","2024-01-26 08:00","2024","01","26","08:00","","2.3","","2.2","","99","","0.0","","34","","9","","16.1","","97.55","","","","","","Rain"
"-80.38","43.46","KITCHENER/WATERLOO","6144239","2024-01-26 09:00","2024","01","26","09:00","","2.3","","2.3","","100","","3.8","","34","","17","","9.7","","97.69","","","","","","Fog"
"-80.38","43.46","KITCHENER/WATERLOO","6144239","2024-01-26 10:00","2024","01","26","10:00","","2.1","","1.7","","97","","1.0","","35","","17","","14.5","","97.77","","","","","","Rain"
"-80.38","43.46","KITCHENER/WATERLOO","6144239","2024-01-26 11:00","2024","01","26","11:00","","2.6","","1.6","","93","","0.0","","1","","21","","16.1","","97.79","","","","","","NA"
"-80.38","43.46","KITCHENER/WATERLOO","6144239","2024-01-26 12:00","2024","01","26","12:00","","3.9","","2.4","","90","","0.0","","36","","11","","16.1","","97.78","","","","","","NA"
"-80.38","43.46","KITCHENER/WATERLOO","6144239","2024-01-26 13:00","2024","01","26","13:00","","5.1","","3.0","","86","","0.0","","","M","4","","16.1","","97.83","","","","","","NA"
"-80.38","43.46","KITCHENER/WATERLOO","6144239","2024-01-26 14:00","2024","01","26","14:00","","5.7","","3.3","","84","","0.0","","5","","5","","16.1","","97.84","","","","","","NA"
"-80.38","43.46","KITCHENER/WATERLOO","6144239","2024-01-26 15:00","2024","01","26","15:00","","5.0","","3.3","","89","","0.0","","8","","4","","16.1","","97.99","","","","","","NA"
"-80.38","43.46","KITCHENER/WATERLOO","6144239","2024-01-26 16:00","2024","01","26","16:00","","4.1","","3.4","","95","","0.0","","2","","5","","16.1","","98.01","","","","","","NA"
"-80.38","43.46","KITCHENER/WATERLOO","6144239","2024-01-26 17:00","2024","01","26","17:00","","4.2","","3.5","","95","","0.0","","36","","5","","16.1","","98.06","","","","","","NA"
"-80.38","43.46","KITCHENER/WATERLOO","6144239","2024-01-26 18:00","2024","01","26","18:00","","3.1","","2.1","","93","","0.0","","26","","8","","16.1","","98.15","","","","","","NA"
"-80.38","43.46","KITCHENER/WATERLOO","6144239","2024-01-26 19:00","2024","01","26","19:00","","2.7","","2.0","","95","","0.0","","32","","9","","16.1","","98.22","","","","","","NA"
"-80.38","43.46","KITCHENER/WATERLOO","6144239","2024-01-26 20:00","2024","01","26","20:00","","2.0","","1.6","","97","","0.0","","29","","8","","16.1","","98.32","","","","","","NA"
"-80.38","43.46","KITCHENER/WATERLOO","6144239","2024-01-26 21:00","2024","01","26","21:00","","1.7","","1.4","","98","","0.0","","","M","4","","16.1","","98.30","","","","","","NA"
"-80.38","43.46","KITCHENER/WATERLOO","6144239","2024-01-26 22:00","2024","01","26","22:00","","1.2","","1.2","","100","","0.0","","34","","8","","12.9","","98.29","","","","","","NA"
"-80.38","43.46","KITCHENER/WATERLOO","6144239","2024-01-26 23:00","2024","01","26","23:00","","1.1","","1.1","","100","","0.0","","","M","4","","0.8","","98.27","","","","","","Fog"
"-80.38","43.46","KITCHENER/WATERLOO","6144239","2024-01-27 00:00","2024","01","27","00:00","","1.2","","1.2","","100","","0.0","","","","0","","0.4","","98.33","","","","","","Rain,Fog"
"-80.38","43.46","KITCHENER/WATERLOO","6144239","2024-01-27 01:00","2024","01","27","01:00","","1.2","","1.2","","100","","0.0","","10","","5","","0.4","","98.33","","","","","","Rain,Fog"
"-80.38","43.46","KITCHENER/WATERLOO","6144239","2024-01-27 02:00","2024","01","27","02:00","","0.6","","0.6","","100","","0.0","","10","","8","","0.4","","98.32","","","","","","Rain,Fog"
"-80.38","43.46","KITCHENER/WATERLOO","6144239","2024-01-27 03:00","2024","01","27","03:00","","0.4","","0.4","","100","","0.0","","8","","8","","0.4","","98.30","","","","","","Rain,Fog"
"-80.38","43.46","KITCHENER/WATERLOO","6144239","2024-01-27 04:00","2024","01","27","04:00","","0.3","","0.3","","100","","0.0","","10","","4","","0.4","","98.30","","","","","","Rain,Fog"
"-80.38","43.46","KITCHENER/WATERLOO","6144239","2024-01-27 05:00","2024","01","27","05:00","","0.3","","0.3","","100","","0.0","","","M","4","","0.4","","98.34","","","","","","Rain,Fog"
"-80.38","43.46","KITCHENER/WATERLOO","6144239","2024-01-27 06:00","2024","01","27","06:00","","0.3","","0.3","","100","","0.0","","36","","4","","0.4","","98.36","","","","","","Rain,Fog"
"-80.38","43.46","KITCHENER/WATERLOO","6144239","2024-01-27 07:00","2024","01","27","07:00","","0.2","","0.2","","100","","0.0","","","","0","","0.4","","98.39","","","","","","Fog"
"-80.38","43.46","KITCHENER/WATERLOO","6144239","2024-01-27 08:00","2024","01","27","08:00","","0.3","","0.3","","100","","0.0","","","","0","","0.2","","98.49","","","","","","Fog"
"-80.38","43.46","KITCHENER/WATERLOO","6144239","2024-01-27 09:00","2024","01","27","09:00","","0.6","","0.6","","100","","0.0","","35","","4","","0.2","","98.48","","","","","","Rain,Fog"
"-80.38","43.46","KITCHENER/WATERLOO","6144239","2024-01-27 10:00","2024","01","27","10:00","","1.1","","1.1","","100","","0.0","","1","","8","","0.4","","98.50","","","","","","Fog"
"-80.38","43.46","KITCHENER/WATERLOO","6144239","2024-01-27 11:00","2024","01","27","11:00","","1.4","","1.4","","100","","0.0","","","","0","","9.7","","98.47","","","","","","Fog"
"-80.38","43.46","KITCHENER/WATERLOO","6144239","2024-01-27 12:00","2024","01","27","12:00","","1.3","","1.3","","100","","0.0","","","M","4","","11.3","","98.40","","","","","","NA"
"-80.38","43.46","KITCHENER/WATERLOO","6144239","2024-01-27 13:00","2024","01","27","13:00","","1.5","","1.4","","99","","0.0","","36","","8","","9.7","","98.38","","","","","","Fog"
"-80.38","43.46","KITCHENER/WATERLOO","6144239","2024-01-27 14:00","2024","01","27","14:00","","1.3","","1.0","","98","","0.0","","","M","4","","16.1","","98.37","","","","","","NA"
"-80.38","43.46","KITCHENER/WATERLOO","6144239","2024-01-27 15:00","2024","01","27","15:00","","1.3","","0.9","","97","","0.0","","36","","8","","12.9","","98.32","","","","","","NA"
"-80.38","43.46","KITCHENER/WATERLOO","6144239","2024-01-27 16:00","2024","01","27","16:00","","1.2","","0.6","","96","","0.0","","34","","4","","16.1","","98.32","","","","","","NA"
"-80.38","43.46","KITCHENER/WATERLOO","6144239","2024-01-27 17:00","2024","01","27","17:00","","1.1","","0.4","","95","","0.0","","35","","8","","16.1","","98.26","","","","","","NA"
"-80.38","43.46","KITCHENER/WATERLOO","6144239","2024-01-27 18:00","2024","01","27","18:00","","0.9","","0.3","","96","","0.0","","36","","8","","16.1","","98.26","","","","","","NA"
"-80.38","43.46","KITCHENER/WATERLOO","6144239","2024-01-27 19:00","2024","01","27","19:00","","1.1","","0.4","","95","","0.0","","3","","5","","16.1","","98.24","","","","","","NA"
"-80.38","43.46","KITCHENER/WATERLOO","6144239","2024-01-27 20:00","2024","01","27","20:00","","1.0","","0.6","","97","","0.0","","8","","13","","14.5","","98.23","","","","","","NA"
"-80.38","43.46","KITCHENER/WATERLOO","6144239","2024-01-27 21:00","2024","01","27","21:00","","0.4","","0.3","","99","","0.0","","8","","11","","8.1","","98.18","","","","","","Fog"
"-80.38","43.46","KITCHENER/WATERLOO","6144239","2024-01-27 22:00","2024","01","27","22:00","","0.0","","0.0","","100","","0.0","","5","","15","","2.0","","98.10","","","","-4","","Fog"
"-80.38","43.46","KITCHENER/WATERLOO","6144239","2024-01-27 23:00","2024","01","27","23:00","","-0.3","","-0.3","","100","","0.0","","7","","13","","2.8","","98.05","","","","-4","","Fog"
"-80.38","43.46","KITCHENER/WATERLOO","6144239","2024-01-28 00:00","2024","01","28","00:00","","-0.4","","-0.4","","100","","0.0","","5","","13","","6.4","","98.00","","","","-5","","Fog"
"-80.38","43.46","KITCHENER/WATERLOO","6144239","2024-01-28 01:00","2024","01","28","01:00","","-0.4","","-0.4","","100","","0.0","","4","","15","","12.9","","97.92","","","","-5","","NA"
"-80.38","43.46","KITCHENER/WATERLOO","6144239","2024-01-28 02:00","2024","01","28","02:00","","-0.4","","-0.7","","98","","0.0","","5","","13","","16.1","","97.88","","","","-5","","NA"
"-80.38","43.46","KITCHENER/WATERLOO","6144239","2024-01-28 03:00","2024","01","28","03:00","","-0.5","","-0.6","","99","","0.0","","5","","17","","4.0","","97.74","","","","-5","","Fog"
"-80.38","43.46","KITCHENER/WATERLOO","6144239","2024-01-28 04:00","2024","01","28","04:00","","-0.4","","-0.5","","99","","0.0","","6","","18","","16.1","","97.64","","","","-5","","NA"
"-80.38","43.46","KITCHENER/WATERLOO","6144239","2024-01-28 05:00","2024","01","28","05:00","","-0.4","","-0.5","","99","","0.0","","4","","18","","16.1","","97.47","","","","-5","","NA"
"-80.38","43.46","KITCHENER/WATERLOO","6144239","2024-01-28 06:00","2024","01","28","06:00","","-0.3","","-0.3","","100","","0.0","","5","","15","","4.8","","97.42","","","","-5","","Fog"
"-80.38","43.46","KITCHENER/WATERLOO","6144239","2024-01-28 07:00","2024","01","28","07:00","","-0.1","","-0.1","","100","","0.0","","4","","15","","2.4","","97.52","","","","-5","","Freezing Rain,Fog"
"-80.38","43.46","KITCHENER/WATERLOO","6144239","2024-01-28 08:00","2024","01","28","08:00","","0.0","","0.0","","100","","0.0","","4","","18","","2.8","","97.54","","","","-5","","Fog"
"-80.38","43.46","KITCHENER/WATERLOO","6144239","2024-01-28 09:00","2024","01","28","09:00","","0.1","","0.1","","100","","0.2","","4","","17","","3.6","","97.49","","","","","","Fog"
"-80.38","43.46","KITCHENER/WATERLOO","6144239","2024-01-28 10:00","2024","01","28","10:00","","0.3","","0.2","","99","","0.0","","4","","17","","11.3","","97.43","","","","","","NA"
"-80.38","43.46","KITCHENER/WATERLOO","6144239","2024-01-28 11:00","2024","01","28","11:00","","0.4","","0.3","","99","","0.0","","5","","18","","9.7","","97.41","","","","","","Fog"
"-80.38","43.46","KITCHENER/WATERLOO","6144239","2024-01-28 12:00","2024","01","28","12:00","","0.5","","0.4","","99","","0.0","","4","","17","","8.1","","97.37","","","","","","Fog"
"-80.38","43.46","KITCHENER/WATERLOO","6144239","2024-01-28 13:00","2024","01","28","13:00","","0.7","","0.4","","98","","0.0","","4","","17","","12.9","","97.35","","","","","","NA"
"-80.38","43.46","KITCHENER/WATERLOO","6144239","2024-01-28 14:00","2024","01","28","14:00","","0.8","","-0.1","","94","","0.0","","4","","13","","16.1","","97.36","","","","","","NA"
"-80.38","43.46","KITCHENER/WATERLOO","6144239","2024-01-28 15:00","2024","01","28","15:00","","0.7","","-0.5","","92","","0.0","","2","","17","","16.1","","97.37","","","","","","NA"
"-80.38","43.46","KITCHENER/WATERLOO","6144239","2024-01-28 16:00","2024","01","28","16:00","","0.6","","-0.9","","90","","0.0","","1","","22","","16.1","","97.40","","","","","","NA"
"-80.38","43.46","KITCHENER/WATERLOO","6144239","2024-01-28 17:00","2024","01","28","17:00","","0.5","","-1.3","","88","","0.0","","1","","13","","16.1","","97.44","","","","","","NA"
"-80.38","43.46","KITCHENER/WATERLOO","6144239","2024-01-28 18:00","2024","01","28","18:00","","0.5","","-2.2","","82","","0.0","","1","","17","","16.1","","97.49","","","","","","NA"
"-80.38","43.46","KITCHENER/WATERLOO","6144239","2024-01-28 19:00","2024","01","28","19:00","","0.4","","-2.7","","80","","0.0","","36","","17","","16.1","","97.54","","","","","","NA"
"-80.38","43.46","KITCHENER/WATERLOO","6144239","2024-01-28 20:00","2024","01","28","20:00","","0.4","","-2.7","","80","","0.0","","1","","22","","16.1","","97.55","","","","","","NA"
"-80.38","43.46","KITCHENER/WATERLOO","6144239","2024-01-28 21:00","2024","01","28","21:00","","0.3","","-2.1","","84","","0.0","","34","","15","","16.1","","97.59","","","","","","NA"
"-80.38","43.46","KITCHENER/WATERLOO","6144239","2024-01-28 22:00","2024","01","28","22:00","","0.3","","-2.1","","84","","0.0","","34","","13","","16.1","","97.60","","","","","","NA"
"-80.38","43.46","KITCHENER/WATERLOO","6144239","2024-01-28 23:00","2024","01","28","23:00","","0.3","","-2.1","","84","","0.0","","34","","17","","16.1","","97.61","","","","","","NA"
"-80.38","43.46","KITCHENER/WATERLOO","6144239","2024-01-29 00:00","2024","01","29","00:00","","0.3","","-2.3","","83","","0.0","","34","","18","","16.1","","97.64","","","","","","NA"
"-80.38","43.46","KITCHENER/WATERLOO","6144239","2024-01-29 01:00","2024","01","29","01:00","","0.4","","-2.9","","79","","0.0","","34","","21","","16.1","","97.64","","","","","","NA"
"-80.38","43.46","KITCHENER/WATERLOO","6144239","2024-01-29 02:00","2024","01","29","02:00","","0.1","","-2.8","","81","","0.0","","33","","22","","16.1","","97.68","","","","","","NA"
"-80.38","43.46","KITCHENER/WATERLOO","6144239","2024-01-29 03:00","2024","01","29","03:00","","0.0","","-2.6","","83","","0.0","","32","","18","","16.1","","97.70","","","","-5","","NA"
"-80.38","43.46","KITCHENER/WATERLOO","6144239","2024-01-29 04:00","2024","01","29","04:00","","0.1","","-2.6","","82","","0.0","","32","","17","","16.1","","97.69","","","","","","NA"
"-80.38","43.46","KITCHENER/WATERLOO","6144239","2024-01-29 05:00","2024","01","29","05:00","","0.2","","-2.4","","83","","0.0","","32","","17","","16.1","","97.70","","","","","","NA"
"-80.38","43.46","KITCHENER/WATERLOO","6144239","2024-01-29 06:00","2024","01","29","06:00","","0.2","","-2.7","","81","","0.0","","32","","18","","16.1","","97.73","","","","","","NA"
"-80.38","43.46","KITCHENER/WATERLOO","6144239","2024-01-29 07:00","2024","01","29","07:00","","0.1","","-2.8","","81","","0.0","","32","","17","","16.1","","97.78","","","","","","NA"
"-80.38","43.46","KITCHENER/WATERLOO","6144239","2024-01-29 08:00","2024","01","29","08:00","","-0.2","","-2.7","","83","","0.0","","32","","17","","16.1","","97.84","","","","-5","","NA"
"-80.38","43.46","KITCHENER/WATERLOO","6144239","2024-01-29 09:00","2024","01","29","09:00","","-0.1","","-2.7","","83","","0.0","","32","","13","","16.1","","97.89","","","","-4","","NA"
"-80.38","43.46","KITCHENER/WATERLOO","6144239","2024-01-29 10:00","2024","01","29","10:00","","-0.1","","-2.8","","82","","0.0","","30","","18","","16.1","","97.92","","","","-5","","NA"
"-80.38","43.46","KITCHENER/WATERLOO","6144239","2024-01-29 11:00","2024","01","29","11:00","","0.3","","-2.6","","81","","0.0","","34","","15","","16.1","","97.98","","","","","","NA"
"-80.38","43.46","KITCHENER/WATERLOO","6144239","2024-01-29 12:00","2024","01","29","12:00","","0.5","","-2.7","","79","","0.0","","32","","13","","16.1","","97.97","","","","","","NA"
"-80.38","43.46","KITCHENER/WATERLOO","6144239","2024-01-29 13:00","2024","01","29","13:00","","1.0","","-2.5","","77","","0.0","","34","","15","","16.1","","97.96","","","","","","NA"
"-80.38","43.46","KITCHENER/WATERLOO","6144239","2024-01-29 14:00","2024","01","29","14:00","","0.7","","-2.7","","78","","0.0","","30","","11","","16.1","","97.91","","","","","","NA"
"-80.38","43.46","KITCHENER/WATERLOO","6144239","2024-01-29 15:00","2024","01","29","15:00","","0.8","","-2.3","","80","","0.0","","30","","13","","16.1","","97.91","","","","","","NA"
"-80.38","43.46","KITCHENER/WATERLOO","6144239","2024-01-29 16:00","2024","01","29","16:00","","0.6","","-2.3","","81","","0.0","","31","","9","","16.1","","97.92","","","","","","NA"
"-80.38","43.46","KITCHENER/WATERLOO","6144239","2024-01-29 17:00","2024","01","29","17:00","","0.3","","-2.6","","81","","0.0","","27","","9","","16.1","","97.94","","","","","","NA"
"-80.38","43.46","KITCHENER/WATERLOO","6144239","2024-01-29 18:00","2024","01","29","18:00","","0.3","","-2.4","","82","","0.0","","","M","4","","16.1","","97.97","","","","","","NA"
"-80.38","43.46","KITCHENER/WATERLOO","6144239","2024-01-29 19:00","2024","01","29","19:00","","0.0","","-1.9","","87","","0.0","","14","","4","","16.1","","97.98","","","","-1","","NA"
"-80.38","43.46","KITCHENER/WATERLOO","6144239","2024-01-29 20:00","2024","01","29","20:00","","0.3","","-2.1","","84","","0.0","","21","","11","","16.1","","97.98","","","","","","NA"
"-80.38","43.46","KITCHENER/WATERLOO","6144239","2024-01-29 21:00","2024","01","29","21:00","","0.1","","-2.0","","86","","0.0","","22","","15","","16.1","","98.01","","","","","","NA"
"-80.38","43.46","KITCHENER/WATERLOO","6144239","2024-01-29 22:00","2024","01","29","22:00","","-0.2","","-2.0","","88","","0.0","","20","","15","","16.1","","97.97","","","","-5","","NA"
"-80.38","43.46","KITCHENER/WATERLOO","6144239","2024-01-29 23:00","2024","01","29","23:00","","-0.6","","-2.2","","89","","0.0","","19","","15","","16.1","","97.91","","","","-5","","NA"
"-80.38","43.46","KITCHENER/WATERLOO","6144239","2024-01-30 00:00","2024","01","30","00:00","","-1.4","","-2.4","","93","","0.0","","18","","18","","16.1","","97.88","","","","-7","","NA"
"-80.38","43.46","KITCHENER/WATERLOO","6144239","2024-01-30 01:00","2024","01","30","01:00","","-1.4","","-2.5","","92","","0.0","","20","","24","","16.1","","97.86","","","","-8","","NA"
"-80.38","43.46","KITCHENER/WATERLOO","6144239","2024-01-30 02:00","2024","01","30","02:00","","-1.2","","-2.3","","92","","0.0","","19","","18","","16.1","","97.84","","","","-6","","NA"
"-80.38","43.46","KITCHENER/WATERLOO","6144239","2024-01-30 03:00","2024","01","30","03:00","","-0.9","","-1.7","","95","","0.0","","21","","21","","12.9","","97.84","","","","-7","","NA"
"-80.38","43.46","KITCHENER/WATERLOO","6144239","2024-01-30 04:00","2024","01","30","04:00","","-1.0","","-2.0","","93","","0.0","","19","","21","","16.1","","97.79","","","","-7","","NA"
"-80.38","43.46","KITCHENER/WATERLOO","6144239","2024-01-30 05:00","2024","01","30","05:00","","-0.9","","-2.0","","92","","0.0","","18","","24","","16.1","","97.77","","","","-7","","NA"
"-80.38","43.46","KITCHENER/WATERLOO","6144239","2024-01-30 06:00","2024","01","30","06:00","","-0.8","","-2.1","","91","","0.0","","18","","22","","14.5","","97.77","","","","-7","","NA"
"-80.38","43.46","KITCHENER/WATERLOO","6144239","2024-01-30 07:00","2024","01","30","07:00","","-0.8","","-2.4","","89","","0.0","","17","","22","","16.1","","97.76","","","","-7","","NA"
"-80.38","43.46","KITCHENER/WATERLOO","6144239","2024-01-30 08:00","2024","01","30","08:00","","-0.8","","-2.5","","88","","0.0","","17","","28","","16.1","","97.79","","","","-7","","NA"
"-80.38","43.46","KITCHENER/WATERLOO","6144239","2024-01-30 09:00","2024","01","30","09:00","","-0.6","","-2.5","","87","","0.0","","17","","21","","16.1","","97.79","","","","-6","","NA"
"-80.38","43.46","KITCHENER/WATERLOO","6144239","2024-01-30 10:00","2024","01","30","10:00","","-0.3","","-2.3","","86","","0.0","","17","","21","","16.1","","97.77","","","","-6","","NA"
"-80.38","43.46","KITCHENER/WATERLOO","6144239","2024-01-30 11:00","2024","01","30","11:00","","0.0","","-2.2","","85","","0.0","","15","","24","","16.1","","97.75","","","","-6","","NA"
"-80.38","43.46","KITCHENER/WATERLOO","6144239","2024-01-30 12:00","2024","01","30","12:00","","0.1","","-2.1","","85","","0.0","","17","","24","","16.1","","97.72","","","","","","NA"
"-80.38","43.46","KITCHENER/WATERLOO","6144239","2024-01-30 13:00","2024","01","30","13:00","","0.4","","-1.8","","85","","0.0","","15","","21","","16.1","","97.66","","","","","","NA"
"-80.38","43.46","KITCHENER/WATERLOO","6144239","2024-01-30 14:00","2024","01","30","14:00","","0.4","","-1.1","","90","","0.0","","15","","17","","12.9","","97.61","","","","","","Snow"
"-80.38","43.46","KITCHENER/WATERLOO","6144239","2024-01-30 15:00","2024","01","30","15:00","","0.8","","-1.1","","87","","0.0","","15","","18","","16.1","","97.60","","","","","","NA"
"-80.38","43.46","KITCHENER/WATERLOO","6144239","2024-01-30 16:00","2024","01","30","16:00","","1.0","","-1.3","","85","","0.0","","15","","13","","16.1","","97.62","","","","","","NA"
"-80.38","43.46","KITCHENER/WATERLOO","6144239","2024-01-30 17:00","2024","01","30","17:00","","0.8","","-1.4","","85","","0.0","","14","","17","","16.1","","97.62","","","","","","NA"
"-80.38","43.46","KITCHENER/WATERLOO","6144239","2024-01-30 18:00","2024","01","30","18:00","","0.7","","-1.2","","87","","0.0","","12","","13","","16.1","","97.67","","","","","","NA"
"-80.38","43.46","KITCHENER/WATERLOO","6144239","2024-01-30 19:00","2024","01","30","19:00","","0.6","","-1.3","","87","","0.0","","12","","13","","16.1","","97.67","","","","","","NA"
"-80.38","43.46","KITCHENER/WATERLOO","6144239","2024-01-30 20:00","2024","01","30","20:00","","0.5","","-1.3","","88","","0.0","","11","","5","","16.1","","97.76","","","","","","NA"
"-80.38","43.46","KITCHENER/WATERLOO","6144239","2024-01-30 21:00","2024","01","30","21:00","","0.2","","-1.0","","92","","0.0","","10","","9","","16.1","","97.76","","","","","","NA"
"-80.38","43.46","KITCHENER/WATERLOO","6144239","2024-01-30 22:00","2024","01","30","22:00","","0.2","","-0.7","","94","","0.0","","11","","8","","11.3","","97.73","","","","","","NA"
"-80.38","43.46","KITCHENER/WATERLOO","6144239","2024-01-30 23:00","2024","01","30","23:00","","0.0","","-0.7","","95","","0.0","","13","","5","","11.3","","97.74","","","","-2","","NA"
"-80.38","43.46","KITCHENER/WATERLOO","6144239","2024-01-31 00:00","2024","01","31","00:00","","-0.1","","-0.7","","96","","0.0","","5","","4","","9.7","","97.77","","","","-1","","Fog"
"-80.38","43.46","KITCHENER/WATERLOO","6144239","2024-01-31 01:00","2024","01","31","01:00","","-0.1","","-0.5","","97","","0.0","","4","","4","","8.1","","97.74","","","","-1","","Fog"
"-80.38","43.46","KITCHENER/WATERLOO","6144239","2024-01-31 02:00","2024","01","31","02:00","","-0.2","","-0.5","","98","","0.0","","","","0","","8.1","","97.76","","","","","","Fog"
"-80.38","43.46","KITCHENER/WATERLOO","6144239","2024-01-31 03:00","2024","01","31","03:00","","-0.4","","-0.7","","98","","0.0","","14","","5","","8.1","","97.73","","","","-2","","Fog"
"-80.38","43.46","KITCHENER/WATERLOO","6144239","2024-01-31 04:00","2024","01","31","04:00","","-0.7","","-0.7","","100","","0.0","","","M","4","","4.8","","97.77","","","","-2","","Fog"
"-80.38","43.46","KITCHENER/WATERLOO","6144239","2024-01-31 05:00","2024","01","31","05:00","","-0.2","","-0.3","","99","","0.0","","3","","4","","4.8","","97.83","","","","-1","","Fog"
"-80.38","43.46","KITCHENER/WATERLOO","6144239","2024-01-31 06:00","2024","01","31","06:00","","-0.5","","-0.6","","99","","0.0","","","","0","","4.8","","97.79","","","","","","Fog"
"-80.38","43.46","KITCHENER/WATERLOO","6144239","2024-01-31 07:00","2024","01","31","07:00","","-0.3","","-0.4","","99","","0.0","","20","","9","","4.8","","97.79","","","","-3","","Fog"
"-80.38","43.46","KITCHENER/WATERLOO","6144239","2024-01-31 08:00","2024","01","31","08:00","","0.2","","-0.4","","96","","0.0","","","M","4","","4.8","","97.84","","","","","","Fog"
"-80.38","43.46","KITCHENER/WATERLOO","6144239","2024-01-31 09:00","2024","01","31","09:00","","0.8","","-0.2","","93","","0.0","","27","","11","","6.4","","97.90","","","","","","Fog"
"-80.38","43.46","KITCHENER/WATERLOO","6144239","2024-01-31 10:00","2024","01","31","10:00","","1.3","","-0.1","","91","","0.0","","27","","17","","8.1","","97.90","","","","","","Fog"
"-80.38","43.46","KITCHENER/WATERLOO","6144239","2024-01-31 11:00","2024","01","31","11:00","","1.5","","-0.8","","85","","0.0","","27","","17","","11.3","","97.94","","","","","","NA"
"-80.38","43.46","KITCHENER/WATERLOO","6144239","2024-01-31 12:00","2024","01","31","12:00","","1.4","","-0.4","","88","","0.0","","24","","15","","11.3","","97.92","","","","","","NA"
"-80.38","43.46","KITCHENER/WATERLOO","6144239","2024-01-31 13:00","2024","01","31","13:00","","1.3","","-0.5","","88","","0.0","","24","","13","","9.7","","97.88","","","","","","Fog"
"-80.38","43.46","KITCHENER/WATERLOO","6144239","2024-01-31 14:00","2024","01","31","14:00","","1.0","","-0.8","","88","","0.0","","24","","21","","9.7","","97.79","","","","","","Fog"
"-80.38","43.46","KITCHENER/WATERLOO","6144239","2024-01-31 15:00","2024","01","31","15:00","","0.6","","-0.6","","92","","0.0","","24","","15","","8.1","","97.77","","","","","","Fog"
"-80.38","43.46","KITCHENER/WATERLOO","6144239","2024-01-31 16:00","2024","01","31","16:00","","0.4","","-0.6","","93","","0.0","","24","","13","","6.4","","97.76","","","","","","Fog"
"-80.38","43.46","KITCHENER/WATERLOO","6144239","2024-01-31 17:00","2024","01","31","17:00","","0.1","","-0.6","","95","","0.0","","23","","21","","9.7","","97.77","","","","","","Fog"
"-80.38","43.46","KITCHENER/WATERLOO","6144239","2024-01-31 18:00","2024","01","31","18:00","","0.1","","-0.9","","93","","0.0","","23","","17","","9.7","","97.73","","","","","","Fog"
"-80.38","43.46","KITCHENER/WATERLOO","6144239","2024-01-31 19:00","2024","01","31","19:00","","0.4","","-0.8","","92","","0.0","","22","","15","","12.9","","97.70","","","","","","NA"
"-80.38","43.46","KITCHENER/WATERLOO","6144239","2024-01-31 20:00","2024","01","31","20:00","","0.6","","-0.7","","91","","0.0","","21","","17","","12.9","","97.65","","","","","","NA"
"-80.38","43.46","KITCHENER/WATERLOO","6144239","2024-01-31 21:00","2024","01","31","21:00","","0.8","","-0.5","","91","","0.0","","21","","21","","14.5","","97.57","","","","","","NA"
"-80.38","43.46","KITCHENER/WATERLOO","6144239","2024-01-31 22:00","2024","01","31","22:00","","1.0","","-0.3","","91","","0.0","","22","","18","","14.5","","97.53","","","","","","NA"
"-80.38","43.46","KITCHENER/WATERLOO","6144239","2024-01-31 23:00","2024","01","31","23:00","","1.1","","-0.2","","91","","0.0","","22","","24","","16.1","","97.47","","","","","","NA"
