"Longitude (x)","Latitude (y)","Station Name","Climate ID","Date/Time (LST)","Year","Month","Day","Time (LST)","Flag","Temp (°C)","Temp Flag","Dew Point Temp (°C)","Dew Point Temp Flag","Rel Hum (%)","Rel Hum Flag","Precip. Amount (mm)","Precip. Amount Flag","Wind Dir (10s deg)","Wind Dir Flag","Wind Spd (km/h)","Wind Spd Flag","Visibility (km)","Visibility Flag","Stn Press (kPa)","Stn Press Flag","Hmdx","Hmdx Flag","Wind Chill","Wind Chill Flag","Weather"
"-80.38","43.46","KITCHENER/WATERLOO","6144239","2025-03-01 00:00","2025","03","01","00:00","","3.1","","0.7","","84","","0.2","","25","","28","","16.1","","95.43","","","","","","Rain"
"-80.38","43.46","KITCHENER/WATERLOO","6144239","2025-03-01 01:00","2025","03","01","01:00","","2.2","","-0.1","","85","","0.0","","28","","30","","16.1","","95.47","","","","","","Rain"
"-80.38","43.46","KITCHENER/WATERLOO","6144239","2025-03-01 02:00","2025","03","01","02:00","","-0.1","","-3.8","","76","","0.0","","28","","43","","16.1","","95.58","","","","-8","","Snow"
"-80.38","43.46","KITCHENER/WATERLOO","6144239","2025-03-01 03:00","2025","03","01","03:00","","-3.3","","-6.1","","81","","0.0","","30","","39","","16.1","","95.69","","","","-12","","NA"
"-80.38","43.46","KITCHENER/WATERLOO","6144239","2025-03-01 04:00","2025","03","01","04:00","","-5.4","","-9.0","","76","","0.0","","29","","43","","16.1","","95.83","","","","-15","","NA"
"-80.38","43.46","KITCHENER/WATERLOO","6144239","2025-03-01 05:00","2025","03","01","05:00","","-6.9","","-11.1","","72","","0.0","","29","","45","","16.1","","96.04","","","","-17","","Snow"
"-80.38","43.46","KITCHENER/WATERLOO","6144239","2025-03-01 06:00","2025","03","01","06:00","","-8.1","","-12.3","","72","","0.0","","29","","34","","16.1","","96.21","","","","-18","","Snow"
"-80.38","43.46","KITCHENER/WATERLOO","6144239","2025-03-01 07:00","2025","03","01","07:00","","-8.9","","-13.3","","71","","0.0","","29","","39","","16.1","","96.34","","","","-19","","NA"
"-80.38","43.46","KITCHENER/WATERLOO","6144239","2025-03-01 08:00","2025","03","01","08:00","","-9.7","","-15.0","","66","","0.0","","30","","46","","16.1","","96.49","","","","-21","","NA"
"-80.38","43.46","KITCHENER/WATERLOO","6144239","2025-03-01 09:00","2025","03","01","09:00","","-9.7","","-14.7","","67","","0.0","","31","","37","","16.1","","96.63","","","","-20","","NA"
"-80.38","43.46","KITCHENER/WATERLOO","6144239","2025-03-01 10:00","2025","03","01","10:00","","-10.3","","-15.3","","67","","0.0","","32","","28","","16.1","","96.79","","","","-20","","NA"
"-80.38","43.46","KITCHENER/WATERLOO","6144239","2025-03-01 11:00","2025","03","01","11:00","","-10.0","","-15.2","","66","","0.0","","31","","34","","16.1","","96.89","","","","-20","","NA"
"-80.38","43.46","KITCHENER/WATERLOO","6144239","2025-03-01 12:00","2025","03","01","12:00","","-9.5","","-14.6","","67","","0.0","","32","","28","","14.5","","97.01","","","","-19","","NA"
"-80.38","43.46","KITCHENER/WATERLOO","6144239","2025-03-01 13:00","2025","03","01","13:00","","-9.1","","-14.3","","66","","0.0","","31","","32","","6.4","","97.09","","","","-19","","Snow"
"-80.38","43.46","KITCHENER/WATERLOO","6144239","2025-03-01 14:00","2025","03","01","14:00","","-9.2","","-15.4","","61","","0.0","","31","","34","","11.3","","97.18","","","","-19","","Snow"
"-80.38","43.46","KITCHENER/WATERLOO","6144239","2025-03-01 15:00","2025","03","01","15:00","","-9.4","","-16.6","","56","","0.0","","32","","41","","16.1","","97.28","","","","-20","","NA"
"-80.38","43.46","KITCHENER/WATERLOO","6144239","2025-03-01 16:00","2025","03","01","16:00","","-9.8","","-14.3","","70","","0.0","","32","","32","","8.1","","97.44","","","","-20","","Snow"
"-80.38","43.46","KITCHENER/WATERLOO","6144239","2025-03-01 17:00","2025","03","01","17:00","","-10.3","","-16.1","","63","","0.0","","32","","28","","16.1","","97.56","","","","-20","","NA"
"-80.38","43.46","KITCHENER/WATERLOO","6144239","2025-03-01 18:00","2025","03","01","18:00","","-11.0","","-16.2","","66","","0.0","","31","","26","","16.1","","97.67","","","","-20","","NA"
"-80.38","43.46","KITCHENER/WATERLOO","6144239","2025-03-01 19:00","2025","03","01","19:00","","-10.9","","-14.3","","76","","0.0","","29","","32","","6.4","","97.76","","","","-21","","Snow"
"-80.38","43.46","KITCHENER/WATERLOO","6144239","2025-03-01 20:00","2025","03","01","20:00","","-11.3","","-16.3","","67","","0.0","","29","","28","","16.1","","97.79","","","","-21","","NA"
"-80.38","43.46","KITCHENER/WATERLOO","6144239","2025-03-01 21:00","2025","03","01","21:00","","-11.0","","-15.8","","68","","0.0","","28","","32","","16.1","","97.81","","","","-21","","NA"
"-80.38","43.46","KITCHENER/WATERLOO","6144239","2025-03-01 22:00","2025","03","01","22:00","","-10.6","","-14.4","","74","","0.0","","29","","24","","12.9","","97.85","","","","-19","","Snow"
"-80.38","43.46","KITCHENER/WATERLOO","6144239","2025-03-01 23:00","2025","03","01","23:00","","-10.8","","-13.6","","80","","0.0","","34","","15","","4.8","","97.93","","","","-18","","Snow"
"-80.38","43.46","KITCHENER/WATERLOO","6144239","2025-03-02 00:00","2025","03","02","00:00","","-12.1","","-16.2","","72","","0.0","","34","","18","","16.1","","97.99","","","","-20","","NA"
"-80.38","43.46","KITCHENER/WATERLOO","6144239","2025-03-02 01:00","2025","03","02","01:00","","-13.1","","-17.8","","68","","0.0","","28","","17","","16.1","","98.00","","","","-21","","NA"
"-80.38","43.46","KITCHENER/WATERLOO","6144239","2025-03-02 02:00","2025","03","02","02:00","","-13.4","","-18.3","","67","","0.0","","31","","11","","16.1","","98.05","","","","-20","","NA"
"-80.38","43.46","KITCHENER/WATERLOO","6144239","2025-03-02 03:00","2025","03","02","03:00","","-14.4","","-18.6","","71","","0.0","","30","","9","","16.1","","98.09","","","","-20","","NA"
"-80.38","43.46","KITCHENER/WATERLOO","6144239","2025-03-02 04:00","2025","03","02","04:00","","-15.6","","-18.8","","77","","0.0","","31","","8","","16.1","","98.12","","","","-21","","NA"
"-80.38","43.46","KITCHENER/WATERLOO","6144239","2025-03-02 05:00","2025","03","02","05:00","","-15.5","","-18.7","","77","","0.0","","3","","5","","16.1","","98.16","","","","-19","","NA"
"-80.38","43.46","KITCHENER/WATERLOO","6144239","2025-03-02 06:00","2025","03","02","06:00","","-15.6","","-18.5","","79","","0.0","","","","0","","16.1","","98.23","","","","","","NA"
"-80.38","43.46","KITCHENER/WATERLOO","6144239","2025-03-02 07:00","2025","03","02","07:00","","-14.5","","-18.1","","74","","0.0","","21","","5","","16.1","","98.31","","","","-18","","NA"
"-80.38","43.46","KITCHENER/WATERLOO","6144239","2025-03-02 08:00","2025","03","02","08:00","","-13.4","","-17.1","","74","","0.0","","20","","9","","16.1","","98.34","","","","-19","","Snow"
"-80.38","43.46","KITCHENER/WATERLOO","6144239","2025-03-02 09:00","2025","03","02","09:00","","-12.5","","-16.4","","73","","0.0","","20","","11","","16.1","","98.38","","","","-19","","Snow"
"-80.38","43.46","KITCHENER/WATERLOO","6144239","2025-03-02 10:00","2025","03","02","10:00","","-11.4","","-15.8","","70","","0.0","","22","","11","","16.1","","98.37","","","","-17","","Snow"
"-80.38","43.46","KITCHENER/WATERLOO","6144239","2025-03-02 11:00","2025","03","02","11:00","","-10.7","","-14.8","","72","","0.0","","24","","9","","16.1","","98.38","","","","-16","","Snow"
"-80.38","43.46","KITCHENER/WATERLOO","6144239","2025-03-02 12:00","2025","03","02","12:00","","-9.8","","-13.8","","73","","0.0","","22","","13","","12.9","","98.35","","","","-16","","Snow"
"-80.38","43.46","KITCHENER/WATERLOO","6144239","2025-03-02 13:00","2025","03","02","13:00","","-7.9","","-12.2","","72","","0.0","","25","","22","","16.1","","98.29","","","","-16","","NA"
"-80.38","43.46","KITCHENER/WATERLOO","6144239","2025-03-02 14:00","2025","03","02","14:00","","-6.8","","-11.8","","68","","0.0","","27","","21","","16.1","","98.25","","","","-14","","Snow"
"-80.38","43.46","KITCHENER/WATERLOO","6144239","2025-03-02 15:00","2025","03","02","15:00","","-6.9","","-11.4","","71","","0.0","","25","","22","","16.1","","98.24","","","","-14","","Snow"
"-80.38","43.46","KITCHENER/WATERLOO","6144239","2025-03-02 16:00","2025","03","02","16:00","","-6.9","","-12.1","","67","","0.0","","25","","22","","16.1","","98.19","","","","-14","","Snow"
"-80.38","43.46","KITCHENER/WATERLOO","6144239","2025-03-02 17:00","2025","03","02","17:00","","-6.8","","-12.0","","67","","0.0","","25","","22","","16.1","","98.24","","","","-14","","Snow"
"-80.38","43.46","KITCHENER/WATERLOO","6144239","2025-03-02 18:00","2025","03","02","18:00","","-7.1","","-11.7","","70","","0.0","","25","","18","","16.1","","98.26","","","","-14","","Snow"
"-80.38","43.46","KITCHENER/WATERLOO","6144239","2025-03-02 19:00","2025","03","02","19:00","","-7.2","","-11.3","","73","","0.0","","26","","22","","16.1","","98.30","","","","-15","","Snow"
"-80.38","43.46","KITCHENER/WATERLOO","6144239","2025-03-02 20:00","2025","03","02","20:00","","-7.2","","-11.6","","71","","0.0","","25","","17","","16.1","","98.30","","","","-14","","Snow"
"-80.38","43.46","KITCHENER/WATERLOO","6144239","2025-03-02 21:00","2025","03","02","21:00","","-7.1","","-12.1","","68","","0.0","","24","","13","","16.1","","98.33","","","","-13","","Snow"
"-80.38","43.46","KITCHENER/WATERLOO","6144239","2025-03-02 22:00","2025","03","02","22:00","","-7.1","","-12.0","","68","","0.0","","24","","8","","16.1","","98.34","","","","-11","","NA"
"-80.38","43.46","KITCHENER/WATERLOO","6144239","2025-03-02 23:00","2025","03","02","23:00","","-7.7","","-12.3","","70","","0.0","","23","","11","","16.1","","98.35","","","","-13","","NA"
"-80.38","43.46","KITCHENER/WATERLOO","6144239","2025-03-03 00:00","2025","03","03","00:00","","-8.6","","-13.3","","69","","0.0","","20","","5","","16.1","","98.33","","","","-11","","NA"
"-80.38","43.46","KITCHENER/WATERLOO","6144239","2025-03-03 01:00","2025","03","03","01:00","","-8.8","","-13.0","","72","","0.0","","20","","8","","16.1","","98.35","","","","-13","","NA"
"-80.38","43.46","KITCHENER/WATERLOO","6144239","2025-03-03 02:00","2025","03","03","02:00","","-8.7","","-12.4","","75","","0.0","","19","","8","","16.1","","98.34","","","","-13","","NA"
"-80.38","43.46","KITCHENER/WATERLOO","6144239","2025-03-03 03:00","2025","03","03","03:00","","-8.5","","-11.7","","78","","0.0","","19","","8","","16.1","","98.34","","","","-13","","NA"
"-80.38","43.46","KITCHENER/WATERLOO","6144239","2025-03-03 04:00","2025","03","03","04:00","","-8.4","","-11.3","","80","","0.0","","18","","8","","16.1","","98.31","","","","-13","","NA"
"-80.38","43.46","KITCHENER/WATERLOO","6144239","2025-03-03 05:00","2025","03","03","05:00","","-8.2","","-10.8","","82","","0.0","","18","","9","","16.1","","98.33","","","","-13","","NA"
"-80.38","43.46","KITCHENER/WATERLOO","6144239","2025-03-03 06:00","2025","03","03","06:00","","-8.1","","-10.4","","84","","0.0","","19","","8","","16.1","","98.36","","","","-12","","NA"
"-80.38","43.46","KITCHENER/WATERLOO","6144239","2025-03-03 07:00","2025","03","03","07:00","","-8.0","","-10.3","","84","","0.0","","19","","8","","16.1","","98.38","","","","-12","","NA"
"-80.38","43.46","KITCHENER/WATERLOO","6144239","2025-03-03 08:00","2025","03","03","08:00","","-7.4","","-10.0","","82","","0.0","","18","","8","","16.1","","98.37","","","","-11","","NA"
"-80.38","43.46","KITCHENER/WATERLOO","6144239","2025-03-03 09:00","2025","03","03","09:00","","-6.0","","-9.4","","77","","0.0","","19","","11","","16.1","","98.36","","","","-11","","NA"
"-80.38","43.46","KITCHENER/WATERLOO","6144239","2025-03-03 10:00","2025","03","03","10:00","","-4.4","","-8.4","","74","","0.0","","18","","15","","16.1","","98.29","","","","-10","","NA"
"-80.38","43.46","KITCHENER/WATERLOO","6144239","2025-03-03 11:00","2025","03","03","11:00","","-2.7","","-8.6","","64","","0.0","","19","","15","","16.1","","98.25","","","","-8","","NA"
"-80.38","43.46","KITCHENER/WATERLOO","6144239","2025-03-03 12:00","2025","03","03","12:00","","-1.6","","-7.8","","63","","0.0","","21","","21","","16.1","","98.24","","","","-7","","NA"
"-80.38","43.46","KITCHENER/WATERLOO","6144239","2025-03-03 13:00","2025","03","03","13:00","","-0.7","","-8.6","","56","","0.0","","22","","17","","16.1","","98.16","","","","-6","","NA"
"-80.38","43.46","KITCHENER/WATERLOO","6144239","2025-03-03 14:00","2025","03","03","14:00","","0.0","","-10.5","","46","","0.0","","21","","26","","16.1","","98.14","","","","-6","","NA"
"-80.38","43.46","KITCHENER/WATERLOO","6144239","2025-03-03 15:00","2025","03","03","15:00","","0.4","","-10.2","","45","","0.0","","23","","24","","16.1","","98.10","","","","","","NA"
"-80.38","43.46","KITCHENER/WATERLOO","6144239","2025-03-03 16:00","2025","03","03","16:00","","0.8","","-6.2","","60","","0.0","","23","","22","","16.1","","98.05","","","","","","NA"
"-80.38","43.46","KITCHENER/WATERLOO","6144239","2025-03-03 17:00","2025","03","03","17:00","","0.6","","-5.9","","62","","0.0","","19","","18","","16.1","","98.00","","","","","","NA"
"-80.38","43.46","KITCHENER/WATERLOO","6144239","2025-03-03 18:00","2025","03","03","18:00","","-0.2","","-5.8","","66","","0.0","","20","","17","","16.1","","98.00","","","","-5","","NA"
"-80.38","43.46","KITCHENER/WATERLOO","6144239","2025-03-03 19:00","2025","03","03","19:00","","-0.4","","-6.0","","66","","0.0","","20","","11","","16.1","","97.99","","","","-4","","NA"
"-80.38","43.46","KITCHENER/WATERLOO","6144239","2025-03-03 20:00","2025","03","03","20:00","","-0.2","","-6.7","","62","","0.0","","22","","15","","16.1","","97.94","","","","-5","","NA"
"-80.38","43.46","KITCHENER/WATERLOO","6144239","2025-03-03 21:00","2025","03","03","21:00","","-0.7","","-7.9","","58","","0.0","","21","","11","","16.1","","97.94","","","","-4","","NA"
"-80.38","43.46","KITCHENER/WATERLOO","6144239","2025-03-03 22:00","2025","03","03","22:00","","-1.0","","-7.7","","61","","0.0","","21","","15","","16.1","","97.93","","","","-6","","NA"
"-80.38","43.46","KITCHENER/WATERLOO","6144239","2025-03-03 23:00","2025","03","03","23:00","","-1.3","","-7.7","","62","","0.0","","20","","8","","16.1","","97.88","","","","-4","","NA"
"-80.38","43.46","KITCHENER/WATERLOO","6144239","2025-03-04 00:00","2025","03","04","00:00","","-0.7","","-7.1","","62","","0.0","","20","","9","","16.1","","97.83","","","","-4","","NA"
"-80.38","43.46","KITCHENER/WATERLOO","6144239","2025-03-04 01:00","2025","03","04","01:00","","0.0","","-6.7","","61","","0.0","","21","","15","","16.1","","97.79","","","","-4","","NA"
"-80.38","43.46","KITCHENER/WATERLOO","6144239","2025-03-04 02:00","2025","03","04","02:00","","-0.3","","-6.9","","61","","0.0","","21","","11","","16.1","","97.72","","","","-4","","NA"
"-80.38","43.46","KITCHENER/WATERLOO","6144239","2025-03-04 03:00","2025","03","04","03:00","","0.2","","-5.9","","64","","0.0","","20","","13","","16.1","","97.63","","","","","","Rain"
"-80.38","43.46","KITCHENER/WATERLOO","6144239","2025-03-04 04:00","2025","03","04","04:00","","0.0","","-5.0","","69","","0.0","","20","","15","","16.1","","97.58","","","","-4","","NA"
"-80.38","43.46","KITCHENER/WATERLOO","6144239","2025-03-04 05:00","2025","03","04","05:00","","0.0","","-5.2","","68","","0.0","","18","","13","","16.1","","97.55","","","","-4","","NA"
"-80.38","43.46","KITCHENER/WATERLOO","6144239","2025-03-04 06:00","2025","03","04","06:00","","0.0","","-5.4","","67","","0.0","","19","","9","","16.1","","97.55","","","","-3","","NA"
"-80.38","43.46","KITCHENER/WATERLOO","6144239","2025-03-04 07:00","2025","03","04","07:00","","0.4","","-5.9","","63","","0.0","","18","","9","","16.1","","97.54","","","","","","NA"
"-80.38","43.46","KITCHENER/WATERLOO","6144239","2025-03-04 08:00","2025","03","04","08:00","","0.7","","-5.2","","65","","0.0","","20","","13","","16.1","","97.59","","","","","","Rain"
"-80.38","43.46","KITCHENER/WATERLOO","6144239","2025-03-04 09:00","2025","03","04","09:00","","1.1","","-2.4","","78","","0.0","","20","","22","","16.1","","97.55","","","","","","Rain"
"-80.38","43.46","KITCHENER/WATERLOO","6144239","2025-03-04 10:00","2025","03","04","10:00","","1.5","","-1.2","","82","","0.2","","19","","13","","16.1","","97.51","","","","","","Rain"
"-80.38","43.46","KITCHENER/WATERLOO","6144239","2025-03-04 11:00","2025","03","04","11:00","","2.2","","-1.6","","76","","0.0","","20","","21","","16.1","","97.44","","","","","","Rain"
"-80.38","43.46","KITCHENER/WATERLOO","6144239","2025-03-04 12:00","2025","03","04","12:00","","2.8","","-1.8","","72","","0.5","","20","","22","","16.1","","97.34","","","","","","Rain"
"-80.38","43.46","KITCHENER/WATERLOO","6144239","2025-03-04 13:00","2025","03","04","13:00","","4.0","","-2.4","","63","","0.0","","20","","18","","16.1","","97.26","","","","","","NA"
"-80.38","43.46","KITCHENER/WATERLOO","6144239","2025-03-04 14:00","2025","03","04","14:00","","4.9","","-2.4","","59","","0.0","","21","","21","","16.1","","97.18","","","","","","NA"
"-80.38","43.46","KITCHENER/WATERLOO","6144239","2025-03-04 15:00","2025","03","04","15:00","","4.2","","-1.6","","66","","0.0","","22","","26","","16.1","","97.12","","","","","","NA"
"-80.38","43.46","KITCHENER/WATERLOO","6144239","2025-03-04 16:00","2025","03","04","16:00","","4.5","","-2.3","","61","","0.0","","21","","15","","16.1","","97.09","","","","","","NA"
"-80.38","43.46","KITCHENER/WATERLOO","6144239","2025-03-04 17:00","2025","03","04","17:00","","4.1","","-2.3","","63","","0.0","","17","","8","","16.1","","97.10","","","","","","NA"
"-80.38","43.46","KITCHENER/WATERLOO","6144239","2025-03-04 18:00","2025","03","04","18:00","","3.6","","-2.8","","63","","0.0","","14","","8","","16.1","","97.08","","","","","","NA"
"-80.38","43.46","KITCHENER/WATERLOO","6144239","2025-03-04 19:00","2025","03","04","19:00","","2.4","","-2.6","","70","","0.0","","35","","5","","16.1","","97.05","","","","","","NA"
"-80.38","43.46","KITCHENER/WATERLOO","6144239","2025-03-04 20:00","2025","03","04","20:00","","3.5","","-3.3","","61","","0.0","","1","","8","","16.1","","96.97","","","","","","NA"
"-80.38","43.46","KITCHENER/WATERLOO","6144239","2025-03-04 21:00","2025","03","04","21:00","","2.4","","-2.3","","71","","0.0","","","M","4","","16.1","","96.88","","","","","","NA"
"-80.38","43.46","KITCHENER/WATERLOO","6144239","2025-03-04 22:00","2025","03","04","22:00","","2.3","","-2.0","","73","","0.0","","11","","9","","16.1","","96.82","","","","","","NA"
"-80.38","43.46","KITCHENER/WATERLOO","6144239","2025-03-04 23:00","2025","03","04","23:00","","3.2","","-3.0","","64","","0.0","","6","","8","","16.1","","96.80","","","","","","Rain"
"-80.38","43.46","KITCHENER/WATERLOO","6144239","2025-03-05 00:00","2025","03","05","00:00","","3.0","","-2.6","","67","","0.0","","4","","8","","16.1","","96.75","","","","","","NA"
"-80.38","43.46","KITCHENER/WATERLOO","6144239","2025-03-05 01:00","2025","03","05","01:00","","3.0","","-2.7","","66","","0.0","","35","","5","","16.1","","96.69","","","","","","NA"
"-80.38","43.46","KITCHENER/WATERLOO","6144239","2025-03-05 02:00","2025","03","05","02:00","","2.0","","-1.7","","77","","0.0","","","","0","","16.1","","96.63","","","","","","Rain"
"-80.38","43.46","KITCHENER/WATERLOO","6144239","2025-03-05 03:00","2025","03","05","03:00","","0.8","","-0.5","","91","","0.8","","7","","17","","11.3","","96.45","","","","","","Rain"
"-80.38","43.46","KITCHENER/WATERLOO","6144239","2025-03-05 04:00","2025","03","05","04:00","","1.4","","-0.1","","90","","1.2","","13","","9","","11.3","","96.44","","","","","","Rain"
"-80.38","43.46","KITCHENER/WATERLOO","6144239","2025-03-05 05:00","2025","03","05","05:00","","1.4","","0.5","","94","","1.2","","10","","13","","4.8","","96.27","","","","","","Rain,Fog"
"-80.38","43.46","KITCHENER/WATERLOO","6144239","2025-03-05 06:00","2025","03","05","06:00","","1.9","","1.3","","96","","2.8","","11","","17","","2.8","","96.13","","","","","","Fog"
"-80.38","43.46","KITCHENER/WATERLOO","6144239","2025-03-05 07:00","2025","03","05","07:00","","3.1","","2.7","","97","","4.0","","11","","22","","3.2","","95.97","","","","","","Rain,Fog"
"-80.38","43.46","KITCHENER/WATERLOO","6144239","2025-03-05 08:00","2025","03","05","08:00","","3.6","","3.2","","97","","1.5","","10","","28","","4.8","","95.74","","","","","","Rain,Fog"
"-80.38","43.46","KITCHENER/WATERLOO","6144239","2025-03-05 09:00","2025","03","05","09:00","","4.0","","3.7","","98","","0.2","","11","","21","","6.4","","95.66","","","","","","Rain,Fog"
"-80.38","43.46","KITCHENER/WATERLOO","6144239","2025-03-05 10:00","2025","03","05","10:00","","3.8","","3.5","","98","","0.2","","12","","22","","4.8","","95.59","","","","","","Rain,Fog"
"-80.38","43.46","KITCHENER/WATERLOO","6144239","2025-03-05 11:00","2025","03","05","11:00","","4.4","","4.1","","98","","0.0","","11","","18","","6.4","","95.39","","","","","","Rain,Fog"
"-80.38","43.46","KITCHENER/WATERLOO","6144239","2025-03-05 12:00","2025","03","05","12:00","","6.2","","5.3","","94","","0.0","","13","","26","","12.9","","95.29","","","","","","NA"
"-80.38","43.46","KITCHENER/WATERLOO","6144239","2025-03-05 13:00","2025","03","05","13:00","","7.2","","6.4","","95","","0.0","","15","","21","","16.1","","95.15","","","","","","NA"
"-80.38","43.46","KITCHENER/WATERLOO","6144239","2025-03-05 14:00","2025","03","05","14:00","","8.5","","6.4","","87","","0.0","","14","","22","","16.1","","95.05","","","","","","NA"
"-80.38","43.46","KITCHENER/WATERLOO","6144239","2025-03-05 15:00","2025","03","05","15:00","","8.3","","6.3","","87","","0.0","","15","","15","","16.1","","95.00","","","","","","NA"
"-80.38","43.46","KITCHENER/WATERLOO","6144239","2025-03-05 16:00","2025","03","05","16:00","","7.0","","6.7","","98","","1.2","","11","","13","","16.1","","94.93","","","","","","Rain"
"-80.38","43.46","KITCHENER/WATERLOO","6144239","2025-03-05 17:00","2025","03","05","17:00","","6.8","","6.5","","98","","0.0","","14","","8","","4.8","","94.94","","","","","","Fog"
"-80.38","43.46","KITCHENER/WATERLOO","6144239","2025-03-05 18:00","2025","03","05","18:00","","5.6","","5.3","","98","","0.0","","14","","9","","0.4","","94.93","","","","","","Fog"
"-80.38","43.46","KITCHENER/WATERLOO","6144239","2025-03-05 19:00","2025","03","05","19:00","","4.7","","4.6","","99","","0.0","","16","","8","","0.2","","94.93","","","","","","Fog"
"-80.38","43.46","KITCHENER/WATERLOO","6144239","2025-03-05 20:00","2025","03","05","20:00","","5.2","","5.1","","99","","0.0","","16","","15","","1.6","","94.94","","","","","","Rain,Fog"
"-80.38","43.46","KITCHENER/WATERLOO","6144239","2025-03-05 21:00","2025","03","05","21:00","","5.2","","4.5","","95","","0.5","","19","","18","","16.1","","94.99","","","","","","Rain"
"-80.38","43.46","KITCHENER/WATERLOO","6144239","2025-03-05 22:00","2025","03","05","22:00","","2.7","","1.4","","91","","1.0","","22","","32","","16.1","","95.08","","","","","","Rain"
"-80.38","43.46","KITCHENER/WATERLOO","6144239","2025-03-05 23:00","2025","03","05","23:00","","1.8","","0.6","","92","","0.2","","20","","26","","16.1","","95.05","","","","","","Rain"
"-80.38","43.46","KITCHENER/WATERLOO","6144239","2025-03-06 00:00","2025","03","06","00:00","","1.3","","0.1","","92","","0.0","","20","","28","","16.1","","95.02","","","","","","Rain"
"-80.38","43.46","KITCHENER/WATERLOO","6144239","2025-03-06 01:00","2025","03","06","01:00","","0.4","","-0.3","","95","","0.2","","20","","26","","2.8","","95.00","","","","","","Snow"
"-80.38","43.46","KITCHENER/WATERLOO","6144239","2025-03-06 02:00","2025","03","06","02:00","","0.5","","-0.4","","94","","0.5","","20","","28","","4.8","","94.96","","","","","","Snow"
"-80.38","43.46","KITCHENER/WATERLOO","6144239","2025-03-06 03:00","2025","03","06","03:00","","0.6","","-0.3","","94","","0.0","","22","","24","","16.1","","94.98","","","","","","Snow"
"-80.38","43.46","KITCHENER/WATERLOO","6144239","2025-03-06 04:00","2025","03","06","04:00","","0.7","","-0.8","","90","","0.0","","26","","24","","14.5","","95.06","","","","","","Snow"
"-80.38","43.46","KITCHENER/WATERLOO","6144239","2025-03-06 05:00","2025","03","06","05:00","","-0.6","","-2.0","","90","","0.0","","25","","28","","4.8","","95.22","","","","-7","","Snow"
"-80.38","43.46","KITCHENER/WATERLOO","6144239","2025-03-06 06:00","2025","03","06","06:00","","-1.8","","-4.2","","84","","0.0","","26","","35","","16.1","","95.33","","","","-9","","NA"
"-80.38","43.46","KITCHENER/WATERLOO","6144239","2025-03-06 07:00","2025","03","06","07:00","","-2.8","","-4.6","","87","","0.0","","26","","39","","16.1","","95.45","","","","-11","","NA"
"-80.38","43.46","KITCHENER/WATERLOO","6144239","2025-03-06 08:00","2025","03","06","08:00","","-3.1","","-5.8","","82","","0.0","","27","","41","","16.1","","95.58","","","","-12","","NA"
"-80.38","43.46","KITCHENER/WATERLOO","6144239","2025-03-06 09:00","2025","03","06","09:00","","-4.0","","-7.1","","79","","0.0","","29","","34","","11.3","","95.72","","","","-12","","Snow"
"-80.38","43.46","KITCHENER/WATERLOO","6144239","2025-03-06 10:00","2025","03","06","10:00","","-4.8","","-8.2","","78","","0.0","","29","","34","","16.1","","95.84","","","","-13","","Snow"
"-80.38","43.46","KITCHENER/WATERLOO","6144239","2025-03-06 11:00","2025","03","06","11:00","","-4.9","","-8.9","","74","","0.0","","29","","41","","16.1","","95.94","","","","-14","","NA"
"-80.38","43.46","KITCHENER/WATERLOO","6144239","2025-03-06 12:00","2025","03","06","12:00","","-5.2","","-9.0","","75","","0.0","","28","","46","","16.1","","96.04","","","","-15","","Snow"
"-80.38","43.46","KITCHENER/WATERLOO","6144239","2025-03-06 13:00","2025","03","06","13:00","","-4.9","","-8.7","","75","","0.0","","28","","43","","14.5","","96.11","","","","-14","","Snow"
"-80.38","43.46","KITCHENER/WATERLOO","6144239","2025-03-06 14:00","2025","03","06","14:00","","-4.6","","-8.0","","77","","0.0","","28","","43","","16.1","","96.17","","","","-14","","Snow"
"-80.38","43.46","KITCHENER/WATERLOO","6144239","2025-03-06 15:00","2025","03","06","15:00","","-3.8","","-7.7","","75","","0.0","","28","","43","","16.1","","96.26","","","","-13","","Snow"
"-80.38","43.46","KITCHENER/WATERLOO","6144239","2025-03-06 16:00","2025","03","06","16:00","","-2.8","","-7.2","","72","","0.0","","28","","41","","16.1","","96.30","","","","-11","","NA"
"-80.38","43.46","KITCHENER/WATERLOO","6144239","2025-03-06 17:00","2025","03","06","17:00","","-2.8","","-7.0","","73","","0.0","","29","","45","","16.1","","96.37","","","","-12","","Snow"
"-80.38","43.46","KITCHENER/WATERLOO","6144239","2025-03-06 18:00","2025","03","06","18:00","","-2.6","","-6.8","","73","","0.0","","28","","43","","16.1","","96.48","","","","-11","","Snow"
"-80.38","43.46","KITCHENER/WATERLOO","6144239","2025-03-06 19:00","2025","03","06","19:00","","-2.7","","-7.0","","73","","0.0","","29","","34","","16.1","","96.57","","","","-10","","NA"
"-80.38","43.46","KITCHENER/WATERLOO","6144239","2025-03-06 20:00","2025","03","06","20:00","","-2.7","","-6.5","","75","","0.0","","28","","28","","16.1","","96.67","","","","-10","","Snow"
"-80.38","43.46","KITCHENER/WATERLOO","6144239","2025-03-06 21:00","2025","03","06","21:00","","-3.0","","-7.7","","70","","0.0","","29","","30","","16.1","","96.77","","","","-10","","NA"
"-80.38","43.46","KITCHENER/WATERLOO","6144239","2025-03-06 22:00","2025","03","06","22:00","","-2.7","","-6.5","","75","","0.0","","27","","21","","16.1","","96.82","","","","-9","","Snow"
"-80.38","43.46","KITCHENER/WATERLOO","6144239","2025-03-06 23:00","2025","03","06","23:00","","-3.0","","-7.9","","69","","0.0","","28","","32","","16.1","","96.82","","","","-11","","NA"
"-80.38","43.46","KITCHENER/WATERLOO","6144239","2025-03-07 00:00","2025","03","07","00:00","","-3.7","","-8.4","","70","","0.0","","28","","22","","16.1","","96.86","","","","-10","","NA"
"-80.38","43.46","KITCHENER/WATERLOO","6144239","2025-03-07 01:00","2025","03","07","01:00","","-4.3","","-8.3","","74","","0.0","","28","","17","","16.1","","96.85","","","","-10","","NA"
"-80.38","43.46","KITCHENER/WATERLOO","6144239","2025-03-07 02:00","2025","03","07","02:00","","-3.4","","-7.8","","72","","0.0","","26","","21","","16.1","","96.83","","","","-10","","NA"
"-80.38","43.46","KITCHENER/WATERLOO","6144239","2025-03-07 03:00","2025","03","07","03:00","","-3.2","","-6.9","","76","","0.0","","25","","28","","16.1","","96.82","","","","-10","","NA"
"-80.38","43.46","KITCHENER/WATERLOO","6144239","2025-03-07 04:00","2025","03","07","04:00","","-2.5","","-5.8","","78","","0.0","","25","","26","","16.1","","96.86","","","","-9","","Snow"
"-80.38","43.46","KITCHENER/WATERLOO","6144239","2025-03-07 05:00","2025","03","07","05:00","","-2.0","","-5.2","","79","","0.0","","27","","28","","16.1","","96.88","","","","-9","","Snow"
"-80.38","43.46","KITCHENER/WATERLOO","6144239","2025-03-07 06:00","2025","03","07","06:00","","-3.1","","-8.8","","65","","0.0","","28","","26","","16.1","","96.92","","","","-10","","NA"
"-80.38","43.46","KITCHENER/WATERLOO","6144239","2025-03-07 07:00","2025","03","07","07:00","","-3.7","","-9.0","","67","","0.0","","28","","18","","16.1","","97.00","","","","-10","","NA"
"-80.38","43.46","KITCHENER/WATERLOO","6144239","2025-03-07 08:00","2025","03","07","08:00","","-3.1","","-8.7","","66","","0.0","","27","","28","","16.1","","97.04","","","","-10","","NA"
"-80.38","43.46","KITCHENER/WATERLOO","6144239","2025-03-07 09:00","2025","03","07","09:00","","-2.5","","-8.6","","63","","0.0","","28","","30","","16.1","","97.08","","","","-10","","NA"
"-80.38","43.46","KITCHENER/WATERLOO","6144239","2025-03-07 10:00","2025","03","07","10:00","","-2.2","","-9.6","","57","","0.0","","28","","37","","16.1","","97.10","","","","-10","","NA"
"-80.38","43.46","KITCHENER/WATERLOO","6144239","2025-03-07 11:00","2025","03","07","11:00","","-1.9","","-9.4","","57","","0.0","","28","","39","","16.1","","97.11","","","","-10","","NA"
"-80.38","43.46","KITCHENER/WATERLOO","6144239","2025-03-07 12:00","2025","03","07","12:00","","-1.3","","-9.5","","54","","0.0","","28","","37","","16.1","","97.09","","","","-9","","NA"
"-80.38","43.46","KITCHENER/WATERLOO","6144239","2025-03-07 13:00","2025","03","07","13:00","","-0.9","","-9.0","","54","","0.0","","27","","34","","16.1","","97.03","","","","-8","","NA"
"-80.38","43.46","KITCHENER/WATERLOO","6144239","2025-03-07 14:00","2025","03","07","14:00","","-0.5","","-8.5","","55","","0.0","","27","","28","","16.1","","96.95","","","","-7","","NA"
"-80.38","43.46","KITCHENER/WATERLOO","6144239","2025-03-07 15:00","2025","03","07","15:00","","-0.1","","-8.4","","54","","0.0","","26","","28","","16.1","","96.93","","","","-6","","NA"
"-80.38","43.46","KITCHENER/WATERLOO","6144239","2025-03-07 16:00","2025","03","07","16:00","","-0.2","","-10.7","","45","","0.0","","25","","28","","16.1","","96.89","","","","-7","","NA"
"-80.38","43.46","KITCHENER/WATERLOO","6144239","2025-03-07 17:00","2025","03","07","17:00","","-0.6","","-9.6","","51","","0.0","","24","","24","","16.1","","96.85","","","","-7","","NA"
"-80.38","43.46","KITCHENER/WATERLOO","6144239","2025-03-07 18:00","2025","03","07","18:00","","-1.3","","-9.0","","56","","0.0","","23","","17","","16.1","","96.79","","","","-6","","NA"
"-80.38","43.46","KITCHENER/WATERLOO","6144239","2025-03-07 19:00","2025","03","07","19:00","","-2.2","","-8.7","","61","","0.0","","20","","13","","16.1","","96.74","","","","-7","","NA"
"-80.38","43.46","KITCHENER/WATERLOO","6144239","2025-03-07 20:00","2025","03","07","20:00","","-2.4","","-6.4","","74","","0.0","","20","","13","","16.1","","96.70","","","","-7","","NA"
"-80.38","43.46","KITCHENER/WATERLOO","6144239","2025-03-07 21:00","2025","03","07","21:00","","-1.7","","-4.1","","84","","0.0","","22","","24","","16.1","","96.67","","","","-8","","NA"
"-80.38","43.46","KITCHENER/WATERLOO","6144239","2025-03-07 22:00","2025","03","07","22:00","","-1.4","","-3.4","","86","","0.0","","23","","28","","16.1","","96.65","","","","-8","","NA"
"-80.38","43.46","KITCHENER/WATERLOO","6144239","2025-03-07 23:00","2025","03","07","23:00","","-0.8","","-2.7","","87","","0.0","","25","","22","","16.1","","96.63","","","","-7","","NA"
"-80.38","43.46","KITCHENER/WATERLOO","6144239","2025-03-08 00:00","2025","03","08","00:00","","-0.5","","-2.7","","85","","0.0","","26","","28","","8.1","","96.59","","","","-7","","Snow"
"-80.38","43.46","KITCHENER/WATERLOO","6144239","2025-03-08 01:00","2025","03","08","01:00","","-3.0","","-5.5","","83","","0.0","","31","","28","","16.1","","96.69","","","","-10","","NA"
"-80.38","43.46","KITCHENER/WATERLOO","6144239","2025-03-08 02:00","2025","03","08","02:00","","-4.5","","-7.1","","82","","0.0","","32","","22","","11.3","","96.78","","","","-11","","Snow"
"-80.38","43.46","KITCHENER/WATERLOO","6144239","2025-03-08 03:00","2025","03","08","03:00","","-5.3","","-8.1","","81","","0.0","","30","","21","","14.5","","96.80","","","","-12","","Snow"
"-80.38","43.46","KITCHENER/WATERLOO","6144239","2025-03-08 04:00","2025","03","08","04:00","","-5.5","","-10.7","","67","","0.0","","30","","34","","16.1","","96.82","","","","-14","","Snow"
"-80.38","43.46","KITCHENER/WATERLOO","6144239","2025-03-08 05:00","2025","03","08","05:00","","-6.5","","-11.3","","69","","0.0","","32","","24","","16.1","","96.93","","","","-14","","NA"
"-80.38","43.46","KITCHENER/WATERLOO","6144239","2025-03-08 06:00","2025","03","08","06:00","","-7.1","","-11.4","","72","","0.0","","32","","21","","16.1","","97.05","","","","-14","","NA"
"-80.38","43.46","KITCHENER/WATERLOO","6144239","2025-03-08 07:00","2025","03","08","07:00","","-7.8","","-11.7","","74","","0.0","","30","","15","","16.1","","97.15","","","","-14","","NA"
"-80.38","43.46","KITCHENER/WATERLOO","6144239","2025-03-08 08:00","2025","03","08","08:00","","-6.4","","-11.6","","67","","0.0","","30","","21","","16.1","","97.21","","","","-13","","NA"
"-80.38","43.46","KITCHENER/WATERLOO","6144239","2025-03-08 09:00","2025","03","08","09:00","","-5.3","","-10.7","","66","","0.0","","29","","32","","16.1","","97.27","","","","-14","","NA"
"-80.38","43.46","KITCHENER/WATERLOO","6144239","2025-03-08 10:00","2025","03","08","10:00","","-4.6","","-10.2","","65","","0.0","","30","","32","","16.1","","97.33","","","","-13","","NA"
"-80.38","43.46","KITCHENER/WATERLOO","6144239","2025-03-08 11:00","2025","03","08","11:00","","-3.4","","-9.4","","63","","0.0","","30","","32","","16.1","","97.36","","","","-11","","NA"
"-80.38","43.46","KITCHENER/WATERLOO","6144239","2025-03-08 12:00","2025","03","08","12:00","","-3.0","","-9.3","","62","","0.0","","30","","34","","16.1","","97.39","","","","-11","","NA"
"-80.38","43.46","KITCHENER/WATERLOO","6144239","2025-03-08 13:00","2025","03","08","13:00","","-2.7","","-8.6","","64","","0.0","","28","","35","","16.1","","97.42","","","","-11","","NA"
"-80.38","43.46","KITCHENER/WATERLOO","6144239","2025-03-08 14:00","2025","03","08","14:00","","-2.8","","-8.5","","65","","0.0","","28","","35","","16.1","","97.44","","","","-11","","NA"
"-80.38","43.46","KITCHENER/WATERLOO","6144239","2025-03-08 15:00","2025","03","08","15:00","","-2.6","","-8.2","","66","","0.0","","28","","34","","16.1","","97.45","","","","-10","","NA"
"-80.38","43.46","KITCHENER/WATERLOO","6144239","2025-03-08 16:00","2025","03","08","16:00","","-3.1","","-8.0","","69","","0.0","","29","","26","","16.1","","97.47","","","","-10","","NA"
"-80.38","43.46","KITCHENER/WATERLOO","6144239","2025-03-08 17:00","2025","03","08","17:00","","-3.3","","-8.2","","69","","0.0","","29","","30","","16.1","","97.51","","","","-11","","NA"
"-80.38","43.46","KITCHENER/WATERLOO","6144239","2025-03-08 18:00","2025","03","08","18:00","","-4.2","","-8.6","","72","","0.0","","25","","21","","16.1","","97.52","","","","-11","","NA"
"-80.38","43.46","KITCHENER/WATERLOO","6144239","2025-03-08 19:00","2025","03","08","19:00","","-5.2","","-9.1","","74","","0.0","","24","","15","","16.1","","97.53","","","","-11","","NA"
"-80.38","43.46","KITCHENER/WATERLOO","6144239","2025-03-08 20:00","2025","03","08","20:00","","-5.8","","-9.7","","74","","0.0","","23","","9","","16.1","","97.51","","","","-10","","NA"
"-80.38","43.46","KITCHENER/WATERLOO","6144239","2025-03-08 21:00","2025","03","08","21:00","","-6.1","","-9.5","","77","","0.0","","19","","8","","16.1","","97.45","","","","-10","","NA"
"-80.38","43.46","KITCHENER/WATERLOO","6144239","2025-03-08 22:00","2025","03","08","22:00","","-5.8","","-8.4","","82","","0.0","","20","","13","","16.1","","97.44","","","","-11","","NA"
"-80.38","43.46","KITCHENER/WATERLOO","6144239","2025-03-08 23:00","2025","03","08","23:00","","-4.1","","-6.7","","82","","0.0","","21","","15","","16.1","","97.37","","","","-9","","NA"
"-80.38","43.46","KITCHENER/WATERLOO","6144239","2025-03-09 00:00","2025","03","09","00:00","","-3.4","","-6.5","","79","","0.0","","23","","13","","16.1","","97.26","","","","-8","","Snow"
"-80.38","43.46","KITCHENER/WATERLOO","6144239","2025-03-09 01:00","2025","03","09","01:00","","-2.7","","-5.9","","79","","0.0","","23","","21","","16.1","","97.20","","","","-9","","Snow"
"-80.38","43.46","KITCHENER/WATERLOO","6144239","2025-03-09 02:00","2025","03","09","02:00","","-2.6","","-5.5","","81","","0.0","","22","","15","","16.1","","97.12","","","","-8","","NA"
"-80.38","43.46","KITCHENER/WATERLOO","6144239","2025-03-09 03:00","2025","03","09","03:00","","-3.3","","-6.1","","81","","0.0","","23","","13","","16.1","","97.06","","","","-8","","NA"
"-80.38","43.46","KITCHENER/WATERLOO","6144239","2025-03-09 04:00","2025","03","09","04:00","","-2.8","","-5.6","","81","","0.0","","23","","18","","16.1","","97.07","","","","-8","","NA"
"-80.38","43.46","KITCHENER/WATERLOO","6144239","2025-03-09 05:00","2025","03","09","05:00","","-2.7","","-5.8","","79","","0.0","","25","","17","","16.1","","97.07","","","","-8","","NA"
"-80.38","43.46","KITCHENER/WATERLOO","6144239","2025-03-09 06:00","2025","03","09","06:00","","-2.8","","-5.9","","79","","0.0","","26","","15","","16.1","","97.09","","","","-8","","NA"
"-80.38","43.46","KITCHENER/WATERLOO","6144239","2025-03-09 07:00","2025","03","09","07:00","","-2.1","","-4.9","","81","","0.0","","27","","24","","16.1","","97.14","","","","-8","","NA"
"-80.38","43.46","KITCHENER/WATERLOO","6144239","2025-03-09 08:00","2025","03","09","08:00","","-1.4","","-4.4","","80","","0.0","","29","","28","","16.1","","97.21","","","","-8","","NA"
"-80.38","43.46","KITCHENER/WATERLOO","6144239","2025-03-09 09:00","2025","03","09","09:00","","-0.1","","-4.0","","75","","0.0","","29","","30","","16.1","","97.28","","","","-7","","NA"
"-80.38","43.46","KITCHENER/WATERLOO","6144239","2025-03-09 10:00","2025","03","09","10:00","","1.2","","-4.9","","64","","0.0","","29","","30","","16.1","","97.31","","","","","","NA"
"-80.38","43.46","KITCHENER/WATERLOO","6144239","2025-03-09 11:00","2025","03","09","11:00","","2.1","","-6.1","","55","","0.0","","29","","28","","16.1","","97.33","","","","","","NA"
"-80.38","43.46","KITCHENER/WATERLOO","6144239","2025-03-09 12:00","2025","03","09","12:00","","3.1","","-5.5","","53","","0.0","","29","","30","","16.1","","97.36","","","","","","NA"
"-80.38","43.46","KITCHENER/WATERLOO","6144239","2025-03-09 13:00","2025","03","09","13:00","","3.8","","-5.1","","52","","0.0","","26","","32","","16.1","","97.31","","","","","","NA"
"-80.38","43.46","KITCHENER/WATERLOO","6144239","2025-03-09 14:00","2025","03","09","14:00","","4.4","","-4.2","","54","","0.0","","24","","24","","16.1","","97.23","","","","","","NA"
"-80.38","43.46","KITCHENER/WATERLOO","6144239","2025-03-09 15:00","2025","03","09","15:00","","4.8","","-4.1","","53","","0.0","","24","","34","","16.1","","97.14","","","","","","NA"
"-80.38","43.46","KITCHENER/WATERLOO","6144239","2025-03-09 16:00","2025","03","09","16:00","","5.9","","-2.8","","54","","0.0","","22","","24","","16.1","","97.01","","","","","","NA"
"-80.38","43.46","KITCHENER/WATERLOO","6144239","2025-03-09 17:00","2025","03","09","17:00","","4.8","","-1.0","","66","","0.0","","21","","22","","16.1","","97.03","","","","","","NA"
"-80.38","43.46","KITCHENER/WATERLOO","6144239","2025-03-09 18:00","2025","03","09","18:00","","4.3","","-0.3","","72","","0.0","","21","","18","","16.1","","96.96","","","","","","NA"
"-80.38","43.46","KITCHENER/WATERLOO","6144239","2025-03-09 19:00","2025","03","09","19:00","","3.7","","0.1","","77","","0.0","","21","","18","","16.1","","96.89","","","","","","NA"
"-80.38","43.46","KITCHENER/WATERLOO","6144239","2025-03-09 20:00","2025","03","09","20:00","","4.1","","0.3","","76","","0.0","","22","","26","","16.1","","96.87","","","","","","NA"
"-80.38","43.46","KITCHENER/WATERLOO","6144239","2025-03-09 21:00","2025","03","09","21:00","","4.0","","-0.2","","74","","0.0","","23","","30","","16.1","","96.85","","","","","","NA"
"-80.38","43.46","KITCHENER/WATERLOO","6144239","2025-03-09 22:00","2025","03","09","22:00","","4.7","","-0.5","","69","","0.0","","24","","24","","16.1","","96.88","","","","","","NA"
"-80.38","43.46","KITCHENER/WATERLOO","6144239","2025-03-09 23:00","2025","03","09","23:00","","4.5","","-0.9","","68","","0.0","","24","","24","","16.1","","96.87","","","","","","NA"
"-80.38","43.46","KITCHENER/WATERLOO","6144239","2025-03-10 00:00","2025","03","10","00:00","","5.4","","-1.5","","61","","0.0","","25","","32","","16.1","","96.89","","","","","","NA"
"-80.38","43.46","KITCHENER/WATERLOO","6144239","2025-03-10 01:00","2025","03","10","01:00","","5.3","","-1.8","","60","","0.0","","27","","26","","16.1","","96.91","","","","","","NA"
"-80.38","43.46","KITCHENER/WATERLOO","6144239","2025-03-10 02:00","2025","03","10","02:00","","4.2","","-1.8","","65","","0.0","","27","","17","","16.1","","96.99","","","","","","NA"
"-80.38","43.46","KITCHENER/WATERLOO","6144239","2025-03-10 03:00","2025","03","10","03:00","","3.3","","-1.7","","70","","0.0","","27","","17","","16.1","","96.98","","","","","","NA"
"-80.38","43.46","KITCHENER/WATERLOO","6144239","2025-03-10 04:00","2025","03","10","04:00","","3.1","","-1.7","","71","","0.0","","26","","13","","16.1","","96.98","","","","","","NA"
"-80.38","43.46","KITCHENER/WATERLOO","6144239","2025-03-10 05:00","2025","03","10","05:00","","2.3","","-1.8","","75","","0.0","","31","","11","","16.1","","97.06","","","","","","NA"
"-80.38","43.46","KITCHENER/WATERLOO","6144239","2025-03-10 06:00","2025","03","10","06:00","","0.2","","-2.5","","82","","0.0","","27","","4","","16.1","","97.13","","","","","","NA"
"-80.38","43.46","KITCHENER/WATERLOO","6144239","2025-03-10 07:00","2025","03","10","07:00","","-1.9","","-2.8","","94","","0.0","","36","","5","","16.1","","97.18","","","","-4","","NA"
"-80.38","43.46","KITCHENER/WATERLOO","6144239","2025-03-10 08:00","2025","03","10","08:00","","0.0","","-1.4","","91","","0.0","","15","","4","","16.1","","97.21","","","","-1","","NA"
"-80.38","43.46","KITCHENER/WATERLOO","6144239","2025-03-10 09:00","2025","03","10","09:00","","4.1","","-0.7","","71","","0.0","","18","","11","","16.1","","97.19","","","","","","NA"
"-80.38","43.46","KITCHENER/WATERLOO","6144239","2025-03-10 10:00","2025","03","10","10:00","","6.0","","-0.2","","64","","0.0","","20","","11","","16.1","","97.18","","","","","","NA"
"-80.38","43.46","KITCHENER/WATERLOO","6144239","2025-03-10 11:00","2025","03","10","11:00","","8.1","","-0.3","","55","","0.0","","18","","9","","16.1","","97.15","","","","","","NA"
"-80.38","43.46","KITCHENER/WATERLOO","6144239","2025-03-10 12:00","2025","03","10","12:00","","9.3","","-0.2","","51","","0.0","","20","","21","","16.1","","97.13","","","","","","NA"
"-80.38","43.46","KITCHENER/WATERLOO","6144239","2025-03-10 13:00","2025","03","10","13:00","","9.8","","0.7","","53","","0.0","","20","","18","","16.1","","97.07","","","","","","NA"
"-80.38","43.46","KITCHENER/WATERLOO","6144239","2025-03-10 14:00","2025","03","10","14:00","","10.5","","1.6","","54","","0.0","","20","","24","","16.1","","96.97","","","","","","NA"
"-80.38","43.46","KITCHENER/WATERLOO","6144239","2025-03-10 15:00","2025","03","10","15:00","","10.3","","1.6","","55","","0.0","","21","","24","","16.1","","96.88","","","","","","NA"
"-80.38","43.46","KITCHENER/WATERLOO","6144239","2025-03-10 16:00","2025","03","10","16:00","","10.4","","1.8","","55","","0.0","","18","","17","","16.1","","96.82","","","","","","NA"
"-80.38","43.46","KITCHENER/WATERLOO","6144239","2025-03-10 17:00","2025","03","10","17:00","","9.9","","1.7","","57","","0.0","","19","","22","","16.1","","96.80","","","","","","NA"
"-80.38","43.46","KITCHENER/WATERLOO","6144239","2025-03-10 18:00","2025","03","10","18:00","","8.3","","1.5","","62","","0.0","","20","","17","","16.1","","96.80","","","","","","NA"
"-80.38","43.46","KITCHENER/WATERLOO","6144239","2025-03-10 19:00","2025","03","10","19:00","","7.0","","1.3","","67","","0.0","","19","","13","","16.1","","96.76","","","","","","NA"
"-80.38","43.46","KITCHENER/WATERLOO","6144239","2025-03-10 20:00","2025","03","10","20:00","","5.9","","1.3","","72","","0.0","","19","","9","","16.1","","96.73","","","","","","NA"
"-80.38","43.46","KITCHENER/WATERLOO","6144239","2025-03-10 21:00","2025","03","10","21:00","","5.4","","0.8","","72","","0.0","","19","","11","","16.1","","96.69","","","","","","NA"
"-80.38","43.46","KITCHENER/WATERLOO","6144239","2025-03-10 22:00","2025","03","10","22:00","","5.8","","-0.1","","66","","0.0","","20","","13","","16.1","","96.64","","","","","","NA"
"-80.38","43.46","KITCHENER/WATERLOO","6144239","2025-03-10 23:00","2025","03","10","23:00","","6.0","","-0.6","","63","","0.0","","19","","13","","16.1","","96.59","","","","","","NA"
"-80.38","43.46","KITCHENER/WATERLOO","6144239","2025-03-11 00:00","2025","03","11","00:00","","5.2","","-0.8","","65","","0.0","","18","","11","","16.1","","96.54","","","","","","NA"
"-80.38","43.46","KITCHENER/WATERLOO","6144239","2025-03-11 01:00","2025","03","11","01:00","","5.8","","-0.4","","64","","0.0","","21","","17","","16.1","","96.50","","","","","","NA"
"-80.38","43.46","KITCHENER/WATERLOO","6144239","2025-03-11 02:00","2025","03","11","02:00","","6.8","","-0.2","","61","","0.0","","22","","21","","16.1","","96.45","","","","","","NA"
"-80.38","43.46","KITCHENER/WATERLOO","6144239","2025-03-11 03:00","2025","03","11","03:00","","6.8","","-0.3","","61","","0.0","","21","","22","","16.1","","96.35","","","","","","NA"
"-80.38","43.46","KITCHENER/WATERLOO","6144239","2025-03-11 04:00","2025","03","11","04:00","","5.8","","-0.5","","64","","0.0","","19","","21","","16.1","","96.24","","","","","","NA"
"-80.38","43.46","KITCHENER/WATERLOO","6144239","2025-03-11 05:00","2025","03","11","05:00","","5.2","","-0.4","","67","","0.0","","20","","22","","16.1","","96.21","","","","","","NA"
"-80.38","43.46","KITCHENER/WATERLOO","6144239","2025-03-11 06:00","2025","03","11","06:00","","5.1","","-0.5","","67","","0.0","","20","","18","","16.1","","96.21","","","","","","NA"
"-80.38","43.46","KITCHENER/WATERLOO","6144239","2025-03-11 07:00","2025","03","11","07:00","","4.6","","-0.4","","70","","0.0","","22","","15","","16.1","","96.23","","","","","","NA"
"-80.38","43.46","KITCHENER/WATERLOO","6144239","2025-03-11 08:00","2025","03","11","08:00","","6.5","","0.5","","65","","0.0","","23","","15","","16.1","","96.26","","","","","","NA"
"-80.38","43.46","KITCHENER/WATERLOO","6144239","2025-03-11 09:00","2025","03","11","09:00","","8.1","","0.8","","60","","0.0","","25","","18","","16.1","","96.30","","","","","","NA"
"-80.38","43.46","KITCHENER/WATERLOO","6144239","2025-03-11 10:00","2025","03","11","10:00","","9.4","","1.1","","56","","0.0","","30","","34","","16.1","","96.40","","","","","","NA"
"-80.38","43.46","KITCHENER/WATERLOO","6144239","2025-03-11 11:00","2025","03","11","11:00","","7.2","","-0.3","","59","","0.0","","31","","28","","16.1","","96.49","","","","","","NA"
"-80.38","43.46","KITCHENER/WATERLOO","6144239","2025-03-11 12:00","2025","03","11","12:00","","6.3","","-1.3","","58","","0.0","","33","","24","","16.1","","96.67","","","","","","NA"
"-80.38","43.46","KITCHENER/WATERLOO","6144239","2025-03-11 13:00","2025","03","11","13:00","","5.0","","-1.6","","62","","0.0","","33","","26","","16.1","","96.80","","","","","","NA"
"-80.38","43.46","KITCHENER/WATERLOO","6144239","2025-03-11 14:00","2025","03","11","14:00","","4.6","","-3.2","","57","","0.0","","30","","26","","16.1","","96.93","","","","","","NA"
"-80.38","43.46","KITCHENER/WATERLOO","6144239","2025-03-11 15:00","2025","03","11","15:00","","3.3","","-4.8","","56","","0.0","","29","","30","","16.1","","97.04","","","","","","NA"
"-80.38","43.46","KITCHENER/WATERLOO","6144239","2025-03-11 16:00","2025","03","11","16:00","","2.4","","-7.6","","48","","0.0","","31","","30","","16.1","","97.14","","","","","","NA"
"-80.38","43.46","KITCHENER/WATERLOO","6144239","2025-03-11 17:00","2025","03","11","17:00","","1.1","","-6.6","","57","","0.0","","32","","24","","16.1","","97.29","","","","","","NA"
"-80.38","43.46","KITCHENER/WATERLOO","6144239","2025-03-11 18:00","2025","03","11","18:00","","-0.3","","-6.9","","61","","0.0","","31","","17","","16.1","","97.40","","","","-5","","NA"
"-80.38","43.46","KITCHENER/WATERLOO","6144239","2025-03-11 19:00","2025","03","11","19:00","","-2.3","","-7.1","","70","","0.0","","28","","13","","16.1","","97.53","","","","-7","","NA"
"-80.38","43.46","KITCHENER/WATERLOO","6144239","2025-03-11 20:00","2025","03","11","20:00","","-2.5","","-6.9","","72","","0.0","","30","","13","","16.1","","97.61","","","","-7","","NA"
"-80.38","43.46","KITCHENER/WATERLOO","6144239","2025-03-11 21:00","2025","03","11","21:00","","-3.2","","-6.9","","76","","0.0","","33","","9","","16.1","","97.67","","","","-7","","NA"
"-80.38","43.46","KITCHENER/WATERLOO","6144239","2025-03-11 22:00","2025","03","11","22:00","","-3.6","","-6.7","","79","","0.0","","31","","13","","16.1","","97.74","","","","-8","","NA"
"-80.38","43.46","KITCHENER/WATERLOO","6144239","2025-03-11 23:00","2025","03","11","23:00","","-4.2","","-6.8","","82","","0.0","","32","","9","","16.1","","97.79","","","","-8","","NA"
"-80.38","43.46","KITCHENER/WATERLOO","6144239","2025-03-12 00:00","2025","03","12","00:00","","-4.7","","-6.9","","85","","0.0","","35","","5","","16.1","","97.78","","","","-7","","NA"
"-80.38","43.46","KITCHENER/WATERLOO","6144239","2025-03-12 01:00","2025","03","12","01:00","","-4.3","","-6.9","","82","","0.0","","35","","5","","16.1","","97.79","","","","-6","","NA"
"-80.38","43.46","KITCHENER/WATERLOO","6144239","2025-03-12 02:00","2025","03","12","02:00","","-5.5","","-7.5","","86","","0.0","","4","","5","","16.1","","97.76","","","","-8","","NA"
"-80.38","43.46","KITCHENER/WATERLOO","6144239","2025-03-12 03:00","2025","03","12","03:00","","-6.1","","-7.8","","88","","0.0","","6","","8","","16.1","","97.73","","","","-10","","NA"
"-80.38","43.46","KITCHENER/WATERLOO","6144239","2025-03-12 04:00","2025","03","12","04:00","","-6.0","","-8.1","","85","","0.0","","12","","9","","16.1","","97.69","","","","-10","","NA"
"-80.38","43.46","KITCHENER/WATERLOO","6144239","2025-03-12 05:00","2025","03","12","05:00","","-6.0","","-7.8","","87","","0.0","","6","","5","","16.1","","97.79","","","","-8","","NA"
"-80.38","43.46","KITCHENER/WATERLOO","6144239","2025-03-12 06:00","2025","03","12","06:00","","-7.2","","-8.9","","88","","0.0","","9","","8","","16.1","","97.81","","","","-11","","NA"
"-80.38","43.46","KITCHENER/WATERLOO","6144239","2025-03-12 07:00","2025","03","12","07:00","","-5.1","","-7.4","","84","","0.0","","5","","5","","16.1","","97.88","","","","-7","","NA"
"-80.38","43.46","KITCHENER/WATERLOO","6144239","2025-03-12 08:00","2025","03","12","08:00","","-3.8","","-7.5","","76","","0.0","","7","","9","","16.1","","97.92","","","","-8","","NA"
"-80.38","43.46","KITCHENER/WATERLOO","6144239","2025-03-12 09:00","2025","03","12","09:00","","-2.2","","-7.1","","69","","0.0","","8","","13","","16.1","","97.92","","","","-7","","NA"
"-80.38","43.46","KITCHENER/WATERLOO","6144239","2025-03-12 10:00","2025","03","12","10:00","","-0.1","","-8.0","","56","","0.0","","10","","21","","16.1","","97.90","","","","-6","","NA"
"-80.38","43.46","KITCHENER/WATERLOO","6144239","2025-03-12 11:00","2025","03","12","11:00","","0.6","","-7.2","","56","","0.0","","8","","21","","16.1","","97.84","","","","","","NA"
"-80.38","43.46","KITCHENER/WATERLOO","6144239","2025-03-12 12:00","2025","03","12","12:00","","0.8","","-6.6","","58","","0.0","","7","","22","","16.1","","97.81","","","","","","NA"
"-80.38","43.46","KITCHENER/WATERLOO","6144239","2025-03-12 13:00","2025","03","12","13:00","","1.0","","-6.6","","57","","0.0","","11","","24","","16.1","","97.72","","","","","","NA"
"-80.38","43.46","KITCHENER/WATERLOO","6144239","2025-03-12 14:00","2025","03","12","14:00","","1.0","","-7.5","","53","","0.0","","7","","24","","16.1","","97.68","","","","","","NA"
"-80.38","43.46","KITCHENER/WATERLOO","6144239","2025-03-12 15:00","2025","03","12","15:00","","1.1","","-8.1","","50","","0.0","","6","","24","","16.1","","97.64","","","","","","NA"
"-80.38","43.46","KITCHENER/WATERLOO","6144239","2025-03-12 16:00","2025","03","12","16:00","","0.8","","-8.4","","50","","0.0","","7","","30","","16.1","","97.60","","","","","","NA"
"-80.38","43.46","KITCHENER/WATERLOO","6144239","2025-03-12 17:00","2025","03","12","17:00","","0.0","","-10.1","","47","","0.0","","7","","32","","16.1","","97.58","","","","-7","","NA"
"-80.38","43.46","KITCHENER/WATERLOO","6144239","2025-03-12 18:00","2025","03","12","18:00","","-1.1","","-8.9","","56","","0.0","","9","","21","","16.1","","97.62","","","","-7","","NA"
"-80.38","43.46","KITCHENER/WATERLOO","6144239","2025-03-12 19:00","2025","03","12","19:00","","-2.5","","-8.1","","66","","0.0","","7","","24","","16.1","","97.60","","","","-9","","NA"
"-80.38","43.46","KITCHENER/WATERLOO","6144239","2025-03-12 20:00","2025","03","12","20:00","","-2.5","","-8.4","","64","","0.0","","7","","21","","16.1","","97.62","","","","-9","","NA"
"-80.38","43.46","KITCHENER/WATERLOO","6144239","2025-03-12 21:00","2025","03","12","21:00","","-1.9","","-8.2","","62","","0.0","","7","","18","","16.1","","97.61","","","","-7","","NA"
"-80.38","43.46","KITCHENER/WATERLOO","6144239","2025-03-12 22:00","2025","03","12","22:00","","-1.8","","-7.9","","63","","0.0","","7","","15","","16.1","","97.58","","","","-7","","NA"
"-80.38","43.46","KITCHENER/WATERLOO","6144239","2025-03-12 23:00","2025","03","12","23:00","","-2.4","","-7.3","","69","","0.0","","9","","15","","16.1","","97.59","","","","-7","","NA"
"-80.38","43.46","KITCHENER/WATERLOO","6144239","2025-03-13 00:00","2025","03","13","00:00","","-2.4","","-6.4","","74","","0.0","","8","","22","","16.1","","97.53","","","","-9","","NA"
"-80.38","43.46","KITCHENER/WATERLOO","6144239","2025-03-13 01:00","2025","03","13","01:00","","-2.7","","-6.0","","78","","0.0","","7","","17","","16.1","","97.47","","","","-8","","NA"
"-80.38","43.46","KITCHENER/WATERLOO","6144239","2025-03-13 02:00","2025","03","13","02:00","","-3.0","","-6.1","","79","","0.0","","6","","9","","16.1","","97.50","","","","-7","","NA"
"-80.38","43.46","KITCHENER/WATERLOO","6144239","2025-03-13 03:00","2025","03","13","03:00","","-3.9","","-7.1","","79","","0.0","","4","","8","","16.1","","97.43","","","","-7","","NA"
"-80.38","43.46","KITCHENER/WATERLOO","6144239","2025-03-13 04:00","2025","03","13","04:00","","-4.5","","-7.5","","80","","0.0","","2","","5","","16.1","","97.44","","","","-7","","NA"
"-80.38","43.46","KITCHENER/WATERLOO","6144239","2025-03-13 05:00","2025","03","13","05:00","","-5.1","","-8.0","","80","","0.0","","36","","5","","16.1","","97.46","","","","-7","","NA"
"-80.38","43.46","KITCHENER/WATERLOO","6144239","2025-03-13 06:00","2025","03","13","06:00","","-5.2","","-7.4","","85","","0.0","","34","","5","","16.1","","97.53","","","","-7","","NA"
"-80.38","43.46","KITCHENER/WATERLOO","6144239","2025-03-13 07:00","2025","03","13","07:00","","-5.2","","-7.7","","83","","0.0","","35","","9","","16.1","","97.59","","","","-9","","NA"
"-80.38","43.46","KITCHENER/WATERLOO","6144239","2025-03-13 08:00","2025","03","13","08:00","","-3.7","","-6.9","","79","","0.0","","1","","5","","16.1","","97.61","","","","-6","","NA"
"-80.38","43.46","KITCHENER/WATERLOO","6144239","2025-03-13 09:00","2025","03","13","09:00","","-1.7","","-5.5","","76","","0.0","","5","","5","","16.1","","97.68","","","","-4","","NA"
"-80.38","43.46","KITCHENER/WATERLOO","6144239","2025-03-13 10:00","2025","03","13","10:00","","0.5","","-4.3","","70","","0.0","","","M","4","","16.1","","97.69","","","","","","NA"
"-80.38","43.46","KITCHENER/WATERLOO","6144239","2025-03-13 11:00","2025","03","13","11:00","","3.2","","-4.0","","59","","0.0","","","M","4","","16.1","","97.68","","","","","","NA"
"-80.38","43.46","KITCHENER/WATERLOO","6144239","2025-03-13 12:00","2025","03","13","12:00","","5.7","","-4.3","","49","","0.0","","20","","8","","16.1","","97.69","","","","","","NA"
"-80.38","43.46","KITCHENER/WATERLOO","6144239","2025-03-13 13:00","2025","03","13","13:00","","7.0","","-4.8","","43","","0.0","","","M","4","","16.1","","97.68","","","","","","NA"
"-80.38","43.46","KITCHENER/WATERLOO","6144239","2025-03-13 14:00","2025","03","13","14:00","","8.8","","-5.6","","36","","0.0","","","","0","","16.1","","97.63","","","","","","NA"
"-80.38","43.46","KITCHENER/WATERLOO","6144239","2025-03-13 15:00","2025","03","13","15:00","","9.3","","-3.2","","41","","0.0","","36","","11","","16.1","","97.64","","","","","","NA"
"-80.38","43.46","KITCHENER/WATERLOO","6144239","2025-03-13 16:00","2025","03","13","16:00","","7.6","","-2.8","","48","","0.0","","35","","15","","16.1","","97.63","","","","","","NA"
"-80.38","43.46","KITCHENER/WATERLOO","6144239","2025-03-13 17:00","2025","03","13","17:00","","6.1","","-4.9","","45","","0.0","","32","","9","","16.1","","97.68","","","","","","NA"
"-80.38","43.46","KITCHENER/WATERLOO","6144239","2025-03-13 18:00","2025","03","13","18:00","","5.1","","-4.9","","49","","0.0","","32","","8","","16.1","","97.72","","","","","","NA"
"-80.38","43.46","KITCHENER/WATERLOO","6144239","2025-03-13 19:00","2025","03","13","19:00","","2.7","","-4.3","","60","","0.0","","32","","9","","16.1","","97.76","","","","","","NA"
"-80.38","43.46","KITCHENER/WATERLOO","6144239","2025-03-13 20:00","2025","03","13","20:00","","-0.7","","-3.9","","79","","0.0","","35","","4","","16.1","","97.78","","","","-2","","NA"
"-80.38","43.46","KITCHENER/WATERLOO","6144239","2025-03-13 21:00","2025","03","13","21:00","","-1.1","","-4.1","","80","","0.0","","34","","8","","16.1","","97.79","","","","-4","","NA"
"-80.38","43.46","KITCHENER/WATERLOO","6144239","2025-03-13 22:00","2025","03","13","22:00","","-3.2","","-4.9","","88","","0.0","","35","","5","","16.1","","97.82","","","","-5","","NA"
"-80.38","43.46","KITCHENER/WATERLOO","6144239","2025-03-13 23:00","2025","03","13","23:00","","-2.4","","-5.1","","82","","0.0","","18","","4","","16.1","","97.81","","","","-4","","NA"
"-80.38","43.46","KITCHENER/WATERLOO","6144239","2025-03-14 00:00","2025","03","14","00:00","","-3.5","","-5.1","","89","","0.0","","","","0","","16.1","","97.79","","","","","","NA"
"-80.38","43.46","KITCHENER/WATERLOO","6144239","2025-03-14 01:00","2025","03","14","01:00","","-4.0","","-5.1","","92","","0.0","","8","","4","","16.1","","97.79","","","","-6","","NA"
"-80.38","43.46","KITCHENER/WATERLOO","6144239","2025-03-14 02:00","2025","03","14","02:00","","-4.4","","-5.7","","91","","0.0","","1","","4","","16.1","","97.77","","","","-6","","NA"
"-80.38","43.46","KITCHENER/WATERLOO","6144239","2025-03-14 03:00","2025","03","14","03:00","","-3.6","","-4.6","","93","","0.0","","","","0","","16.1","","97.75","","","","","","NA"
"-80.38","43.46","KITCHENER/WATERLOO","6144239","2025-03-14 04:00","2025","03","14","04:00","","-4.1","","-4.6","","96","","0.0","","","M","4","","6.4","","97.76","","","","-6","","Fog"
"-80.38","43.46","KITCHENER/WATERLOO","6144239","2025-03-14 05:00","2025","03","14","05:00","","-4.9","","-5.7","","94","","0.0","","31","","5","","8.1","","97.79","","","","-7","","Fog"
"-80.38","43.46","KITCHENER/WATERLOO","6144239","2025-03-14 06:00","2025","03","14","06:00","","-4.2","","-4.8","","96","","0.0","","","","0","","8.1","","97.80","","","","","","Fog"
"-80.38","43.46","KITCHENER/WATERLOO","6144239","2025-03-14 07:00","2025","03","14","07:00","","-4.0","","-5.4","","90","","0.0","","7","","8","","12.9","","97.78","","","","-7","","NA"
"-80.38","43.46","KITCHENER/WATERLOO","6144239","2025-03-14 08:00","2025","03","14","08:00","","1.9","","-4.6","","62","","0.0","","10","","13","","16.1","","97.79","","","","","","NA"
"-80.38","43.46","KITCHENER/WATERLOO","6144239","2025-03-14 09:00","2025","03","14","09:00","","4.6","","-3.5","","56","","0.0","","10","","15","","16.1","","97.80","","","","","","NA"
"-80.38","43.46","KITCHENER/WATERLOO","6144239","2025-03-14 10:00","2025","03","14","10:00","","7.1","","-3.9","","46","","0.0","","9","","13","","16.1","","97.77","","","","","","NA"
"-80.38","43.46","KITCHENER/WATERLOO","6144239","2025-03-14 11:00","2025","03","14","11:00","","9.5","","-2.8","","42","","0.0","","11","","15","","16.1","","97.71","","","","","","NA"
"-80.38","43.46","KITCHENER/WATERLOO","6144239","2025-03-14 12:00","2025","03","14","12:00","","11.1","","-1.9","","40","","0.0","","9","","13","","16.1","","97.63","","","","","","NA"
"-80.38","43.46","KITCHENER/WATERLOO","6144239","2025-03-14 13:00","2025","03","14","13:00","","14.0","","-0.8","","36","","0.0","","11","","18","","16.1","","97.52","","","","","","NA"
"-80.38","43.46","KITCHENER/WATERLOO","6144239","2025-03-14 14:00","2025","03","14","14:00","","14.1","","-0.3","","37","","0.0","","10","","18","","16.1","","97.44","","","","","","NA"
"-80.38","43.46","KITCHENER/WATERLOO","6144239","2025-03-14 15:00","2025","03","14","15:00","","14.9","","0.1","","36","","0.0","","11","","21","","16.1","","97.36","","","","","","NA"
"-80.38","43.46","KITCHENER/WATERLOO","6144239","2025-03-14 16:00","2025","03","14","16:00","","13.1","","1.2","","44","","0.0","","7","","18","","16.1","","97.27","","","","","","NA"
"-80.38","43.46","KITCHENER/WATERLOO","6144239","2025-03-14 17:00","2025","03","14","17:00","","11.1","","1.7","","52","","0.0","","8","","17","","16.1","","97.20","","","","","","NA"
"-80.38","43.46","KITCHENER/WATERLOO","6144239","2025-03-14 18:00","2025","03","14","18:00","","7.8","","0.3","","59","","0.0","","9","","15","","16.1","","97.17","","","","","","NA"
"-80.38","43.46","KITCHENER/WATERLOO","6144239","2025-03-14 19:00","2025","03","14","19:00","","5.8","","0.0","","66","","0.0","","9","","13","","16.1","","97.12","","","","","","NA"
"-80.38","43.46","KITCHENER/WATERLOO","6144239","2025-03-14 20:00","2025","03","14","20:00","","5.1","","1.0","","75","","0.0","","8","","9","","16.1","","97.06","","","","","","NA"
"-80.38","43.46","KITCHENER/WATERLOO","6144239","2025-03-14 21:00","2025","03","14","21:00","","5.8","","1.3","","73","","0.0","","5","","5","","16.1","","97.02","","","","","","NA"
"-80.38","43.46","KITCHENER/WATERLOO","6144239","2025-03-14 22:00","2025","03","14","22:00","","4.3","","0.8","","78","","0.0","","10","","8","","16.1","","96.99","","","","","","NA"
"-80.38","43.46","KITCHENER/WATERLOO","6144239","2025-03-14 23:00","2025","03","14","23:00","","3.9","","0.9","","81","","0.0","","9","","9","","16.1","","96.92","","","","","","NA"
"-80.38","43.46","KITCHENER/WATERLOO","6144239","2025-03-15 00:00","2025","03","15","00:00","","6.2","","1.5","","72","","0.0","","11","","8","","16.1","","96.86","","","","","","NA"
"-80.38","43.46","KITCHENER/WATERLOO","6144239","2025-03-15 01:00","2025","03","15","01:00","","7.2","","2.4","","72","","0.0","","13","","11","","16.1","","96.82","","","","","","NA"
"-80.38","43.46","KITCHENER/WATERLOO","6144239","2025-03-15 02:00","2025","03","15","02:00","","6.1","","2.0","","75","","0.0","","12","","11","","16.1","","96.77","","","","","","NA"
"-80.38","43.46","KITCHENER/WATERLOO","6144239","2025-03-15 03:00","2025","03","15","03:00","","5.7","","2.2","","78","","0.0","","14","","13","","16.1","","96.76","","","","","","NA"
"-80.38","43.46","KITCHENER/WATERLOO","6144239","2025-03-15 04:00","2025","03","15","04:00","","5.9","","2.6","","79","","0.0","","14","","15","","16.1","","96.73","","","","","","NA"
"-80.38","43.46","KITCHENER/WATERLOO","6144239","2025-03-15 05:00","2025","03","15","05:00","","6.5","","2.8","","77","","0.0","","15","","17","","16.1","","96.69","","","","","","NA"
"-80.38","43.46","KITCHENER/WATERLOO","6144239","2025-03-15 06:00","2025","03","15","06:00","","6.9","","3.0","","76","","0.0","","14","","17","","16.1","","96.61","","","","","","NA"
"-80.38","43.46","KITCHENER/WATERLOO","6144239","2025-03-15 07:00","2025","03","15","07:00","","7.3","","2.8","","73","","0.0","","14","","15","","16.1","","96.55","","","","","","NA"
"-80.38","43.46","KITCHENER/WATERLOO","6144239","2025-03-15 08:00","2025","03","15","08:00","","7.5","","3.0","","73","","0.0","","15","","15","","16.1","","96.74","","","","","","NA"
"-80.38","43.46","KITCHENER/WATERLOO","6144239","2025-03-15 09:00","2025","03","15","09:00","","7.0","","6.0","","93","","7.0","","12","","18","","4.0","","96.69","","","","","","Thunderstorms,Moderate Rain,Fog"
"-80.38","43.46","KITCHENER/WATERLOO","6144239","2025-03-15 10:00","2025","03","15","10:00","","7.2","","6.5","","95","","5.5","","13","","17","","4.0","","96.68","","","","","","Moderate Rain,Fog"
"-80.38","43.46","KITCHENER/WATERLOO","6144239","2025-03-15 11:00","2025","03","15","11:00","","8.9","","7.8","","93","","0.8","","15","","24","","16.1","","96.60","","","","","","NA"
"-80.38","43.46","KITCHENER/WATERLOO","6144239","2025-03-15 12:00","2025","03","15","12:00","","10.6","","9.1","","91","","0.0","","15","","21","","16.1","","96.40","","","","","","Rain"
"-80.38","43.46","KITCHENER/WATERLOO","6144239","2025-03-15 13:00","2025","03","15","13:00","","13.9","","10.4","","79","","0.0","","17","","32","","16.1","","96.44","","","","","","NA"
"-80.38","43.46","KITCHENER/WATERLOO","6144239","2025-03-15 14:00","2025","03","15","14:00","","15.7","","10.4","","70","","0.2","","16","","34","","16.1","","96.34","","","","","","NA"
"-80.38","43.46","KITCHENER/WATERLOO","6144239","2025-03-15 15:00","2025","03","15","15:00","","17.8","","11.0","","64","","0.0","","17","","28","","16.1","","96.23","","","","","","NA"
"-80.38","43.46","KITCHENER/WATERLOO","6144239","2025-03-15 16:00","2025","03","15","16:00","","17.6","","10.8","","64","","0.0","","18","","37","","16.1","","96.24","","","","","","NA"
"-80.38","43.46","KITCHENER/WATERLOO","6144239","2025-03-15 17:00","2025","03","15","17:00","","17.2","","10.6","","65","","0.0","","18","","26","","16.1","","96.23","","","","","","NA"
"-80.38","43.46","KITCHENER/WATERLOO","6144239","2025-03-15 18:00","2025","03","15","18:00","","16.5","","10.2","","66","","0.0","","18","","21","","16.1","","96.27","","","","","","NA"
"-80.38","43.46","KITCHENER/WATERLOO","6144239","2025-03-15 19:00","2025","03","15","19:00","","15.9","","10.1","","68","","0.0","","18","","17","","16.1","","96.28","","","","","","NA"
"-80.38","43.46","KITCHENER/WATERLOO","6144239","2025-03-15 20:00","2025","03","15","20:00","","14.6","","9.8","","73","","0.0","","22","","13","","16.1","","96.34","","","","","","NA"
"-80.38","43.46","KITCHENER/WATERLOO","6144239","2025-03-15 21:00","2025","03","15","21:00","","15.2","","9.8","","70","","0.0","","18","","21","","16.1","","96.40","","","","","","NA"
"-80.38","43.46","KITCHENER/WATERLOO","6144239","2025-03-15 22:00","2025","03","15","22:00","","14.7","","9.9","","73","","0.0","","17","","22","","16.1","","96.42","","","","","","NA"
"-80.38","43.46","KITCHENER/WATERLOO","6144239","2025-03-15 23:00","2025","03","15","23:00","","13.3","","10.3","","82","","0.0","","17","","17","","16.1","","96.42","","","","","","Rain"
"-80.38","43.46","KITCHENER/WATERLOO","6144239","2025-03-16 00:00","2025","03","16","00:00","","12.3","","10.5","","89","","0.0","","15","","21","","16.1","","96.39","","","","","","NA"
"-80.38","43.46","KITCHENER/WATERLOO","6144239","2025-03-16 01:00","2025","03","16","01:00","","11.4","","10.0","","91","","0.0","","13","","13","","16.1","","96.29","","","","","","NA"
"-80.38","43.46","KITCHENER/WATERLOO","6144239","2025-03-16 02:00","2025","03","16","02:00","","12.5","","9.0","","79","","0.0","","17","","24","","16.1","","96.28","","","","","","NA"
"-80.38","43.46","KITCHENER/WATERLOO","6144239","2025-03-16 03:00","2025","03","16","03:00","","11.9","","9.6","","85","","0.0","","17","","22","","16.1","","96.20","","","","","","Rain"
"-80.38","43.46","KITCHENER/WATERLOO","6144239","2025-03-16 04:00","2025","03","16","04:00","","11.4","","10.5","","94","","1.5","","16","","26","","16.1","","96.12","","","","","","Rain"
"-80.38","43.46","KITCHENER/WATERLOO","6144239","2025-03-16 05:00","2025","03","16","05:00","","11.4","","10.6","","95","","1.0","","15","","17","","16.1","","96.03","","","","","","Rain"
"-80.38","43.46","KITCHENER/WATERLOO","6144239","2025-03-16 06:00","2025","03","16","06:00","","11.8","","11.0","","95","","2.0","","15","","24","","16.1","","95.93","","","","","","Rain"
"-80.38","43.46","KITCHENER/WATERLOO","6144239","2025-03-16 07:00","2025","03","16","07:00","","12.0","","11.2","","95","","0.5","","15","","30","","16.1","","95.86","","","","","","Rain"
"-80.38","43.46","KITCHENER/WATERLOO","6144239","2025-03-16 08:00","2025","03","16","08:00","","12.7","","11.4","","92","","0.2","","14","","30","","16.1","","95.75","","","","","","NA"
"-80.38","43.46","KITCHENER/WATERLOO","6144239","2025-03-16 09:00","2025","03","16","09:00","","13.8","","11.4","","85","","0.0","","16","","32","","16.1","","95.71","","","","","","NA"
"-80.38","43.46","KITCHENER/WATERLOO","6144239","2025-03-16 10:00","2025","03","16","10:00","","16.5","","12.1","","75","","0.0","","18","","37","","16.1","","95.66","","","","","","NA"
"-80.38","43.46","KITCHENER/WATERLOO","6144239","2025-03-16 11:00","2025","03","16","11:00","","16.8","","11.9","","73","","0.0","","19","","39","","16.1","","95.64","","","","","","NA"
"-80.38","43.46","KITCHENER/WATERLOO","6144239","2025-03-16 12:00","2025","03","16","12:00","","17.7","","12.7","","72","","0.0","","19","","34","","16.1","","95.60","","","","","","NA"
"-80.38","43.46","KITCHENER/WATERLOO","6144239","2025-03-16 13:00","2025","03","16","13:00","","15.4","","10.8","","74","","0.8","","21","","28","","16.1","","95.60","","","","","","NA"
"-80.38","43.46","KITCHENER/WATERLOO","6144239","2025-03-16 14:00","2025","03","16","14:00","","13.8","","10.0","","78","","0.0","","21","","37","","16.1","","95.70","","","","","","NA"
"-80.38","43.46","KITCHENER/WATERLOO","6144239","2025-03-16 15:00","2025","03","16","15:00","","9.2","","6.4","","82","","0.0","","26","","32","","16.1","","95.90","","","","","","NA"
"-80.38","43.46","KITCHENER/WATERLOO","6144239","2025-03-16 16:00","2025","03","16","16:00","","6.8","","4.2","","84","","0.0","","29","","30","","16.1","","96.18","","","","","","NA"
"-80.38","43.46","KITCHENER/WATERLOO","6144239","2025-03-16 17:00","2025","03","16","17:00","","5.5","","3.2","","85","","0.0","","28","","22","","16.1","","96.38","","","","","","NA"
"-80.38","43.46","KITCHENER/WATERLOO","6144239","2025-03-16 18:00","2025","03","16","18:00","","4.9","","2.9","","87","","0.0","","27","","22","","16.1","","96.49","","","","","","NA"
"-80.38","43.46","KITCHENER/WATERLOO","6144239","2025-03-16 19:00","2025","03","16","19:00","","4.0","","1.9","","86","","0.0","","27","","24","","16.1","","96.64","","","","","","NA"
"-80.38","43.46","KITCHENER/WATERLOO","6144239","2025-03-16 20:00","2025","03","16","20:00","","2.6","","-0.2","","82","","0.0","","29","","24","","16.1","","96.74","","","","","","NA"
"-80.38","43.46","KITCHENER/WATERLOO","6144239","2025-03-16 21:00","2025","03","16","21:00","","1.5","","-1.2","","82","","0.0","","29","","34","","16.1","","96.95","","","","","","NA"
"-80.38","43.46","KITCHENER/WATERLOO","6144239","2025-03-16 22:00","2025","03","16","22:00","","0.4","","-2.3","","82","","0.0","","29","","26","","16.1","","97.04","","","","","","NA"
"-80.38","43.46","KITCHENER/WATERLOO","6144239","2025-03-16 23:00","2025","03","16","23:00","","-0.6","","-4.1","","77","","0.0","","31","","32","","16.1","","97.21","","","","-7","","Snow"
"-80.38","43.46","KITCHENER/WATERLOO","6144239","2025-03-17 00:00","2025","03","17","00:00","","-1.4","","-5.0","","77","","0.0","","31","","24","","16.1","","97.34","","","","-8","","NA"
"-80.38","43.46","KITCHENER/WATERLOO","6144239","2025-03-17 01:00","2025","03","17","01:00","","-1.7","","-4.9","","79","","0.0","","31","","21","","16.1","","97.42","","","","-8","","NA"
"-80.38","43.46","KITCHENER/WATERLOO","6144239","2025-03-17 02:00","2025","03","17","02:00","","-1.9","","-5.1","","79","","0.0","","30","","28","","16.1","","97.50","","","","-9","","NA"
"-80.38","43.46","KITCHENER/WATERLOO","6144239","2025-03-17 03:00","2025","03","17","03:00","","-2.2","","-5.2","","80","","0.0","","30","","26","","16.1","","97.53","","","","-9","","NA"
"-80.38","43.46","KITCHENER/WATERLOO","6144239","2025-03-17 04:00","2025","03","17","04:00","","-2.2","","-7.3","","68","","0.0","","29","","28","","16.1","","97.60","","","","-9","","NA"
"-80.38","43.46","KITCHENER/WATERLOO","6144239","2025-03-17 05:00","2025","03","17","05:00","","-2.4","","-6.3","","75","","0.0","","32","","18","","16.1","","97.72","","","","-8","","Snow"
"-80.38","43.46","KITCHENER/WATERLOO","6144239","2025-03-17 06:00","2025","03","17","06:00","","-3.1","","-7.5","","72","","0.0","","34","","22","","16.1","","97.87","","","","-9","","NA"
"-80.38","43.46","KITCHENER/WATERLOO","6144239","2025-03-17 07:00","2025","03","17","07:00","","-3.1","","-6.9","","75","","0.0","","32","","15","","16.1","","97.94","","","","-8","","Snow"
"-80.38","43.46","KITCHENER/WATERLOO","6144239","2025-03-17 08:00","2025","03","17","08:00","","-3.6","","-8.3","","70","","0.0","","34","","21","","16.1","","98.02","","","","-10","","NA"
"-80.38","43.46","KITCHENER/WATERLOO","6144239","2025-03-17 09:00","2025","03","17","09:00","","-2.5","","-7.6","","68","","0.0","","34","","17","","16.1","","98.09","","","","-8","","NA"
"-80.38","43.46","KITCHENER/WATERLOO","6144239","2025-03-17 10:00","2025","03","17","10:00","","-1.8","","-9.0","","58","","0.0","","31","","18","","16.1","","98.18","","","","-7","","NA"
"-80.38","43.46","KITCHENER/WATERLOO","6144239","2025-03-17 11:00","2025","03","17","11:00","","-0.7","","-7.8","","59","","0.0","","32","","17","","16.1","","98.23","","","","-6","","NA"
"-80.38","43.46","KITCHENER/WATERLOO","6144239","2025-03-17 12:00","2025","03","17","12:00","","0.3","","-7.7","","55","","0.0","","34","","18","","16.1","","98.23","","","","","","NA"
"-80.38","43.46","KITCHENER/WATERLOO","6144239","2025-03-17 13:00","2025","03","17","13:00","","1.4","","-7.6","","51","","0.0","","34","","11","","16.1","","98.19","","","","","","NA"
"-80.38","43.46","KITCHENER/WATERLOO","6144239","2025-03-17 14:00","2025","03","17","14:00","","2.9","","-5.9","","52","","0.0","","32","","9","","16.1","","98.15","","","","","","NA"
"-80.38","43.46","KITCHENER/WATERLOO","6144239","2025-03-17 15:00","2025","03","17","15:00","","4.3","","-6.4","","46","","0.0","","30","","15","","16.1","","98.14","","","","","","NA"
"-80.38","43.46","KITCHENER/WATERLOO","6144239","2025-03-17 16:00","2025","03","17","16:00","","4.5","","-6.8","","44","","0.0","","31","","17","","16.1","","98.16","","","","","","NA"
"-80.38","43.46","KITCHENER/WATERLOO","6144239","2025-03-17 17:00","2025","03","17","17:00","","4.6","","-7.3","","42","","0.0","","30","","9","","16.1","","98.16","","","","","","NA"
"-80.38","43.46","KITCHENER/WATERLOO","6144239","2025-03-17 18:00","2025","03","17","18:00","","3.8","","-7.4","","44","","0.0","","35","","5","","16.1","","98.15","","","","","","NA"
"-80.38","43.46","KITCHENER/WATERLOO","6144239","2025-03-17 19:00","2025","03","17","19:00","","0.5","","-5.7","","63","","0.0","","15","","8","","16.1","","98.08","","","","","","NA"
"-80.38","43.46","KITCHENER/WATERLOO","6144239","2025-03-17 20:00","2025","03","17","20:00","","0.6","","-5.5","","64","","0.0","","","","0","","16.1","","98.16","","","","","","NA"
"-80.38","43.46","KITCHENER/WATERLOO","6144239","2025-03-17 21:00","2025","03","17","21:00","","-1.0","","-5.3","","73","","0.0","","16","","4","","16.1","","98.12","","","","-2","","NA"
"-80.38","43.46","KITCHENER/WATERLOO","6144239","2025-03-17 22:00","2025","03","17","22:00","","0.1","","-3.3","","78","","0.0","","18","","15","","16.1","","98.00","","","","","","NA"
"-80.38","43.46","KITCHENER/WATERLOO","6144239","2025-03-17 23:00","2025","03","17","23:00","","-0.4","","-3.3","","81","","0.0","","22","","15","","16.1","","98.15","","","","-5","","NA"
"-80.38","43.46","KITCHENER/WATERLOO","6144239","2025-03-18 00:00","2025","03","18","00:00","","-0.8","","-3.3","","83","","0.0","","20","","11","","16.1","","98.12","","","","-5","","NA"
"-80.38","43.46","KITCHENER/WATERLOO","6144239","2025-03-18 01:00","2025","03","18","01:00","","-1.6","","-3.8","","85","","0.0","","18","","11","","16.1","","98.10","","","","-5","","NA"
"-80.38","43.46","KITCHENER/WATERLOO","6144239","2025-03-18 02:00","2025","03","18","02:00","","-1.6","","-4.0","","84","","0.0","","16","","13","","16.1","","98.03","","","","-6","","NA"
"-80.38","43.46","KITCHENER/WATERLOO","6144239","2025-03-18 03:00","2025","03","18","03:00","","-2.7","","-4.7","","86","","0.0","","14","","8","","16.1","","98.02","","","","-6","","NA"
"-80.38","43.46","KITCHENER/WATERLOO","6144239","2025-03-18 04:00","2025","03","18","04:00","","-0.9","","-5.0","","74","","0.0","","15","","13","","16.1","","97.93","","","","-5","","NA"
"-80.38","43.46","KITCHENER/WATERLOO","6144239","2025-03-18 05:00","2025","03","18","05:00","","-0.9","","-5.3","","72","","0.0","","17","","17","","16.1","","97.85","","","","-6","","NA"
"-80.38","43.46","KITCHENER/WATERLOO","6144239","2025-03-18 06:00","2025","03","18","06:00","","-0.9","","-4.6","","76","","0.0","","16","","13","","16.1","","97.78","","","","-5","","NA"
"-80.38","43.46","KITCHENER/WATERLOO","6144239","2025-03-18 07:00","2025","03","18","07:00","","-1.3","","-3.8","","83","","0.0","","15","","9","","16.1","","97.77","","","","-5","","NA"
"-80.38","43.46","KITCHENER/WATERLOO","6144239","2025-03-18 08:00","2025","03","18","08:00","","1.2","","-3.0","","74","","0.0","","17","","11","","16.1","","97.75","","","","","","NA"
"-80.38","43.46","KITCHENER/WATERLOO","6144239","2025-03-18 09:00","2025","03","18","09:00","","3.8","","-2.6","","63","","0.0","","18","","21","","16.1","","97.69","","","","","","NA"
"-80.38","43.46","KITCHENER/WATERLOO","6144239","2025-03-18 10:00","2025","03","18","10:00","","6.9","","-2.0","","53","","0.0","","19","","28","","16.1","","97.59","","","","","","NA"
"-80.38","43.46","KITCHENER/WATERLOO","6144239","2025-03-18 11:00","2025","03","18","11:00","","9.7","","-0.7","","48","","0.0","","20","","24","","16.1","","97.55","","","","","","NA"
"-80.38","43.46","KITCHENER/WATERLOO","6144239","2025-03-18 12:00","2025","03","18","12:00","","11.7","","0.6","","46","","0.0","","19","","26","","16.1","","97.44","","","","","","NA"
"-80.38","43.46","KITCHENER/WATERLOO","6144239","2025-03-18 13:00","2025","03","18","13:00","","12.8","","1.7","","47","","0.0","","19","","18","","16.1","","97.39","","","","","","NA"
"-80.38","43.46","KITCHENER/WATERLOO","6144239","2025-03-18 14:00","2025","03","18","14:00","","13.5","","1.9","","45","","0.0","","22","","15","","16.1","","97.37","","","","","","NA"
"-80.38","43.46","KITCHENER/WATERLOO","6144239","2025-03-18 15:00","2025","03","18","15:00","","14.0","","2.1","","44","","0.0","","20","","17","","16.1","","97.35","","","","","","NA"
"-80.38","43.46","KITCHENER/WATERLOO","6144239","2025-03-18 16:00","2025","03","18","16:00","","13.6","","2.0","","45","","0.0","","24","","17","","16.1","","97.37","","","","","","NA"
"-80.38","43.46","KITCHENER/WATERLOO","6144239","2025-03-18 17:00","2025","03","18","17:00","","13.6","","2.0","","45","","0.0","","20","","18","","16.1","","97.37","","","","","","NA"
"-80.38","43.46","KITCHENER/WATERLOO","6144239","2025-03-18 18:00","2025","03","18","18:00","","12.2","","1.8","","49","","0.0","","19","","11","","16.1","","97.34","","","","","","NA"
"-80.38","43.46","KITCHENER/WATERLOO","6144239","2025-03-18 19:00","2025","03","18","19:00","","9.5","","1.7","","58","","0.0","","16","","8","","16.1","","97.34","","","","","","NA"
"-80.38","43.46","KITCHENER/WATERLOO","6144239","2025-03-18 20:00","2025","03","18","20:00","","8.6","","2.0","","63","","0.0","","11","","8","","16.1","","97.36","","","","","","NA"
"-80.38","43.46","KITCHENER/WATERLOO","6144239","2025-03-18 21:00","2025","03","18","21:00","","5.8","","1.3","","73","","0.0","","11","","9","","16.1","","97.34","","","","","","NA"
"-80.38","43.46","KITCHENER/WATERLOO","6144239","2025-03-18 22:00","2025","03","18","22:00","","7.4","","1.1","","64","","0.0","","12","","15","","16.1","","97.32","","","","","","NA"
"-80.38","43.46","KITCHENER/WATERLOO","6144239","2025-03-18 23:00","2025","03","18","23:00","","7.2","","0.9","","64","","0.0","","15","","9","","16.1","","97.30","","","","","","NA"
"-80.38","43.46","KITCHENER/WATERLOO","6144239","2025-03-19 00:00","2025","03","19","00:00","","6.3","","0.8","","68","","0.0","","12","","11","","16.1","","97.27","","","","","","NA"
"-80.38","43.46","KITCHENER/WATERLOO","6144239","2025-03-19 01:00","2025","03","19","01:00","","5.5","","0.2","","69","","0.0","","","","0","","16.1","","97.28","","","","","","NA"
"-80.38","43.46","KITCHENER/WATERLOO","6144239","2025-03-19 02:00","2025","03","19","02:00","","5.2","","0.2","","70","","0.0","","14","","11","","16.1","","97.23","","","","","","NA"
"-80.38","43.46","KITCHENER/WATERLOO","6144239","2025-03-19 03:00","2025","03","19","03:00","","5.4","","0.2","","69","","0.0","","15","","9","","16.1","","97.17","","","","","","NA"
"-80.38","43.46","KITCHENER/WATERLOO","6144239","2025-03-19 04:00","2025","03","19","04:00","","5.0","","-0.4","","68","","0.0","","16","","9","","16.1","","97.12","","","","","","NA"
"-80.38","43.46","KITCHENER/WATERLOO","6144239","2025-03-19 05:00","2025","03","19","05:00","","4.8","","-0.4","","69","","0.0","","16","","9","","16.1","","97.08","","","","","","NA"
"-80.38","43.46","KITCHENER/WATERLOO","6144239","2025-03-19 06:00","2025","03","19","06:00","","3.1","","-0.6","","77","","0.0","","13","","5","","16.1","","97.07","","","","","","NA"
"-80.38","43.46","KITCHENER/WATERLOO","6144239","2025-03-19 07:00","2025","03","19","07:00","","5.3","","-0.3","","67","","0.0","","16","","5","","16.1","","97.07","","","","","","NA"
"-80.38","43.46","KITCHENER/WATERLOO","6144239","2025-03-19 08:00","2025","03","19","08:00","","10.4","","1.6","","54","","0.0","","16","","11","","16.1","","97.01","","","","","","NA"
"-80.38","43.46","KITCHENER/WATERLOO","6144239","2025-03-19 09:00","2025","03","19","09:00","","13.3","","1.1","","43","","0.0","","19","","18","","16.1","","97.00","","","","","","NA"
"-80.38","43.46","KITCHENER/WATERLOO","6144239","2025-03-19 10:00","2025","03","19","10:00","","16.1","","1.7","","38","","0.0","","20","","22","","16.1","","96.93","","","","","","NA"
"-80.38","43.46","KITCHENER/WATERLOO","6144239","2025-03-19 11:00","2025","03","19","11:00","","17.4","","2.0","","35","","0.0","","21","","26","","16.1","","96.87","","","","","","NA"
"-80.38","43.46","KITCHENER/WATERLOO","6144239","2025-03-19 12:00","2025","03","19","12:00","","18.5","","2.6","","34","","0.0","","20","","22","","16.1","","96.79","","","","","","NA"
"-80.38","43.46","KITCHENER/WATERLOO","6144239","2025-03-19 13:00","2025","03","19","13:00","","19.8","","2.8","","32","","0.0","","20","","30","","16.1","","96.72","","","","","","NA"
"-80.38","43.46","KITCHENER/WATERLOO","6144239","2025-03-19 14:00","2025","03","19","14:00","","19.7","","2.8","","32","","0.0","","22","","35","","16.1","","96.60","","","","","","NA"
"-80.38","43.46","KITCHENER/WATERLOO","6144239","2025-03-19 15:00","2025","03","19","15:00","","20.3","","2.9","","31","","0.0","","20","","26","","16.1","","96.50","","","","","","NA"
"-80.38","43.46","KITCHENER/WATERLOO","6144239","2025-03-19 16:00","2025","03","19","16:00","","20.3","","2.5","","30","","0.0","","20","","32","","16.1","","96.45","","","","","","NA"
"-80.38","43.46","KITCHENER/WATERLOO","6144239","2025-03-19 17:00","2025","03","19","17:00","","19.9","","1.4","","29","","0.0","","20","","28","","16.1","","96.41","","","","","","NA"
"-80.38","43.46","KITCHENER/WATERLOO","6144239","2025-03-19 18:00","2025","03","19","18:00","","18.1","","2.1","","34","","0.0","","20","","9","","16.1","","96.38","","","","","","NA"
"-80.38","43.46","KITCHENER/WATERLOO","6144239","2025-03-19 19:00","2025","03","19","19:00","","16.4","","1.8","","37","","0.0","","17","","9","","16.1","","96.39","","","","","","NA"
"-80.38","43.46","KITCHENER/WATERLOO","6144239","2025-03-19 20:00","2025","03","19","20:00","","16.1","","1.9","","38","","0.0","","18","","15","","16.1","","96.36","","","","","","NA"
"-80.38","43.46","KITCHENER/WATERLOO","6144239","2025-03-19 21:00","2025","03","19","21:00","","15.9","","2.4","","40","","0.0","","17","","13","","16.1","","96.30","","","","","","NA"
"-80.38","43.46","KITCHENER/WATERLOO","6144239","2025-03-19 22:00","2025","03","19","22:00","","15.3","","3.8","","46","","0.0","","18","","17","","16.1","","96.20","","","","","","NA"
"-80.38","43.46","KITCHENER/WATERLOO","6144239","2025-03-19 23:00","2025","03","19","23:00","","14.7","","5.2","","53","","0.0","","22","","17","","16.1","","96.17","","","","","","NA"
"-80.38","43.46","KITCHENER/WATERLOO","6144239","2025-03-20 00:00","2025","03","20","00:00","","12.7","","5.4","","61","","0.0","","13","","15","","16.1","","96.10","","","","","","NA"
"-80.38","43.46","KITCHENER/WATERLOO","6144239","2025-03-20 01:00","2025","03","20","01:00","","11.9","","4.0","","58","","0.0","","15","","9","","16.1","","95.98","","","","","","NA"
"-80.38","43.46","KITCHENER/WATERLOO","6144239","2025-03-20 02:00","2025","03","20","02:00","","11.9","","5.5","","65","","0.5","","24","","13","","16.1","","95.92","","","","","","Rain"
"-80.38","43.46","KITCHENER/WATERLOO","6144239","2025-03-20 03:00","2025","03","20","03:00","","12.6","","6.2","","65","","0.0","","21","","22","","16.1","","95.90","","","","","","Rain"
"-80.38","43.46","KITCHENER/WATERLOO","6144239","2025-03-20 04:00","2025","03","20","04:00","","11.1","","8.5","","84","","0.5","","20","","17","","16.1","","95.88","","","","","","Rain"
"-80.38","43.46","KITCHENER/WATERLOO","6144239","2025-03-20 05:00","2025","03","20","05:00","","10.7","","8.3","","85","","0.2","","19","","28","","16.1","","95.93","","","","","","Rain"
"-80.38","43.46","KITCHENER/WATERLOO","6144239","2025-03-20 06:00","2025","03","20","06:00","","9.7","","8.0","","89","","0.8","","18","","24","","16.1","","95.93","","","","","","Rain"
"-80.38","43.46","KITCHENER/WATERLOO","6144239","2025-03-20 07:00","2025","03","20","07:00","","9.5","","7.8","","89","","0.0","","17","","26","","16.1","","95.86","","","","","","Rain"
"-80.38","43.46","KITCHENER/WATERLOO","6144239","2025-03-20 08:00","2025","03","20","08:00","","9.6","","7.7","","88","","0.0","","19","","30","","16.1","","95.95","","","","","","NA"
"-80.38","43.46","KITCHENER/WATERLOO","6144239","2025-03-20 09:00","2025","03","20","09:00","","10.2","","7.2","","82","","0.0","","20","","30","","16.1","","95.94","","","","","","NA"
"-80.38","43.46","KITCHENER/WATERLOO","6144239","2025-03-20 10:00","2025","03","20","10:00","","9.4","","3.3","","65","","0.0","","22","","34","","16.1","","95.95","","","","","","NA"
"-80.38","43.46","KITCHENER/WATERLOO","6144239","2025-03-20 11:00","2025","03","20","11:00","","9.4","","0.9","","55","","0.0","","20","","34","","16.1","","95.93","","","","","","NA"
"-80.38","43.46","KITCHENER/WATERLOO","6144239","2025-03-20 12:00","2025","03","20","12:00","","10.5","","2.1","","56","","0.0","","23","","32","","16.1","","95.88","","","","","","NA"
"-80.38","43.46","KITCHENER/WATERLOO","6144239","2025-03-20 13:00","2025","03","20","13:00","","8.2","","2.9","","69","","0.0","","25","","32","","16.1","","95.94","","","","","","NA"
"-80.38","43.46","KITCHENER/WATERLOO","6144239","2025-03-20 14:00","2025","03","20","14:00","","6.6","","2.7","","76","","0.0","","25","","32","","16.1","","95.99","","","","","","Rain"
"-80.38","43.46","KITCHENER/WATERLOO","6144239","2025-03-20 15:00","2025","03","20","15:00","","3.9","","1.8","","86","","0.0","","28","","28","","16.1","","96.09","","","","","","Rain"
"-80.38","43.46","KITCHENER/WATERLOO","6144239","2025-03-20 16:00","2025","03","20","16:00","","2.9","","1.5","","91","","0.8","","28","","21","","16.1","","96.21","","","","","","Rain"
"-80.38","43.46","KITCHENER/WATERLOO","6144239","2025-03-20 17:00","2025","03","20","17:00","","0.9","","-0.3","","92","","0.2","","30","","30","","6.4","","96.39","","","","","","Rain,Fog"
"-80.38","43.46","KITCHENER/WATERLOO","6144239","2025-03-20 18:00","2025","03","20","18:00","","0.2","","-1.6","","88","","0.0","","31","","26","","16.1","","96.62","","","","","","Rain"
"-80.38","43.46","KITCHENER/WATERLOO","6144239","2025-03-20 19:00","2025","03","20","19:00","","-0.6","","-2.5","","87","","0.0","","30","","24","","14.5","","96.80","","","","-7","","Snow"
"-80.38","43.46","KITCHENER/WATERLOO","6144239","2025-03-20 20:00","2025","03","20","20:00","","-0.9","","-4.4","","77","","0.0","","32","","24","","16.1","","96.96","","","","-7","","NA"
"-80.38","43.46","KITCHENER/WATERLOO","6144239","2025-03-20 21:00","2025","03","20","21:00","","-0.4","","-4.0","","77","","0.0","","31","","28","","16.1","","97.03","","","","-7","","NA"
"-80.38","43.46","KITCHENER/WATERLOO","6144239","2025-03-20 22:00","2025","03","20","22:00","","-0.6","","-5.6","","69","","0.0","","31","","37","","16.1","","97.08","","","","-8","","NA"
"-80.38","43.46","KITCHENER/WATERLOO","6144239","2025-03-20 23:00","2025","03","20","23:00","","-0.9","","-6.0","","68","","0.0","","31","","28","","16.1","","97.12","","","","-7","","NA"
"-80.38","43.46","KITCHENER/WATERLOO","6144239","2025-03-21 00:00","2025","03","21","00:00","","-1.0","","-6.0","","69","","0.0","","32","","24","","16.1","","97.18","","","","-7","","NA"
"-80.38","43.46","KITCHENER/WATERLOO","6144239","2025-03-21 01:00","2025","03","21","01:00","","-1.5","","-6.9","","67","","0.0","","31","","24","","16.1","","97.25","","","","-8","","NA"
"-80.38","43.46","KITCHENER/WATERLOO","6144239","2025-03-21 02:00","2025","03","21","02:00","","-1.7","","-6.9","","68","","0.0","","31","","15","","16.1","","97.31","","","","-7","","NA"
"-80.38","43.46","KITCHENER/WATERLOO","6144239","2025-03-21 03:00","2025","03","21","03:00","","-2.1","","-6.3","","73","","0.0","","29","","9","","16.1","","97.38","","","","-6","","NA"
"-80.38","43.46","KITCHENER/WATERLOO","6144239","2025-03-21 04:00","2025","03","21","04:00","","-2.9","","-6.9","","74","","0.0","","29","","15","","16.1","","97.46","","","","-8","","NA"
"-80.38","43.46","KITCHENER/WATERLOO","6144239","2025-03-21 05:00","2025","03","21","05:00","","-3.3","","-7.3","","74","","0.0","","30","","8","","16.1","","97.47","","","","-7","","NA"
"-80.38","43.46","KITCHENER/WATERLOO","6144239","2025-03-21 06:00","2025","03","21","06:00","","-4.0","","-7.4","","77","","0.0","","25","","11","","16.1","","97.51","","","","-8","","NA"
"-80.38","43.46","KITCHENER/WATERLOO","6144239","2025-03-21 07:00","2025","03","21","07:00","","-2.9","","-6.4","","77","","0.0","","25","","9","","16.1","","97.56","","","","-6","","NA"
"-80.38","43.46","KITCHENER/WATERLOO","6144239","2025-03-21 08:00","2025","03","21","08:00","","-1.5","","-6.1","","71","","0.0","","25","","13","","16.1","","97.56","","","","-6","","NA"
"-80.38","43.46","KITCHENER/WATERLOO","6144239","2025-03-21 09:00","2025","03","21","09:00","","-0.6","","-6.4","","65","","0.0","","21","","11","","16.1","","97.55","","","","-4","","NA"
"-80.38","43.46","KITCHENER/WATERLOO","6144239","2025-03-21 10:00","2025","03","21","10:00","","0.8","","-5.6","","62","","0.0","","22","","22","","16.1","","97.56","","","","","","NA"
"-80.38","43.46","KITCHENER/WATERLOO","6144239","2025-03-21 11:00","2025","03","21","11:00","","2.5","","-5.8","","55","","0.0","","21","","22","","16.1","","97.50","","","","","","NA"
"-80.38","43.46","KITCHENER/WATERLOO","6144239","2025-03-21 12:00","2025","03","21","12:00","","3.6","","-5.3","","52","","0.0","","22","","22","","16.1","","97.42","","","","","","NA"
"-80.38","43.46","KITCHENER/WATERLOO","6144239","2025-03-21 13:00","2025","03","21","13:00","","5.4","","-5.5","","45","","0.0","","22","","24","","16.1","","97.32","","","","","","NA"
"-80.38","43.46","KITCHENER/WATERLOO","6144239","2025-03-21 14:00","2025","03","21","14:00","","6.2","","-4.9","","45","","0.0","","22","","32","","16.1","","97.18","","","","","","NA"
"-80.38","43.46","KITCHENER/WATERLOO","6144239","2025-03-21 15:00","2025","03","21","15:00","","6.7","","-4.0","","46","","0.0","","19","","30","","16.1","","97.06","","","","","","NA"
"-80.38","43.46","KITCHENER/WATERLOO","6144239","2025-03-21 16:00","2025","03","21","16:00","","5.6","","-5.7","","44","","0.0","","20","","28","","16.1","","97.01","","","","","","NA"
"-80.38","43.46","KITCHENER/WATERLOO","6144239","2025-03-21 17:00","2025","03","21","17:00","","5.1","","-5.0","","48","","0.0","","22","","28","","16.1","","97.00","","","","","","NA"
"-80.38","43.46","KITCHENER/WATERLOO","6144239","2025-03-21 18:00","2025","03","21","18:00","","4.2","","-3.3","","58","","0.0","","19","","26","","16.1","","96.85","","","","","","NA"
"-80.38","43.46","KITCHENER/WATERLOO","6144239","2025-03-21 19:00","2025","03","21","19:00","","4.2","","-3.3","","58","","0.0","","19","","28","","16.1","","96.76","","","","","","NA"
"-80.38","43.46","KITCHENER/WATERLOO","6144239","2025-03-21 20:00","2025","03","21","20:00","","4.5","","-3.5","","56","","0.0","","22","","24","","16.1","","96.80","","","","","","NA"
"-80.38","43.46","KITCHENER/WATERLOO","6144239","2025-03-21 21:00","2025","03","21","21:00","","4.8","","-3.4","","55","","0.0","","20","","21","","16.1","","96.77","","","","","","NA"
"-80.38","43.46","KITCHENER/WATERLOO","6144239","2025-03-21 22:00","2025","03","21","22:00","","4.9","","-2.9","","57","","0.0","","21","","21","","16.1","","96.74","","","","","","NA"
"-80.38","43.46","KITCHENER/WATERLOO","6144239","2025-03-21 23:00","2025","03","21","23:00","","5.6","","-2.5","","56","","0.0","","21","","28","","16.1","","96.65","","","","","","NA"
"-80.38","43.46","KITCHENER/WATERLOO","6144239","2025-03-22 00:00","2025","03","22","00:00","","6.3","","-2.6","","53","","0.0","","21","","32","","16.1","","96.57","","","","","","NA"
"-80.38","43.46","KITCHENER/WATERLOO","6144239","2025-03-22 01:00","2025","03","22","01:00","","6.2","","-2.7","","53","","0.0","","21","","28","","16.1","","96.49","","","","","","NA"
"-80.38","43.46","KITCHENER/WATERLOO","6144239","2025-03-22 02:00","2025","03","22","02:00","","5.9","","-2.2","","56","","0.0","","22","","28","","16.1","","96.40","","","","","","NA"
"-80.38","43.46","KITCHENER/WATERLOO","6144239","2025-03-22 03:00","2025","03","22","03:00","","5.2","","-1.7","","61","","0.0","","22","","22","","16.1","","96.31","","","","","","NA"
"-80.38","43.46","KITCHENER/WATERLOO","6144239","2025-03-22 04:00","2025","03","22","04:00","","4.9","","-1.0","","66","","0.0","","20","","15","","16.1","","96.22","","","","","","Rain"
"-80.38","43.46","KITCHENER/WATERLOO","6144239","2025-03-22 05:00","2025","03","22","05:00","","4.9","","-0.9","","66","","0.0","","20","","13","","16.1","","96.18","","","","","","NA"
"-80.38","43.46","KITCHENER/WATERLOO","6144239","2025-03-22 06:00","2025","03","22","06:00","","5.1","","0.2","","71","","0.0","","22","","18","","16.1","","96.16","","","","","","Rain"
"-80.38","43.46","KITCHENER/WATERLOO","6144239","2025-03-22 07:00","2025","03","22","07:00","","4.3","","1.9","","85","","0.2","","24","","21","","16.1","","96.18","","","","","","Rain"
"-80.38","43.46","KITCHENER/WATERLOO","6144239","2025-03-22 08:00","2025","03","22","08:00","","1.9","","0.3","","89","","0.2","","32","","28","","14.5","","96.29","","","","","","Rain"
"-80.38","43.46","KITCHENER/WATERLOO","6144239","2025-03-22 09:00","2025","03","22","09:00","","0.6","","-2.2","","81","","0.0","","32","","26","","16.1","","96.50","","","","","","Rain"
"-80.38","43.46","KITCHENER/WATERLOO","6144239","2025-03-22 10:00","2025","03","22","10:00","","0.0","","-4.0","","74","","0.0","","32","","39","","16.1","","96.61","","","","-7","","Rain,Snow"
"-80.38","43.46","KITCHENER/WATERLOO","6144239","2025-03-22 11:00","2025","03","22","11:00","","0.4","","-4.8","","68","","0.0","","30","","34","","16.1","","96.75","","","","","","NA"
"-80.38","43.46","KITCHENER/WATERLOO","6144239","2025-03-22 12:00","2025","03","22","12:00","","-0.2","","-7.9","","56","","0.0","","28","","39","","16.1","","96.89","","","","-8","","NA"
"-80.38","43.46","KITCHENER/WATERLOO","6144239","2025-03-22 13:00","2025","03","22","13:00","","-2.2","","-9.4","","58","","0.0","","30","","34","","16.1","","97.11","","","","-10","","Snow"
"-80.38","43.46","KITCHENER/WATERLOO","6144239","2025-03-22 14:00","2025","03","22","14:00","","-1.4","","-8.8","","57","","0.0","","29","","39","","16.1","","97.21","","","","-9","","Snow"
"-80.38","43.46","KITCHENER/WATERLOO","6144239","2025-03-22 15:00","2025","03","22","15:00","","-1.9","","-11.2","","49","","0.0","","29","","41","","16.1","","97.38","","","","-10","","Snow"
"-80.38","43.46","KITCHENER/WATERLOO","6144239","2025-03-22 16:00","2025","03","22","16:00","","-3.1","","-10.5","","57","","0.0","","30","","34","","16.1","","97.50","","","","-11","","NA"
"-80.38","43.46","KITCHENER/WATERLOO","6144239","2025-03-22 17:00","2025","03","22","17:00","","-4.2","","-11.7","","56","","0.0","","29","","34","","16.1","","97.65","","","","-12","","Snow"
"-80.38","43.46","KITCHENER/WATERLOO","6144239","2025-03-22 18:00","2025","03","22","18:00","","-4.4","","-11.1","","60","","0.0","","29","","32","","16.1","","97.77","","","","-12","","Snow"
"-80.38","43.46","KITCHENER/WATERLOO","6144239","2025-03-22 19:00","2025","03","22","19:00","","-4.8","","-11.4","","60","","0.0","","31","","24","","16.1","","97.84","","","","-12","","NA"
"-80.38","43.46","KITCHENER/WATERLOO","6144239","2025-03-22 20:00","2025","03","22","20:00","","-5.5","","-10.7","","67","","0.0","","32","","21","","16.1","","97.89","","","","-12","","NA"
"-80.38","43.46","KITCHENER/WATERLOO","6144239","2025-03-22 21:00","2025","03","22","21:00","","-6.0","","-10.5","","71","","0.0","","32","","21","","16.1","","97.97","","","","-13","","NA"
"-80.38","43.46","KITCHENER/WATERLOO","6144239","2025-03-22 22:00","2025","03","22","22:00","","-6.7","","-10.8","","73","","0.0","","32","","9","","16.1","","98.02","","","","-11","","NA"
"-80.38","43.46","KITCHENER/WATERLOO","6144239","2025-03-22 23:00","2025","03","22","23:00","","-6.8","","-11.0","","72","","0.0","","32","","9","","16.1","","98.06","","","","-11","","NA"
"-80.38","43.46","KITCHENER/WATERLOO","6144239","2025-03-23 00:00","2025","03","23","00:00","","-7.2","","-10.3","","79","","0.0","","29","","5","","16.1","","98.11","","","","-10","","NA"
"-80.38","43.46","KITCHENER/WATERLOO","6144239","2025-03-23 01:00","2025","03","23","01:00","","-6.7","","-9.8","","79","","0.0","","29","","9","","16.1","","98.14","","","","-11","","NA"
"-80.38","43.46","KITCHENER/WATERLOO","6144239","2025-03-23 02:00","2025","03","23","02:00","","-5.5","","-11.1","","65","","0.0","","32","","17","","16.1","","98.20","","","","-12","","NA"
"-80.38","43.46","KITCHENER/WATERLOO","6144239","2025-03-23 03:00","2025","03","23","03:00","","-5.5","","-11.4","","63","","0.0","","33","","9","","16.1","","98.24","","","","-10","","NA"
"-80.38","43.46","KITCHENER/WATERLOO","6144239","2025-03-23 04:00","2025","03","23","04:00","","-6.0","","-11.0","","68","","0.0","","","","0","","16.1","","98.25","","","","","","NA"
"-80.38","43.46","KITCHENER/WATERLOO","6144239","2025-03-23 05:00","2025","03","23","05:00","","-6.4","","-10.7","","72","","0.0","","","M","4","","16.1","","98.26","","","","-8","","NA"
"-80.38","43.46","KITCHENER/WATERLOO","6144239","2025-03-23 06:00","2025","03","23","06:00","","-7.8","","-11.0","","78","","0.0","","8","","5","","16.1","","98.27","","","","-10","","NA"
"-80.38","43.46","KITCHENER/WATERLOO","6144239","2025-03-23 07:00","2025","03","23","07:00","","-7.6","","-10.3","","81","","0.0","","13","","5","","16.1","","98.33","","","","-10","","NA"
"-80.38","43.46","KITCHENER/WATERLOO","6144239","2025-03-23 08:00","2025","03","23","08:00","","-5.0","","-9.2","","73","","0.0","","16","","8","","16.1","","98.33","","","","-9","","NA"
"-80.38","43.46","KITCHENER/WATERLOO","6144239","2025-03-23 09:00","2025","03","23","09:00","","-4.5","","-10.9","","61","","0.0","","17","","8","","16.1","","98.27","","","","-8","","NA"
"-80.38","43.46","KITCHENER/WATERLOO","6144239","2025-03-23 10:00","2025","03","23","10:00","","-2.8","","-10.1","","57","","0.0","","19","","15","","16.1","","98.36","","","","-8","","NA"
"-80.38","43.46","KITCHENER/WATERLOO","6144239","2025-03-23 11:00","2025","03","23","11:00","","-1.4","","-10.0","","52","","0.0","","13","","8","","16.1","","98.26","","","","-4","","NA"
"-80.38","43.46","KITCHENER/WATERLOO","6144239","2025-03-23 12:00","2025","03","23","12:00","","-0.5","","-10.7","","46","","0.0","","9","","9","","16.1","","98.18","","","","-4","","NA"
"-80.38","43.46","KITCHENER/WATERLOO","6144239","2025-03-23 13:00","2025","03","23","13:00","","1.2","","-9.9","","43","","0.0","","12","","18","","16.1","","98.09","","","","","","NA"
"-80.38","43.46","KITCHENER/WATERLOO","6144239","2025-03-23 14:00","2025","03","23","14:00","","1.8","","-9.2","","44","","0.0","","17","","18","","16.1","","97.97","","","","","","NA"
"-80.38","43.46","KITCHENER/WATERLOO","6144239","2025-03-23 15:00","2025","03","23","15:00","","1.1","","-8.7","","48","","0.0","","12","","21","","16.1","","97.89","","","","","","NA"
"-80.38","43.46","KITCHENER/WATERLOO","6144239","2025-03-23 16:00","2025","03","23","16:00","","0.1","","-7.7","","56","","0.0","","12","","21","","16.1","","97.81","","","","","","NA"
"-80.38","43.46","KITCHENER/WATERLOO","6144239","2025-03-23 17:00","2025","03","23","17:00","","-0.9","","-7.4","","61","","0.0","","10","","21","","16.1","","97.71","","","","-7","","NA"
"-80.38","43.46","KITCHENER/WATERLOO","6144239","2025-03-23 18:00","2025","03","23","18:00","","-1.9","","-7.4","","66","","0.0","","10","","18","","16.1","","97.66","","","","-7","","NA"
"-80.38","43.46","KITCHENER/WATERLOO","6144239","2025-03-23 19:00","2025","03","23","19:00","","-2.7","","-6.9","","73","","0.0","","10","","21","","16.1","","97.51","","","","-9","","NA"
"-80.38","43.46","KITCHENER/WATERLOO","6144239","2025-03-23 20:00","2025","03","23","20:00","","-2.8","","-6.5","","76","","0.0","","9","","30","","16.1","","97.39","","","","-10","","NA"
"-80.38","43.46","KITCHENER/WATERLOO","6144239","2025-03-23 21:00","2025","03","23","21:00","","-2.6","","-5.9","","78","","0.0","","9","","24","","16.1","","97.25","","","","-9","","NA"
"-80.38","43.46","KITCHENER/WATERLOO","6144239","2025-03-23 22:00","2025","03","23","22:00","","-2.0","","-4.7","","82","","0.0","","10","","30","","16.1","","97.13","","","","-9","","Snow"
"-80.38","43.46","KITCHENER/WATERLOO","6144239","2025-03-23 23:00","2025","03","23","23:00","","-2.3","","-3.3","","93","","0.2","","9","","24","","2.0","","96.91","","","","-9","","Snow"
"-80.38","43.46","KITCHENER/WATERLOO","6144239","2025-03-24 00:00","2025","03","24","00:00","","-1.9","","-2.9","","93","","1.2","","9","","21","","4.0","","96.67","","","","-8","","Snow"
"-80.38","43.46","KITCHENER/WATERLOO","6144239","2025-03-24 01:00","2025","03","24","01:00","","-1.4","","-2.2","","94","","0.8","","12","","21","","6.4","","96.53","","","","-7","","Snow"
"-80.38","43.46","KITCHENER/WATERLOO","6144239","2025-03-24 02:00","2025","03","24","02:00","","-0.8","","-1.5","","95","","0.2","","12","","13","","6.4","","96.44","","","","-5","","Freezing Rain,Fog"
"-80.38","43.46","KITCHENER/WATERLOO","6144239","2025-03-24 03:00","2025","03","24","03:00","","-0.3","","-0.7","","97","","0.2","","14","","15","","9.7","","96.28","","","","-5","","Freezing Rain,Fog"
"-80.38","43.46","KITCHENER/WATERLOO","6144239","2025-03-24 04:00","2025","03","24","04:00","","0.7","","0.4","","98","","0.5","","16","","15","","4.8","","96.25","","","","","","Fog"
"-80.38","43.46","KITCHENER/WATERLOO","6144239","2025-03-24 05:00","2025","03","24","05:00","","3.1","","2.7","","97","","0.0","","23","","28","","14.5","","96.22","","","","","","NA"
"-80.38","43.46","KITCHENER/WATERLOO","6144239","2025-03-24 06:00","2025","03","24","06:00","","3.1","","1.0","","86","","0.0","","23","","24","","16.1","","96.26","","","","","","NA"
"-80.38","43.46","KITCHENER/WATERLOO","6144239","2025-03-24 07:00","2025","03","24","07:00","","3.0","","0.2","","82","","0.0","","22","","24","","16.1","","96.30","","","","","","NA"
"-80.38","43.46","KITCHENER/WATERLOO","6144239","2025-03-24 08:00","2025","03","24","08:00","","3.0","","-0.3","","79","","0.0","","21","","26","","16.1","","96.31","","","","","","NA"
"-80.38","43.46","KITCHENER/WATERLOO","6144239","2025-03-24 09:00","2025","03","24","09:00","","2.7","","-0.8","","78","","0.0","","20","","22","","16.1","","96.30","","","","","","Rain"
"-80.38","43.46","KITCHENER/WATERLOO","6144239","2025-03-24 10:00","2025","03","24","10:00","","2.7","","0.9","","88","","0.0","","19","","30","","16.1","","96.25","","","","","","NA"
"-80.38","43.46","KITCHENER/WATERLOO","6144239","2025-03-24 11:00","2025","03","24","11:00","","2.5","","-0.1","","83","","0.2","","24","","26","","16.1","","96.31","","","","","","NA"
"-80.38","43.46","KITCHENER/WATERLOO","6144239","2025-03-24 12:00","2025","03","24","12:00","","2.7","","-1.0","","77","","0.0","","24","","21","","16.1","","96.34","","","","","","NA"
"-80.38","43.46","KITCHENER/WATERLOO","6144239","2025-03-24 13:00","2025","03","24","13:00","","1.1","","-0.9","","87","","0.2","","25","","24","","6.4","","96.40","","","","","","Rain,Fog"
"-80.38","43.46","KITCHENER/WATERLOO","6144239","2025-03-24 14:00","2025","03","24","14:00","","2.7","","-0.4","","80","","0.0","","23","","24","","16.1","","96.42","","","","","","NA"
"-80.38","43.46","KITCHENER/WATERLOO","6144239","2025-03-24 15:00","2025","03","24","15:00","","1.7","","0.0","","89","","0.0","","23","","24","","4.8","","96.48","","","","","","Snow"
"-80.38","43.46","KITCHENER/WATERLOO","6144239","2025-03-24 16:00","2025","03","24","16:00","","1.8","","-0.7","","84","","0.5","","24","","30","","16.1","","96.53","","","","","","Rain"
"-80.38","43.46","KITCHENER/WATERLOO","6144239","2025-03-24 17:00","2025","03","24","17:00","","1.8","","-0.3","","86","","0.0","","24","","30","","16.1","","96.59","","","","","","Rain"
"-80.38","43.46","KITCHENER/WATERLOO","6144239","2025-03-24 18:00","2025","03","24","18:00","","0.9","","-0.7","","89","","0.0","","24","","26","","8.1","","96.71","","","","","","Snow"
"-80.38","43.46","KITCHENER/WATERLOO","6144239","2025-03-24 19:00","2025","03","24","19:00","","0.7","","-1.1","","88","","0.0","","24","","30","","8.1","","96.79","","","","","","Snow"
"-80.38","43.46","KITCHENER/WATERLOO","6144239","2025-03-24 20:00","2025","03","24","20:00","","0.1","","-2.0","","86","","0.0","","25","","32","","14.5","","96.85","","","","","","Snow"
"-80.38","43.46","KITCHENER/WATERLOO","6144239","2025-03-24 21:00","2025","03","24","21:00","","0.1","","-2.0","","86","","0.0","","26","","34","","11.3","","96.89","","","","","","Snow"
"-80.38","43.46","KITCHENER/WATERLOO","6144239","2025-03-24 22:00","2025","03","24","22:00","","0.0","","-2.4","","84","","0.0","","25","","28","","16.1","","96.90","","","","-6","","Rain"
"-80.38","43.46","KITCHENER/WATERLOO","6144239","2025-03-24 23:00","2025","03","24","23:00","","-0.1","","-2.5","","84","","0.0","","25","","30","","16.1","","96.91","","","","-7","","Snow"
"-80.38","43.46","KITCHENER/WATERLOO","6144239","2025-03-25 00:00","2025","03","25","00:00","","-0.1","","-2.6","","83","","0.0","","25","","35","","16.1","","96.89","","","","-7","","NA"
"-80.38","43.46","KITCHENER/WATERLOO","6144239","2025-03-25 01:00","2025","03","25","01:00","","-0.1","","-2.6","","83","","0.0","","25","","24","","16.1","","96.88","","","","-6","","Snow"
"-80.38","43.46","KITCHENER/WATERLOO","6144239","2025-03-25 02:00","2025","03","25","02:00","","-0.3","","-2.7","","84","","0.0","","25","","24","","16.1","","96.89","","","","-6","","NA"
"-80.38","43.46","KITCHENER/WATERLOO","6144239","2025-03-25 03:00","2025","03","25","03:00","","-0.3","","-3.0","","82","","0.0","","26","","22","","16.1","","96.87","","","","-6","","NA"
"-80.38","43.46","KITCHENER/WATERLOO","6144239","2025-03-25 04:00","2025","03","25","04:00","","-0.4","","-3.4","","80","","0.0","","26","","24","","16.1","","96.90","","","","-6","","NA"
"-80.38","43.46","KITCHENER/WATERLOO","6144239","2025-03-25 05:00","2025","03","25","05:00","","-0.5","","-3.7","","79","","0.0","","27","","28","","16.1","","96.96","","","","-7","","NA"
"-80.38","43.46","KITCHENER/WATERLOO","6144239","2025-03-25 06:00","2025","03","25","06:00","","-0.6","","-3.6","","80","","0.0","","27","","22","","16.1","","97.02","","","","-6","","Snow"
"-80.38","43.46","KITCHENER/WATERLOO","6144239","2025-03-25 07:00","2025","03","25","07:00","","-0.7","","-4.2","","77","","0.0","","27","","24","","16.1","","97.09","","","","-7","","NA"
"-80.38","43.46","KITCHENER/WATERLOO","6144239","2025-03-25 08:00","2025","03","25","08:00","","-0.6","","-4.3","","76","","0.0","","25","","21","","16.1","","97.15","","","","-6","","NA"
"-80.38","43.46","KITCHENER/WATERLOO","6144239","2025-03-25 09:00","2025","03","25","09:00","","-0.5","","-3.9","","78","","0.0","","25","","17","","16.1","","97.22","","","","-5","","NA"
"-80.38","43.46","KITCHENER/WATERLOO","6144239","2025-03-25 10:00","2025","03","25","10:00","","-0.2","","-3.2","","80","","0.0","","27","","21","","16.1","","97.25","","","","-6","","NA"
"-80.38","43.46","KITCHENER/WATERLOO","6144239","2025-03-25 11:00","2025","03","25","11:00","","0.8","","-4.1","","70","","0.0","","26","","26","","16.1","","97.27","","","","","","NA"
"-80.38","43.46","KITCHENER/WATERLOO","6144239","2025-03-25 12:00","2025","03","25","12:00","","0.6","","-4.9","","67","","0.0","","27","","30","","16.1","","97.31","","","","","","NA"
"-80.38","43.46","KITCHENER/WATERLOO","6144239","2025-03-25 13:00","2025","03","25","13:00","","0.5","","-5.0","","67","","0.0","","26","","26","","16.1","","97.31","","","","","","Rain"
"-80.38","43.46","KITCHENER/WATERLOO","6144239","2025-03-25 14:00","2025","03","25","14:00","","0.5","","-4.1","","71","","0.0","","27","","28","","16.1","","97.33","","","","","","Rain,Snow"
"-80.38","43.46","KITCHENER/WATERLOO","6144239","2025-03-25 15:00","2025","03","25","15:00","","0.3","","-4.5","","70","","0.0","","27","","26","","16.1","","97.38","","","","","","Rain"
"-80.38","43.46","KITCHENER/WATERLOO","6144239","2025-03-25 16:00","2025","03","25","16:00","","0.1","","-3.7","","76","","0.0","","28","","28","","16.1","","97.45","","","","","","Rain,Snow"
"-80.38","43.46","KITCHENER/WATERLOO","6144239","2025-03-25 17:00","2025","03","25","17:00","","0.4","","-4.3","","71","","0.0","","27","","26","","16.1","","97.51","","","","","","Rain"
"-80.38","43.46","KITCHENER/WATERLOO","6144239","2025-03-25 18:00","2025","03","25","18:00","","0.0","","-4.2","","73","","0.0","","27","","18","","16.1","","97.61","","","","-5","","NA"
"-80.38","43.46","KITCHENER/WATERLOO","6144239","2025-03-25 19:00","2025","03","25","19:00","","-0.4","","-4.1","","76","","0.0","","26","","22","","16.1","","97.66","","","","-6","","NA"
"-80.38","43.46","KITCHENER/WATERLOO","6144239","2025-03-25 20:00","2025","03","25","20:00","","-0.6","","-3.8","","79","","0.0","","27","","18","","16.1","","97.71","","","","-6","","Snow"
"-80.38","43.46","KITCHENER/WATERLOO","6144239","2025-03-25 21:00","2025","03","25","21:00","","-0.8","","-3.8","","80","","0.0","","27","","21","","16.1","","97.72","","","","-6","","NA"
"-80.38","43.46","KITCHENER/WATERLOO","6144239","2025-03-25 22:00","2025","03","25","22:00","","-1.0","","-3.5","","83","","0.0","","29","","17","","16.1","","97.74","","","","-6","","NA"
"-80.38","43.46","KITCHENER/WATERLOO","6144239","2025-03-25 23:00","2025","03","25","23:00","","-2.2","","-4.9","","82","","0.0","","30","","13","","16.1","","97.75","","","","-7","","NA"
"-80.38","43.46","KITCHENER/WATERLOO","6144239","2025-03-26 00:00","2025","03","26","00:00","","-2.9","","-4.8","","87","","0.0","","27","","9","","16.1","","97.77","","","","-6","","NA"
"-80.38","43.46","KITCHENER/WATERLOO","6144239","2025-03-26 01:00","2025","03","26","01:00","","-2.6","","-4.8","","85","","0.0","","29","","13","","16.1","","97.75","","","","-7","","Snow"
"-80.38","43.46","KITCHENER/WATERLOO","6144239","2025-03-26 02:00","2025","03","26","02:00","","-3.4","","-5.6","","85","","0.0","","29","","11","","16.1","","97.72","","","","-8","","NA"
"-80.38","43.46","KITCHENER/WATERLOO","6144239","2025-03-26 03:00","2025","03","26","03:00","","-4.7","","-6.4","","88","","0.0","","28","","11","","16.1","","97.70","","","","-9","","NA"
"-80.38","43.46","KITCHENER/WATERLOO","6144239","2025-03-26 04:00","2025","03","26","04:00","","-3.8","","-6.0","","85","","0.0","","27","","13","","16.1","","97.72","","","","-9","","NA"
"-80.38","43.46","KITCHENER/WATERLOO","6144239","2025-03-26 05:00","2025","03","26","05:00","","-3.5","","-5.7","","85","","0.0","","27","","21","","16.1","","97.76","","","","-10","","NA"
"-80.38","43.46","KITCHENER/WATERLOO","6144239","2025-03-26 06:00","2025","03","26","06:00","","-3.4","","-5.4","","86","","0.0","","26","","13","","8.1","","97.81","","","","-8","","Snow"
"-80.38","43.46","KITCHENER/WATERLOO","6144239","2025-03-26 07:00","2025","03","26","07:00","","-3.0","","-4.9","","87","","0.0","","27","","13","","12.9","","97.88","","","","-8","","Snow"
"-80.38","43.46","KITCHENER/WATERLOO","6144239","2025-03-26 08:00","2025","03","26","08:00","","-2.1","","-4.8","","82","","0.0","","30","","22","","16.1","","97.93","","","","-8","","Snow"
"-80.38","43.46","KITCHENER/WATERLOO","6144239","2025-03-26 09:00","2025","03","26","09:00","","-1.4","","-5.1","","76","","0.0","","30","","22","","16.1","","98.01","","","","-7","","NA"
"-80.38","43.46","KITCHENER/WATERLOO","6144239","2025-03-26 10:00","2025","03","26","10:00","","-2.1","","-7.1","","69","","0.0","","32","","28","","16.1","","98.09","","","","-9","","Snow"
"-80.38","43.46","KITCHENER/WATERLOO","6144239","2025-03-26 11:00","2025","03","26","11:00","","-0.8","","-8.1","","58","","0.0","","33","","28","","16.1","","98.13","","","","-7","","NA"
"-80.38","43.46","KITCHENER/WATERLOO","6144239","2025-03-26 12:00","2025","03","26","12:00","","-0.6","","-9.7","","50","","0.0","","31","","28","","16.1","","98.17","","","","-7","","NA"
"-80.38","43.46","KITCHENER/WATERLOO","6144239","2025-03-26 13:00","2025","03","26","13:00","","1.5","","-9.3","","45","","0.0","","29","","21","","16.1","","98.17","","","","","","NA"
"-80.38","43.46","KITCHENER/WATERLOO","6144239","2025-03-26 14:00","2025","03","26","14:00","","1.2","","-9.7","","44","","0.0","","30","","30","","16.1","","98.19","","","","","","NA"
"-80.38","43.46","KITCHENER/WATERLOO","6144239","2025-03-26 15:00","2025","03","26","15:00","","2.4","","-9.2","","42","","0.0","","26","","26","","16.1","","98.21","","","","","","NA"
"-80.38","43.46","KITCHENER/WATERLOO","6144239","2025-03-26 16:00","2025","03","26","16:00","","1.6","","-9.4","","44","","0.0","","28","","32","","16.1","","98.22","","","","","","NA"
"-80.38","43.46","KITCHENER/WATERLOO","6144239","2025-03-26 17:00","2025","03","26","17:00","","0.7","","-9.6","","46","","0.0","","30","","30","","16.1","","98.28","","","","","","NA"
"-80.38","43.46","KITCHENER/WATERLOO","6144239","2025-03-26 18:00","2025","03","26","18:00","","-0.3","","-9.3","","51","","0.0","","29","","18","","16.1","","98.34","","","","-5","","NA"
"-80.38","43.46","KITCHENER/WATERLOO","6144239","2025-03-26 19:00","2025","03","26","19:00","","-1.6","","-9.1","","57","","0.0","","29","","17","","16.1","","98.38","","","","-7","","NA"
"-80.38","43.46","KITCHENER/WATERLOO","6144239","2025-03-26 20:00","2025","03","26","20:00","","-2.6","","-8.7","","63","","0.0","","28","","13","","16.1","","98.44","","","","-7","","NA"
"-80.38","43.46","KITCHENER/WATERLOO","6144239","2025-03-26 21:00","2025","03","26","21:00","","-4.1","","-9.3","","67","","0.0","","27","","9","","16.1","","98.46","","","","-8","","NA"
"-80.38","43.46","KITCHENER/WATERLOO","6144239","2025-03-26 22:00","2025","03","26","22:00","","-4.6","","-9.6","","68","","0.0","","25","","8","","16.1","","98.45","","","","-8","","NA"
"-80.38","43.46","KITCHENER/WATERLOO","6144239","2025-03-26 23:00","2025","03","26","23:00","","-5.5","","-9.1","","76","","0.0","","27","","5","","16.1","","98.44","","","","-8","","NA"
"-80.38","43.46","KITCHENER/WATERLOO","6144239","2025-03-27 00:00","2025","03","27","00:00","","-6.6","","-9.2","","82","","0.0","","26","","8","","16.1","","98.43","","","","-10","","NA"
"-80.38","43.46","KITCHENER/WATERLOO","6144239","2025-03-27 01:00","2025","03","27","01:00","","-6.4","","-7.8","","90","","0.0","","29","","8","","16.1","","98.46","","","","-10","","NA"
"-80.38","43.46","KITCHENER/WATERLOO","6144239","2025-03-27 02:00","2025","03","27","02:00","","-6.4","","-8.5","","85","","0.0","","","","0","","16.1","","98.45","","","","","","NA"
"-80.38","43.46","KITCHENER/WATERLOO","6144239","2025-03-27 03:00","2025","03","27","03:00","","-6.6","","-9.6","","80","","0.0","","20","","5","","16.1","","98.43","","","","-9","","NA"
"-80.38","43.46","KITCHENER/WATERLOO","6144239","2025-03-27 04:00","2025","03","27","04:00","","-7.4","","-8.8","","90","","0.0","","","","0","","16.1","","98.43","","","","","","NA"
"-80.38","43.46","KITCHENER/WATERLOO","6144239","2025-03-27 05:00","2025","03","27","05:00","","-7.1","","-8.7","","89","","0.0","","10","","5","","16.1","","98.43","","","","-10","","NA"
"-80.38","43.46","KITCHENER/WATERLOO","6144239","2025-03-27 06:00","2025","03","27","06:00","","-7.3","","-9.0","","88","","0.0","","13","","4","","16.1","","98.44","","","","-9","","NA"
"-80.38","43.46","KITCHENER/WATERLOO","6144239","2025-03-27 07:00","2025","03","27","07:00","","-5.8","","-7.5","","88","","0.0","","","M","4","","16.1","","98.48","","","","-8","","NA"
"-80.38","43.46","KITCHENER/WATERLOO","6144239","2025-03-27 08:00","2025","03","27","08:00","","-0.9","","-3.6","","82","","0.0","","25","","11","","16.1","","98.49","","","","-5","","NA"
"-80.38","43.46","KITCHENER/WATERLOO","6144239","2025-03-27 09:00","2025","03","27","09:00","","2.5","","-3.6","","64","","0.0","","23","","9","","16.1","","98.50","","","","","","NA"
"-80.38","43.46","KITCHENER/WATERLOO","6144239","2025-03-27 10:00","2025","03","27","10:00","","4.4","","-4.0","","55","","0.0","","21","","17","","16.1","","98.48","","","","","","NA"
"-80.38","43.46","KITCHENER/WATERLOO","6144239","2025-03-27 11:00","2025","03","27","11:00","","6.6","","-6.7","","38","","0.0","","25","","26","","16.1","","98.43","","","","","","NA"
"-80.38","43.46","KITCHENER/WATERLOO","6144239","2025-03-27 12:00","2025","03","27","12:00","","7.5","","-6.5","","36","","0.0","","22","","22","","16.1","","98.38","","","","","","NA"
"-80.38","43.46","KITCHENER/WATERLOO","6144239","2025-03-27 13:00","2025","03","27","13:00","","8.7","","-6.2","","34","","0.0","","22","","26","","16.1","","98.28","","","","","","NA"
"-80.38","43.46","KITCHENER/WATERLOO","6144239","2025-03-27 14:00","2025","03","27","14:00","","10.1","","-4.6","","35","","0.0","","23","","26","","16.1","","98.17","","","","","","NA"
"-80.38","43.46","KITCHENER/WATERLOO","6144239","2025-03-27 15:00","2025","03","27","15:00","","10.7","","-2.6","","39","","0.0","","21","","28","","16.1","","98.08","","","","","","NA"
"-80.38","43.46","KITCHENER/WATERLOO","6144239","2025-03-27 16:00","2025","03","27","16:00","","10.1","","-2.5","","41","","0.0","","21","","34","","16.1","","98.00","","","","","","NA"
"-80.38","43.46","KITCHENER/WATERLOO","6144239","2025-03-27 17:00","2025","03","27","17:00","","9.6","","-2.4","","43","","0.0","","21","","26","","16.1","","97.92","","","","","","NA"
"-80.38","43.46","KITCHENER/WATERLOO","6144239","2025-03-27 18:00","2025","03","27","18:00","","7.7","","0.8","","62","","0.0","","23","","24","","16.1","","97.93","","","","","","Rain"
"-80.38","43.46","KITCHENER/WATERLOO","6144239","2025-03-27 19:00","2025","03","27","19:00","","7.5","","0.4","","61","","0.0","","23","","17","","16.1","","97.90","","","","","","Rain"
"-80.38","43.46","KITCHENER/WATERLOO","6144239","2025-03-27 20:00","2025","03","27","20:00","","6.1","","0.2","","66","","0.0","","23","","15","","16.1","","97.97","","","","","","NA"
"-80.38","43.46","KITCHENER/WATERLOO","6144239","2025-03-27 21:00","2025","03","27","21:00","","6.2","","-1.1","","59","","0.0","","31","","18","","16.1","","98.06","","","","","","NA"
"-80.38","43.46","KITCHENER/WATERLOO","6144239","2025-03-27 22:00","2025","03","27","22:00","","3.2","","-1.8","","70","","0.0","","31","","13","","16.1","","98.14","","","","","","NA"
"-80.38","43.46","KITCHENER/WATERLOO","6144239","2025-03-27 23:00","2025","03","27","23:00","","2.0","","-2.9","","70","","0.0","","31","","9","","16.1","","98.21","","","","","","NA"
"-80.38","43.46","KITCHENER/WATERLOO","6144239","2025-03-28 00:00","2025","03","28","00:00","","0.2","","-4.1","","73","","0.0","","29","","8","","16.1","","98.24","","","","","","NA"
"-80.38","43.46","KITCHENER/WATERLOO","6144239","2025-03-28 01:00","2025","03","28","01:00","","-1.0","","-4.4","","78","","0.0","","30","","9","","16.1","","98.24","","","","-4","","NA"
"-80.38","43.46","KITCHENER/WATERLOO","6144239","2025-03-28 02:00","2025","03","28","02:00","","-1.3","","-4.5","","79","","0.0","","","","0","","16.1","","98.25","","","","","","NA"
"-80.38","43.46","KITCHENER/WATERLOO","6144239","2025-03-28 03:00","2025","03","28","03:00","","-1.6","","-4.2","","83","","0.0","","","","0","","16.1","","98.24","","","","","","NA"
"-80.38","43.46","KITCHENER/WATERLOO","6144239","2025-03-28 04:00","2025","03","28","04:00","","-1.2","","-3.7","","83","","0.0","","","M","4","","16.1","","98.28","","","","-3","","NA"
"-80.38","43.46","KITCHENER/WATERLOO","6144239","2025-03-28 05:00","2025","03","28","05:00","","-1.0","","-3.3","","84","","0.0","","7","","4","","16.1","","98.23","","","","-2","","NA"
"-80.38","43.46","KITCHENER/WATERLOO","6144239","2025-03-28 06:00","2025","03","28","06:00","","-0.1","","-3.5","","78","","0.0","","13","","9","","16.1","","98.27","","","","-3","","NA"
"-80.38","43.46","KITCHENER/WATERLOO","6144239","2025-03-28 07:00","2025","03","28","07:00","","0.5","","-2.9","","78","","0.0","","11","","11","","16.1","","98.28","","","","","","NA"
"-80.38","43.46","KITCHENER/WATERLOO","6144239","2025-03-28 08:00","2025","03","28","08:00","","0.7","","-2.9","","77","","0.0","","10","","15","","16.1","","98.25","","","","","","NA"
"-80.38","43.46","KITCHENER/WATERLOO","6144239","2025-03-28 09:00","2025","03","28","09:00","","1.3","","-2.5","","76","","0.0","","11","","17","","16.1","","98.18","","","","","","NA"
"-80.38","43.46","KITCHENER/WATERLOO","6144239","2025-03-28 10:00","2025","03","28","10:00","","2.2","","-1.7","","76","","0.0","","11","","17","","16.1","","98.19","","","","","","NA"
"-80.38","43.46","KITCHENER/WATERLOO","6144239","2025-03-28 11:00","2025","03","28","11:00","","3.3","","-1.9","","69","","0.0","","10","","18","","16.1","","98.07","","","","","","NA"
"-80.38","43.46","KITCHENER/WATERLOO","6144239","2025-03-28 12:00","2025","03","28","12:00","","3.6","","-2.2","","66","","0.0","","12","","13","","16.1","","97.98","","","","","","NA"
"-80.38","43.46","KITCHENER/WATERLOO","6144239","2025-03-28 13:00","2025","03","28","13:00","","4.6","","-1.2","","66","","0.0","","10","","15","","16.1","","97.82","","","","","","NA"
"-80.38","43.46","KITCHENER/WATERLOO","6144239","2025-03-28 14:00","2025","03","28","14:00","","6.5","","0.2","","64","","0.0","","11","","17","","16.1","","97.69","","","","","","NA"
"-80.38","43.46","KITCHENER/WATERLOO","6144239","2025-03-28 15:00","2025","03","28","15:00","","5.4","","-0.2","","67","","0.0","","10","","21","","16.1","","97.61","","","","","","NA"
"-80.38","43.46","KITCHENER/WATERLOO","6144239","2025-03-28 16:00","2025","03","28","16:00","","3.5","","0.2","","79","","0.0","","11","","18","","16.1","","97.57","","","","","","Rain"
"-80.38","43.46","KITCHENER/WATERLOO","6144239","2025-03-28 17:00","2025","03","28","17:00","","1.8","","0.5","","91","","0.2","","10","","18","","11.3","","97.50","","","","","","Rain"
"-80.38","43.46","KITCHENER/WATERLOO","6144239","2025-03-28 18:00","2025","03","28","18:00","","0.9","","0.2","","95","","0.2","","9","","11","","16.1","","97.48","","","","","","NA"
"-80.38","43.46","KITCHENER/WATERLOO","6144239","2025-03-28 19:00","2025","03","28","19:00","","0.6","","0.1","","96","","0.0","","5","","11","","6.4","","97.49","","","","","","Rain,Fog"
"-80.38","43.46","KITCHENER/WATERLOO","6144239","2025-03-28 20:00","2025","03","28","20:00","","0.5","","0.1","","97","","2.0","","13","","15","","8.1","","97.33","","","","","","Rain,Fog"
"-80.38","43.46","KITCHENER/WATERLOO","6144239","2025-03-28 21:00","2025","03","28","21:00","","0.7","","0.4","","98","","0.0","","10","","9","","6.4","","97.26","","","","","","Fog"
"-80.38","43.46","KITCHENER/WATERLOO","6144239","2025-03-28 22:00","2025","03","28","22:00","","0.9","","0.6","","98","","0.0","","12","","11","","4.8","","97.19","","","","","","Fog"
"-80.38","43.46","KITCHENER/WATERLOO","6144239","2025-03-28 23:00","2025","03","28","23:00","","1.0","","0.9","","99","","0.0","","11","","11","","0.8","","97.07","","","","","","Fog"
"-80.38","43.46","KITCHENER/WATERLOO","6144239","2025-03-29 00:00","2025","03","29","00:00","","1.3","","1.2","","99","","0.0","","10","","9","","0.4","","97.08","","","","","","Rain,Fog"
"-80.38","43.46","KITCHENER/WATERLOO","6144239","2025-03-29 01:00","2025","03","29","01:00","","1.7","","1.6","","99","","0.0","","11","","11","","0.6","","97.07","","","","","","Rain,Fog"
"-80.38","43.46","KITCHENER/WATERLOO","6144239","2025-03-29 02:00","2025","03","29","02:00","","2.1","","2.0","","99","","0.0","","6","","11","","1.6","","97.12","","","","","","Fog"
"-80.38","43.46","KITCHENER/WATERLOO","6144239","2025-03-29 03:00","2025","03","29","03:00","","1.4","","1.3","","99","","0.0","","8","","15","","2.0","","97.19","","","","","","Fog"
"-80.38","43.46","KITCHENER/WATERLOO","6144239","2025-03-29 04:00","2025","03","29","04:00","","0.8","","0.7","","99","","0.0","","9","","17","","1.6","","97.30","","","","","","Fog"
"-80.38","43.46","KITCHENER/WATERLOO","6144239","2025-03-29 05:00","2025","03","29","05:00","","0.9","","0.8","","99","","0.0","","14","","13","","2.0","","97.25","","","","","","Fog"
"-80.38","43.46","KITCHENER/WATERLOO","6144239","2025-03-29 06:00","2025","03","29","06:00","","0.9","","0.8","","99","","0.0","","12","","9","","1.6","","97.30","","","","","","Fog"
"-80.38","43.46","KITCHENER/WATERLOO","6144239","2025-03-29 07:00","2025","03","29","07:00","","0.9","","0.8","","99","","0.0","","4","","9","","0.6","","97.46","","","","","","Fog"
"-80.38","43.46","KITCHENER/WATERLOO","6144239","2025-03-29 08:00","2025","03","29","08:00","","1.2","","1.1","","99","","0.0","","9","","9","","2.8","","97.53","","","","","","Fog"
"-80.38","43.46","KITCHENER/WATERLOO","6144239","2025-03-29 09:00","2025","03","29","09:00","","1.6","","1.5","","99","","0.0","","10","","17","","4.8","","97.59","","","","","","Fog"
"-80.38","43.46","KITCHENER/WATERLOO","6144239","2025-03-29 10:00","2025","03","29","10:00","","1.9","","1.6","","98","","0.0","","8","","17","","8.1","","97.63","","","","","","Fog"
"-80.38","43.46","KITCHENER/WATERLOO","6144239","2025-03-29 11:00","2025","03","29","11:00","","2.1","","1.8","","98","","0.0","","8","","18","","6.4","","97.77","","","","","","Fog"
"-80.38","43.46","KITCHENER/WATERLOO","6144239","2025-03-29 12:00","2025","03","29","12:00","","1.5","","1.2","","98","","0.2","","9","","22","","4.0","","97.82","","","","","","Rain,Fog"
"-80.38","43.46","KITCHENER/WATERLOO","6144239","2025-03-29 13:00","2025","03","29","13:00","","1.0","","0.7","","98","","1.2","","10","","18","","6.4","","97.81","","","","","","Rain,Fog"
"-80.38","43.46","KITCHENER/WATERLOO","6144239","2025-03-29 14:00","2025","03","29","14:00","","0.7","","0.3","","97","","0.5","","11","","18","","16.1","","97.81","","","","","","Rain"
"-80.38","43.46","KITCHENER/WATERLOO","6144239","2025-03-29 15:00","2025","03","29","15:00","","0.3","","-0.3","","96","","0.5","","10","","17","","4.8","","97.81","","","","","","Rain,Fog"
"-80.38","43.46","KITCHENER/WATERLOO","6144239","2025-03-29 16:00","2025","03","29","16:00","","0.3","","-0.3","","96","","0.0","","9","","21","","16.1","","97.79","","","","","","NA"
"-80.38","43.46","KITCHENER/WATERLOO","6144239","2025-03-29 17:00","2025","03","29","17:00","","-0.2","","-0.6","","97","","0.2","","9","","17","","4.8","","97.81","","","","-5","","Snow"
"-80.38","43.46","KITCHENER/WATERLOO","6144239","2025-03-29 18:00","2025","03","29","18:00","","-0.4","","-1.0","","96","","1.5","","9","","17","","4.8","","97.84","","","","-5","","Rain,Snow"
"-80.38","43.46","KITCHENER/WATERLOO","6144239","2025-03-29 19:00","2025","03","29","19:00","","-0.4","","-1.1","","95","","1.8","","9","","21","","16.1","","97.86","","","","-6","","Snow"
"-80.38","43.46","KITCHENER/WATERLOO","6144239","2025-03-29 20:00","2025","03","29","20:00","","-0.4","","-1.0","","96","","1.2","","9","","22","","4.8","","97.87","","","","-6","","Snow"
"-80.38","43.46","KITCHENER/WATERLOO","6144239","2025-03-29 21:00","2025","03","29","21:00","","-0.6","","-1.3","","95","","1.0","","8","","24","","16.1","","97.85","","","","-7","","Snow"
"-80.38","43.46","KITCHENER/WATERLOO","6144239","2025-03-29 22:00","2025","03","29","22:00","","-0.8","","-1.4","","96","","0.2","","8","","18","","16.1","","97.89","","","","-6","","Rain,Snow"
"-80.38","43.46","KITCHENER/WATERLOO","6144239","2025-03-29 23:00","2025","03","29","23:00","","-0.8","","-1.4","","96","","0.8","","11","","18","","16.1","","97.87","","","","-6","","NA"
"-80.38","43.46","KITCHENER/WATERLOO","6144239","2025-03-30 00:00","2025","03","30","00:00","","-0.9","","-1.3","","97","","0.0","","10","","24","","9.7","","97.77","","","","-7","","Fog"
"-80.38","43.46","KITCHENER/WATERLOO","6144239","2025-03-30 01:00","2025","03","30","01:00","","-0.8","","-1.1","","98","","0.2","","10","","21","","4.8","","97.71","","","","-6","","Fog"
"-80.38","43.46","KITCHENER/WATERLOO","6144239","2025-03-30 02:00","2025","03","30","02:00","","-0.7","","-1.0","","98","","0.0","","10","","15","","12.9","","97.68","","","","-5","","Snow"
"-80.38","43.46","KITCHENER/WATERLOO","6144239","2025-03-30 03:00","2025","03","30","03:00","","-0.7","","-1.0","","98","","0.0","","9","","15","","12.9","","97.61","","","","-5","","Snow"
"-80.38","43.46","KITCHENER/WATERLOO","6144239","2025-03-30 04:00","2025","03","30","04:00","","-0.6","","-0.9","","98","","0.0","","10","","15","","14.5","","97.56","","","","-5","","Snow"
"-80.38","43.46","KITCHENER/WATERLOO","6144239","2025-03-30 05:00","2025","03","30","05:00","","-0.4","","-0.7","","98","","0.2","","11","","11","","14.5","","97.54","","","","-4","","Snow"
"-80.38","43.46","KITCHENER/WATERLOO","6144239","2025-03-30 06:00","2025","03","30","06:00","","-0.3","","-0.6","","98","","0.5","","10","","13","","9.7","","97.48","","","","-4","","Freezing Rain,Fog"
"-80.38","43.46","KITCHENER/WATERLOO","6144239","2025-03-30 07:00","2025","03","30","07:00","","-0.3","","-0.4","","99","","0.0","","9","","13","","1.2","","97.49","","","","-4","","Fog"
"-80.38","43.46","KITCHENER/WATERLOO","6144239","2025-03-30 08:00","2025","03","30","08:00","","0.0","","-0.1","","99","","0.0","","10","","11","","0.4","","97.45","","","","-4","","Fog"
"-80.38","43.46","KITCHENER/WATERLOO","6144239","2025-03-30 09:00","2025","03","30","09:00","","0.2","","0.1","","99","","0.2","","11","","11","","6.4","","97.41","","","","","","Rain,Fog"
"-80.38","43.46","KITCHENER/WATERLOO","6144239","2025-03-30 10:00","2025","03","30","10:00","","0.4","","0.3","","99","","0.2","","10","","9","","4.8","","97.35","","","","","","Rain,Fog"
"-80.38","43.46","KITCHENER/WATERLOO","6144239","2025-03-30 11:00","2025","03","30","11:00","","0.8","","0.7","","99","","0.2","","12","","11","","6.4","","97.27","","","","","","Rain,Fog"
"-80.38","43.46","KITCHENER/WATERLOO","6144239","2025-03-30 12:00","2025","03","30","12:00","","1.6","","1.5","","99","","0.0","","10","","11","","6.4","","97.20","","","","","","Fog"
"-80.38","43.46","KITCHENER/WATERLOO","6144239","2025-03-30 13:00","2025","03","30","13:00","","3.3","","3.2","","99","","0.2","","12","","9","","6.4","","97.12","","","","","","Rain,Fog"
"-80.38","43.46","KITCHENER/WATERLOO","6144239","2025-03-30 14:00","2025","03","30","14:00","","4.4","","4.2","","99","","0.2","","13","","9","","4.8","","97.02","","","","","","Fog"
"-80.38","43.46","KITCHENER/WATERLOO","6144239","2025-03-30 15:00","2025","03","30","15:00","","5.5","","5.4","","99","","0.0","","14","","8","","2.8","","96.97","","","","","","Fog"
"-80.38","43.46","KITCHENER/WATERLOO","6144239","2025-03-30 16:00","2025","03","30","16:00","","6.8","","6.7","","99","","0.2","","13","","9","","2.8","","96.89","","","","","","Fog"
"-80.38","43.46","KITCHENER/WATERLOO","6144239","2025-03-30 17:00","2025","03","30","17:00","","6.7","","6.6","","99","","0.0","","10","","9","","0.4","","96.78","","","","","","Fog"
"-80.38","43.46","KITCHENER/WATERLOO","6144239","2025-03-30 18:00","2025","03","30","18:00","","6.4","","6.4","","100","","0.0","","13","","8","","0.2","","96.74","","","","","","Rain,Fog"
"-80.38","43.46","KITCHENER/WATERLOO","6144239","2025-03-30 19:00","2025","03","30","19:00","","6.3","","6.3","","100","","0.5","","14","","8","","0.4","","96.69","","","","","","Rain,Fog"
"-80.38","43.46","KITCHENER/WATERLOO","6144239","2025-03-30 20:00","2025","03","30","20:00","","7.2","","7.2","","100","","0.2","","14","","15","","1.2","","96.57","","","","","","Rain,Fog"
"-80.38","43.46","KITCHENER/WATERLOO","6144239","2025-03-30 21:00","2025","03","30","21:00","","9.0","","9.0","","100","","1.5","","15","","15","","2.0","","96.43","","","","","","Rain,Fog"
"-80.38","43.46","KITCHENER/WATERLOO","6144239","2025-03-30 22:00","2025","03","30","22:00","","10.2","","10.2","","100","","1.5","","18","","11","","1.2","","96.41","","","","","","Rain,Fog"
"-80.38","43.46","KITCHENER/WATERLOO","6144239","2025-03-30 23:00","2025","03","30","23:00","","12.0","","12.0","","100","","0.2","","19","","15","","16.1","","96.29","","","","","","Rain"
"-80.38","43.46","KITCHENER/WATERLOO","6144239","2025-03-31 00:00","2025","03","31","00:00","","12.4","","11.6","","95","","0.2","","19","","18","","16.1","","96.16","","","","","","NA"
"-80.38","43.46","KITCHENER/WATERLOO","6144239","2025-03-31 01:00","2025","03","31","01:00","","12.0","","11.5","","97","","0.0","","21","","26","","16.1","","96.19","","","","","","NA"
"-80.38","43.46","KITCHENER/WATERLOO","6144239","2025-03-31 02:00","2025","03","31","02:00","","12.0","","11.5","","97","","0.0","","20","","21","","16.1","","96.07","","","","","","NA"
"-80.38","43.46","KITCHENER/WATERLOO","6144239","2025-03-31 03:00","2025","03","31","03:00","","11.8","","10.9","","94","","0.0","","22","","34","","16.1","","96.04","","","","","","NA"
"-80.38","43.46","KITCHENER/WATERLOO","6144239","2025-03-31 04:00","2025","03","31","04:00","","11.5","","10.7","","95","","0.0","","21","","22","","16.1","","96.03","","","","","","Rain"
"-80.38","43.46","KITCHENER/WATERLOO","6144239","2025-03-31 05:00","2025","03","31","05:00","","11.5","","10.7","","95","","0.0","","22","","22","","16.1","","96.07","","","","","","NA"
"-80.38","43.46","KITCHENER/WATERLOO","6144239","2025-03-31 06:00","2025","03","31","06:00","","11.2","","10.4","","95","","0.0","","22","","21","","16.1","","96.13","","","","","","NA"
"-80.38","43.46","KITCHENER/WATERLOO","6144239","2025-03-31 07:00","2025","03","31","07:00","","8.9","","6.9","","87","","0.0","","26","","26","","16.1","","96.23","","","","","","NA"
"-80.38","43.46","KITCHENER/WATERLOO","6144239","2025-03-31 08:00","2025","03","31","08:00","","7.3","","5.3","","87","","0.2","","26","","32","","16.1","","96.30","","","","","","Rain"
"-80.38","43.46","KITCHENER/WATERLOO","6144239","2025-03-31 09:00","2025","03","31","09:00","","6.5","","4.5","","87","","0.0","","27","","26","","16.1","","96.33","","","","","","NA"
"-80.38","43.46","KITCHENER/WATERLOO","6144239","2025-03-31 10:00","2025","03","31","10:00","","4.1","","1.8","","85","","0.0","","27","","30","","16.1","","96.44","","","","","","NA"
"-80.38","43.46","KITCHENER/WATERLOO","6144239","2025-03-31 11:00","2025","03","31","11:00","","3.4","","0.1","","79","","0.0","","28","","41","","16.1","","96.56","","","","","","NA"
"-80.38","43.46","KITCHENER/WATERLOO","6144239","2025-03-31 12:00","2025","03","31","12:00","","3.3","","-0.6","","76","","0.0","","28","","35","","16.1","","96.65","","","","","","NA"
"-80.38","43.46","KITCHENER/WATERLOO","6144239","2025-03-31 13:00","2025","03","31","13:00","","2.8","","-1.7","","73","","0.0","","29","","37","","16.1","","96.67","","","","","","NA"
"-80.38","43.46","KITCHENER/WATERLOO","6144239","2025-03-31 14:00","2025","03","31","14:00","","1.5","","-2.4","","76","","0.0","","28","","41","","16.1","","96.80","","","","","","NA"
"-80.38","43.46","KITCHENER/WATERLOO","6144239","2025-03-31 15:00","2025","03","31","15:00","","0.4","","-3.3","","76","","0.0","","28","","39","","16.1","","96.87","","","","","","NA"
"-80.38","43.46","KITCHENER/WATERLOO","6144239","2025-03-31 16:00","2025","03","31","16:00","","-0.5","","-3.2","","82","","0.0","","29","","34","","16.1","","96.97","","","","-8","","NA"
"-80.38","43.46","KITCHENER/WATERLOO","6144239","2025-03-31 17:00","2025","03","31","17:00","","-0.5","","-3.2","","82","","0.0","","30","","22","","16.1","","97.08","","","","-6","","NA"
"-80.38","43.46","KITCHENER/WATERLOO","6144239","2025-03-31 18:00","2025","03","31","18:00","","-0.7","","-3.9","","79","","0.0","","30","","28","","16.1","","97.17","","","","-7","","NA"
"-80.38","43.46","KITCHENER/WATERLOO","6144239","2025-03-31 19:00","2025","03","31","19:00","","-1.0","","-4.0","","80","","0.0","","31","","35","","16.1","","97.18","","","","-8","","NA"
"-80.38","43.46","KITCHENER/WATERLOO","6144239","2025-03-31 20:00","2025","03","31","20:00","","-0.8","","-3.7","","81","","0.0","","32","","30","","16.1","","97.28","","","","-8","","NA"
"-80.38","43.46","KITCHENER/WATERLOO","6144239","2025-03-31 21:00","2025","03","31","21:00","","-0.7","","-3.7","","80","","0.0","","31","","34","","16.1","","97.33","","","","-8","","NA"
"-80.38","43.46","KITCHENER/WATERLOO","6144239","2025-03-31 22:00","2025","03","31","22:00","","-0.6","","-3.6","","80","","0.0","","32","","21","","16.1","","97.39","","","","-6","","NA"
"-80.38","43.46","KITCHENER/WATERLOO","6144239","2025-03-31 23:00","2025","03","31","23:00","","-0.9","","-3.9","","80","","0.0","","32","","24","","16.1","","97.48","","","","-7","","NA"
