"Longitude (x)","Latitude (y)","Station Name","Climate ID","Date/Time (LST)","Year","Month","Day","Time (LST)","Flag","Temp (°C)","Temp Flag","Dew Point Temp (°C)","Dew Point Temp Flag","Rel Hum (%)","Rel Hum Flag","Precip. Amount (mm)","Precip. Amount Flag","Wind Dir (10s deg)","Wind Dir Flag","Wind Spd (km/h)","Wind Spd Flag","Visibility (km)","Visibility Flag","Stn Press (kPa)","Stn Press Flag","Hmdx","Hmdx Flag","Wind Chill","Wind Chill Flag","Weather"
"-80.38","43.46","KITCHENER/WATERLOO","6144239","2025-05-01 00:00","2025","05","01","00:00","","7.6","","3.1","","73","","0.0","","12","","9","","16.1","","98.13","","","","","","NA"
"-80.38","43.46","KITCHENER/WATERLOO","6144239","2025-05-01 01:00","2025","05","01","01:00","","7.2","","3.6","","78","","0.0","","7","","8","","16.1","","98.13","","","","","","NA"
"-80.38","43.46","KITCHENER/WATERLOO","6144239","2025-05-01 02:00","2025","05","01","02:00","","5.7","","2.9","","82","","0.0","","11","","8","","16.1","","98.06","","","","","","NA"
"-80.38","43.46","KITCHENER/WATERLOO","6144239","2025-05-01 03:00","2025","05","01","03:00","","6.0","","3.0","","81","","0.0","","5","","8","","16.1","","98.02","","","","","","NA"
"-80.38","43.46","KITCHENER/WATERLOO","6144239","2025-05-01 04:00","2025","05","01","04:00","","6.3","","2.8","","78","","0.0","","6","","9","","16.1","","97.98","","","","","","NA"
"-80.38","43.46","KITCHENER/WATERLOO","6144239","2025-05-01 05:00","2025","05","01","05:00","","6.7","","2.0","","72","","0.0","","6","","9","","16.1","","97.95","","","","","","NA"
"-80.38","43.46","KITCHENER/WATERLOO","6144239","2025-05-01 06:00","2025","05","01","06:00","","7.2","","1.6","","68","","0.0","","9","","9","","16.1","","97.94","","","","","","NA"
"-80.38","43.46","KITCHENER/WATERLOO","6144239","2025-05-01 07:00","2025","05","01","07:00","","8.2","","1.0","","60","","0.0","","9","","15","","16.1","","97.91","","","","","","NA"
"-80.38","43.46","KITCHENER/WATERLOO","6144239","2025-05-01 08:00","2025","05","01","08:00","","8.5","","0.8","","58","","0.0","","8","","15","","16.1","","97.87","","","","","","NA"
"-80.38","43.46","KITCHENER/WATERLOO","6144239","2025-05-01 09:00","2025","05","01","09:00","","7.3","","3.1","","75","","0.8","","3","","8","","11.3","","97.94","","","","","","Rain"
"-80.38","43.46","KITCHENER/WATERLOO","6144239","2025-05-01 10:00","2025","05","01","10:00","","7.2","","4.4","","83","","2.0","","5","","18","","16.1","","97.82","","","","","","Rain"
"-80.38","43.46","KITCHENER/WATERLOO","6144239","2025-05-01 11:00","2025","05","01","11:00","","8.9","","6.5","","85","","0.0","","8","","22","","16.1","","97.56","","","","","","NA"
"-80.38","43.46","KITCHENER/WATERLOO","6144239","2025-05-01 12:00","2025","05","01","12:00","","9.3","","5.2","","75","","0.0","","9","","21","","16.1","","97.48","","","","","","NA"
"-80.38","43.46","KITCHENER/WATERLOO","6144239","2025-05-01 13:00","2025","05","01","13:00","","8.3","","3.9","","74","","0.0","","9","","28","","16.1","","97.37","","","","","","NA"
"-80.38","43.46","KITCHENER/WATERLOO","6144239","2025-05-01 14:00","2025","05","01","14:00","","7.3","","5.5","","88","","3.8","","6","","17","","14.5","","97.34","","","","","","Rain"
"-80.38","43.46","KITCHENER/WATERLOO","6144239","2025-05-01 15:00","2025","05","01","15:00","","7.8","","5.2","","84","","0.8","","9","","21","","16.1","","97.23","","","","","","Rain"
"-80.38","43.46","KITCHENER/WATERLOO","6144239","2025-05-01 16:00","2025","05","01","16:00","","7.3","","5.9","","91","","3.8","","4","","9","","16.1","","97.20","","","","","","Rain"
"-80.38","43.46","KITCHENER/WATERLOO","6144239","2025-05-01 17:00","2025","05","01","17:00","","7.3","","6.4","","94","","8.1","","9","","17","","9.7","","97.07","","","","","","Rain,Fog"
"-80.38","43.46","KITCHENER/WATERLOO","6144239","2025-05-01 18:00","2025","05","01","18:00","","7.6","","6.6","","93","","0.2","","10","","22","","16.1","","97.03","","","","","","NA"
"-80.38","43.46","KITCHENER/WATERLOO","6144239","2025-05-01 19:00","2025","05","01","19:00","","8.0","","7.1","","94","","0.0","","11","","15","","16.1","","96.96","","","","","","NA"
"-80.38","43.46","KITCHENER/WATERLOO","6144239","2025-05-01 20:00","2025","05","01","20:00","","8.1","","7.4","","95","","0.2","","11","","13","","16.1","","96.97","","","","","","Rain"
"-80.38","43.46","KITCHENER/WATERLOO","6144239","2025-05-01 21:00","2025","05","01","21:00","","7.9","","7.5","","97","","0.0","","9","","8","","16.1","","96.90","","","","","","NA"
"-80.38","43.46","KITCHENER/WATERLOO","6144239","2025-05-01 22:00","2025","05","01","22:00","","8.0","","7.7","","98","","0.0","","13","","8","","4.8","","96.89","","","","","","Fog"
"-80.38","43.46","KITCHENER/WATERLOO","6144239","2025-05-01 23:00","2025","05","01","23:00","","8.2","","8.1","","99","","0.0","","13","","13","","0.6","","96.79","","","","","","Fog"
"-80.38","43.46","KITCHENER/WATERLOO","6144239","2025-05-02 00:00","2025","05","02","00:00","","9.0","","9.0","","100","","0.0","","17","","11","","0.4","","96.73","","","","","","Fog"
"-80.38","43.46","KITCHENER/WATERLOO","6144239","2025-05-02 01:00","2025","05","02","01:00","","10.0","","10.0","","100","","0.0","","19","","15","","0.6","","96.68","","","","","","Fog"
"-80.38","43.46","KITCHENER/WATERLOO","6144239","2025-05-02 02:00","2025","05","02","02:00","","11.4","","11.4","","100","","0.0","","21","","13","","2.4","","96.69","","","","","","Fog"
"-80.38","43.46","KITCHENER/WATERLOO","6144239","2025-05-02 03:00","2025","05","02","03:00","","13.1","","12.8","","98","","0.0","","22","","21","","9.7","","96.70","","","","","","Fog"
"-80.38","43.46","KITCHENER/WATERLOO","6144239","2025-05-02 04:00","2025","05","02","04:00","","13.8","","12.7","","93","","0.0","","24","","18","","16.1","","96.76","","","","","","NA"
"-80.38","43.46","KITCHENER/WATERLOO","6144239","2025-05-02 05:00","2025","05","02","05:00","","13.1","","11.7","","91","","0.0","","24","","24","","16.1","","96.79","","","","","","NA"
"-80.38","43.46","KITCHENER/WATERLOO","6144239","2025-05-02 06:00","2025","05","02","06:00","","13.4","","11.5","","88","","0.0","","23","","21","","16.1","","96.85","","","","","","NA"
"-80.38","43.46","KITCHENER/WATERLOO","6144239","2025-05-02 07:00","2025","05","02","07:00","","13.7","","10.9","","83","","0.0","","24","","22","","16.1","","96.89","","","","","","NA"
"-80.38","43.46","KITCHENER/WATERLOO","6144239","2025-05-02 08:00","2025","05","02","08:00","","13.7","","9.6","","76","","0.0","","26","","37","","16.1","","96.96","","","","","","NA"
"-80.38","43.46","KITCHENER/WATERLOO","6144239","2025-05-02 09:00","2025","05","02","09:00","","13.6","","9.2","","75","","0.0","","25","","28","","16.1","","97.00","","","","","","NA"
"-80.38","43.46","KITCHENER/WATERLOO","6144239","2025-05-02 10:00","2025","05","02","10:00","","14.3","","9.9","","74","","0.0","","26","","21","","16.1","","97.00","","","","","","NA"
"-80.38","43.46","KITCHENER/WATERLOO","6144239","2025-05-02 11:00","2025","05","02","11:00","","15.0","","10.2","","73","","0.0","","26","","24","","16.1","","97.02","","","","","","NA"
"-80.38","43.46","KITCHENER/WATERLOO","6144239","2025-05-02 12:00","2025","05","02","12:00","","17.0","","10.9","","67","","0.0","","25","","28","","16.1","","97.04","","","","","","NA"
"-80.38","43.46","KITCHENER/WATERLOO","6144239","2025-05-02 13:00","2025","05","02","13:00","","16.6","","10.5","","67","","0.0","","28","","32","","16.1","","97.08","","","","","","NA"
"-80.38","43.46","KITCHENER/WATERLOO","6144239","2025-05-02 14:00","2025","05","02","14:00","","17.1","","10.6","","65","","0.0","","27","","28","","16.1","","97.12","","","","","","NA"
"-80.38","43.46","KITCHENER/WATERLOO","6144239","2025-05-02 15:00","2025","05","02","15:00","","17.9","","11.0","","64","","0.0","","25","","28","","16.1","","97.13","","","","","","NA"
"-80.38","43.46","KITCHENER/WATERLOO","6144239","2025-05-02 16:00","2025","05","02","16:00","","16.8","","11.2","","69","","0.0","","28","","22","","16.1","","97.14","","","","","","NA"
"-80.38","43.46","KITCHENER/WATERLOO","6144239","2025-05-02 17:00","2025","05","02","17:00","","14.7","","10.0","","73","","0.0","","32","","18","","16.1","","97.16","","","","","","NA"
"-80.38","43.46","KITCHENER/WATERLOO","6144239","2025-05-02 18:00","2025","05","02","18:00","","13.2","","8.9","","75","","0.0","","33","","21","","16.1","","97.21","","","","","","NA"
"-80.38","43.46","KITCHENER/WATERLOO","6144239","2025-05-02 19:00","2025","05","02","19:00","","10.6","","7.5","","81","","0.0","","33","","15","","16.1","","97.35","","","","","","NA"
"-80.38","43.46","KITCHENER/WATERLOO","6144239","2025-05-02 20:00","2025","05","02","20:00","","9.0","","6.5","","84","","0.0","","34","","9","","16.1","","97.38","","","","","","NA"
"-80.38","43.46","KITCHENER/WATERLOO","6144239","2025-05-02 21:00","2025","05","02","21:00","","8.6","","5.6","","82","","0.0","","33","","21","","16.1","","97.47","","","","","","NA"
"-80.38","43.46","KITCHENER/WATERLOO","6144239","2025-05-02 22:00","2025","05","02","22:00","","7.5","","4.0","","79","","0.0","","34","","17","","16.1","","97.52","","","","","","NA"
"-80.38","43.46","KITCHENER/WATERLOO","6144239","2025-05-02 23:00","2025","05","02","23:00","","7.0","","4.0","","81","","0.0","","34","","13","","16.1","","97.51","","","","","","NA"
"-80.38","43.46","KITCHENER/WATERLOO","6144239","2025-05-03 00:00","2025","05","03","00:00","","7.0","","3.8","","80","","0.0","","34","","13","","16.1","","97.50","","","","","","NA"
"-80.38","43.46","KITCHENER/WATERLOO","6144239","2025-05-03 01:00","2025","05","03","01:00","","6.4","","3.4","","81","","0.0","","34","","13","","16.1","","97.52","","","","","","Rain"
"-80.38","43.46","KITCHENER/WATERLOO","6144239","2025-05-03 02:00","2025","05","03","02:00","","6.2","","2.8","","79","","0.0","","2","","8","","16.1","","97.55","","","","","","Rain"
"-80.38","43.46","KITCHENER/WATERLOO","6144239","2025-05-03 03:00","2025","05","03","03:00","","5.8","","4.0","","88","","0.2","","35","","8","","16.1","","97.49","","","","","","Rain"
"-80.38","43.46","KITCHENER/WATERLOO","6144239","2025-05-03 04:00","2025","05","03","04:00","","5.7","","4.1","","89","","0.0","","1","","9","","16.1","","97.50","","","","","","Rain"
"-80.38","43.46","KITCHENER/WATERLOO","6144239","2025-05-03 05:00","2025","05","03","05:00","","5.5","","4.0","","90","","0.8","","1","","9","","16.1","","97.54","","","","","","Rain"
"-80.38","43.46","KITCHENER/WATERLOO","6144239","2025-05-03 06:00","2025","05","03","06:00","","5.4","","3.7","","89","","0.0","","5","","11","","16.1","","97.57","","","","","","Rain"
"-80.38","43.46","KITCHENER/WATERLOO","6144239","2025-05-03 07:00","2025","05","03","07:00","","5.5","","3.4","","86","","0.0","","2","","13","","16.1","","97.61","","","","","","NA"
"-80.38","43.46","KITCHENER/WATERLOO","6144239","2025-05-03 08:00","2025","05","03","08:00","","6.3","","3.8","","84","","0.0","","3","","15","","16.1","","97.63","","","","","","NA"
"-80.38","43.46","KITCHENER/WATERLOO","6144239","2025-05-03 09:00","2025","05","03","09:00","","7.0","","4.2","","83","","0.0","","4","","9","","16.1","","97.60","","","","","","NA"
"-80.38","43.46","KITCHENER/WATERLOO","6144239","2025-05-03 10:00","2025","05","03","10:00","","7.8","","4.0","","77","","0.0","","5","","11","","16.1","","97.65","","","","","","NA"
"-80.38","43.46","KITCHENER/WATERLOO","6144239","2025-05-03 11:00","2025","05","03","11:00","","8.6","","4.8","","77","","0.0","","7","","13","","16.1","","97.63","","","","","","NA"
"-80.38","43.46","KITCHENER/WATERLOO","6144239","2025-05-03 12:00","2025","05","03","12:00","","9.6","","5.1","","74","","0.0","","","M","9","","16.1","","97.67","","","","","","NA"
"-80.38","43.46","KITCHENER/WATERLOO","6144239","2025-05-03 13:00","2025","05","03","13:00","","10.2","","5.4","","72","","0.0","","3","","8","","16.1","","97.62","","","","","","NA"
"-80.38","43.46","KITCHENER/WATERLOO","6144239","2025-05-03 14:00","2025","05","03","14:00","","11.4","","6.1","","70","","0.0","","7","","11","","16.1","","97.62","","","","","","NA"
"-80.38","43.46","KITCHENER/WATERLOO","6144239","2025-05-03 15:00","2025","05","03","15:00","","11.4","","5.7","","68","","0.0","","3","","11","","16.1","","97.60","","","","","","NA"
"-80.38","43.46","KITCHENER/WATERLOO","6144239","2025-05-03 16:00","2025","05","03","16:00","","11.5","","6.0","","69","","0.0","","7","","13","","16.1","","97.57","","","","","","NA"
"-80.38","43.46","KITCHENER/WATERLOO","6144239","2025-05-03 17:00","2025","05","03","17:00","","11.2","","5.4","","67","","0.0","","5","","11","","16.1","","97.56","","","","","","NA"
"-80.38","43.46","KITCHENER/WATERLOO","6144239","2025-05-03 18:00","2025","05","03","18:00","","10.8","","5.7","","71","","0.0","","8","","11","","16.1","","97.57","","","","","","NA"
"-80.38","43.46","KITCHENER/WATERLOO","6144239","2025-05-03 19:00","2025","05","03","19:00","","9.8","","5.4","","74","","0.0","","9","","9","","16.1","","97.57","","","","","","NA"
"-80.38","43.46","KITCHENER/WATERLOO","6144239","2025-05-03 20:00","2025","05","03","20:00","","9.0","","5.4","","78","","0.0","","5","","8","","16.1","","97.59","","","","","","NA"
"-80.38","43.46","KITCHENER/WATERLOO","6144239","2025-05-03 21:00","2025","05","03","21:00","","8.4","","5.0","","79","","0.0","","2","","8","","16.1","","97.63","","","","","","NA"
"-80.38","43.46","KITCHENER/WATERLOO","6144239","2025-05-03 22:00","2025","05","03","22:00","","8.1","","4.9","","80","","0.0","","2","","8","","16.1","","97.67","","","","","","NA"
"-80.38","43.46","KITCHENER/WATERLOO","6144239","2025-05-03 23:00","2025","05","03","23:00","","6.9","","4.2","","83","","0.0","","2","","8","","16.1","","97.62","","","","","","NA"
"-80.38","43.46","KITCHENER/WATERLOO","6144239","2025-05-04 00:00","2025","05","04","00:00","","5.9","","3.2","","83","","0.0","","1","","8","","16.1","","97.61","","","","","","NA"
"-80.38","43.46","KITCHENER/WATERLOO","6144239","2025-05-04 01:00","2025","05","04","01:00","","5.6","","2.6","","81","","0.0","","3","","5","","16.1","","97.61","","","","","","NA"
"-80.38","43.46","KITCHENER/WATERLOO","6144239","2025-05-04 02:00","2025","05","04","02:00","","5.3","","2.1","","80","","0.0","","2","","9","","16.1","","97.55","","","","","","NA"
"-80.38","43.46","KITCHENER/WATERLOO","6144239","2025-05-04 03:00","2025","05","04","03:00","","6.3","","2.3","","76","","0.0","","3","","11","","16.1","","97.52","","","","","","NA"
"-80.38","43.46","KITCHENER/WATERLOO","6144239","2025-05-04 04:00","2025","05","04","04:00","","6.7","","2.6","","75","","0.0","","2","","13","","16.1","","97.52","","","","","","NA"
"-80.38","43.46","KITCHENER/WATERLOO","6144239","2025-05-04 05:00","2025","05","04","05:00","","6.6","","2.9","","77","","0.0","","7","","13","","16.1","","97.56","","","","","","NA"
"-80.38","43.46","KITCHENER/WATERLOO","6144239","2025-05-04 06:00","2025","05","04","06:00","","6.9","","3.0","","76","","0.0","","3","","17","","16.1","","97.58","","","","","","NA"
"-80.38","43.46","KITCHENER/WATERLOO","6144239","2025-05-04 07:00","2025","05","04","07:00","","7.7","","3.8","","76","","0.0","","4","","17","","16.1","","97.63","","","","","","NA"
"-80.38","43.46","KITCHENER/WATERLOO","6144239","2025-05-04 08:00","2025","05","04","08:00","","11.6","","5.8","","67","","0.0","","6","","21","","16.1","","97.65","","","","","","NA"
"-80.38","43.46","KITCHENER/WATERLOO","6144239","2025-05-04 09:00","2025","05","04","09:00","","11.4","","5.3","","66","","0.0","","6","","28","","16.1","","97.62","","","","","","NA"
"-80.38","43.46","KITCHENER/WATERLOO","6144239","2025-05-04 10:00","2025","05","04","10:00","","12.3","","4.5","","59","","0.0","","7","","35","","16.1","","97.66","","","","","","NA"
"-80.38","43.46","KITCHENER/WATERLOO","6144239","2025-05-04 11:00","2025","05","04","11:00","","12.5","","4.1","","56","","0.0","","7","","28","","16.1","","97.66","","","","","","NA"
"-80.38","43.46","KITCHENER/WATERLOO","6144239","2025-05-04 12:00","2025","05","04","12:00","","13.2","","4.6","","56","","0.0","","8","","22","","16.1","","97.69","","","","","","NA"
"-80.38","43.46","KITCHENER/WATERLOO","6144239","2025-05-04 13:00","2025","05","04","13:00","","12.9","","3.8","","54","","0.0","","7","","30","","16.1","","97.64","","","","","","NA"
"-80.38","43.46","KITCHENER/WATERLOO","6144239","2025-05-04 14:00","2025","05","04","14:00","","12.4","","3.7","","55","","0.0","","8","","28","","16.1","","97.68","","","","","","Rain"
"-80.38","43.46","KITCHENER/WATERLOO","6144239","2025-05-04 15:00","2025","05","04","15:00","","12.4","","3.6","","55","","0.0","","8","","30","","16.1","","97.66","","","","","","NA"
"-80.38","43.46","KITCHENER/WATERLOO","6144239","2025-05-04 16:00","2025","05","04","16:00","","11.8","","5.2","","64","","0.0","","7","","18","","16.1","","97.62","","","","","","Rain"
"-80.38","43.46","KITCHENER/WATERLOO","6144239","2025-05-04 17:00","2025","05","04","17:00","","12.0","","4.0","","58","","0.0","","7","","24","","16.1","","97.65","","","","","","Rain"
"-80.38","43.46","KITCHENER/WATERLOO","6144239","2025-05-04 18:00","2025","05","04","18:00","","11.7","","4.6","","62","","0.0","","8","","21","","16.1","","97.66","","","","","","NA"
"-80.38","43.46","KITCHENER/WATERLOO","6144239","2025-05-04 19:00","2025","05","04","19:00","","11.7","","4.4","","61","","0.0","","7","","21","","16.1","","97.68","","","","","","NA"
"-80.38","43.46","KITCHENER/WATERLOO","6144239","2025-05-04 20:00","2025","05","04","20:00","","11.4","","4.5","","63","","0.0","","5","","11","","16.1","","97.70","","","","","","NA"
"-80.38","43.46","KITCHENER/WATERLOO","6144239","2025-05-04 21:00","2025","05","04","21:00","","11.0","","4.0","","62","","0.0","","7","","18","","16.1","","97.74","","","","","","NA"
"-80.38","43.46","KITCHENER/WATERLOO","6144239","2025-05-04 22:00","2025","05","04","22:00","","11.6","","3.7","","58","","0.0","","7","","24","","16.1","","97.76","","","","","","NA"
"-80.38","43.46","KITCHENER/WATERLOO","6144239","2025-05-04 23:00","2025","05","04","23:00","","11.5","","4.1","","60","","0.0","","7","","22","","16.1","","97.74","","","","","","NA"
"-80.38","43.46","KITCHENER/WATERLOO","6144239","2025-05-05 00:00","2025","05","05","00:00","","12.0","","5.0","","62","","0.0","","7","","24","","16.1","","97.78","","","","","","NA"
"-80.38","43.46","KITCHENER/WATERLOO","6144239","2025-05-05 01:00","2025","05","05","01:00","","11.7","","5.2","","64","","0.0","","7","","18","","16.1","","97.79","","","","","","NA"
"-80.38","43.46","KITCHENER/WATERLOO","6144239","2025-05-05 02:00","2025","05","05","02:00","","12.0","","5.0","","62","","0.0","","5","","18","","16.1","","97.76","","","","","","NA"
"-80.38","43.46","KITCHENER/WATERLOO","6144239","2025-05-05 03:00","2025","05","05","03:00","","12.6","","5.1","","60","","0.0","","6","","22","","16.1","","97.78","","","","","","NA"
"-80.38","43.46","KITCHENER/WATERLOO","6144239","2025-05-05 04:00","2025","05","05","04:00","","12.9","","6.2","","63","","0.0","","7","","32","","16.1","","97.81","","","","","","NA"
"-80.38","43.46","KITCHENER/WATERLOO","6144239","2025-05-05 05:00","2025","05","05","05:00","","13.0","","5.6","","60","","0.0","","7","","22","","16.1","","97.83","","","","","","NA"
"-80.38","43.46","KITCHENER/WATERLOO","6144239","2025-05-05 06:00","2025","05","05","06:00","","12.1","","5.3","","63","","0.0","","6","","22","","16.1","","97.89","","","","","","NA"
"-80.38","43.46","KITCHENER/WATERLOO","6144239","2025-05-05 07:00","2025","05","05","07:00","","13.0","","6.5","","64","","0.0","","7","","37","","16.1","","97.89","","","","","","NA"
"-80.38","43.46","KITCHENER/WATERLOO","6144239","2025-05-05 08:00","2025","05","05","08:00","","13.4","","7.5","","67","","0.0","","9","","28","","16.1","","97.98","","","","","","NA"
"-80.38","43.46","KITCHENER/WATERLOO","6144239","2025-05-05 09:00","2025","05","05","09:00","","12.9","","6.7","","66","","0.0","","9","","28","","16.1","","98.03","","","","","","NA"
"-80.38","43.46","KITCHENER/WATERLOO","6144239","2025-05-05 10:00","2025","05","05","10:00","","12.4","","8.7","","78","","0.0","","8","","26","","16.1","","98.03","","","","","","Rain"
"-80.38","43.46","KITCHENER/WATERLOO","6144239","2025-05-05 11:00","2025","05","05","11:00","","14.6","","9.1","","69","","0.0","","8","","28","","16.1","","98.00","","","","","","NA"
"-80.38","43.46","KITCHENER/WATERLOO","6144239","2025-05-05 12:00","2025","05","05","12:00","","13.4","","7.9","","69","","0.0","","9","","30","","16.1","","98.02","","","","","","NA"
"-80.38","43.46","KITCHENER/WATERLOO","6144239","2025-05-05 13:00","2025","05","05","13:00","","14.6","","10.3","","75","","0.0","","8","","28","","16.1","","97.99","","","","","","NA"
"-80.38","43.46","KITCHENER/WATERLOO","6144239","2025-05-05 14:00","2025","05","05","14:00","","15.1","","11.3","","78","","0.0","","9","","30","","16.1","","97.91","","","","","","NA"
"-80.38","43.46","KITCHENER/WATERLOO","6144239","2025-05-05 15:00","2025","05","05","15:00","","15.2","","11.9","","80","","0.0","","8","","24","","16.1","","97.85","","","","","","NA"
"-80.38","43.46","KITCHENER/WATERLOO","6144239","2025-05-05 16:00","2025","05","05","16:00","","13.3","","11.9","","91","","0.0","","7","","22","","16.1","","97.89","","","","","","NA"
"-80.38","43.46","KITCHENER/WATERLOO","6144239","2025-05-05 17:00","2025","05","05","17:00","","13.5","","12.3","","92","","0.0","","6","","18","","11.3","","97.86","","","","","","NA"
"-80.38","43.46","KITCHENER/WATERLOO","6144239","2025-05-05 18:00","2025","05","05","18:00","","14.3","","12.7","","90","","0.0","","6","","11","","16.1","","97.79","","","","","","NA"
"-80.38","43.46","KITCHENER/WATERLOO","6144239","2025-05-05 19:00","2025","05","05","19:00","","15.4","","12.9","","85","","0.0","","7","","22","","16.1","","97.82","","","","","","NA"
"-80.38","43.46","KITCHENER/WATERLOO","6144239","2025-05-05 20:00","2025","05","05","20:00","","15.0","","12.5","","85","","0.0","","8","","26","","16.1","","97.78","","","","","","NA"
"-80.38","43.46","KITCHENER/WATERLOO","6144239","2025-05-05 21:00","2025","05","05","21:00","","14.0","","13.2","","95","","2.8","","9","","26","","6.4","","97.79","","","","","","Thunderstorms,Rain,Fog"
"-80.38","43.46","KITCHENER/WATERLOO","6144239","2025-05-05 22:00","2025","05","05","22:00","","13.5","","12.9","","96","","2.5","","6","","21","","16.1","","97.72","","","","","","Rain"
"-80.38","43.46","KITCHENER/WATERLOO","6144239","2025-05-05 23:00","2025","05","05","23:00","","13.2","","12.9","","98","","0.0","","8","","17","","16.1","","97.65","","","","","","Rain"
"-80.38","43.46","KITCHENER/WATERLOO","6144239","2025-05-06 00:00","2025","05","06","00:00","","13.2","","13.1","","99","","0.0","","8","","28","","1.0","","97.63","","","","","","Fog"
"-80.38","43.46","KITCHENER/WATERLOO","6144239","2025-05-06 01:00","2025","05","06","01:00","","13.0","","12.9","","99","","0.0","","8","","18","","1.2","","97.55","","","","","","Fog"
"-80.38","43.46","KITCHENER/WATERLOO","6144239","2025-05-06 02:00","2025","05","06","02:00","","13.0","","12.9","","99","","0.0","","6","","17","","4.8","","97.47","","","","","","Fog"
"-80.38","43.46","KITCHENER/WATERLOO","6144239","2025-05-06 03:00","2025","05","06","03:00","","12.9","","12.8","","99","","0.8","","12","","18","","6.4","","97.49","","","","","","Rain,Fog"
"-80.38","43.46","KITCHENER/WATERLOO","6144239","2025-05-06 04:00","2025","05","06","04:00","","11.3","","11.2","","99","","0.0","","11","","17","","6.4","","97.52","","","","","","Fog"
"-80.38","43.46","KITCHENER/WATERLOO","6144239","2025-05-06 05:00","2025","05","06","05:00","","10.8","","10.7","","99","","1.2","","4","","9","","6.4","","97.38","","","","","","Rain,Fog"
"-80.38","43.46","KITCHENER/WATERLOO","6144239","2025-05-06 06:00","2025","05","06","06:00","","11.0","","10.9","","99","","0.0","","15","","17","","3.2","","97.56","","","","","","Fog"
"-80.38","43.46","KITCHENER/WATERLOO","6144239","2025-05-06 07:00","2025","05","06","07:00","","11.1","","10.8","","98","","0.0","","15","","17","","11.3","","97.65","","","","","","NA"
"-80.38","43.46","KITCHENER/WATERLOO","6144239","2025-05-06 08:00","2025","05","06","08:00","","13.0","","11.8","","93","","0.0","","18","","11","","16.1","","97.64","","","","","","NA"
"-80.38","43.46","KITCHENER/WATERLOO","6144239","2025-05-06 09:00","2025","05","06","09:00","","13.0","","10.9","","87","","0.0","","18","","13","","16.1","","97.64","","","","","","NA"
"-80.38","43.46","KITCHENER/WATERLOO","6144239","2025-05-06 10:00","2025","05","06","10:00","","14.4","","10.4","","77","","0.0","","20","","17","","16.1","","97.64","","","","","","NA"
"-80.38","43.46","KITCHENER/WATERLOO","6144239","2025-05-06 11:00","2025","05","06","11:00","","15.5","","10.8","","74","","0.0","","17","","24","","16.1","","97.64","","","","","","NA"
"-80.38","43.46","KITCHENER/WATERLOO","6144239","2025-05-06 12:00","2025","05","06","12:00","","15.4","","10.2","","71","","0.0","","17","","18","","16.1","","97.64","","","","","","NA"
"-80.38","43.46","KITCHENER/WATERLOO","6144239","2025-05-06 13:00","2025","05","06","13:00","","16.8","","10.2","","65","","0.0","","18","","17","","16.1","","97.62","","","","","","NA"
"-80.38","43.46","KITCHENER/WATERLOO","6144239","2025-05-06 14:00","2025","05","06","14:00","","16.6","","10.4","","67","","0.0","","19","","11","","16.1","","97.60","","","","","","NA"
"-80.38","43.46","KITCHENER/WATERLOO","6144239","2025-05-06 15:00","2025","05","06","15:00","","16.7","","9.5","","62","","0.0","","17","","9","","16.1","","97.55","","","","","","NA"
"-80.38","43.46","KITCHENER/WATERLOO","6144239","2025-05-06 16:00","2025","05","06","16:00","","17.0","","9.5","","61","","0.0","","18","","8","","16.1","","97.51","","","","","","NA"
"-80.38","43.46","KITCHENER/WATERLOO","6144239","2025-05-06 17:00","2025","05","06","17:00","","16.6","","8.7","","59","","0.0","","23","","9","","16.1","","97.50","","","","","","NA"
"-80.38","43.46","KITCHENER/WATERLOO","6144239","2025-05-06 18:00","2025","05","06","18:00","","17.3","","9.2","","59","","0.0","","22","","13","","16.1","","97.49","","","","","","NA"
"-80.38","43.46","KITCHENER/WATERLOO","6144239","2025-05-06 19:00","2025","05","06","19:00","","15.4","","9.8","","69","","0.0","","24","","9","","16.1","","97.55","","","","","","NA"
"-80.38","43.46","KITCHENER/WATERLOO","6144239","2025-05-06 20:00","2025","05","06","20:00","","14.4","","10.1","","75","","0.0","","27","","5","","16.1","","97.55","","","","","","NA"
"-80.38","43.46","KITCHENER/WATERLOO","6144239","2025-05-06 21:00","2025","05","06","21:00","","12.9","","9.2","","78","","0.0","","26","","8","","16.1","","97.58","","","","","","NA"
"-80.38","43.46","KITCHENER/WATERLOO","6144239","2025-05-06 22:00","2025","05","06","22:00","","13.0","","10.0","","82","","0.0","","25","","9","","16.1","","97.59","","","","","","NA"
"-80.38","43.46","KITCHENER/WATERLOO","6144239","2025-05-06 23:00","2025","05","06","23:00","","12.6","","10.2","","85","","0.0","","28","","13","","16.1","","97.59","","","","","","NA"
"-80.38","43.46","KITCHENER/WATERLOO","6144239","2025-05-07 00:00","2025","05","07","00:00","","12.0","","10.3","","89","","0.0","","30","","9","","16.1","","97.58","","","","","","NA"
"-80.38","43.46","KITCHENER/WATERLOO","6144239","2025-05-07 01:00","2025","05","07","01:00","","11.0","","9.6","","91","","0.0","","29","","11","","16.1","","97.58","","","","","","NA"
"-80.38","43.46","KITCHENER/WATERLOO","6144239","2025-05-07 02:00","2025","05","07","02:00","","10.9","","10.0","","94","","0.0","","29","","13","","16.1","","97.62","","","","","","NA"
"-80.38","43.46","KITCHENER/WATERLOO","6144239","2025-05-07 03:00","2025","05","07","03:00","","11.1","","9.9","","92","","0.0","","28","","11","","16.1","","97.63","","","","","","NA"
"-80.38","43.46","KITCHENER/WATERLOO","6144239","2025-05-07 04:00","2025","05","07","04:00","","10.2","","9.4","","95","","0.0","","29","","13","","16.1","","97.66","","","","","","NA"
"-80.38","43.46","KITCHENER/WATERLOO","6144239","2025-05-07 05:00","2025","05","07","05:00","","9.6","","9.2","","97","","0.0","","30","","11","","11.3","","97.67","","","","","","NA"
"-80.38","43.46","KITCHENER/WATERLOO","6144239","2025-05-07 06:00","2025","05","07","06:00","","10.1","","9.8","","98","","0.0","","30","","21","","4.0","","97.67","","","","","","Fog"
"-80.38","43.46","KITCHENER/WATERLOO","6144239","2025-05-07 07:00","2025","05","07","07:00","","11.4","","10.8","","96","","0.0","","29","","13","","6.4","","97.74","","","","","","Fog"
"-80.38","43.46","KITCHENER/WATERLOO","6144239","2025-05-07 08:00","2025","05","07","08:00","","13.0","","11.7","","92","","0.0","","29","","15","","16.1","","97.76","","","","","","NA"
"-80.38","43.46","KITCHENER/WATERLOO","6144239","2025-05-07 09:00","2025","05","07","09:00","","14.1","","12.0","","87","","0.0","","32","","17","","16.1","","97.83","","","","","","NA"
"-80.38","43.46","KITCHENER/WATERLOO","6144239","2025-05-07 10:00","2025","05","07","10:00","","15.7","","12.2","","80","","0.0","","28","","13","","16.1","","97.80","","","","","","NA"
"-80.38","43.46","KITCHENER/WATERLOO","6144239","2025-05-07 11:00","2025","05","07","11:00","","17.6","","13.4","","76","","0.0","","29","","9","","16.1","","97.86","","","","","","NA"
"-80.38","43.46","KITCHENER/WATERLOO","6144239","2025-05-07 12:00","2025","05","07","12:00","","19.5","","13.0","","66","","0.0","","30","","13","","16.1","","97.83","","","","","","NA"
"-80.38","43.46","KITCHENER/WATERLOO","6144239","2025-05-07 13:00","2025","05","07","13:00","","20.9","","12.5","","58","","0.0","","28","","17","","16.1","","97.78","","","","","","NA"
"-80.38","43.46","KITCHENER/WATERLOO","6144239","2025-05-07 14:00","2025","05","07","14:00","","21.9","","11.8","","52","","0.0","","27","","17","","16.1","","97.78","","","","","","NA"
"-80.38","43.46","KITCHENER/WATERLOO","6144239","2025-05-07 15:00","2025","05","07","15:00","","20.5","","12.2","","59","","0.0","","30","","21","","16.1","","97.78","","","","","","NA"
"-80.38","43.46","KITCHENER/WATERLOO","6144239","2025-05-07 16:00","2025","05","07","16:00","","20.2","","10.8","","54","","0.0","","29","","24","","16.1","","97.79","","","","","","NA"
"-80.38","43.46","KITCHENER/WATERLOO","6144239","2025-05-07 17:00","2025","05","07","17:00","","19.1","","12.3","","65","","0.0","","31","","22","","16.1","","97.76","","","","","","NA"
"-80.38","43.46","KITCHENER/WATERLOO","6144239","2025-05-07 18:00","2025","05","07","18:00","","15.9","","10.8","","71","","0.0","","34","","18","","16.1","","97.81","","","","","","NA"
"-80.38","43.46","KITCHENER/WATERLOO","6144239","2025-05-07 19:00","2025","05","07","19:00","","14.1","","9.3","","73","","0.0","","33","","21","","16.1","","97.88","","","","","","NA"
"-80.38","43.46","KITCHENER/WATERLOO","6144239","2025-05-07 20:00","2025","05","07","20:00","","11.8","","8.5","","80","","0.0","","33","","18","","16.1","","97.98","","","","","","NA"
"-80.38","43.46","KITCHENER/WATERLOO","6144239","2025-05-07 21:00","2025","05","07","21:00","","9.5","","6.1","","79","","0.0","","33","","18","","16.1","","98.07","","","","","","NA"
"-80.38","43.46","KITCHENER/WATERLOO","6144239","2025-05-07 22:00","2025","05","07","22:00","","7.4","","3.7","","77","","0.0","","34","","17","","16.1","","98.16","","","","","","NA"
"-80.38","43.46","KITCHENER/WATERLOO","6144239","2025-05-07 23:00","2025","05","07","23:00","","6.4","","3.4","","81","","0.0","","36","","11","","16.1","","98.15","","","","","","NA"
"-80.38","43.46","KITCHENER/WATERLOO","6144239","2025-05-08 00:00","2025","05","08","00:00","","5.8","","3.0","","82","","0.0","","34","","17","","16.1","","98.17","","","","","","NA"
"-80.38","43.46","KITCHENER/WATERLOO","6144239","2025-05-08 01:00","2025","05","08","01:00","","4.6","","2.3","","85","","0.0","","36","","9","","16.1","","98.19","","","","","","NA"
"-80.38","43.46","KITCHENER/WATERLOO","6144239","2025-05-08 02:00","2025","05","08","02:00","","4.5","","2.5","","87","","0.0","","36","","8","","16.1","","98.17","","","","","","NA"
"-80.38","43.46","KITCHENER/WATERLOO","6144239","2025-05-08 03:00","2025","05","08","03:00","","4.1","","2.3","","88","","0.0","","36","","8","","16.1","","98.22","","","","","","NA"
"-80.38","43.46","KITCHENER/WATERLOO","6144239","2025-05-08 04:00","2025","05","08","04:00","","5.1","","2.5","","83","","0.0","","1","","13","","16.1","","98.23","","","","","","NA"
"-80.38","43.46","KITCHENER/WATERLOO","6144239","2025-05-08 05:00","2025","05","08","05:00","","4.9","","1.8","","80","","0.0","","2","","17","","16.1","","98.24","","","","","","NA"
"-80.38","43.46","KITCHENER/WATERLOO","6144239","2025-05-08 06:00","2025","05","08","06:00","","5.1","","1.9","","80","","0.0","","2","","13","","16.1","","98.32","","","","","","NA"
"-80.38","43.46","KITCHENER/WATERLOO","6144239","2025-05-08 07:00","2025","05","08","07:00","","5.7","","2.3","","79","","0.0","","4","","11","","16.1","","98.39","","","","","","NA"
"-80.38","43.46","KITCHENER/WATERLOO","6144239","2025-05-08 08:00","2025","05","08","08:00","","6.3","","2.4","","76","","0.0","","3","","11","","16.1","","98.44","","","","","","NA"
"-80.38","43.46","KITCHENER/WATERLOO","6144239","2025-05-08 09:00","2025","05","08","09:00","","7.0","","3.1","","76","","0.0","","3","","11","","16.1","","98.45","","","","","","NA"
"-80.38","43.46","KITCHENER/WATERLOO","6144239","2025-05-08 10:00","2025","05","08","10:00","","7.2","","2.7","","73","","0.0","","1","","13","","16.1","","98.44","","","","","","NA"
"-80.38","43.46","KITCHENER/WATERLOO","6144239","2025-05-08 11:00","2025","05","08","11:00","","7.8","","2.5","","69","","0.0","","3","","11","","16.1","","98.44","","","","","","NA"
"-80.38","43.46","KITCHENER/WATERLOO","6144239","2025-05-08 12:00","2025","05","08","12:00","","8.5","","2.9","","68","","0.0","","6","","11","","16.1","","98.42","","","","","","NA"
"-80.38","43.46","KITCHENER/WATERLOO","6144239","2025-05-08 13:00","2025","05","08","13:00","","9.6","","3.4","","65","","0.0","","","M","9","","16.1","","98.41","","","","","","NA"
"-80.38","43.46","KITCHENER/WATERLOO","6144239","2025-05-08 14:00","2025","05","08","14:00","","10.9","","3.5","","60","","0.0","","","M","13","","16.1","","98.37","","","","","","NA"
"-80.38","43.46","KITCHENER/WATERLOO","6144239","2025-05-08 15:00","2025","05","08","15:00","","12.5","","2.8","","51","","0.0","","4","","11","","16.1","","98.32","","","","","","NA"
"-80.38","43.46","KITCHENER/WATERLOO","6144239","2025-05-08 16:00","2025","05","08","16:00","","12.5","","3.1","","53","","0.0","","2","","5","","16.1","","98.27","","","","","","NA"
"-80.38","43.46","KITCHENER/WATERLOO","6144239","2025-05-08 17:00","2025","05","08","17:00","","13.0","","1.5","","45","","0.0","","1","","9","","16.1","","98.25","","","","","","NA"
"-80.38","43.46","KITCHENER/WATERLOO","6144239","2025-05-08 18:00","2025","05","08","18:00","","12.4","","1.4","","47","","0.0","","5","","11","","16.1","","98.21","","","","","","NA"
"-80.38","43.46","KITCHENER/WATERLOO","6144239","2025-05-08 19:00","2025","05","08","19:00","","10.5","","1.0","","52","","0.0","","2","","17","","16.1","","98.26","","","","","","NA"
"-80.38","43.46","KITCHENER/WATERLOO","6144239","2025-05-08 20:00","2025","05","08","20:00","","8.0","","0.0","","57","","0.0","","4","","9","","16.1","","98.34","","","","","","NA"
"-80.38","43.46","KITCHENER/WATERLOO","6144239","2025-05-08 21:00","2025","05","08","21:00","","5.8","","0.2","","67","","0.0","","7","","8","","16.1","","98.40","","","","","","NA"
"-80.38","43.46","KITCHENER/WATERLOO","6144239","2025-05-08 22:00","2025","05","08","22:00","","3.4","","0.8","","83","","0.0","","1","","5","","16.1","","98.40","","","","","","NA"
"-80.38","43.46","KITCHENER/WATERLOO","6144239","2025-05-08 23:00","2025","05","08","23:00","","2.9","","0.8","","86","","0.0","","29","","5","","16.1","","98.38","","","","","","NA"
"-80.38","43.46","KITCHENER/WATERLOO","6144239","2025-05-09 00:00","2025","05","09","00:00","","3.7","","-0.3","","75","","0.0","","30","","5","","16.1","","98.35","","","","","","NA"
"-80.38","43.46","KITCHENER/WATERLOO","6144239","2025-05-09 01:00","2025","05","09","01:00","","0.9","","-1.0","","87","","0.0","","10","","8","","16.1","","98.33","","","","","","NA"
"-80.38","43.46","KITCHENER/WATERLOO","6144239","2025-05-09 02:00","2025","05","09","02:00","","0.9","","-0.6","","90","","0.0","","32","","4","","16.1","","98.29","","","","","","NA"
"-80.38","43.46","KITCHENER/WATERLOO","6144239","2025-05-09 03:00","2025","05","09","03:00","","0.0","","-1.1","","92","","0.0","","33","","8","","16.1","","98.27","","","","-3","","NA"
"-80.38","43.46","KITCHENER/WATERLOO","6144239","2025-05-09 04:00","2025","05","09","04:00","","-0.5","","-2.1","","89","","0.0","","31","","4","","16.1","","98.26","","","","-2","","NA"
"-80.38","43.46","KITCHENER/WATERLOO","6144239","2025-05-09 05:00","2025","05","09","05:00","","-0.9","","-2.3","","91","","0.0","","30","","8","","16.1","","98.25","","","","-4","","NA"
"-80.38","43.46","KITCHENER/WATERLOO","6144239","2025-05-09 06:00","2025","05","09","06:00","","1.2","","-1.2","","84","","0.0","","32","","4","","16.1","","98.26","","","","","","NA"
"-80.38","43.46","KITCHENER/WATERLOO","6144239","2025-05-09 07:00","2025","05","09","07:00","","6.0","","0.7","","69","","0.0","","34","","11","","16.1","","98.26","","","","","","NA"
"-80.38","43.46","KITCHENER/WATERLOO","6144239","2025-05-09 08:00","2025","05","09","08:00","","10.4","","-0.9","","45","","0.0","","2","","17","","16.1","","98.26","","","","","","NA"
"-80.38","43.46","KITCHENER/WATERLOO","6144239","2025-05-09 09:00","2025","05","09","09:00","","12.5","","-3.0","","34","","0.0","","5","","17","","16.1","","98.23","","","","","","NA"
"-80.38","43.46","KITCHENER/WATERLOO","6144239","2025-05-09 10:00","2025","05","09","10:00","","13.1","","-3.5","","31","","0.0","","2","","18","","16.1","","98.21","","","","","","NA"
"-80.38","43.46","KITCHENER/WATERLOO","6144239","2025-05-09 11:00","2025","05","09","11:00","","13.9","","-2.4","","32","","0.0","","35","","13","","16.1","","98.18","","","","","","NA"
"-80.38","43.46","KITCHENER/WATERLOO","6144239","2025-05-09 12:00","2025","05","09","12:00","","14.9","","-2.9","","29","","0.0","","35","","22","","16.1","","98.14","","","","","","NA"
"-80.38","43.46","KITCHENER/WATERLOO","6144239","2025-05-09 13:00","2025","05","09","13:00","","15.8","","-1.9","","30","","0.0","","","M","22","","16.1","","98.08","","","","","","NA"
"-80.38","43.46","KITCHENER/WATERLOO","6144239","2025-05-09 14:00","2025","05","09","14:00","","15.8","","-3.1","","27","","0.0","","35","","13","","16.1","","98.05","","","","","","NA"
"-80.38","43.46","KITCHENER/WATERLOO","6144239","2025-05-09 15:00","2025","05","09","15:00","","16.3","","-2.4","","28","","0.0","","29","","9","","16.1","","98.01","","","","","","NA"
"-80.38","43.46","KITCHENER/WATERLOO","6144239","2025-05-09 16:00","2025","05","09","16:00","","16.6","","-3.0","","26","","0.0","","34","","13","","16.1","","97.96","","","","","","NA"
"-80.38","43.46","KITCHENER/WATERLOO","6144239","2025-05-09 17:00","2025","05","09","17:00","","16.4","","-2.1","","28","","0.0","","31","","18","","16.1","","97.96","","","","","","NA"
"-80.38","43.46","KITCHENER/WATERLOO","6144239","2025-05-09 18:00","2025","05","09","18:00","","15.6","","-3.4","","27","","0.0","","30","","17","","16.1","","97.97","","","","","","NA"
"-80.38","43.46","KITCHENER/WATERLOO","6144239","2025-05-09 19:00","2025","05","09","19:00","","13.8","","-2.2","","33","","0.0","","31","","18","","16.1","","97.97","","","","","","NA"
"-80.38","43.46","KITCHENER/WATERLOO","6144239","2025-05-09 20:00","2025","05","09","20:00","","11.4","","-1.7","","40","","0.0","","31","","15","","16.1","","98.02","","","","","","NA"
"-80.38","43.46","KITCHENER/WATERLOO","6144239","2025-05-09 21:00","2025","05","09","21:00","","8.5","","-1.6","","49","","0.0","","31","","11","","16.1","","98.06","","","","","","NA"
"-80.38","43.46","KITCHENER/WATERLOO","6144239","2025-05-09 22:00","2025","05","09","22:00","","6.5","","-1.9","","55","","0.0","","30","","9","","16.1","","98.04","","","","","","NA"
"-80.38","43.46","KITCHENER/WATERLOO","6144239","2025-05-09 23:00","2025","05","09","23:00","","4.9","","-1.8","","62","","0.0","","30","","13","","16.1","","98.01","","","","","","NA"
"-80.38","43.46","KITCHENER/WATERLOO","6144239","2025-05-10 00:00","2025","05","10","00:00","","4.0","","-2.0","","65","","0.0","","31","","9","","16.1","","98.04","","","","","","NA"
"-80.38","43.46","KITCHENER/WATERLOO","6144239","2025-05-10 01:00","2025","05","10","01:00","","3.6","","-2.0","","67","","0.0","","31","","11","","16.1","","98.06","","","","","","NA"
"-80.38","43.46","KITCHENER/WATERLOO","6144239","2025-05-10 02:00","2025","05","10","02:00","","1.5","","-2.1","","77","","0.0","","30","","11","","16.1","","98.05","","","","","","NA"
"-80.38","43.46","KITCHENER/WATERLOO","6144239","2025-05-10 03:00","2025","05","10","03:00","","2.0","","-2.5","","72","","0.0","","30","","5","","16.1","","98.02","","","","","","NA"
"-80.38","43.46","KITCHENER/WATERLOO","6144239","2025-05-10 04:00","2025","05","10","04:00","","2.1","","-2.3","","73","","0.0","","30","","9","","16.1","","98.06","","","","","","NA"
"-80.38","43.46","KITCHENER/WATERLOO","6144239","2025-05-10 05:00","2025","05","10","05:00","","1.6","","-2.5","","74","","0.0","","31","","9","","16.1","","98.05","","","","","","NA"
"-80.38","43.46","KITCHENER/WATERLOO","6144239","2025-05-10 06:00","2025","05","10","06:00","","4.5","","-0.4","","71","","0.0","","","","0","","16.1","","98.05","","","","","","NA"
"-80.38","43.46","KITCHENER/WATERLOO","6144239","2025-05-10 07:00","2025","05","10","07:00","","8.0","","0.3","","58","","0.0","","","M","4","","16.1","","98.05","","","","","","NA"
"-80.38","43.46","KITCHENER/WATERLOO","6144239","2025-05-10 08:00","2025","05","10","08:00","","12.7","","0.9","","44","","0.0","","26","","5","","16.1","","98.04","","","","","","NA"
"-80.38","43.46","KITCHENER/WATERLOO","6144239","2025-05-10 09:00","2025","05","10","09:00","","15.8","","2.1","","39","","0.0","","","M","8","","16.1","","98.04","","","","","","NA"
"-80.38","43.46","KITCHENER/WATERLOO","6144239","2025-05-10 10:00","2025","05","10","10:00","","17.9","","0.3","","30","","0.0","","27","","22","","16.1","","98.03","","","","","","NA"
"-80.38","43.46","KITCHENER/WATERLOO","6144239","2025-05-10 11:00","2025","05","10","11:00","","18.4","","2.1","","33","","0.0","","32","","15","","16.1","","98.02","","","","","","NA"
"-80.38","43.46","KITCHENER/WATERLOO","6144239","2025-05-10 12:00","2025","05","10","12:00","","19.4","","3.0","","33","","0.0","","29","","8","","16.1","","98.00","","","","","","NA"
"-80.38","43.46","KITCHENER/WATERLOO","6144239","2025-05-10 13:00","2025","05","10","13:00","","20.6","","2.9","","31","","0.0","","30","","11","","16.1","","97.96","","","","","","NA"
"-80.38","43.46","KITCHENER/WATERLOO","6144239","2025-05-10 14:00","2025","05","10","14:00","","21.7","","1.5","","26","","0.0","","25","","13","","16.1","","97.94","","","","","","NA"
"-80.38","43.46","KITCHENER/WATERLOO","6144239","2025-05-10 15:00","2025","05","10","15:00","","21.9","","3.5","","30","","0.0","","30","","17","","16.1","","97.91","","","","","","NA"
"-80.38","43.46","KITCHENER/WATERLOO","6144239","2025-05-10 16:00","2025","05","10","16:00","","22.0","","4.2","","31","","0.0","","29","","21","","16.1","","97.89","","","","","","NA"
"-80.38","43.46","KITCHENER/WATERLOO","6144239","2025-05-10 17:00","2025","05","10","17:00","","20.7","","4.1","","33","","0.0","","29","","22","","16.1","","97.94","","","","","","NA"
"-80.38","43.46","KITCHENER/WATERLOO","6144239","2025-05-10 18:00","2025","05","10","18:00","","19.3","","3.1","","34","","0.0","","30","","26","","16.1","","98.02","","","","","","NA"
"-80.38","43.46","KITCHENER/WATERLOO","6144239","2025-05-10 19:00","2025","05","10","19:00","","17.1","","5.7","","47","","0.0","","35","","21","","16.1","","98.14","","","","","","NA"
"-80.38","43.46","KITCHENER/WATERLOO","6144239","2025-05-10 20:00","2025","05","10","20:00","","14.2","","4.8","","53","","0.0","","34","","15","","16.1","","98.26","","","","","","NA"
"-80.38","43.46","KITCHENER/WATERLOO","6144239","2025-05-10 21:00","2025","05","10","21:00","","11.8","","4.1","","59","","0.0","","34","","22","","16.1","","98.38","","","","","","NA"
"-80.38","43.46","KITCHENER/WATERLOO","6144239","2025-05-10 22:00","2025","05","10","22:00","","10.1","","3.9","","65","","0.0","","33","","17","","16.1","","98.44","","","","","","NA"
"-80.38","43.46","KITCHENER/WATERLOO","6144239","2025-05-10 23:00","2025","05","10","23:00","","9.1","","3.5","","68","","0.0","","34","","13","","16.1","","98.49","","","","","","NA"
"-80.38","43.46","KITCHENER/WATERLOO","6144239","2025-05-11 00:00","2025","05","11","00:00","","8.5","","2.5","","66","","0.0","","35","","8","","16.1","","98.52","","","","","","NA"
"-80.38","43.46","KITCHENER/WATERLOO","6144239","2025-05-11 01:00","2025","05","11","01:00","","7.8","","1.4","","64","","0.0","","36","","11","","16.1","","98.58","","","","","","NA"
"-80.38","43.46","KITCHENER/WATERLOO","6144239","2025-05-11 02:00","2025","05","11","02:00","","6.9","","0.6","","64","","0.0","","1","","11","","16.1","","98.63","","","","","","NA"
"-80.38","43.46","KITCHENER/WATERLOO","6144239","2025-05-11 03:00","2025","05","11","03:00","","5.7","","0.2","","68","","0.0","","2","","8","","16.1","","98.67","","","","","","NA"
"-80.38","43.46","KITCHENER/WATERLOO","6144239","2025-05-11 04:00","2025","05","11","04:00","","5.2","","0.0","","69","","0.0","","3","","9","","16.1","","98.77","","","","","","NA"
"-80.38","43.46","KITCHENER/WATERLOO","6144239","2025-05-11 05:00","2025","05","11","05:00","","4.5","","-0.1","","72","","0.0","","4","","8","","16.1","","98.81","","","","","","NA"
"-80.38","43.46","KITCHENER/WATERLOO","6144239","2025-05-11 06:00","2025","05","11","06:00","","5.0","","0.2","","71","","0.0","","4","","11","","16.1","","98.87","","","","","","NA"
"-80.38","43.46","KITCHENER/WATERLOO","6144239","2025-05-11 07:00","2025","05","11","07:00","","6.8","","0.2","","63","","0.0","","6","","15","","16.1","","98.98","","","","","","NA"
"-80.38","43.46","KITCHENER/WATERLOO","6144239","2025-05-11 08:00","2025","05","11","08:00","","8.9","","-1.2","","49","","0.0","","6","","17","","16.1","","99.03","","","","","","NA"
"-80.38","43.46","KITCHENER/WATERLOO","6144239","2025-05-11 09:00","2025","05","11","09:00","","10.8","","-2.2","","40","","0.0","","7","","11","","16.1","","99.06","","","","","","NA"
"-80.38","43.46","KITCHENER/WATERLOO","6144239","2025-05-11 10:00","2025","05","11","10:00","","12.3","","-4.2","","31","","0.0","","8","","17","","16.1","","99.07","","","","","","NA"
"-80.38","43.46","KITCHENER/WATERLOO","6144239","2025-05-11 11:00","2025","05","11","11:00","","13.8","","-2.2","","33","","0.0","","12","","15","","16.1","","99.06","","","","","","NA"
"-80.38","43.46","KITCHENER/WATERLOO","6144239","2025-05-11 12:00","2025","05","11","12:00","","14.6","","-2.6","","30","","0.0","","7","","18","","16.1","","99.03","","","","","","NA"
"-80.38","43.46","KITCHENER/WATERLOO","6144239","2025-05-11 13:00","2025","05","11","13:00","","15.5","","-3.8","","26","","0.0","","8","","15","","16.1","","99.02","","","","","","NA"
"-80.38","43.46","KITCHENER/WATERLOO","6144239","2025-05-11 14:00","2025","05","11","14:00","","15.4","","-5.8","","23","","0.0","","13","","15","","16.1","","99.00","","","","","","NA"
"-80.38","43.46","KITCHENER/WATERLOO","6144239","2025-05-11 15:00","2025","05","11","15:00","","15.7","","-6.3","","21","","0.0","","10","","17","","16.1","","98.98","","","","","","NA"
"-80.38","43.46","KITCHENER/WATERLOO","6144239","2025-05-11 16:00","2025","05","11","16:00","","15.8","","-7.7","","19","","0.0","","11","","17","","16.1","","98.92","","","","","","NA"
"-80.38","43.46","KITCHENER/WATERLOO","6144239","2025-05-11 17:00","2025","05","11","17:00","","15.7","","-7.2","","20","","0.0","","11","","11","","16.1","","98.90","","","","","","NA"
"-80.38","43.46","KITCHENER/WATERLOO","6144239","2025-05-11 18:00","2025","05","11","18:00","","14.8","","-10.0","","17","","0.0","","10","","15","","16.1","","98.82","","","","","","NA"
"-80.38","43.46","KITCHENER/WATERLOO","6144239","2025-05-11 19:00","2025","05","11","19:00","","11.2","","-5.6","","30","","0.0","","7","","15","","16.1","","98.82","","","","","","NA"
"-80.38","43.46","KITCHENER/WATERLOO","6144239","2025-05-11 20:00","2025","05","11","20:00","","8.5","","-7.0","","33","","0.0","","6","","13","","16.1","","98.74","","","","","","NA"
"-80.38","43.46","KITCHENER/WATERLOO","6144239","2025-05-11 21:00","2025","05","11","21:00","","7.5","","-7.0","","35","","0.0","","11","","8","","16.1","","98.75","","","","","","NA"
"-80.38","43.46","KITCHENER/WATERLOO","6144239","2025-05-11 22:00","2025","05","11","22:00","","7.0","","-6.9","","36","","0.0","","8","","9","","16.1","","98.72","","","","","","NA"
"-80.38","43.46","KITCHENER/WATERLOO","6144239","2025-05-11 23:00","2025","05","11","23:00","","6.1","","-8.1","","35","","0.0","","","M","4","","16.1","","98.75","","","","","","NA"
"-80.38","43.46","KITCHENER/WATERLOO","6144239","2025-05-12 00:00","2025","05","12","00:00","","3.0","","-2.1","","69","","0.0","","36","","4","","16.1","","98.71","","","","","","NA"
"-80.38","43.46","KITCHENER/WATERLOO","6144239","2025-05-12 01:00","2025","05","12","01:00","","3.7","","-1.9","","67","","0.0","","","","0","","16.1","","98.64","","","","","","NA"
"-80.38","43.46","KITCHENER/WATERLOO","6144239","2025-05-12 02:00","2025","05","12","02:00","","4.6","","-3.4","","56","","0.0","","34","","8","","16.1","","98.59","","","","","","NA"
"-80.38","43.46","KITCHENER/WATERLOO","6144239","2025-05-12 03:00","2025","05","12","03:00","","3.9","","-3.1","","61","","0.0","","30","","4","","16.1","","98.52","","","","","","NA"
"-80.38","43.46","KITCHENER/WATERLOO","6144239","2025-05-12 04:00","2025","05","12","04:00","","3.2","","-2.1","","68","","0.0","","","","0","","16.1","","98.52","","","","","","NA"
"-80.38","43.46","KITCHENER/WATERLOO","6144239","2025-05-12 05:00","2025","05","12","05:00","","3.2","","-3.0","","64","","0.0","","","M","4","","16.1","","98.49","","","","","","NA"
"-80.38","43.46","KITCHENER/WATERLOO","6144239","2025-05-12 06:00","2025","05","12","06:00","","4.2","","1.1","","80","","0.0","","","","0","","16.1","","98.50","","","","","","NA"
"-80.38","43.46","KITCHENER/WATERLOO","6144239","2025-05-12 07:00","2025","05","12","07:00","","9.0","","-0.4","","52","","0.0","","","M","4","","16.1","","98.54","","","","","","NA"
"-80.38","43.46","KITCHENER/WATERLOO","6144239","2025-05-12 08:00","2025","05","12","08:00","","12.5","","1.7","","48","","0.0","","","M","4","","16.1","","98.57","","","","","","NA"
"-80.38","43.46","KITCHENER/WATERLOO","6144239","2025-05-12 09:00","2025","05","12","09:00","","16.0","","2.2","","39","","0.0","","","","0","","16.1","","98.52","","","","","","NA"
"-80.38","43.46","KITCHENER/WATERLOO","6144239","2025-05-12 10:00","2025","05","12","10:00","","19.6","","5.3","","39","","0.0","","","M","4","","16.1","","98.49","","","","","","NA"
"-80.38","43.46","KITCHENER/WATERLOO","6144239","2025-05-12 11:00","2025","05","12","11:00","","22.1","","4.5","","31","","0.0","","","","0","","16.1","","98.46","","","","","","NA"
"-80.38","43.46","KITCHENER/WATERLOO","6144239","2025-05-12 12:00","2025","05","12","12:00","","24.0","","4.1","","27","","0.0","","22","","5","","16.1","","98.36","","","","","","NA"
"-80.38","43.46","KITCHENER/WATERLOO","6144239","2025-05-12 13:00","2025","05","12","13:00","","25.0","","2.8","","23","","0.0","","18","","11","","16.1","","98.24","","","","","","NA"
"-80.38","43.46","KITCHENER/WATERLOO","6144239","2025-05-12 14:00","2025","05","12","14:00","","25.7","","2.5","","22","","0.0","","","M","4","","16.1","","98.19","","","","","","NA"
"-80.38","43.46","KITCHENER/WATERLOO","6144239","2025-05-12 15:00","2025","05","12","15:00","","26.9","","0.8","","18","","0.0","","15","","13","","16.1","","98.12","","25","","","","NA"
"-80.38","43.46","KITCHENER/WATERLOO","6144239","2025-05-12 16:00","2025","05","12","16:00","","26.8","","1.9","","20","","0.0","","14","","13","","16.1","","98.04","","25","","","","NA"
"-80.38","43.46","KITCHENER/WATERLOO","6144239","2025-05-12 17:00","2025","05","12","17:00","","25.9","","6.1","","28","","0.0","","16","","13","","16.1","","97.99","","26","","","","NA"
"-80.38","43.46","KITCHENER/WATERLOO","6144239","2025-05-12 18:00","2025","05","12","18:00","","25.2","","8.4","","34","","0.0","","16","","15","","16.1","","97.95","","26","","","","NA"
"-80.38","43.46","KITCHENER/WATERLOO","6144239","2025-05-12 19:00","2025","05","12","19:00","","21.8","","10.1","","47","","0.0","","13","","9","","16.1","","97.94","","","","","","NA"
"-80.38","43.46","KITCHENER/WATERLOO","6144239","2025-05-12 20:00","2025","05","12","20:00","","16.0","","10.5","","70","","0.0","","6","","5","","12.9","","97.94","","","","","","NA"
"-80.38","43.46","KITCHENER/WATERLOO","6144239","2025-05-12 21:00","2025","05","12","21:00","","16.5","","10.7","","68","","0.0","","8","","4","","16.1","","97.98","","","","","","NA"
"-80.38","43.46","KITCHENER/WATERLOO","6144239","2025-05-12 22:00","2025","05","12","22:00","","15.5","","10.4","","72","","0.0","","8","","8","","16.1","","98.01","","","","","","NA"
"-80.38","43.46","KITCHENER/WATERLOO","6144239","2025-05-12 23:00","2025","05","12","23:00","","15.2","","8.9","","66","","0.0","","9","","8","","16.1","","98.00","","","","","","NA"
"-80.38","43.46","KITCHENER/WATERLOO","6144239","2025-05-13 00:00","2025","05","13","00:00","","12.7","","8.6","","76","","0.0","","3","","4","","16.1","","97.98","","","","","","NA"
"-80.38","43.46","KITCHENER/WATERLOO","6144239","2025-05-13 01:00","2025","05","13","01:00","","11.0","","8.4","","84","","0.0","","1","","4","","16.1","","97.96","","","","","","NA"
"-80.38","43.46","KITCHENER/WATERLOO","6144239","2025-05-13 02:00","2025","05","13","02:00","","11.8","","8.5","","80","","0.0","","","M","4","","16.1","","97.93","","","","","","NA"
"-80.38","43.46","KITCHENER/WATERLOO","6144239","2025-05-13 03:00","2025","05","13","03:00","","12.6","","8.7","","77","","0.0","","","","0","","16.1","","97.95","","","","","","NA"
"-80.38","43.46","KITCHENER/WATERLOO","6144239","2025-05-13 04:00","2025","05","13","04:00","","12.5","","9.8","","83","","0.0","","","","0","","16.1","","97.94","","","","","","NA"
"-80.38","43.46","KITCHENER/WATERLOO","6144239","2025-05-13 05:00","2025","05","13","05:00","","12.3","","9.7","","84","","0.0","","","","0","","16.1","","97.92","","","","","","NA"
"-80.38","43.46","KITCHENER/WATERLOO","6144239","2025-05-13 06:00","2025","05","13","06:00","","13.3","","9.8","","79","","0.0","","13","","4","","16.1","","97.95","","","","","","NA"
"-80.38","43.46","KITCHENER/WATERLOO","6144239","2025-05-13 07:00","2025","05","13","07:00","","14.7","","9.7","","72","","0.0","","11","","5","","16.1","","97.96","","","","","","NA"
"-80.38","43.46","KITCHENER/WATERLOO","6144239","2025-05-13 08:00","2025","05","13","08:00","","16.0","","9.5","","65","","0.0","","6","","8","","16.1","","97.94","","","","","","NA"
"-80.38","43.46","KITCHENER/WATERLOO","6144239","2025-05-13 09:00","2025","05","13","09:00","","19.7","","12.7","","64","","0.0","","6","","8","","16.1","","97.91","","","","","","NA"
"-80.38","43.46","KITCHENER/WATERLOO","6144239","2025-05-13 10:00","2025","05","13","10:00","","20.9","","14.6","","67","","0.0","","13","","22","","16.1","","97.88","","25","","","","NA"
"-80.38","43.46","KITCHENER/WATERLOO","6144239","2025-05-13 11:00","2025","05","13","11:00","","21.6","","15.5","","68","","0.0","","13","","17","","16.1","","97.84","","26","","","","NA"
"-80.38","43.46","KITCHENER/WATERLOO","6144239","2025-05-13 12:00","2025","05","13","12:00","","23.2","","15.4","","61","","0.0","","12","","24","","16.1","","97.77","","27","","","","NA"
"-80.38","43.46","KITCHENER/WATERLOO","6144239","2025-05-13 13:00","2025","05","13","13:00","","21.8","","14.7","","64","","0.0","","11","","30","","16.1","","97.74","","26","","","","NA"
"-80.38","43.46","KITCHENER/WATERLOO","6144239","2025-05-13 14:00","2025","05","13","14:00","","20.4","","15.3","","72","","0.0","","10","","28","","16.1","","97.71","","25","","","","NA"
"-80.38","43.46","KITCHENER/WATERLOO","6144239","2025-05-13 15:00","2025","05","13","15:00","","18.0","","16.9","","93","","0.5","","10","","22","","16.1","","97.68","","","","","","Rain"
"-80.38","43.46","KITCHENER/WATERLOO","6144239","2025-05-13 16:00","2025","05","13","16:00","","17.7","","16.1","","90","","0.0","","8","","15","","12.9","","97.63","","","","","","NA"
"-80.38","43.46","KITCHENER/WATERLOO","6144239","2025-05-13 17:00","2025","05","13","17:00","","18.7","","16.2","","85","","0.0","","10","","18","","16.1","","97.61","","","","","","NA"
"-80.38","43.46","KITCHENER/WATERLOO","6144239","2025-05-13 18:00","2025","05","13","18:00","","17.5","","16.7","","95","","2.0","","11","","17","","2.8","","97.61","","","","","","Moderate Rain,Fog"
"-80.38","43.46","KITCHENER/WATERLOO","6144239","2025-05-13 19:00","2025","05","13","19:00","","17.0","","16.5","","97","","1.0","","8","","15","","16.1","","97.58","","","","","","NA"
"-80.38","43.46","KITCHENER/WATERLOO","6144239","2025-05-13 20:00","2025","05","13","20:00","","16.7","","15.7","","94","","0.0","","9","","18","","16.1","","97.57","","","","","","NA"
"-80.38","43.46","KITCHENER/WATERLOO","6144239","2025-05-13 21:00","2025","05","13","21:00","","16.5","","15.5","","94","","0.0","","10","","22","","16.1","","97.58","","","","","","NA"
"-80.38","43.46","KITCHENER/WATERLOO","6144239","2025-05-13 22:00","2025","05","13","22:00","","16.5","","15.9","","96","","0.0","","10","","22","","16.1","","97.57","","","","","","Rain"
"-80.38","43.46","KITCHENER/WATERLOO","6144239","2025-05-13 23:00","2025","05","13","23:00","","16.5","","15.9","","96","","0.2","","9","","21","","16.1","","97.52","","","","","","NA"
"-80.38","43.46","KITCHENER/WATERLOO","6144239","2025-05-14 00:00","2025","05","14","00:00","","16.5","","15.9","","96","","0.0","","11","","13","","16.1","","97.51","","","","","","NA"
"-80.38","43.46","KITCHENER/WATERLOO","6144239","2025-05-14 01:00","2025","05","14","01:00","","16.3","","15.8","","97","","1.2","","9","","22","","2.4","","97.49","","","","","","Rain,Fog"
"-80.38","43.46","KITCHENER/WATERLOO","6144239","2025-05-14 02:00","2025","05","14","02:00","","16.0","","15.4","","96","","1.0","","9","","21","","16.1","","97.45","","","","","","NA"
"-80.38","43.46","KITCHENER/WATERLOO","6144239","2025-05-14 03:00","2025","05","14","03:00","","15.6","","15.1","","97","","0.0","","9","","21","","16.1","","97.44","","","","","","NA"
"-80.38","43.46","KITCHENER/WATERLOO","6144239","2025-05-14 04:00","2025","05","14","04:00","","15.1","","14.6","","97","","0.0","","9","","22","","16.1","","97.44","","","","","","NA"
"-80.38","43.46","KITCHENER/WATERLOO","6144239","2025-05-14 05:00","2025","05","14","05:00","","14.9","","14.6","","98","","0.0","","9","","22","","11.3","","97.46","","","","","","NA"
"-80.38","43.46","KITCHENER/WATERLOO","6144239","2025-05-14 06:00","2025","05","14","06:00","","15.1","","14.5","","96","","0.0","","10","","17","","16.1","","97.50","","","","","","NA"
"-80.38","43.46","KITCHENER/WATERLOO","6144239","2025-05-14 07:00","2025","05","14","07:00","","15.0","","14.4","","96","","0.0","","10","","17","","16.1","","97.54","","","","","","NA"
"-80.38","43.46","KITCHENER/WATERLOO","6144239","2025-05-14 08:00","2025","05","14","08:00","","15.7","","14.7","","93","","0.0","","10","","17","","16.1","","97.58","","","","","","NA"
"-80.38","43.46","KITCHENER/WATERLOO","6144239","2025-05-14 09:00","2025","05","14","09:00","","17.4","","15.0","","86","","0.0","","12","","18","","16.1","","97.57","","","","","","NA"
"-80.38","43.46","KITCHENER/WATERLOO","6144239","2025-05-14 10:00","2025","05","14","10:00","","19.5","","16.4","","82","","0.0","","11","","18","","16.1","","97.55","","","","","","NA"
"-80.38","43.46","KITCHENER/WATERLOO","6144239","2025-05-14 11:00","2025","05","14","11:00","","19.3","","15.4","","78","","0.0","","10","","21","","16.1","","97.54","","","","","","NA"
"-80.38","43.46","KITCHENER/WATERLOO","6144239","2025-05-14 12:00","2025","05","14","12:00","","20.5","","16.0","","75","","0.0","","14","","17","","16.1","","97.51","","25","","","","NA"
"-80.38","43.46","KITCHENER/WATERLOO","6144239","2025-05-14 13:00","2025","05","14","13:00","","20.4","","15.4","","73","","0.0","","12","","17","","16.1","","97.46","","25","","","","NA"
"-80.38","43.46","KITCHENER/WATERLOO","6144239","2025-05-14 14:00","2025","05","14","14:00","","20.7","","15.5","","72","","0.0","","12","","18","","16.1","","97.46","","25","","","","NA"
"-80.38","43.46","KITCHENER/WATERLOO","6144239","2025-05-14 15:00","2025","05","14","15:00","","20.8","","15.1","","69","","0.0","","11","","21","","16.1","","97.42","","25","","","","NA"
"-80.38","43.46","KITCHENER/WATERLOO","6144239","2025-05-14 16:00","2025","05","14","16:00","","20.4","","15.4","","73","","0.0","","9","","22","","16.1","","97.41","","25","","","","NA"
"-80.38","43.46","KITCHENER/WATERLOO","6144239","2025-05-14 17:00","2025","05","14","17:00","","20.0","","14.8","","72","","0.0","","9","","22","","16.1","","97.37","","","","","","NA"
"-80.38","43.46","KITCHENER/WATERLOO","6144239","2025-05-14 18:00","2025","05","14","18:00","","19.8","","15.0","","74","","0.0","","9","","17","","16.1","","97.35","","","","","","NA"
"-80.38","43.46","KITCHENER/WATERLOO","6144239","2025-05-14 19:00","2025","05","14","19:00","","18.4","","14.4","","77","","0.0","","8","","15","","16.1","","97.34","","","","","","NA"
"-80.38","43.46","KITCHENER/WATERLOO","6144239","2025-05-14 20:00","2025","05","14","20:00","","16.3","","13.8","","85","","0.0","","10","","11","","16.1","","97.35","","","","","","NA"
"-80.38","43.46","KITCHENER/WATERLOO","6144239","2025-05-14 21:00","2025","05","14","21:00","","14.3","","13.0","","92","","0.0","","7","","11","","16.1","","97.40","","","","","","NA"
"-80.38","43.46","KITCHENER/WATERLOO","6144239","2025-05-14 22:00","2025","05","14","22:00","","13.2","","12.3","","94","","0.0","","8","","11","","16.1","","97.37","","","","","","NA"
"-80.38","43.46","KITCHENER/WATERLOO","6144239","2025-05-14 23:00","2025","05","14","23:00","","12.7","","11.9","","95","","0.0","","8","","9","","16.1","","97.36","","","","","","NA"
"-80.38","43.46","KITCHENER/WATERLOO","6144239","2025-05-15 00:00","2025","05","15","00:00","","12.0","","11.5","","97","","0.0","","8","","5","","16.1","","97.38","","","","","","NA"
"-80.38","43.46","KITCHENER/WATERLOO","6144239","2025-05-15 01:00","2025","05","15","01:00","","12.4","","12.3","","99","","0.0","","6","","5","","11.3","","97.32","","","","","","NA"
"-80.38","43.46","KITCHENER/WATERLOO","6144239","2025-05-15 02:00","2025","05","15","02:00","","11.3","","11.2","","99","","0.0","","8","","5","","9.7","","97.28","","","","","","Fog"
"-80.38","43.46","KITCHENER/WATERLOO","6144239","2025-05-15 03:00","2025","05","15","03:00","","12.6","","12.3","","98","","0.0","","7","","8","","9.7","","97.24","","","","","","Fog"
"-80.38","43.46","KITCHENER/WATERLOO","6144239","2025-05-15 04:00","2025","05","15","04:00","","12.7","","12.4","","98","","0.0","","8","","8","","8.1","","97.23","","","","","","Fog"
"-80.38","43.46","KITCHENER/WATERLOO","6144239","2025-05-15 05:00","2025","05","15","05:00","","12.7","","12.4","","98","","0.0","","7","","5","","6.4","","97.24","","","","","","Fog"
"-80.38","43.46","KITCHENER/WATERLOO","6144239","2025-05-15 06:00","2025","05","15","06:00","","13.7","","13.4","","98","","0.0","","11","","8","","4.8","","97.29","","","","","","Fog"
"-80.38","43.46","KITCHENER/WATERLOO","6144239","2025-05-15 07:00","2025","05","15","07:00","","16.3","","14.4","","88","","0.0","","12","","11","","16.1","","97.29","","","","","","NA"
"-80.38","43.46","KITCHENER/WATERLOO","6144239","2025-05-15 08:00","2025","05","15","08:00","","18.0","","14.7","","81","","0.0","","16","","13","","16.1","","97.28","","","","","","NA"
"-80.38","43.46","KITCHENER/WATERLOO","6144239","2025-05-15 09:00","2025","05","15","09:00","","19.7","","15.6","","77","","0.0","","17","","15","","16.1","","97.26","","","","","","NA"
"-80.38","43.46","KITCHENER/WATERLOO","6144239","2025-05-15 10:00","2025","05","15","10:00","","21.3","","16.6","","74","","0.0","","15","","13","","16.1","","97.23","","26","","","","NA"
"-80.38","43.46","KITCHENER/WATERLOO","6144239","2025-05-15 11:00","2025","05","15","11:00","","21.8","","16.4","","71","","0.0","","13","","15","","16.1","","97.20","","27","","","","NA"
"-80.38","43.46","KITCHENER/WATERLOO","6144239","2025-05-15 12:00","2025","05","15","12:00","","23.1","","17.1","","69","","0.0","","11","","13","","16.1","","97.17","","28","","","","NA"
"-80.38","43.46","KITCHENER/WATERLOO","6144239","2025-05-15 13:00","2025","05","15","13:00","","23.8","","17.1","","66","","0.0","","11","","18","","16.1","","97.12","","29","","","","NA"
"-80.38","43.46","KITCHENER/WATERLOO","6144239","2025-05-15 14:00","2025","05","15","14:00","","23.6","","16.4","","64","","0.0","","11","","17","","16.1","","97.06","","28","","","","NA"
"-80.38","43.46","KITCHENER/WATERLOO","6144239","2025-05-15 15:00","2025","05","15","15:00","","24.5","","15.9","","58","","0.0","","18","","21","","16.1","","97.01","","29","","","","NA"
"-80.38","43.46","KITCHENER/WATERLOO","6144239","2025-05-15 16:00","2025","05","15","16:00","","24.0","","15.9","","60","","0.0","","14","","21","","16.1","","96.97","","29","","","","NA"
"-80.38","43.46","KITCHENER/WATERLOO","6144239","2025-05-15 17:00","2025","05","15","17:00","","23.1","","15.8","","63","","0.0","","11","","13","","16.1","","96.97","","28","","","","NA"
"-80.38","43.46","KITCHENER/WATERLOO","6144239","2025-05-15 18:00","2025","05","15","18:00","","22.2","","15.7","","66","","0.0","","13","","21","","16.1","","96.96","","27","","","","NA"
"-80.38","43.46","KITCHENER/WATERLOO","6144239","2025-05-15 19:00","2025","05","15","19:00","","20.0","","14.9","","72","","0.0","","11","","17","","16.1","","96.94","","","","","","NA"
"-80.38","43.46","KITCHENER/WATERLOO","6144239","2025-05-15 20:00","2025","05","15","20:00","","17.5","","14.1","","80","","0.0","","11","","15","","16.1","","96.86","","","","","","NA"
"-80.38","43.46","KITCHENER/WATERLOO","6144239","2025-05-15 21:00","2025","05","15","21:00","","16.1","","13.1","","82","","0.0","","11","","11","","16.1","","96.87","","","","","","NA"
"-80.38","43.46","KITCHENER/WATERLOO","6144239","2025-05-15 22:00","2025","05","15","22:00","","14.9","","12.6","","86","","0.0","","10","","9","","16.1","","96.85","","","","","","NA"
"-80.38","43.46","KITCHENER/WATERLOO","6144239","2025-05-15 23:00","2025","05","15","23:00","","14.6","","12.6","","88","","0.0","","9","","8","","16.1","","96.83","","","","","","NA"
"-80.38","43.46","KITCHENER/WATERLOO","6144239","2025-05-16 00:00","2025","05","16","00:00","","14.5","","13.0","","91","","0.0","","7","","5","","16.1","","96.82","","","","","","NA"
"-80.38","43.46","KITCHENER/WATERLOO","6144239","2025-05-16 01:00","2025","05","16","01:00","","15.3","","13.9","","91","","0.0","","11","","11","","16.1","","96.67","","","","","","NA"
"-80.38","43.46","KITCHENER/WATERLOO","6144239","2025-05-16 02:00","2025","05","16","02:00","","17.1","","15.1","","88","","0.0","","12","","17","","16.1","","96.56","","","","","","NA"
"-80.38","43.46","KITCHENER/WATERLOO","6144239","2025-05-16 03:00","2025","05","16","03:00","","17.3","","15.3","","88","","0.0","","20","","15","","16.1","","96.77","","","","","","Thunderstorms,Rain"
"-80.38","43.46","KITCHENER/WATERLOO","6144239","2025-05-16 04:00","2025","05","16","04:00","","16.2","","15.3","","94","","2.8","","7","","18","","16.1","","96.42","","","","","","Thunderstorms,Rain"
"-80.38","43.46","KITCHENER/WATERLOO","6144239","2025-05-16 05:00","2025","05","16","05:00","","15.4","","14.5","","94","","0.2","","28","","5","","16.1","","96.26","","","","","","NA"
"-80.38","43.46","KITCHENER/WATERLOO","6144239","2025-05-16 06:00","2025","05","16","06:00","","15.8","","15.2","","96","","0.0","","18","","9","","16.1","","96.56","","","","","","NA"
"-80.38","43.46","KITCHENER/WATERLOO","6144239","2025-05-16 07:00","2025","05","16","07:00","","17.4","","15.5","","89","","0.0","","19","","13","","16.1","","96.69","","","","","","NA"
"-80.38","43.46","KITCHENER/WATERLOO","6144239","2025-05-16 08:00","2025","05","16","08:00","","19.2","","15.8","","80","","0.0","","23","","24","","16.1","","96.71","","","","","","NA"
"-80.38","43.46","KITCHENER/WATERLOO","6144239","2025-05-16 09:00","2025","05","16","09:00","","19.3","","15.9","","80","","0.0","","24","","22","","16.1","","96.71","","","","","","NA"
"-80.38","43.46","KITCHENER/WATERLOO","6144239","2025-05-16 10:00","2025","05","16","10:00","","21.4","","17.1","","76","","0.0","","23","","17","","16.1","","96.68","","27","","","","NA"
"-80.38","43.46","KITCHENER/WATERLOO","6144239","2025-05-16 11:00","2025","05","16","11:00","","22.9","","16.4","","66","","0.0","","25","","24","","16.1","","96.69","","28","","","","NA"
"-80.38","43.46","KITCHENER/WATERLOO","6144239","2025-05-16 12:00","2025","05","16","12:00","","24.0","","14.4","","54","","0.0","","25","","21","","16.1","","96.69","","28","","","","NA"
"-80.38","43.46","KITCHENER/WATERLOO","6144239","2025-05-16 13:00","2025","05","16","13:00","","24.9","","11.4","","42","","0.0","","26","","24","","16.1","","96.70","","27","","","","NA"
"-80.38","43.46","KITCHENER/WATERLOO","6144239","2025-05-16 14:00","2025","05","16","14:00","","25.4","","9.1","","35","","0.0","","28","","21","","16.1","","96.70","","26","","","","NA"
"-80.38","43.46","KITCHENER/WATERLOO","6144239","2025-05-16 15:00","2025","05","16","15:00","","25.7","","9.0","","34","","0.0","","26","","24","","16.1","","96.66","","27","","","","NA"
"-80.38","43.46","KITCHENER/WATERLOO","6144239","2025-05-16 16:00","2025","05","16","16:00","","25.2","","9.4","","36","","0.0","","29","","18","","16.1","","96.61","","26","","","","NA"
"-80.38","43.46","KITCHENER/WATERLOO","6144239","2025-05-16 17:00","2025","05","16","17:00","","25.1","","8.4","","34","","0.0","","28","","17","","16.1","","96.58","","26","","","","NA"
"-80.38","43.46","KITCHENER/WATERLOO","6144239","2025-05-16 18:00","2025","05","16","18:00","","24.3","","9.4","","38","","0.0","","25","","11","","16.1","","96.50","","25","","","","NA"
"-80.38","43.46","KITCHENER/WATERLOO","6144239","2025-05-16 19:00","2025","05","16","19:00","","22.8","","10.3","","45","","0.0","","20","","11","","16.1","","96.47","","","","","","NA"
"-80.38","43.46","KITCHENER/WATERLOO","6144239","2025-05-16 20:00","2025","05","16","20:00","","18.5","","12.8","","69","","0.0","","11","","5","","16.1","","96.39","","","","","","NA"
"-80.38","43.46","KITCHENER/WATERLOO","6144239","2025-05-16 21:00","2025","05","16","21:00","","15.9","","12.7","","81","","0.0","","7","","5","","16.1","","96.37","","","","","","NA"
"-80.38","43.46","KITCHENER/WATERLOO","6144239","2025-05-16 22:00","2025","05","16","22:00","","16.1","","12.9","","81","","0.0","","13","","11","","16.1","","96.34","","","","","","NA"
"-80.38","43.46","KITCHENER/WATERLOO","6144239","2025-05-16 23:00","2025","05","16","23:00","","18.7","","12.3","","66","","0.0","","14","","13","","16.1","","96.22","","","","","","NA"
"-80.38","43.46","KITCHENER/WATERLOO","6144239","2025-05-17 00:00","2025","05","17","00:00","","18.7","","10.4","","58","","0.0","","14","","17","","16.1","","96.16","","","","","","NA"
"-80.38","43.46","KITCHENER/WATERLOO","6144239","2025-05-17 01:00","2025","05","17","01:00","","18.0","","10.1","","60","","0.0","","19","","15","","16.1","","96.06","","","","","","Thunderstorms,Rain"
"-80.38","43.46","KITCHENER/WATERLOO","6144239","2025-05-17 02:00","2025","05","17","02:00","","18.1","","13.3","","73","","0.0","","19","","22","","16.1","","96.02","","","","","","NA"
"-80.38","43.46","KITCHENER/WATERLOO","6144239","2025-05-17 03:00","2025","05","17","03:00","","18.0","","11.6","","66","","0.0","","21","","21","","16.1","","95.97","","","","","","NA"
"-80.38","43.46","KITCHENER/WATERLOO","6144239","2025-05-17 04:00","2025","05","17","04:00","","18.0","","10.9","","63","","0.0","","21","","21","","16.1","","95.96","","","","","","NA"
"-80.38","43.46","KITCHENER/WATERLOO","6144239","2025-05-17 05:00","2025","05","17","05:00","","16.7","","11.3","","70","","0.0","","23","","21","","16.1","","95.97","","","","","","NA"
"-80.38","43.46","KITCHENER/WATERLOO","6144239","2025-05-17 06:00","2025","05","17","06:00","","16.0","","12.2","","78","","0.0","","23","","9","","16.1","","95.96","","","","","","NA"
"-80.38","43.46","KITCHENER/WATERLOO","6144239","2025-05-17 07:00","2025","05","17","07:00","","16.8","","12.8","","77","","0.0","","22","","9","","16.1","","95.94","","","","","","NA"
"-80.38","43.46","KITCHENER/WATERLOO","6144239","2025-05-17 08:00","2025","05","17","08:00","","17.6","","13.6","","77","","0.0","","20","","11","","16.1","","95.94","","","","","","NA"
"-80.38","43.46","KITCHENER/WATERLOO","6144239","2025-05-17 09:00","2025","05","17","09:00","","19.1","","14.6","","75","","0.0","","22","","17","","16.1","","95.87","","","","","","NA"
"-80.38","43.46","KITCHENER/WATERLOO","6144239","2025-05-17 10:00","2025","05","17","10:00","","17.6","","14.5","","82","","0.0","","21","","18","","16.1","","95.89","","","","","","Rain"
"-80.38","43.46","KITCHENER/WATERLOO","6144239","2025-05-17 11:00","2025","05","17","11:00","","13.1","","11.0","","87","","5.8","","27","","24","","16.1","","96.04","","","","","","Thunderstorms,Rain"
"-80.38","43.46","KITCHENER/WATERLOO","6144239","2025-05-17 12:00","2025","05","17","12:00","","12.4","","10.1","","86","","0.2","","28","","26","","16.1","","96.05","","","","","","Rain"
"-80.38","43.46","KITCHENER/WATERLOO","6144239","2025-05-17 13:00","2025","05","17","13:00","","12.8","","9.4","","79","","0.0","","27","","22","","16.1","","96.05","","","","","","NA"
"-80.38","43.46","KITCHENER/WATERLOO","6144239","2025-05-17 14:00","2025","05","17","14:00","","13.7","","8.9","","72","","0.0","","26","","34","","16.1","","96.08","","","","","","NA"
"-80.38","43.46","KITCHENER/WATERLOO","6144239","2025-05-17 15:00","2025","05","17","15:00","","15.1","","9.0","","67","","0.0","","28","","28","","16.1","","96.12","","","","","","NA"
"-80.38","43.46","KITCHENER/WATERLOO","6144239","2025-05-17 16:00","2025","05","17","16:00","","15.1","","8.0","","62","","0.0","","26","","34","","16.1","","96.18","","","","","","NA"
"-80.38","43.46","KITCHENER/WATERLOO","6144239","2025-05-17 17:00","2025","05","17","17:00","","14.2","","7.9","","66","","0.0","","27","","35","","16.1","","96.27","","","","","","NA"
"-80.38","43.46","KITCHENER/WATERLOO","6144239","2025-05-17 18:00","2025","05","17","18:00","","12.1","","9.3","","83","","0.0","","27","","32","","14.5","","96.34","","","","","","NA"
"-80.38","43.46","KITCHENER/WATERLOO","6144239","2025-05-17 19:00","2025","05","17","19:00","","12.5","","9.0","","79","","0.0","","25","","37","","16.1","","96.34","","","","","","NA"
"-80.38","43.46","KITCHENER/WATERLOO","6144239","2025-05-17 20:00","2025","05","17","20:00","","11.6","","9.9","","89","","0.0","","25","","21","","14.5","","96.41","","","","","","NA"
"-80.38","43.46","KITCHENER/WATERLOO","6144239","2025-05-17 21:00","2025","05","17","21:00","","11.9","","10.0","","88","","0.0","","25","","26","","16.1","","96.43","","","","","","NA"
"-80.38","43.46","KITCHENER/WATERLOO","6144239","2025-05-17 22:00","2025","05","17","22:00","","11.4","","10.5","","94","","0.0","","25","","21","","4.8","","96.46","","","","","","Rain,Fog"
"-80.38","43.46","KITCHENER/WATERLOO","6144239","2025-05-17 23:00","2025","05","17","23:00","","11.5","","10.6","","94","","0.2","","25","","26","","8.1","","96.46","","","","","","Rain,Fog"
"-80.38","43.46","KITCHENER/WATERLOO","6144239","2025-05-18 00:00","2025","05","18","00:00","","11.5","","10.7","","95","","0.2","","26","","24","","6.4","","96.48","","","","","","Rain,Fog"
"-80.38","43.46","KITCHENER/WATERLOO","6144239","2025-05-18 01:00","2025","05","18","01:00","","11.5","","10.7","","95","","0.2","","27","","22","","12.9","","96.48","","","","","","NA"
"-80.38","43.46","KITCHENER/WATERLOO","6144239","2025-05-18 02:00","2025","05","18","02:00","","11.6","","10.5","","93","","0.0","","27","","21","","16.1","","96.49","","","","","","NA"
"-80.38","43.46","KITCHENER/WATERLOO","6144239","2025-05-18 03:00","2025","05","18","03:00","","11.7","","10.6","","93","","0.0","","28","","24","","16.1","","96.54","","","","","","NA"
"-80.38","43.46","KITCHENER/WATERLOO","6144239","2025-05-18 04:00","2025","05","18","04:00","","11.6","","10.8","","95","","0.0","","27","","24","","16.1","","96.60","","","","","","NA"
"-80.38","43.46","KITCHENER/WATERLOO","6144239","2025-05-18 05:00","2025","05","18","05:00","","11.6","","10.7","","94","","0.0","","28","","24","","16.1","","96.60","","","","","","NA"
"-80.38","43.46","KITCHENER/WATERLOO","6144239","2025-05-18 06:00","2025","05","18","06:00","","11.1","","10.2","","94","","0.0","","29","","21","","16.1","","96.67","","","","","","NA"
"-80.38","43.46","KITCHENER/WATERLOO","6144239","2025-05-18 07:00","2025","05","18","07:00","","10.6","","9.2","","91","","0.0","","29","","22","","16.1","","96.71","","","","","","NA"
"-80.38","43.46","KITCHENER/WATERLOO","6144239","2025-05-18 08:00","2025","05","18","08:00","","10.7","","9.0","","89","","0.0","","29","","22","","16.1","","96.81","","","","","","NA"
"-80.38","43.46","KITCHENER/WATERLOO","6144239","2025-05-18 09:00","2025","05","18","09:00","","10.5","","8.7","","89","","0.0","","29","","26","","16.1","","96.88","","","","","","NA"
"-80.38","43.46","KITCHENER/WATERLOO","6144239","2025-05-18 10:00","2025","05","18","10:00","","11.3","","9.1","","86","","0.0","","30","","24","","16.1","","96.93","","","","","","NA"
"-80.38","43.46","KITCHENER/WATERLOO","6144239","2025-05-18 11:00","2025","05","18","11:00","","13.2","","9.8","","80","","0.0","","30","","32","","16.1","","96.96","","","","","","NA"
"-80.38","43.46","KITCHENER/WATERLOO","6144239","2025-05-18 12:00","2025","05","18","12:00","","12.8","","9.3","","79","","0.0","","31","","24","","16.1","","97.00","","","","","","NA"
"-80.38","43.46","KITCHENER/WATERLOO","6144239","2025-05-18 13:00","2025","05","18","13:00","","12.9","","9.3","","78","","0.0","","30","","30","","16.1","","97.05","","","","","","NA"
"-80.38","43.46","KITCHENER/WATERLOO","6144239","2025-05-18 14:00","2025","05","18","14:00","","12.2","","9.1","","81","","0.0","","31","","26","","16.1","","97.12","","","","","","NA"
"-80.38","43.46","KITCHENER/WATERLOO","6144239","2025-05-18 15:00","2025","05","18","15:00","","11.4","","8.2","","81","","0.0","","31","","28","","16.1","","97.15","","","","","","NA"
"-80.38","43.46","KITCHENER/WATERLOO","6144239","2025-05-18 16:00","2025","05","18","16:00","","11.4","","8.3","","81","","0.0","","31","","21","","16.1","","97.19","","","","","","NA"
"-80.38","43.46","KITCHENER/WATERLOO","6144239","2025-05-18 17:00","2025","05","18","17:00","","10.9","","7.7","","80","","0.0","","30","","28","","16.1","","97.29","","","","","","NA"
"-80.38","43.46","KITCHENER/WATERLOO","6144239","2025-05-18 18:00","2025","05","18","18:00","","10.1","","6.9","","81","","0.0","","31","","32","","16.1","","97.36","","","","","","NA"
"-80.38","43.46","KITCHENER/WATERLOO","6144239","2025-05-18 19:00","2025","05","18","19:00","","8.9","","6.4","","84","","0.0","","30","","26","","16.1","","97.42","","","","","","NA"
"-80.38","43.46","KITCHENER/WATERLOO","6144239","2025-05-18 20:00","2025","05","18","20:00","","8.4","","5.9","","84","","0.0","","31","","15","","16.1","","97.47","","","","","","NA"
"-80.38","43.46","KITCHENER/WATERLOO","6144239","2025-05-18 21:00","2025","05","18","21:00","","8.0","","5.5","","84","","0.0","","32","","15","","16.1","","97.51","","","","","","NA"
"-80.38","43.46","KITCHENER/WATERLOO","6144239","2025-05-18 22:00","2025","05","18","22:00","","7.6","","5.3","","85","","0.0","","33","","9","","16.1","","97.52","","","","","","NA"
"-80.38","43.46","KITCHENER/WATERLOO","6144239","2025-05-18 23:00","2025","05","18","23:00","","7.3","","5.3","","87","","0.0","","31","","13","","16.1","","97.56","","","","","","NA"
"-80.38","43.46","KITCHENER/WATERLOO","6144239","2025-05-19 00:00","2025","05","19","00:00","","6.7","","4.3","","85","","0.0","","30","","18","","16.1","","97.59","","","","","","NA"
"-80.38","43.46","KITCHENER/WATERLOO","6144239","2025-05-19 01:00","2025","05","19","01:00","","6.6","","3.9","","83","","0.0","","32","","11","","16.1","","97.59","","","","","","NA"
"-80.38","43.46","KITCHENER/WATERLOO","6144239","2025-05-19 02:00","2025","05","19","02:00","","6.4","","3.9","","84","","0.0","","31","","11","","16.1","","97.61","","","","","","NA"
"-80.38","43.46","KITCHENER/WATERLOO","6144239","2025-05-19 03:00","2025","05","19","03:00","","6.4","","4.1","","85","","0.0","","30","","11","","16.1","","97.68","","","","","","NA"
"-80.38","43.46","KITCHENER/WATERLOO","6144239","2025-05-19 04:00","2025","05","19","04:00","","6.6","","4.4","","86","","0.0","","31","","11","","16.1","","97.69","","","","","","NA"
"-80.38","43.46","KITCHENER/WATERLOO","6144239","2025-05-19 05:00","2025","05","19","05:00","","6.7","","4.7","","87","","0.0","","35","","15","","16.1","","97.72","","","","","","NA"
"-80.38","43.46","KITCHENER/WATERLOO","6144239","2025-05-19 06:00","2025","05","19","06:00","","6.7","","5.0","","89","","0.0","","36","","11","","16.1","","97.77","","","","","","NA"
"-80.38","43.46","KITCHENER/WATERLOO","6144239","2025-05-19 07:00","2025","05","19","07:00","","7.2","","5.1","","87","","0.0","","35","","8","","16.1","","97.79","","","","","","NA"
"-80.38","43.46","KITCHENER/WATERLOO","6144239","2025-05-19 08:00","2025","05","19","08:00","","7.9","","5.3","","83","","0.0","","31","","13","","16.1","","97.87","","","","","","NA"
"-80.38","43.46","KITCHENER/WATERLOO","6144239","2025-05-19 09:00","2025","05","19","09:00","","9.0","","4.5","","73","","0.0","","34","","18","","16.1","","97.87","","","","","","NA"
"-80.38","43.46","KITCHENER/WATERLOO","6144239","2025-05-19 10:00","2025","05","19","10:00","","10.6","","5.3","","69","","0.0","","33","","17","","16.1","","97.91","","","","","","NA"
"-80.38","43.46","KITCHENER/WATERLOO","6144239","2025-05-19 11:00","2025","05","19","11:00","","11.1","","5.2","","67","","0.0","","31","","18","","16.1","","97.89","","","","","","NA"
"-80.38","43.46","KITCHENER/WATERLOO","6144239","2025-05-19 12:00","2025","05","19","12:00","","12.4","","4.6","","59","","0.0","","33","","21","","16.1","","97.89","","","","","","NA"
"-80.38","43.46","KITCHENER/WATERLOO","6144239","2025-05-19 13:00","2025","05","19","13:00","","13.4","","5.7","","59","","0.0","","29","","22","","16.1","","97.90","","","","","","NA"
"-80.38","43.46","KITCHENER/WATERLOO","6144239","2025-05-19 14:00","2025","05","19","14:00","","14.0","","3.9","","50","","0.0","","32","","21","","16.1","","97.90","","","","","","NA"
"-80.38","43.46","KITCHENER/WATERLOO","6144239","2025-05-19 15:00","2025","05","19","15:00","","14.3","","4.0","","50","","0.0","","35","","18","","16.1","","97.90","","","","","","NA"
"-80.38","43.46","KITCHENER/WATERLOO","6144239","2025-05-19 16:00","2025","05","19","16:00","","14.8","","1.4","","40","","0.0","","33","","17","","16.1","","97.92","","","","","","NA"
"-80.38","43.46","KITCHENER/WATERLOO","6144239","2025-05-19 17:00","2025","05","19","17:00","","14.0","","1.2","","42","","0.0","","35","","18","","16.1","","97.93","","","","","","NA"
"-80.38","43.46","KITCHENER/WATERLOO","6144239","2025-05-19 18:00","2025","05","19","18:00","","12.9","","1.8","","47","","0.0","","33","","17","","16.1","","97.94","","","","","","NA"
"-80.38","43.46","KITCHENER/WATERLOO","6144239","2025-05-19 19:00","2025","05","19","19:00","","10.1","","0.9","","53","","0.0","","1","","18","","16.1","","97.95","","","","","","NA"
"-80.38","43.46","KITCHENER/WATERLOO","6144239","2025-05-19 20:00","2025","05","19","20:00","","7.6","","0.7","","62","","0.0","","35","","13","","16.1","","97.97","","","","","","NA"
"-80.38","43.46","KITCHENER/WATERLOO","6144239","2025-05-19 21:00","2025","05","19","21:00","","6.4","","-0.1","","63","","0.0","","1","","17","","16.1","","98.02","","","","","","NA"
"-80.38","43.46","KITCHENER/WATERLOO","6144239","2025-05-19 22:00","2025","05","19","22:00","","4.5","","-0.5","","70","","0.0","","35","","9","","16.1","","98.09","","","","","","NA"
"-80.38","43.46","KITCHENER/WATERLOO","6144239","2025-05-19 23:00","2025","05","19","23:00","","4.0","","-0.8","","71","","0.0","","36","","9","","16.1","","98.14","","","","","","NA"
"-80.38","43.46","KITCHENER/WATERLOO","6144239","2025-05-20 00:00","2025","05","20","00:00","","3.5","","-0.9","","73","","0.0","","36","","9","","16.1","","98.14","","","","","","NA"
"-80.38","43.46","KITCHENER/WATERLOO","6144239","2025-05-20 01:00","2025","05","20","01:00","","3.4","","-1.0","","73","","0.0","","2","","9","","16.1","","98.16","","","","","","NA"
"-80.38","43.46","KITCHENER/WATERLOO","6144239","2025-05-20 02:00","2025","05","20","02:00","","3.6","","-1.0","","72","","0.0","","4","","8","","16.1","","98.15","","","","","","NA"
"-80.38","43.46","KITCHENER/WATERLOO","6144239","2025-05-20 03:00","2025","05","20","03:00","","3.4","","-1.0","","73","","0.0","","4","","15","","16.1","","98.07","","","","","","NA"
"-80.38","43.46","KITCHENER/WATERLOO","6144239","2025-05-20 04:00","2025","05","20","04:00","","1.7","","-1.2","","81","","0.0","","","","0","","16.1","","98.16","","","","","","NA"
"-80.38","43.46","KITCHENER/WATERLOO","6144239","2025-05-20 05:00","2025","05","20","05:00","","0.3","","-0.7","","93","","0.0","","","M","4","","16.1","","98.18","","","","","","NA"
"-80.38","43.46","KITCHENER/WATERLOO","6144239","2025-05-20 06:00","2025","05","20","06:00","","2.7","","-0.4","","80","","0.0","","5","","9","","16.1","","98.12","","","","","","NA"
"-80.38","43.46","KITCHENER/WATERLOO","6144239","2025-05-20 07:00","2025","05","20","07:00","","5.6","","0.2","","68","","0.0","","6","","21","","16.1","","98.17","","","","","","NA"
"-80.38","43.46","KITCHENER/WATERLOO","6144239","2025-05-20 08:00","2025","05","20","08:00","","8.1","","0.7","","59","","0.0","","9","","13","","16.1","","98.22","","","","","","NA"
"-80.38","43.46","KITCHENER/WATERLOO","6144239","2025-05-20 09:00","2025","05","20","09:00","","9.2","","0.8","","55","","0.0","","7","","18","","16.1","","98.14","","","","","","NA"
"-80.38","43.46","KITCHENER/WATERLOO","6144239","2025-05-20 10:00","2025","05","20","10:00","","11.4","","2.1","","53","","0.0","","8","","21","","16.1","","98.12","","","","","","NA"
"-80.38","43.46","KITCHENER/WATERLOO","6144239","2025-05-20 11:00","2025","05","20","11:00","","12.5","","2.5","","50","","0.0","","5","","13","","16.1","","98.05","","","","","","NA"
"-80.38","43.46","KITCHENER/WATERLOO","6144239","2025-05-20 12:00","2025","05","20","12:00","","13.0","","2.0","","47","","0.0","","6","","11","","16.1","","98.02","","","","","","NA"
"-80.38","43.46","KITCHENER/WATERLOO","6144239","2025-05-20 13:00","2025","05","20","13:00","","14.5","","2.9","","45","","0.0","","6","","11","","16.1","","97.98","","","","","","NA"
"-80.38","43.46","KITCHENER/WATERLOO","6144239","2025-05-20 14:00","2025","05","20","14:00","","15.7","","4.2","","46","","0.0","","7","","11","","16.1","","97.87","","","","","","NA"
"-80.38","43.46","KITCHENER/WATERLOO","6144239","2025-05-20 15:00","2025","05","20","15:00","","16.3","","3.3","","41","","0.0","","8","","18","","16.1","","97.78","","","","","","NA"
"-80.38","43.46","KITCHENER/WATERLOO","6144239","2025-05-20 16:00","2025","05","20","16:00","","15.9","","4.8","","47","","0.0","","11","","22","","16.1","","97.69","","","","","","NA"
"-80.38","43.46","KITCHENER/WATERLOO","6144239","2025-05-20 17:00","2025","05","20","17:00","","14.4","","3.1","","46","","0.0","","10","","22","","16.1","","97.66","","","","","","NA"
"-80.38","43.46","KITCHENER/WATERLOO","6144239","2025-05-20 18:00","2025","05","20","18:00","","13.7","","3.0","","48","","0.0","","9","","24","","16.1","","97.66","","","","","","NA"
"-80.38","43.46","KITCHENER/WATERLOO","6144239","2025-05-20 19:00","2025","05","20","19:00","","11.3","","3.1","","57","","0.0","","10","","18","","16.1","","97.66","","","","","","NA"
"-80.38","43.46","KITCHENER/WATERLOO","6144239","2025-05-20 20:00","2025","05","20","20:00","","10.6","","2.7","","58","","0.0","","9","","22","","16.1","","97.63","","","","","","NA"
"-80.38","43.46","KITCHENER/WATERLOO","6144239","2025-05-20 21:00","2025","05","20","21:00","","9.9","","2.5","","60","","0.0","","10","","18","","16.1","","97.66","","","","","","NA"
"-80.38","43.46","KITCHENER/WATERLOO","6144239","2025-05-20 22:00","2025","05","20","22:00","","8.1","","2.7","","69","","0.0","","8","","21","","16.1","","97.58","","","","","","NA"
"-80.38","43.46","KITCHENER/WATERLOO","6144239","2025-05-20 23:00","2025","05","20","23:00","","8.7","","3.2","","68","","0.0","","9","","21","","16.1","","97.58","","","","","","NA"
"-80.38","43.46","KITCHENER/WATERLOO","6144239","2025-05-21 00:00","2025","05","21","00:00","","8.6","","3.3","","69","","0.0","","8","","32","","16.1","","97.56","","","","","","NA"
"-80.38","43.46","KITCHENER/WATERLOO","6144239","2025-05-21 01:00","2025","05","21","01:00","","8.6","","3.5","","70","","0.0","","9","","30","","16.1","","97.51","","","","","","NA"
"-80.38","43.46","KITCHENER/WATERLOO","6144239","2025-05-21 02:00","2025","05","21","02:00","","8.1","","3.4","","72","","0.0","","8","","32","","16.1","","97.44","","","","","","NA"
"-80.38","43.46","KITCHENER/WATERLOO","6144239","2025-05-21 03:00","2025","05","21","03:00","","8.0","","3.5","","73","","0.0","","9","","28","","16.1","","97.34","","","","","","NA"
"-80.38","43.46","KITCHENER/WATERLOO","6144239","2025-05-21 04:00","2025","05","21","04:00","","8.3","","3.8","","73","","0.0","","9","","26","","16.1","","97.25","","","","","","NA"
"-80.38","43.46","KITCHENER/WATERLOO","6144239","2025-05-21 05:00","2025","05","21","05:00","","7.6","","4.9","","83","","0.0","","7","","32","","16.1","","97.09","","","","","","Rain"
"-80.38","43.46","KITCHENER/WATERLOO","6144239","2025-05-21 06:00","2025","05","21","06:00","","7.8","","5.1","","83","","0.0","","9","","21","","16.1","","97.19","","","","","","Rain"
"-80.38","43.46","KITCHENER/WATERLOO","6144239","2025-05-21 07:00","2025","05","21","07:00","","8.4","","5.2","","80","","0.0","","8","","32","","16.1","","97.16","","","","","","NA"
"-80.38","43.46","KITCHENER/WATERLOO","6144239","2025-05-21 08:00","2025","05","21","08:00","","8.9","","5.7","","80","","0.0","","8","","34","","16.1","","97.10","","","","","","NA"
"-80.38","43.46","KITCHENER/WATERLOO","6144239","2025-05-21 09:00","2025","05","21","09:00","","10.1","","6.4","","78","","0.0","","7","","34","","16.1","","97.04","","","","","","NA"
"-80.38","43.46","KITCHENER/WATERLOO","6144239","2025-05-21 10:00","2025","05","21","10:00","","9.6","","6.4","","80","","0.0","","6","","30","","16.1","","96.99","","","","","","NA"
"-80.38","43.46","KITCHENER/WATERLOO","6144239","2025-05-21 11:00","2025","05","21","11:00","","9.6","","6.8","","83","","0.0","","9","","24","","16.1","","96.96","","","","","","NA"
"-80.38","43.46","KITCHENER/WATERLOO","6144239","2025-05-21 12:00","2025","05","21","12:00","","8.3","","7.1","","92","","0.8","","7","","28","","16.1","","96.94","","","","","","Rain"
"-80.38","43.46","KITCHENER/WATERLOO","6144239","2025-05-21 13:00","2025","05","21","13:00","","8.5","","7.7","","95","","0.5","","7","","24","","14.5","","96.90","","","","","","Rain"
"-80.38","43.46","KITCHENER/WATERLOO","6144239","2025-05-21 14:00","2025","05","21","14:00","","8.9","","8.2","","95","","2.0","","7","","26","","12.9","","96.83","","","","","","Rain"
"-80.38","43.46","KITCHENER/WATERLOO","6144239","2025-05-21 15:00","2025","05","21","15:00","","9.4","","8.8","","96","","1.8","","6","","30","","12.9","","96.74","","","","","","Rain"
"-80.38","43.46","KITCHENER/WATERLOO","6144239","2025-05-21 16:00","2025","05","21","16:00","","9.5","","8.9","","96","","3.0","","6","","30","","4.8","","96.70","","","","","","Moderate Rain,Fog"
"-80.38","43.46","KITCHENER/WATERLOO","6144239","2025-05-21 17:00","2025","05","21","17:00","","9.6","","9.0","","96","","3.2","","7","","28","","11.3","","96.68","","","","","","Rain"
"-80.38","43.46","KITCHENER/WATERLOO","6144239","2025-05-21 18:00","2025","05","21","18:00","","9.4","","9.0","","97","","1.2","","8","","24","","4.8","","96.68","","","","","","Rain,Fog"
"-80.38","43.46","KITCHENER/WATERLOO","6144239","2025-05-21 19:00","2025","05","21","19:00","","9.2","","8.8","","97","","1.0","","8","","28","","8.1","","96.65","","","","","","Rain,Fog"
"-80.38","43.46","KITCHENER/WATERLOO","6144239","2025-05-21 20:00","2025","05","21","20:00","","9.2","","8.8","","97","","1.8","","7","","24","","4.8","","96.61","","","","","","Rain,Fog"
"-80.38","43.46","KITCHENER/WATERLOO","6144239","2025-05-21 21:00","2025","05","21","21:00","","9.1","","8.7","","97","","1.2","","7","","26","","11.3","","96.62","","","","","","Rain"
"-80.38","43.46","KITCHENER/WATERLOO","6144239","2025-05-21 22:00","2025","05","21","22:00","","8.9","","8.6","","98","","0.2","","7","","21","","6.4","","96.61","","","","","","Rain,Fog"
"-80.38","43.46","KITCHENER/WATERLOO","6144239","2025-05-21 23:00","2025","05","21","23:00","","8.8","","8.5","","98","","0.8","","7","","21","","3.6","","96.57","","","","","","Rain,Fog"
"-80.38","43.46","KITCHENER/WATERLOO","6144239","2025-05-22 00:00","2025","05","22","00:00","","8.5","","8.2","","98","","1.0","","7","","17","","11.3","","96.51","","","","","","Rain"
"-80.38","43.46","KITCHENER/WATERLOO","6144239","2025-05-22 01:00","2025","05","22","01:00","","8.3","","8.0","","98","","0.8","","7","","15","","4.8","","96.45","","","","","","Rain,Fog"
"-80.38","43.46","KITCHENER/WATERLOO","6144239","2025-05-22 02:00","2025","05","22","02:00","","8.3","","8.0","","98","","1.5","","6","","11","","4.8","","96.40","","","","","","Rain,Fog"
"-80.38","43.46","KITCHENER/WATERLOO","6144239","2025-05-22 03:00","2025","05","22","03:00","","8.4","","8.2","","99","","2.0","","7","","13","","8.1","","96.35","","","","","","Rain,Fog"
"-80.38","43.46","KITCHENER/WATERLOO","6144239","2025-05-22 04:00","2025","05","22","04:00","","8.1","","7.8","","98","","1.5","","7","","9","","4.8","","96.34","","","","","","Rain,Fog"
"-80.38","43.46","KITCHENER/WATERLOO","6144239","2025-05-22 05:00","2025","05","22","05:00","","8.0","","7.9","","99","","1.5","","9","","5","","6.4","","96.34","","","","","","Rain,Fog"
"-80.38","43.46","KITCHENER/WATERLOO","6144239","2025-05-22 06:00","2025","05","22","06:00","","8.1","","7.8","","98","","1.8","","8","","9","","8.1","","96.37","","","","","","Rain,Fog"
"-80.38","43.46","KITCHENER/WATERLOO","6144239","2025-05-22 07:00","2025","05","22","07:00","","8.2","","7.9","","98","","1.8","","8","","13","","6.4","","96.38","","","","","","Rain,Fog"
"-80.38","43.46","KITCHENER/WATERLOO","6144239","2025-05-22 08:00","2025","05","22","08:00","","8.6","","8.2","","97","","1.0","","9","","11","","14.5","","96.40","","","","","","Rain"
"-80.38","43.46","KITCHENER/WATERLOO","6144239","2025-05-22 09:00","2025","05","22","09:00","","9.3","","8.9","","97","","0.2","","8","","9","","8.1","","96.41","","","","","","Rain,Fog"
"-80.38","43.46","KITCHENER/WATERLOO","6144239","2025-05-22 10:00","2025","05","22","10:00","","10.0","","9.5","","97","","0.5","","8","","8","","6.4","","96.43","","","","","","Rain,Fog"
"-80.38","43.46","KITCHENER/WATERLOO","6144239","2025-05-22 11:00","2025","05","22","11:00","","10.5","","9.9","","96","","0.8","","9","","8","","6.4","","96.45","","","","","","Rain,Fog"
"-80.38","43.46","KITCHENER/WATERLOO","6144239","2025-05-22 12:00","2025","05","22","12:00","","10.6","","10.2","","97","","1.0","","3","","5","","2.8","","96.46","","","","","","Rain,Fog"
"-80.38","43.46","KITCHENER/WATERLOO","6144239","2025-05-22 13:00","2025","05","22","13:00","","11.4","","10.8","","96","","1.0","","8","","9","","6.4","","96.45","","","","","","Rain,Fog"
"-80.38","43.46","KITCHENER/WATERLOO","6144239","2025-05-22 14:00","2025","05","22","14:00","","11.6","","10.8","","95","","0.5","","6","","8","","6.4","","96.47","","","","","","Rain,Fog"
"-80.38","43.46","KITCHENER/WATERLOO","6144239","2025-05-22 15:00","2025","05","22","15:00","","11.0","","10.5","","97","","4.0","","30","","13","","4.0","","96.51","","","","","","Rain,Fog"
"-80.38","43.46","KITCHENER/WATERLOO","6144239","2025-05-22 16:00","2025","05","22","16:00","","11.0","","10.2","","95","","0.5","","30","","17","","16.1","","96.55","","","","","","Rain"
"-80.38","43.46","KITCHENER/WATERLOO","6144239","2025-05-22 17:00","2025","05","22","17:00","","10.7","","9.9","","95","","1.0","","29","","17","","16.1","","96.61","","","","","","Rain"
"-80.38","43.46","KITCHENER/WATERLOO","6144239","2025-05-22 18:00","2025","05","22","18:00","","9.8","","9.1","","95","","0.5","","30","","24","","6.4","","96.67","","","","","","Rain,Fog"
"-80.38","43.46","KITCHENER/WATERLOO","6144239","2025-05-22 19:00","2025","05","22","19:00","","9.3","","8.7","","96","","1.0","","29","","21","","4.0","","96.76","","","","","","Rain,Fog"
"-80.38","43.46","KITCHENER/WATERLOO","6144239","2025-05-22 20:00","2025","05","22","20:00","","8.7","","8.1","","96","","0.5","","30","","21","","11.3","","96.81","","","","","","Rain"
"-80.38","43.46","KITCHENER/WATERLOO","6144239","2025-05-22 21:00","2025","05","22","21:00","","8.3","","7.7","","96","","0.5","","31","","22","","4.0","","96.86","","","","","","Rain,Fog"
"-80.38","43.46","KITCHENER/WATERLOO","6144239","2025-05-22 22:00","2025","05","22","22:00","","8.2","","7.6","","96","","0.8","","29","","24","","12.9","","96.90","","","","","","Rain"
"-80.38","43.46","KITCHENER/WATERLOO","6144239","2025-05-22 23:00","2025","05","22","23:00","","7.9","","7.2","","95","","0.5","","30","","24","","16.1","","96.93","","","","","","Rain"
"-80.38","43.46","KITCHENER/WATERLOO","6144239","2025-05-23 00:00","2025","05","23","00:00","","7.4","","6.5","","94","","0.5","","30","","22","","16.1","","96.94","","","","","","Rain"
"-80.38","43.46","KITCHENER/WATERLOO","6144239","2025-05-23 01:00","2025","05","23","01:00","","7.1","","6.3","","95","","0.5","","30","","17","","16.1","","96.94","","","","","","Rain"
"-80.38","43.46","KITCHENER/WATERLOO","6144239","2025-05-23 02:00","2025","05","23","02:00","","6.9","","6.0","","94","","0.0","","30","","22","","16.1","","96.92","","","","","","Rain"
"-80.38","43.46","KITCHENER/WATERLOO","6144239","2025-05-23 03:00","2025","05","23","03:00","","6.7","","5.5","","92","","0.0","","30","","18","","16.1","","96.95","","","","","","NA"
"-80.38","43.46","KITCHENER/WATERLOO","6144239","2025-05-23 04:00","2025","05","23","04:00","","6.4","","5.3","","93","","0.0","","30","","18","","16.1","","96.98","","","","","","NA"
"-80.38","43.46","KITCHENER/WATERLOO","6144239","2025-05-23 05:00","2025","05","23","05:00","","6.5","","5.1","","91","","0.0","","29","","21","","16.1","","97.02","","","","","","NA"
"-80.38","43.46","KITCHENER/WATERLOO","6144239","2025-05-23 06:00","2025","05","23","06:00","","6.8","","5.1","","89","","0.0","","29","","15","","16.1","","97.04","","","","","","NA"
"-80.38","43.46","KITCHENER/WATERLOO","6144239","2025-05-23 07:00","2025","05","23","07:00","","7.6","","5.9","","89","","0.0","","28","","22","","16.1","","97.07","","","","","","NA"
"-80.38","43.46","KITCHENER/WATERLOO","6144239","2025-05-23 08:00","2025","05","23","08:00","","7.5","","6.5","","93","","0.0","","29","","17","","6.4","","97.10","","","","","","Rain,Fog"
"-80.38","43.46","KITCHENER/WATERLOO","6144239","2025-05-23 09:00","2025","05","23","09:00","","9.4","","6.3","","81","","0.0","","29","","24","","16.1","","97.12","","","","","","NA"
"-80.38","43.46","KITCHENER/WATERLOO","6144239","2025-05-23 10:00","2025","05","23","10:00","","9.8","","6.3","","79","","0.0","","28","","30","","16.1","","97.16","","","","","","NA"
"-80.38","43.46","KITCHENER/WATERLOO","6144239","2025-05-23 11:00","2025","05","23","11:00","","9.4","","6.2","","81","","0.0","","28","","28","","16.1","","97.20","","","","","","NA"
"-80.38","43.46","KITCHENER/WATERLOO","6144239","2025-05-23 12:00","2025","05","23","12:00","","10.7","","6.8","","77","","0.0","","28","","28","","16.1","","97.23","","","","","","NA"
"-80.38","43.46","KITCHENER/WATERLOO","6144239","2025-05-23 13:00","2025","05","23","13:00","","10.0","","6.5","","79","","0.0","","26","","30","","16.1","","97.29","","","","","","NA"
"-80.38","43.46","KITCHENER/WATERLOO","6144239","2025-05-23 14:00","2025","05","23","14:00","","8.7","","6.2","","84","","0.0","","27","","30","","14.5","","97.35","","","","","","NA"
"-80.38","43.46","KITCHENER/WATERLOO","6144239","2025-05-23 15:00","2025","05","23","15:00","","10.0","","5.9","","76","","0.0","","28","","34","","16.1","","97.33","","","","","","NA"
"-80.38","43.46","KITCHENER/WATERLOO","6144239","2025-05-23 16:00","2025","05","23","16:00","","9.4","","5.7","","77","","0.0","","29","","34","","16.1","","97.37","","","","","","NA"
"-80.38","43.46","KITCHENER/WATERLOO","6144239","2025-05-23 17:00","2025","05","23","17:00","","8.9","","5.9","","82","","0.0","","28","","24","","16.1","","97.40","","","","","","NA"
"-80.38","43.46","KITCHENER/WATERLOO","6144239","2025-05-23 18:00","2025","05","23","18:00","","8.7","","6.0","","83","","0.0","","29","","24","","16.1","","97.44","","","","","","NA"
"-80.38","43.46","KITCHENER/WATERLOO","6144239","2025-05-23 19:00","2025","05","23","19:00","","8.4","","5.7","","83","","0.0","","28","","21","","16.1","","97.49","","","","","","NA"
"-80.38","43.46","KITCHENER/WATERLOO","6144239","2025-05-23 20:00","2025","05","23","20:00","","8.1","","6.1","","87","","0.0","","28","","21","","16.1","","97.52","","","","","","NA"
"-80.38","43.46","KITCHENER/WATERLOO","6144239","2025-05-23 21:00","2025","05","23","21:00","","7.8","","5.8","","87","","0.0","","28","","21","","16.1","","97.56","","","","","","NA"
"-80.38","43.46","KITCHENER/WATERLOO","6144239","2025-05-23 22:00","2025","05","23","22:00","","7.9","","5.9","","87","","0.0","","28","","18","","16.1","","97.58","","","","","","NA"
"-80.38","43.46","KITCHENER/WATERLOO","6144239","2025-05-23 23:00","2025","05","23","23:00","","7.8","","6.3","","90","","0.0","","29","","21","","16.1","","97.58","","","","","","NA"
"-80.38","43.46","KITCHENER/WATERLOO","6144239","2025-05-24 00:00","2025","05","24","00:00","","7.9","","6.2","","89","","0.0","","29","","21","","16.1","","97.62","","","","","","NA"
"-80.38","43.46","KITCHENER/WATERLOO","6144239","2025-05-24 01:00","2025","05","24","01:00","","7.7","","6.5","","92","","0.0","","29","","18","","16.1","","97.62","","","","","","NA"
"-80.38","43.46","KITCHENER/WATERLOO","6144239","2025-05-24 02:00","2025","05","24","02:00","","7.7","","6.6","","93","","0.0","","29","","18","","16.1","","97.62","","","","","","NA"
"-80.38","43.46","KITCHENER/WATERLOO","6144239","2025-05-24 03:00","2025","05","24","03:00","","7.7","","6.2","","90","","0.0","","30","","21","","16.1","","97.65","","","","","","NA"
"-80.38","43.46","KITCHENER/WATERLOO","6144239","2025-05-24 04:00","2025","05","24","04:00","","7.3","","5.9","","91","","0.0","","29","","18","","16.1","","97.68","","","","","","NA"
"-80.38","43.46","KITCHENER/WATERLOO","6144239","2025-05-24 05:00","2025","05","24","05:00","","7.5","","6.1","","91","","0.0","","29","","18","","16.1","","97.76","","","","","","NA"
"-80.38","43.46","KITCHENER/WATERLOO","6144239","2025-05-24 06:00","2025","05","24","06:00","","7.8","","6.4","","91","","0.0","","29","","24","","16.1","","97.82","","","","","","NA"
"-80.38","43.46","KITCHENER/WATERLOO","6144239","2025-05-24 07:00","2025","05","24","07:00","","8.3","","6.9","","91","","0.0","","28","","22","","12.9","","97.85","","","","","","NA"
"-80.38","43.46","KITCHENER/WATERLOO","6144239","2025-05-24 08:00","2025","05","24","08:00","","9.0","","6.8","","86","","0.0","","29","","21","","16.1","","97.89","","","","","","NA"
"-80.38","43.46","KITCHENER/WATERLOO","6144239","2025-05-24 09:00","2025","05","24","09:00","","8.7","","6.7","","87","","0.0","","29","","26","","16.1","","97.91","","","","","","NA"
"-80.38","43.46","KITCHENER/WATERLOO","6144239","2025-05-24 10:00","2025","05","24","10:00","","10.1","","6.9","","80","","0.0","","31","","21","","16.1","","97.91","","","","","","NA"
"-80.38","43.46","KITCHENER/WATERLOO","6144239","2025-05-24 11:00","2025","05","24","11:00","","10.4","","7.0","","79","","0.0","","30","","17","","16.1","","97.95","","","","","","NA"
"-80.38","43.46","KITCHENER/WATERLOO","6144239","2025-05-24 12:00","2025","05","24","12:00","","10.5","","6.7","","77","","0.0","","30","","26","","16.1","","98.04","","","","","","NA"
"-80.38","43.46","KITCHENER/WATERLOO","6144239","2025-05-24 13:00","2025","05","24","13:00","","10.6","","7.2","","79","","0.0","","30","","22","","16.1","","98.09","","","","","","NA"
"-80.38","43.46","KITCHENER/WATERLOO","6144239","2025-05-24 14:00","2025","05","24","14:00","","12.1","","7.5","","73","","0.0","","30","","28","","16.1","","98.08","","","","","","NA"
"-80.38","43.46","KITCHENER/WATERLOO","6144239","2025-05-24 15:00","2025","05","24","15:00","","11.7","","7.2","","74","","0.0","","30","","30","","16.1","","98.11","","","","","","NA"
"-80.38","43.46","KITCHENER/WATERLOO","6144239","2025-05-24 16:00","2025","05","24","16:00","","10.5","","7.0","","79","","0.0","","29","","26","","16.1","","98.19","","","","","","NA"
"-80.38","43.46","KITCHENER/WATERLOO","6144239","2025-05-24 17:00","2025","05","24","17:00","","10.9","","6.4","","74","","0.0","","31","","18","","16.1","","98.21","","","","","","NA"
"-80.38","43.46","KITCHENER/WATERLOO","6144239","2025-05-24 18:00","2025","05","24","18:00","","11.0","","6.0","","71","","0.0","","31","","21","","16.1","","98.26","","","","","","NA"
"-80.38","43.46","KITCHENER/WATERLOO","6144239","2025-05-24 19:00","2025","05","24","19:00","","11.1","","6.2","","72","","0.0","","30","","15","","16.1","","98.28","","","","","","NA"
"-80.38","43.46","KITCHENER/WATERLOO","6144239","2025-05-24 20:00","2025","05","24","20:00","","8.4","","5.7","","83","","0.0","","29","","9","","16.1","","98.29","","","","","","NA"
"-80.38","43.46","KITCHENER/WATERLOO","6144239","2025-05-24 21:00","2025","05","24","21:00","","7.3","","5.0","","86","","0.0","","28","","13","","16.1","","98.33","","","","","","NA"
"-80.38","43.46","KITCHENER/WATERLOO","6144239","2025-05-24 22:00","2025","05","24","22:00","","6.4","","4.7","","89","","0.0","","29","","11","","16.1","","98.38","","","","","","NA"
"-80.38","43.46","KITCHENER/WATERLOO","6144239","2025-05-24 23:00","2025","05","24","23:00","","6.6","","4.8","","88","","0.0","","29","","17","","16.1","","98.37","","","","","","NA"
"-80.38","43.46","KITCHENER/WATERLOO","6144239","2025-05-25 00:00","2025","05","25","00:00","","5.5","","4.3","","92","","0.0","","29","","13","","16.1","","98.35","","","","","","NA"
"-80.38","43.46","KITCHENER/WATERLOO","6144239","2025-05-25 01:00","2025","05","25","01:00","","4.8","","4.1","","95","","0.0","","29","","11","","16.1","","98.37","","","","","","NA"
"-80.38","43.46","KITCHENER/WATERLOO","6144239","2025-05-25 02:00","2025","05","25","02:00","","4.5","","3.8","","95","","0.0","","30","","13","","16.1","","98.38","","","","","","NA"
"-80.38","43.46","KITCHENER/WATERLOO","6144239","2025-05-25 03:00","2025","05","25","03:00","","4.3","","3.6","","95","","0.0","","29","","15","","16.1","","98.38","","","","","","NA"
"-80.38","43.46","KITCHENER/WATERLOO","6144239","2025-05-25 04:00","2025","05","25","04:00","","4.2","","3.4","","94","","0.0","","30","","13","","16.1","","98.38","","","","","","NA"
"-80.38","43.46","KITCHENER/WATERLOO","6144239","2025-05-25 05:00","2025","05","25","05:00","","3.7","","3.1","","96","","0.0","","30","","11","","16.1","","98.40","","","","","","NA"
"-80.38","43.46","KITCHENER/WATERLOO","6144239","2025-05-25 06:00","2025","05","25","06:00","","5.5","","4.5","","93","","0.0","","28","","13","","16.1","","98.45","","","","","","NA"
"-80.38","43.46","KITCHENER/WATERLOO","6144239","2025-05-25 07:00","2025","05","25","07:00","","8.0","","5.7","","85","","0.0","","30","","17","","16.1","","98.48","","","","","","NA"
"-80.38","43.46","KITCHENER/WATERLOO","6144239","2025-05-25 08:00","2025","05","25","08:00","","10.4","","6.7","","78","","0.0","","30","","17","","16.1","","98.48","","","","","","NA"
"-80.38","43.46","KITCHENER/WATERLOO","6144239","2025-05-25 09:00","2025","05","25","09:00","","12.2","","6.8","","69","","0.0","","30","","18","","16.1","","98.49","","","","","","NA"
"-80.38","43.46","KITCHENER/WATERLOO","6144239","2025-05-25 10:00","2025","05","25","10:00","","14.0","","6.9","","62","","0.0","","31","","21","","16.1","","98.47","","","","","","NA"
"-80.38","43.46","KITCHENER/WATERLOO","6144239","2025-05-25 11:00","2025","05","25","11:00","","14.3","","6.9","","61","","0.0","","27","","22","","16.1","","98.50","","","","","","NA"
"-80.38","43.46","KITCHENER/WATERLOO","6144239","2025-05-25 12:00","2025","05","25","12:00","","15.0","","6.8","","58","","0.0","","30","","26","","16.1","","98.45","","","","","","NA"
"-80.38","43.46","KITCHENER/WATERLOO","6144239","2025-05-25 13:00","2025","05","25","13:00","","13.9","","6.5","","61","","0.0","","30","","21","","16.1","","98.42","","","","","","NA"
"-80.38","43.46","KITCHENER/WATERLOO","6144239","2025-05-25 14:00","2025","05","25","14:00","","14.8","","7.9","","63","","0.0","","29","","30","","16.1","","98.39","","","","","","NA"
"-80.38","43.46","KITCHENER/WATERLOO","6144239","2025-05-25 15:00","2025","05","25","15:00","","15.0","","6.1","","55","","0.0","","30","","22","","16.1","","98.35","","","","","","NA"
"-80.38","43.46","KITCHENER/WATERLOO","6144239","2025-05-25 16:00","2025","05","25","16:00","","13.9","","6.9","","62","","0.0","","32","","26","","16.1","","98.37","","","","","","NA"
"-80.38","43.46","KITCHENER/WATERLOO","6144239","2025-05-25 17:00","2025","05","25","17:00","","15.1","","7.2","","59","","0.0","","31","","15","","16.1","","98.39","","","","","","NA"
"-80.38","43.46","KITCHENER/WATERLOO","6144239","2025-05-25 18:00","2025","05","25","18:00","","14.4","","6.7","","59","","0.0","","31","","17","","16.1","","98.43","","","","","","NA"
"-80.38","43.46","KITCHENER/WATERLOO","6144239","2025-05-25 19:00","2025","05","25","19:00","","13.1","","6.9","","66","","0.0","","30","","15","","16.1","","98.45","","","","","","NA"
"-80.38","43.46","KITCHENER/WATERLOO","6144239","2025-05-25 20:00","2025","05","25","20:00","","10.9","","6.5","","74","","0.0","","30","","11","","16.1","","98.49","","","","","","NA"
"-80.38","43.46","KITCHENER/WATERLOO","6144239","2025-05-25 21:00","2025","05","25","21:00","","9.6","","6.5","","81","","0.0","","32","","11","","16.1","","98.51","","","","","","NA"
"-80.38","43.46","KITCHENER/WATERLOO","6144239","2025-05-25 22:00","2025","05","25","22:00","","8.4","","6.2","","86","","0.0","","31","","9","","16.1","","98.55","","","","","","NA"
"-80.38","43.46","KITCHENER/WATERLOO","6144239","2025-05-25 23:00","2025","05","25","23:00","","6.9","","5.7","","92","","0.0","","31","","9","","16.1","","98.55","","","","","","NA"
"-80.38","43.46","KITCHENER/WATERLOO","6144239","2025-05-26 00:00","2025","05","26","00:00","","6.5","","5.8","","95","","0.0","","33","","9","","16.1","","98.51","","","","","","NA"
"-80.38","43.46","KITCHENER/WATERLOO","6144239","2025-05-26 01:00","2025","05","26","01:00","","6.8","","5.8","","94","","0.0","","31","","11","","16.1","","98.46","","","","","","NA"
"-80.38","43.46","KITCHENER/WATERLOO","6144239","2025-05-26 02:00","2025","05","26","02:00","","4.9","","4.3","","96","","0.0","","35","","13","","16.1","","98.52","","","","","","NA"
"-80.38","43.46","KITCHENER/WATERLOO","6144239","2025-05-26 03:00","2025","05","26","03:00","","5.2","","4.7","","96","","0.0","","31","","9","","16.1","","98.56","","","","","","NA"
"-80.38","43.46","KITCHENER/WATERLOO","6144239","2025-05-26 04:00","2025","05","26","04:00","","5.6","","5.1","","97","","0.0","","31","","8","","16.1","","98.54","","","","","","NA"
"-80.38","43.46","KITCHENER/WATERLOO","6144239","2025-05-26 05:00","2025","05","26","05:00","","4.9","","4.6","","98","","0.0","","29","","5","","16.1","","98.61","","","","","","NA"
"-80.38","43.46","KITCHENER/WATERLOO","6144239","2025-05-26 06:00","2025","05","26","06:00","","6.5","","5.8","","95","","0.0","","30","","11","","16.1","","98.65","","","","","","NA"
"-80.38","43.46","KITCHENER/WATERLOO","6144239","2025-05-26 07:00","2025","05","26","07:00","","8.3","","6.6","","89","","0.0","","30","","11","","16.1","","98.69","","","","","","NA"
"-80.38","43.46","KITCHENER/WATERLOO","6144239","2025-05-26 08:00","2025","05","26","08:00","","11.6","","8.4","","80","","0.0","","29","","11","","16.1","","98.73","","","","","","NA"
"-80.38","43.46","KITCHENER/WATERLOO","6144239","2025-05-26 09:00","2025","05","26","09:00","","14.6","","8.6","","67","","0.0","","34","","8","","16.1","","98.74","","","","","","NA"
"-80.38","43.46","KITCHENER/WATERLOO","6144239","2025-05-26 10:00","2025","05","26","10:00","","16.6","","8.4","","58","","0.0","","","M","5","","16.1","","98.76","","","","","","NA"
"-80.38","43.46","KITCHENER/WATERLOO","6144239","2025-05-26 11:00","2025","05","26","11:00","","18.3","","9.9","","58","","0.0","","","M","4","","16.1","","98.74","","","","","","NA"
"-80.38","43.46","KITCHENER/WATERLOO","6144239","2025-05-26 12:00","2025","05","26","12:00","","19.1","","9.1","","52","","0.0","","2","","8","","16.1","","98.68","","","","","","NA"
"-80.38","43.46","KITCHENER/WATERLOO","6144239","2025-05-26 13:00","2025","05","26","13:00","","19.9","","9.1","","49","","0.0","","","M","4","","16.1","","98.67","","","","","","NA"
"-80.38","43.46","KITCHENER/WATERLOO","6144239","2025-05-26 14:00","2025","05","26","14:00","","21.0","","6.5","","39","","0.0","","13","","8","","14.5","","98.68","","","","","","NA"
"-80.38","43.46","KITCHENER/WATERLOO","6144239","2025-05-26 15:00","2025","05","26","15:00","","20.1","","6.6","","41","","0.0","","12","","8","","16.1","","98.62","","","","","","NA"
"-80.38","43.46","KITCHENER/WATERLOO","6144239","2025-05-26 16:00","2025","05","26","16:00","","21.3","","7.6","","41","","0.0","","","M","5","","16.1","","98.61","","","","","","NA"
"-80.38","43.46","KITCHENER/WATERLOO","6144239","2025-05-26 17:00","2025","05","26","17:00","","19.9","","7.4","","44","","0.0","","15","","13","","16.1","","98.63","","","","","","NA"
"-80.38","43.46","KITCHENER/WATERLOO","6144239","2025-05-26 18:00","2025","05","26","18:00","","19.3","","4.1","","36","","0.0","","15","","13","","16.1","","98.67","","","","","","NA"
"-80.38","43.46","KITCHENER/WATERLOO","6144239","2025-05-26 19:00","2025","05","26","19:00","","17.2","","7.1","","51","","0.0","","13","","9","","16.1","","98.69","","","","","","NA"
"-80.38","43.46","KITCHENER/WATERLOO","6144239","2025-05-26 20:00","2025","05","26","20:00","","14.0","","5.9","","58","","0.0","","15","","5","","16.1","","98.69","","","","","","NA"
"-80.38","43.46","KITCHENER/WATERLOO","6144239","2025-05-26 21:00","2025","05","26","21:00","","10.0","","6.4","","78","","0.0","","10","","4","","16.1","","98.75","","","","","","NA"
"-80.38","43.46","KITCHENER/WATERLOO","6144239","2025-05-26 22:00","2025","05","26","22:00","","9.6","","7.4","","86","","0.0","","","","0","","16.1","","98.77","","","","","","NA"
"-80.38","43.46","KITCHENER/WATERLOO","6144239","2025-05-26 23:00","2025","05","26","23:00","","8.7","","7.3","","91","","0.0","","","","0","","16.1","","98.79","","","","","","NA"
"-80.38","43.46","KITCHENER/WATERLOO","6144239","2025-05-27 00:00","2025","05","27","00:00","","8.2","","7.6","","96","","0.0","","30","","4","","16.1","","98.78","","","","","","NA"
"-80.38","43.46","KITCHENER/WATERLOO","6144239","2025-05-27 01:00","2025","05","27","01:00","","7.6","","7.2","","97","","0.0","","","","0","","16.1","","98.79","","","","","","NA"
"-80.38","43.46","KITCHENER/WATERLOO","6144239","2025-05-27 02:00","2025","05","27","02:00","","6.9","","5.8","","93","","0.0","","","","0","","16.1","","98.80","","","","","","NA"
"-80.38","43.46","KITCHENER/WATERLOO","6144239","2025-05-27 03:00","2025","05","27","03:00","","5.8","","5.7","","99","","0.0","","33","","4","","16.1","","98.82","","","","","","NA"
"-80.38","43.46","KITCHENER/WATERLOO","6144239","2025-05-27 04:00","2025","05","27","04:00","","5.4","","5.3","","99","","0.0","","35","","4","","16.1","","98.84","","","","","","NA"
"-80.38","43.46","KITCHENER/WATERLOO","6144239","2025-05-27 05:00","2025","05","27","05:00","","5.2","","5.2","","100","","0.0","","2","","5","","16.1","","98.85","","","","","","NA"
"-80.38","43.46","KITCHENER/WATERLOO","6144239","2025-05-27 06:00","2025","05","27","06:00","","10.0","","5.5","","73","","0.0","","4","","8","","16.1","","98.90","","","","","","NA"
"-80.38","43.46","KITCHENER/WATERLOO","6144239","2025-05-27 07:00","2025","05","27","07:00","","13.4","","6.9","","64","","0.0","","5","","11","","16.1","","98.88","","","","","","NA"
"-80.38","43.46","KITCHENER/WATERLOO","6144239","2025-05-27 08:00","2025","05","27","08:00","","16.6","","7.7","","56","","0.0","","8","","17","","16.1","","98.87","","","","","","NA"
"-80.38","43.46","KITCHENER/WATERLOO","6144239","2025-05-27 09:00","2025","05","27","09:00","","18.3","","6.1","","45","","0.0","","9","","17","","16.1","","98.88","","","","","","NA"
"-80.38","43.46","KITCHENER/WATERLOO","6144239","2025-05-27 10:00","2025","05","27","10:00","","19.2","","8.7","","50","","0.0","","9","","11","","16.1","","98.87","","","","","","NA"
"-80.38","43.46","KITCHENER/WATERLOO","6144239","2025-05-27 11:00","2025","05","27","11:00","","20.6","","7.5","","42","","0.0","","13","","21","","16.1","","98.83","","","","","","NA"
"-80.38","43.46","KITCHENER/WATERLOO","6144239","2025-05-27 12:00","2025","05","27","12:00","","20.4","","7.0","","41","","0.0","","11","","17","","16.1","","98.80","","","","","","NA"
"-80.38","43.46","KITCHENER/WATERLOO","6144239","2025-05-27 13:00","2025","05","27","13:00","","21.0","","7.9","","42","","0.0","","10","","13","","16.1","","98.76","","","","","","NA"
"-80.38","43.46","KITCHENER/WATERLOO","6144239","2025-05-27 14:00","2025","05","27","14:00","","20.2","","7.4","","43","","0.0","","11","","17","","16.1","","98.70","","","","","","NA"
"-80.38","43.46","KITCHENER/WATERLOO","6144239","2025-05-27 15:00","2025","05","27","15:00","","20.1","","7.9","","45","","0.0","","10","","17","","16.1","","98.68","","","","","","NA"
"-80.38","43.46","KITCHENER/WATERLOO","6144239","2025-05-27 16:00","2025","05","27","16:00","","20.2","","7.6","","44","","0.0","","10","","17","","16.1","","98.66","","","","","","NA"
"-80.38","43.46","KITCHENER/WATERLOO","6144239","2025-05-27 17:00","2025","05","27","17:00","","20.0","","8.5","","47","","0.0","","11","","13","","16.1","","98.60","","","","","","NA"
"-80.38","43.46","KITCHENER/WATERLOO","6144239","2025-05-27 18:00","2025","05","27","18:00","","19.0","","8.1","","49","","0.0","","9","","15","","16.1","","98.55","","","","","","NA"
"-80.38","43.46","KITCHENER/WATERLOO","6144239","2025-05-27 19:00","2025","05","27","19:00","","17.6","","9.9","","60","","0.0","","8","","11","","16.1","","98.51","","","","","","NA"
"-80.38","43.46","KITCHENER/WATERLOO","6144239","2025-05-27 20:00","2025","05","27","20:00","","13.4","","8.3","","71","","0.0","","8","","13","","16.1","","98.51","","","","","","NA"
"-80.38","43.46","KITCHENER/WATERLOO","6144239","2025-05-27 21:00","2025","05","27","21:00","","12.1","","7.8","","75","","0.0","","8","","13","","16.1","","98.51","","","","","","NA"
"-80.38","43.46","KITCHENER/WATERLOO","6144239","2025-05-27 22:00","2025","05","27","22:00","","10.9","","7.1","","77","","0.0","","7","","11","","16.1","","98.50","","","","","","NA"
"-80.38","43.46","KITCHENER/WATERLOO","6144239","2025-05-27 23:00","2025","05","27","23:00","","10.5","","6.0","","74","","0.0","","8","","8","","16.1","","98.48","","","","","","NA"
"-80.38","43.46","KITCHENER/WATERLOO","6144239","2025-05-28 00:00","2025","05","28","00:00","","8.2","","6.1","","87","","0.0","","5","","5","","16.1","","98.45","","","","","","NA"
"-80.38","43.46","KITCHENER/WATERLOO","6144239","2025-05-28 01:00","2025","05","28","01:00","","7.8","","5.1","","83","","0.0","","12","","8","","16.1","","98.46","","","","","","NA"
"-80.38","43.46","KITCHENER/WATERLOO","6144239","2025-05-28 02:00","2025","05","28","02:00","","9.2","","6.1","","81","","0.0","","5","","8","","16.1","","98.46","","","","","","NA"
"-80.38","43.46","KITCHENER/WATERLOO","6144239","2025-05-28 03:00","2025","05","28","03:00","","8.6","","5.8","","82","","0.0","","5","","9","","16.1","","98.39","","","","","","NA"
"-80.38","43.46","KITCHENER/WATERLOO","6144239","2025-05-28 04:00","2025","05","28","04:00","","8.6","","6.3","","85","","0.0","","4","","8","","16.1","","98.36","","","","","","NA"
"-80.38","43.46","KITCHENER/WATERLOO","6144239","2025-05-28 05:00","2025","05","28","05:00","","7.4","","5.8","","90","","0.0","","6","","8","","16.1","","98.34","","","","","","NA"
"-80.38","43.46","KITCHENER/WATERLOO","6144239","2025-05-28 06:00","2025","05","28","06:00","","9.7","","7.1","","84","","0.0","","7","","11","","16.1","","98.38","","","","","","NA"
"-80.38","43.46","KITCHENER/WATERLOO","6144239","2025-05-28 07:00","2025","05","28","07:00","","12.8","","8.8","","76","","0.0","","8","","17","","16.1","","98.34","","","","","","NA"
"-80.38","43.46","KITCHENER/WATERLOO","6144239","2025-05-28 08:00","2025","05","28","08:00","","14.0","","8.7","","70","","0.0","","8","","18","","16.1","","98.35","","","","","","NA"
"-80.38","43.46","KITCHENER/WATERLOO","6144239","2025-05-28 09:00","2025","05","28","09:00","","14.5","","9.0","","70","","0.0","","10","","22","","16.1","","98.33","","","","","","NA"
"-80.38","43.46","KITCHENER/WATERLOO","6144239","2025-05-28 10:00","2025","05","28","10:00","","15.4","","10.0","","70","","0.0","","10","","18","","16.1","","98.29","","","","","","NA"
"-80.38","43.46","KITCHENER/WATERLOO","6144239","2025-05-28 11:00","2025","05","28","11:00","","14.4","","10.8","","79","","0.0","","10","","26","","16.1","","98.30","","","","","","NA"
"-80.38","43.46","KITCHENER/WATERLOO","6144239","2025-05-28 12:00","2025","05","28","12:00","","12.7","","11.2","","90","","0.8","","10","","28","","8.1","","98.27","","","","","","Moderate Rain,Fog"
"-80.38","43.46","KITCHENER/WATERLOO","6144239","2025-05-28 13:00","2025","05","28","13:00","","12.1","","11.3","","95","","2.2","","9","","18","","4.8","","98.23","","","","","","Rain,Fog"
"-80.38","43.46","KITCHENER/WATERLOO","6144239","2025-05-28 14:00","2025","05","28","14:00","","13.1","","12.4","","95","","2.0","","9","","24","","12.9","","98.17","","","","","","Rain"
"-80.38","43.46","KITCHENER/WATERLOO","6144239","2025-05-28 15:00","2025","05","28","15:00","","13.1","","12.2","","94","","0.5","","10","","24","","11.3","","98.11","","","","","","Rain"
"-80.38","43.46","KITCHENER/WATERLOO","6144239","2025-05-28 16:00","2025","05","28","16:00","","12.8","","12.1","","95","","0.5","","10","","22","","11.3","","98.04","","","","","","NA"
"-80.38","43.46","KITCHENER/WATERLOO","6144239","2025-05-28 17:00","2025","05","28","17:00","","12.8","","12.3","","97","","0.5","","11","","17","","4.8","","98.02","","","","","","Rain,Fog"
"-80.38","43.46","KITCHENER/WATERLOO","6144239","2025-05-28 18:00","2025","05","28","18:00","","12.7","","12.1","","96","","0.2","","11","","15","","11.3","","97.98","","","","","","Rain"
"-80.38","43.46","KITCHENER/WATERLOO","6144239","2025-05-28 19:00","2025","05","28","19:00","","12.5","","12.0","","97","","0.2","","11","","18","","11.3","","97.97","","","","","","NA"
"-80.38","43.46","KITCHENER/WATERLOO","6144239","2025-05-28 20:00","2025","05","28","20:00","","12.4","","12.1","","98","","0.2","","11","","13","","9.7","","97.94","","","","","","Fog"
"-80.38","43.46","KITCHENER/WATERLOO","6144239","2025-05-28 21:00","2025","05","28","21:00","","12.2","","11.9","","98","","0.2","","10","","15","","11.3","","97.91","","","","","","Rain"
"-80.38","43.46","KITCHENER/WATERLOO","6144239","2025-05-28 22:00","2025","05","28","22:00","","12.2","","12.1","","99","","0.0","","11","","11","","6.4","","97.89","","","","","","Fog"
"-80.38","43.46","KITCHENER/WATERLOO","6144239","2025-05-28 23:00","2025","05","28","23:00","","12.2","","12.1","","99","","0.2","","12","","17","","8.1","","97.84","","","","","","Rain,Fog"
"-80.38","43.46","KITCHENER/WATERLOO","6144239","2025-05-29 00:00","2025","05","29","00:00","","12.1","","11.8","","98","","0.5","","13","","15","","9.7","","97.80","","","","","","Rain,Fog"
"-80.38","43.46","KITCHENER/WATERLOO","6144239","2025-05-29 01:00","2025","05","29","01:00","","12.1","","12.0","","99","","0.2","","14","","9","","14.5","","97.75","","","","","","NA"
"-80.38","43.46","KITCHENER/WATERLOO","6144239","2025-05-29 02:00","2025","05","29","02:00","","12.2","","12.1","","99","","0.2","","14","","8","","3.6","","97.72","","","","","","Rain,Fog"
"-80.38","43.46","KITCHENER/WATERLOO","6144239","2025-05-29 03:00","2025","05","29","03:00","","12.3","","12.3","","100","","0.2","","18","","8","","1.6","","97.73","","","","","","Rain,Fog"
"-80.38","43.46","KITCHENER/WATERLOO","6144239","2025-05-29 04:00","2025","05","29","04:00","","12.4","","12.4","","100","","0.0","","21","","9","","2.4","","97.72","","","","","","Fog"
"-80.38","43.46","KITCHENER/WATERLOO","6144239","2025-05-29 05:00","2025","05","29","05:00","","12.4","","11.9","","97","","0.2","","23","","15","","16.1","","97.76","","","","","","NA"
"-80.38","43.46","KITCHENER/WATERLOO","6144239","2025-05-29 06:00","2025","05","29","06:00","","12.3","","11.8","","97","","0.0","","23","","15","","11.3","","97.77","","","","","","NA"
"-80.38","43.46","KITCHENER/WATERLOO","6144239","2025-05-29 07:00","2025","05","29","07:00","","13.1","","12.4","","95","","0.0","","23","","15","","6.4","","97.78","","","","","","Fog"
"-80.38","43.46","KITCHENER/WATERLOO","6144239","2025-05-29 08:00","2025","05","29","08:00","","13.1","","12.2","","94","","0.0","","22","","17","","11.3","","97.77","","","","","","NA"
"-80.38","43.46","KITCHENER/WATERLOO","6144239","2025-05-29 09:00","2025","05","29","09:00","","13.4","","12.0","","91","","0.0","","21","","15","","8.1","","97.76","","","","","","Fog"
"-80.38","43.46","KITCHENER/WATERLOO","6144239","2025-05-29 10:00","2025","05","29","10:00","","14.0","","12.4","","90","","0.0","","22","","13","","14.5","","97.71","","","","","","NA"
"-80.38","43.46","KITCHENER/WATERLOO","6144239","2025-05-29 11:00","2025","05","29","11:00","","14.6","","13.8","","95","","0.0","","21","","11","","4.8","","97.69","","","","","","Rain,Fog"
"-80.38","43.46","KITCHENER/WATERLOO","6144239","2025-05-29 12:00","2025","05","29","12:00","","15.3","","12.9","","86","","0.2","","23","","22","","16.1","","97.65","","","","","","NA"
"-80.38","43.46","KITCHENER/WATERLOO","6144239","2025-05-29 13:00","2025","05","29","13:00","","15.2","","13.2","","88","","0.0","","22","","17","","11.3","","97.60","","","","","","Rain"
"-80.38","43.46","KITCHENER/WATERLOO","6144239","2025-05-29 14:00","2025","05","29","14:00","","16.1","","13.2","","83","","0.0","","24","","21","","16.1","","97.55","","","","","","NA"
"-80.38","43.46","KITCHENER/WATERLOO","6144239","2025-05-29 15:00","2025","05","29","15:00","","15.7","","13.1","","85","","0.0","","21","","11","","16.1","","97.50","","","","","","NA"
"-80.38","43.46","KITCHENER/WATERLOO","6144239","2025-05-29 16:00","2025","05","29","16:00","","15.7","","13.7","","88","","0.0","","27","","13","","16.1","","97.48","","","","","","NA"
"-80.38","43.46","KITCHENER/WATERLOO","6144239","2025-05-29 17:00","2025","05","29","17:00","","14.8","","13.4","","91","","0.0","","27","","15","","16.1","","97.47","","","","","","Rain"
"-80.38","43.46","KITCHENER/WATERLOO","6144239","2025-05-29 18:00","2025","05","29","18:00","","15.2","","12.6","","85","","0.0","","26","","17","","16.1","","97.42","","","","","","NA"
"-80.38","43.46","KITCHENER/WATERLOO","6144239","2025-05-29 19:00","2025","05","29","19:00","","14.8","","12.2","","84","","0.0","","25","","17","","16.1","","97.43","","","","","","NA"
"-80.38","43.46","KITCHENER/WATERLOO","6144239","2025-05-29 20:00","2025","05","29","20:00","","14.1","","12.2","","88","","0.0","","25","","11","","16.1","","97.35","","","","","","NA"
"-80.38","43.46","KITCHENER/WATERLOO","6144239","2025-05-29 21:00","2025","05","29","21:00","","14.0","","12.2","","89","","0.0","","28","","15","","16.1","","97.36","","","","","","NA"
"-80.38","43.46","KITCHENER/WATERLOO","6144239","2025-05-29 22:00","2025","05","29","22:00","","14.2","","12.3","","88","","0.0","","26","","11","","16.1","","97.33","","","","","","NA"
"-80.38","43.46","KITCHENER/WATERLOO","6144239","2025-05-29 23:00","2025","05","29","23:00","","14.2","","12.3","","88","","0.0","","26","","11","","16.1","","97.29","","","","","","NA"
"-80.38","43.46","KITCHENER/WATERLOO","6144239","2025-05-30 00:00","2025","05","30","00:00","","14.0","","12.2","","89","","0.0","","24","","11","","16.1","","97.22","","","","","","NA"
"-80.38","43.46","KITCHENER/WATERLOO","6144239","2025-05-30 01:00","2025","05","30","01:00","","13.9","","12.1","","89","","0.0","","24","","15","","16.1","","97.15","","","","","","NA"
"-80.38","43.46","KITCHENER/WATERLOO","6144239","2025-05-30 02:00","2025","05","30","02:00","","13.9","","12.0","","88","","0.0","","25","","13","","16.1","","97.09","","","","","","NA"
"-80.38","43.46","KITCHENER/WATERLOO","6144239","2025-05-30 03:00","2025","05","30","03:00","","13.7","","11.5","","86","","0.0","","26","","13","","16.1","","97.03","","","","","","NA"
"-80.38","43.46","KITCHENER/WATERLOO","6144239","2025-05-30 04:00","2025","05","30","04:00","","12.8","","10.4","","85","","0.0","","27","","15","","16.1","","97.00","","","","","","NA"
"-80.38","43.46","KITCHENER/WATERLOO","6144239","2025-05-30 05:00","2025","05","30","05:00","","11.8","","10.1","","89","","0.0","","27","","13","","16.1","","96.95","","","","","","NA"
"-80.38","43.46","KITCHENER/WATERLOO","6144239","2025-05-30 06:00","2025","05","30","06:00","","12.7","","10.3","","85","","0.0","","28","","15","","16.1","","96.89","","","","","","NA"
"-80.38","43.46","KITCHENER/WATERLOO","6144239","2025-05-30 07:00","2025","05","30","07:00","","14.8","","10.4","","75","","0.0","","27","","18","","16.1","","96.86","","","","","","NA"
"-80.38","43.46","KITCHENER/WATERLOO","6144239","2025-05-30 08:00","2025","05","30","08:00","","16.6","","11.0","","69","","0.0","","27","","15","","16.1","","96.87","","","","","","NA"
"-80.38","43.46","KITCHENER/WATERLOO","6144239","2025-05-30 09:00","2025","05","30","09:00","","18.0","","10.8","","63","","0.0","","29","","22","","16.1","","96.79","","","","","","NA"
"-80.38","43.46","KITCHENER/WATERLOO","6144239","2025-05-30 10:00","2025","05","30","10:00","","19.2","","12.0","","63","","0.0","","29","","15","","16.1","","96.73","","","","","","NA"
"-80.38","43.46","KITCHENER/WATERLOO","6144239","2025-05-30 11:00","2025","05","30","11:00","","20.3","","11.8","","58","","0.0","","21","","11","","16.1","","96.68","","","","","","NA"
"-80.38","43.46","KITCHENER/WATERLOO","6144239","2025-05-30 12:00","2025","05","30","12:00","","21.9","","13.0","","57","","0.0","","24","","18","","16.1","","96.58","","25","","","","NA"
"-80.38","43.46","KITCHENER/WATERLOO","6144239","2025-05-30 13:00","2025","05","30","13:00","","22.2","","11.6","","51","","0.0","","29","","18","","16.1","","96.48","","","","","","NA"
"-80.38","43.46","KITCHENER/WATERLOO","6144239","2025-05-30 14:00","2025","05","30","14:00","","22.7","","11.7","","50","","0.0","","26","","24","","16.1","","96.44","","25","","","","NA"
"-80.38","43.46","KITCHENER/WATERLOO","6144239","2025-05-30 15:00","2025","05","30","15:00","","22.7","","9.7","","43","","0.0","","27","","28","","16.1","","96.38","","","","","","NA"
"-80.38","43.46","KITCHENER/WATERLOO","6144239","2025-05-30 16:00","2025","05","30","16:00","","20.6","","9.5","","48","","0.0","","30","","28","","16.1","","96.33","","","","","","NA"
"-80.38","43.46","KITCHENER/WATERLOO","6144239","2025-05-30 17:00","2025","05","30","17:00","","20.6","","9.4","","48","","0.0","","28","","30","","16.1","","96.27","","","","","","NA"
"-80.38","43.46","KITCHENER/WATERLOO","6144239","2025-05-30 18:00","2025","05","30","18:00","","19.1","","8.8","","51","","0.0","","28","","21","","16.1","","96.25","","","","","","NA"
"-80.38","43.46","KITCHENER/WATERLOO","6144239","2025-05-30 19:00","2025","05","30","19:00","","17.2","","9.8","","61","","0.0","","30","","22","","16.1","","96.25","","","","","","NA"
"-80.38","43.46","KITCHENER/WATERLOO","6144239","2025-05-30 20:00","2025","05","30","20:00","","15.5","","10.0","","69","","0.0","","30","","18","","16.1","","96.25","","","","","","NA"
"-80.38","43.46","KITCHENER/WATERLOO","6144239","2025-05-30 21:00","2025","05","30","21:00","","14.5","","10.2","","75","","0.0","","30","","26","","16.1","","96.27","","","","","","NA"
"-80.38","43.46","KITCHENER/WATERLOO","6144239","2025-05-30 22:00","2025","05","30","22:00","","13.1","","9.9","","81","","0.0","","31","","21","","16.1","","96.28","","","","","","NA"
"-80.38","43.46","KITCHENER/WATERLOO","6144239","2025-05-30 23:00","2025","05","30","23:00","","11.7","","9.3","","85","","0.0","","31","","15","","16.1","","96.25","","","","","","NA"
"-80.38","43.46","KITCHENER/WATERLOO","6144239","2025-05-31 00:00","2025","05","31","00:00","","10.3","","9.0","","92","","0.0","","30","","15","","16.1","","96.19","","","","","","NA"
"-80.38","43.46","KITCHENER/WATERLOO","6144239","2025-05-31 01:00","2025","05","31","01:00","","9.8","","8.7","","93","","0.0","","31","","11","","16.1","","96.13","","","","","","NA"
"-80.38","43.46","KITCHENER/WATERLOO","6144239","2025-05-31 02:00","2025","05","31","02:00","","10.1","","8.6","","90","","0.0","","31","","17","","16.1","","96.10","","","","","","NA"
"-80.38","43.46","KITCHENER/WATERLOO","6144239","2025-05-31 03:00","2025","05","31","03:00","","9.7","","8.9","","95","","0.0","","32","","24","","12.9","","96.08","","","","","","NA"
"-80.38","43.46","KITCHENER/WATERLOO","6144239","2025-05-31 04:00","2025","05","31","04:00","","9.1","","7.4","","89","","0.0","","33","","22","","16.1","","96.11","","","","","","NA"
"-80.38","43.46","KITCHENER/WATERLOO","6144239","2025-05-31 05:00","2025","05","31","05:00","","8.1","","5.9","","86","","0.0","","33","","24","","16.1","","96.15","","","","","","NA"
"-80.38","43.46","KITCHENER/WATERLOO","6144239","2025-05-31 06:00","2025","05","31","06:00","","7.6","","5.8","","88","","0.0","","33","","21","","16.1","","96.21","","","","","","NA"
"-80.38","43.46","KITCHENER/WATERLOO","6144239","2025-05-31 07:00","2025","05","31","07:00","","7.5","","5.0","","84","","0.0","","33","","26","","16.1","","96.24","","","","","","NA"
"-80.38","43.46","KITCHENER/WATERLOO","6144239","2025-05-31 08:00","2025","05","31","08:00","","7.2","","4.3","","82","","0.0","","35","","24","","16.1","","96.28","","","","","","NA"
"-80.38","43.46","KITCHENER/WATERLOO","6144239","2025-05-31 09:00","2025","05","31","09:00","","6.9","","3.6","","79","","0.0","","34","","28","","16.1","","96.34","","","","","","NA"
"-80.38","43.46","KITCHENER/WATERLOO","6144239","2025-05-31 10:00","2025","05","31","10:00","","7.5","","2.9","","73","","0.0","","33","","26","","16.1","","96.38","","","","","","NA"
"-80.38","43.46","KITCHENER/WATERLOO","6144239","2025-05-31 11:00","2025","05","31","11:00","","8.7","","3.8","","71","","0.0","","31","","34","","16.1","","96.38","","","","","","NA"
"-80.38","43.46","KITCHENER/WATERLOO","6144239","2025-05-31 12:00","2025","05","31","12:00","","9.9","","3.8","","66","","0.0","","34","","28","","16.1","","96.39","","","","","","NA"
"-80.38","43.46","KITCHENER/WATERLOO","6144239","2025-05-31 13:00","2025","05","31","13:00","","11.4","","4.5","","62","","0.0","","33","","35","","16.1","","96.40","","","","","","NA"
"-80.38","43.46","KITCHENER/WATERLOO","6144239","2025-05-31 14:00","2025","05","31","14:00","","11.6","","6.0","","68","","0.0","","31","","24","","16.1","","96.41","","","","","","NA"
"-80.38","43.46","KITCHENER/WATERLOO","6144239","2025-05-31 15:00","2025","05","31","15:00","","11.4","","4.9","","64","","0.0","","32","","28","","16.1","","96.43","","","","","","NA"
"-80.38","43.46","KITCHENER/WATERLOO","6144239","2025-05-31 16:00","2025","05","31","16:00","","11.4","","4.7","","63","","0.0","","30","","34","","16.1","","96.48","","","","","","NA"
"-80.38","43.46","KITCHENER/WATERLOO","6144239","2025-05-31 17:00","2025","05","31","17:00","","13.0","","4.9","","58","","0.0","","30","","30","","16.1","","96.50","","","","","","NA"
"-80.38","43.46","KITCHENER/WATERLOO","6144239","2025-05-31 18:00","2025","05","31","18:00","","11.5","","3.8","","59","","0.0","","32","","28","","16.1","","96.53","","","","","","NA"
"-80.38","43.46","KITCHENER/WATERLOO","6144239","2025-05-31 19:00","2025","05","31","19:00","","11.0","","2.5","","56","","0.0","","31","","28","","16.1","","96.59","","","","","","NA"
"-80.38","43.46","KITCHENER/WATERLOO","6144239","2025-05-31 20:00","2025","05","31","20:00","","9.6","","2.0","","59","","0.0","","31","","17","","16.1","","96.62","","","","","","NA"
"-80.38","43.46","KITCHENER/WATERLOO","6144239","2025-05-31 21:00","2025","05","31","21:00","","7.6","","2.3","","69","","0.0","","31","","11","","16.1","","96.68","","","","","","NA"
"-80.38","43.46","KITCHENER/WATERLOO","6144239","2025-05-31 22:00","2025","05","31","22:00","","6.5","","2.4","","75","","0.0","","31","","9","","16.1","","96.72","","","","","","NA"
"-80.38","43.46","KITCHENER/WATERLOO","6144239","2025-05-31 23:00","2025","05","31","23:00","","5.6","","2.6","","81","","0.0","","30","","13","","16.1","","96.72","","","","","","NA"
