"Longitude (x)","Latitude (y)","Station Name","Climate ID","Date/Time (LST)","Year","Month","Day","Time (LST)","Flag","Temp (°C)","Temp Flag","Dew Point Temp (°C)","Dew Point Temp Flag","Rel Hum (%)","Rel Hum Flag","Precip. Amount (mm)","Precip. Amount Flag","Wind Dir (10s deg)","Wind Dir Flag","Wind Spd (km/h)","Wind Spd Flag","Visibility (km)","Visibility Flag","Stn Press (kPa)","Stn Press Flag","Hmdx","Hmdx Flag","Wind Chill","Wind Chill Flag","Weather"
"-80.38","43.46","KITCHENER/WATERLOO","6144239","2024-11-01 00:00","2024","11","01","00:00","","15.9","","12.9","","82","","0.0","","22","","26","","16.1","","97.08","","","","","","NA"
"-80.38","43.46","KITCHENER/WATERLOO","6144239","2024-11-01 01:00","2024","11","01","01:00","","15.2","","12.1","","82","","0.0","","23","","28","","16.1","","97.10","","","","","","NA"
"-80.38","43.46","KITCHENER/WATERLOO","6144239","2024-11-01 02:00","2024","11","01","02:00","","14.5","","11.1","","80","","0.0","","26","","21","","16.1","","97.14","","","","","","NA"
"-80.38","43.46","KITCHENER/WATERLOO","6144239","2024-11-01 03:00","2024","11","01","03:00","","12.0","","6.4","","69","","0.0","","28","","37","","16.1","","97.19","","","","","","NA"
"-80.38","43.46","KITCHENER/WATERLOO","6144239","2024-11-01 04:00","2024","11","01","04:00","","10.6","","4.6","","66","","0.0","","27","","34","","16.1","","97.31","","","","","","NA"
"-80.38","43.46","KITCHENER/WATERLOO","6144239","2024-11-01 05:00","2024","11","01","05:00","","9.8","","4.1","","68","","0.0","","26","","28","","16.1","","97.40","","","","","","NA"
"-80.38","43.46","KITCHENER/WATERLOO","6144239","2024-11-01 06:00","2024","11","01","06:00","","9.1","","3.1","","66","","0.0","","27","","37","","16.1","","97.50","","","","","","NA"
"-80.38","43.46","KITCHENER/WATERLOO","6144239","2024-11-01 07:00","2024","11","01","07:00","","8.6","","3.1","","68","","0.0","","26","","34","","16.1","","97.62","","","","","","NA"
"-80.38","43.46","KITCHENER/WATERLOO","6144239","2024-11-01 08:00","2024","11","01","08:00","","8.4","","3.4","","71","","0.0","","24","","30","","16.1","","97.73","","","","","","NA"
"-80.38","43.46","KITCHENER/WATERLOO","6144239","2024-11-01 09:00","2024","11","01","09:00","","8.3","","3.8","","73","","0.0","","26","","26","","16.1","","97.85","","","","","","NA"
"-80.38","43.46","KITCHENER/WATERLOO","6144239","2024-11-01 10:00","2024","11","01","10:00","","9.2","","4.7","","74","","0.0","","27","","21","","16.1","","97.92","","","","","","NA"
"-80.38","43.46","KITCHENER/WATERLOO","6144239","2024-11-01 11:00","2024","11","01","11:00","","8.4","","3.7","","72","","0.0","","28","","32","","16.1","","98.04","","","","","","NA"
"-80.38","43.46","KITCHENER/WATERLOO","6144239","2024-11-01 12:00","2024","11","01","12:00","","7.4","","3.8","","78","","0.0","","28","","30","","16.1","","98.08","","","","","","Rain"
"-80.38","43.46","KITCHENER/WATERLOO","6144239","2024-11-01 13:00","2024","11","01","13:00","","9.0","","2.6","","64","","0.0","","28","","28","","16.1","","98.11","","","","","","NA"
"-80.38","43.46","KITCHENER/WATERLOO","6144239","2024-11-01 14:00","2024","11","01","14:00","","7.9","","2.6","","69","","0.0","","28","","26","","16.1","","98.20","","","","","","NA"
"-80.38","43.46","KITCHENER/WATERLOO","6144239","2024-11-01 15:00","2024","11","01","15:00","","7.4","","0.7","","62","","0.0","","28","","32","","16.1","","98.25","","","","","","NA"
"-80.38","43.46","KITCHENER/WATERLOO","6144239","2024-11-01 16:00","2024","11","01","16:00","","7.1","","0.7","","64","","0.0","","29","","26","","16.1","","98.33","","","","","","NA"
"-80.38","43.46","KITCHENER/WATERLOO","6144239","2024-11-01 17:00","2024","11","01","17:00","","6.1","","1.0","","70","","0.0","","30","","24","","16.1","","98.42","","","","","","NA"
"-80.38","43.46","KITCHENER/WATERLOO","6144239","2024-11-01 18:00","2024","11","01","18:00","","5.1","","1.4","","77","","0.0","","30","","26","","16.1","","98.52","","","","","","NA"
"-80.38","43.46","KITCHENER/WATERLOO","6144239","2024-11-01 19:00","2024","11","01","19:00","","3.7","","1.3","","84","","0.0","","30","","17","","16.1","","98.60","","","","","","NA"
"-80.38","43.46","KITCHENER/WATERLOO","6144239","2024-11-01 20:00","2024","11","01","20:00","","3.1","","0.9","","86","","0.0","","29","","17","","16.1","","98.68","","","","","","NA"
"-80.38","43.46","KITCHENER/WATERLOO","6144239","2024-11-01 21:00","2024","11","01","21:00","","3.1","","0.0","","80","","0.0","","32","","17","","16.1","","98.71","","","","","","NA"
"-80.38","43.46","KITCHENER/WATERLOO","6144239","2024-11-01 22:00","2024","11","01","22:00","","2.7","","0.3","","84","","0.0","","33","","11","","16.1","","98.76","","","","","","NA"
"-80.38","43.46","KITCHENER/WATERLOO","6144239","2024-11-01 23:00","2024","11","01","23:00","","1.5","","0.0","","90","","0.0","","29","","8","","16.1","","98.77","","","","","","NA"
"-80.38","43.46","KITCHENER/WATERLOO","6144239","2024-11-02 00:00","2024","11","02","00:00","","0.4","","-0.8","","92","","0.0","","30","","11","","16.1","","98.80","","","","","","NA"
"-80.38","43.46","KITCHENER/WATERLOO","6144239","2024-11-02 01:00","2024","11","02","01:00","","0.1","","-0.6","","95","","0.0","","31","","8","","16.1","","98.85","","","","","","NA"
"-80.38","43.46","KITCHENER/WATERLOO","6144239","2024-11-02 02:00","2024","11","02","02:00","","-0.3","","-1.3","","93","","0.0","","34","","8","","16.1","","98.88","","","","-3","","NA"
"-80.38","43.46","KITCHENER/WATERLOO","6144239","2024-11-02 03:00","2024","11","02","03:00","","-0.7","","-1.4","","95","","0.0","","33","","8","","16.1","","98.95","","","","-4","","NA"
"-80.38","43.46","KITCHENER/WATERLOO","6144239","2024-11-02 04:00","2024","11","02","04:00","","-1.7","","-2.0","","98","","0.0","","35","","5","","16.1","","98.98","","","","-4","","NA"
"-80.38","43.46","KITCHENER/WATERLOO","6144239","2024-11-02 05:00","2024","11","02","05:00","","-1.0","","-1.3","","98","","0.0","","5","","5","","9.7","","99.02","","","","-3","","Fog"
"-80.38","43.46","KITCHENER/WATERLOO","6144239","2024-11-02 06:00","2024","11","02","06:00","","-0.7","","-1.0","","98","","0.0","","","","0","","2.0","","99.08","","","","","","Fog"
"-80.38","43.46","KITCHENER/WATERLOO","6144239","2024-11-02 07:00","2024","11","02","07:00","","-0.8","","-1.1","","98","","0.0","","","","0","","1.0","","99.13","","","","","","Fog"
"-80.38","43.46","KITCHENER/WATERLOO","6144239","2024-11-02 08:00","2024","11","02","08:00","","-0.7","","-0.9","","99","","0.0","","","","0","","0.4","","99.19","","","","","","Freezing Fog"
"-80.38","43.46","KITCHENER/WATERLOO","6144239","2024-11-02 09:00","2024","11","02","09:00","","0.2","","0.0","","98","","0.0","","","M","4","","4.8","","99.21","","","","","","Fog"
"-80.38","43.46","KITCHENER/WATERLOO","6144239","2024-11-02 10:00","2024","11","02","10:00","","1.3","","0.4","","94","","0.0","","","M","4","","16.1","","99.22","","","","","","NA"
"-80.38","43.46","KITCHENER/WATERLOO","6144239","2024-11-02 11:00","2024","11","02","11:00","","2.8","","0.1","","82","","0.0","","34","","8","","16.1","","99.23","","","","","","NA"
"-80.38","43.46","KITCHENER/WATERLOO","6144239","2024-11-02 12:00","2024","11","02","12:00","","5.1","","-0.2","","68","","0.0","","1","","5","","16.1","","99.20","","","","","","NA"
"-80.38","43.46","KITCHENER/WATERLOO","6144239","2024-11-02 13:00","2024","11","02","13:00","","6.6","","0.1","","63","","0.0","","29","","11","","16.1","","99.14","","","","","","NA"
"-80.38","43.46","KITCHENER/WATERLOO","6144239","2024-11-02 14:00","2024","11","02","14:00","","7.8","","0.1","","58","","0.0","","29","","15","","16.1","","99.11","","","","","","NA"
"-80.38","43.46","KITCHENER/WATERLOO","6144239","2024-11-02 15:00","2024","11","02","15:00","","7.8","","0.1","","58","","0.0","","33","","18","","16.1","","99.10","","","","","","NA"
"-80.38","43.46","KITCHENER/WATERLOO","6144239","2024-11-02 16:00","2024","11","02","16:00","","7.5","","0.1","","59","","0.0","","31","","13","","16.1","","99.12","","","","","","NA"
"-80.38","43.46","KITCHENER/WATERLOO","6144239","2024-11-02 17:00","2024","11","02","17:00","","5.5","","-0.3","","66","","0.0","","32","","9","","16.1","","99.15","","","","","","NA"
"-80.38","43.46","KITCHENER/WATERLOO","6144239","2024-11-02 18:00","2024","11","02","18:00","","3.4","","-0.4","","76","","0.0","","36","","8","","16.1","","99.18","","","","","","NA"
"-80.38","43.46","KITCHENER/WATERLOO","6144239","2024-11-02 19:00","2024","11","02","19:00","","1.2","","-0.3","","90","","0.0","","36","","4","","16.1","","99.21","","","","","","NA"
"-80.38","43.46","KITCHENER/WATERLOO","6144239","2024-11-02 20:00","2024","11","02","20:00","","0.5","","-0.9","","90","","0.0","","3","","8","","16.1","","99.18","","","","","","NA"
"-80.38","43.46","KITCHENER/WATERLOO","6144239","2024-11-02 21:00","2024","11","02","21:00","","-0.2","","-1.1","","94","","0.0","","","","0","","16.1","","99.21","","","","","","NA"
"-80.38","43.46","KITCHENER/WATERLOO","6144239","2024-11-02 22:00","2024","11","02","22:00","","-2.1","","-2.7","","96","","0.0","","","","0","","16.1","","99.20","","","","","","NA"
"-80.38","43.46","KITCHENER/WATERLOO","6144239","2024-11-02 23:00","2024","11","02","23:00","","-1.4","","-1.9","","97","","0.0","","","","0","","16.1","","99.19","","","","","","NA"
"-80.38","43.46","KITCHENER/WATERLOO","6144239","2024-11-03 00:00","2024","11","03","00:00","","-2.2","","-2.6","","97","","0.0","","35","","4","","14.5","","99.20","","","","-4","","NA"
"-80.38","43.46","KITCHENER/WATERLOO","6144239","2024-11-03 01:00","2024","11","03","01:00","","-2.7","","-3.0","","98","","0.0","","36","","5","","4.8","","99.22","","","","-5","","Fog"
"-80.38","43.46","KITCHENER/WATERLOO","6144239","2024-11-03 02:00","2024","11","03","02:00","","-3.2","","-3.7","","97","","0.0","","33","","4","","12.9","","99.23","","","","-5","","NA"
"-80.38","43.46","KITCHENER/WATERLOO","6144239","2024-11-03 03:00","2024","11","03","03:00","","-2.4","","-2.7","","98","","0.0","","30","","4","","14.5","","99.22","","","","-4","","NA"
"-80.38","43.46","KITCHENER/WATERLOO","6144239","2024-11-03 04:00","2024","11","03","04:00","","-3.0","","-3.4","","97","","0.0","","","","0","","8.1","","99.22","","","","","","Fog"
"-80.38","43.46","KITCHENER/WATERLOO","6144239","2024-11-03 05:00","2024","11","03","05:00","","-4.0","","-4.6","","96","","0.0","","","","0","","16.1","","99.24","","","","","","NA"
"-80.38","43.46","KITCHENER/WATERLOO","6144239","2024-11-03 06:00","2024","11","03","06:00","","-3.6","","-4.1","","97","","0.0","","","","0","","14.5","","99.24","","","","","","NA"
"-80.38","43.46","KITCHENER/WATERLOO","6144239","2024-11-03 07:00","2024","11","03","07:00","","-3.3","","-3.6","","98","","0.0","","","","0","","11.3","","99.25","","","","","","NA"
"-80.38","43.46","KITCHENER/WATERLOO","6144239","2024-11-03 08:00","2024","11","03","08:00","","-1.6","","-2.0","","97","","0.0","","","","0","","16.1","","99.28","","","","","","NA"
"-80.38","43.46","KITCHENER/WATERLOO","6144239","2024-11-03 09:00","2024","11","03","09:00","","3.2","","1.6","","89","","0.0","","10","","8","","16.1","","99.29","","","","","","NA"
"-80.38","43.46","KITCHENER/WATERLOO","6144239","2024-11-03 10:00","2024","11","03","10:00","","6.7","","2.5","","75","","0.0","","12","","21","","16.1","","99.27","","","","","","NA"
"-80.38","43.46","KITCHENER/WATERLOO","6144239","2024-11-03 11:00","2024","11","03","11:00","","7.8","","2.1","","67","","0.0","","9","","22","","16.1","","99.19","","","","","","NA"
"-80.38","43.46","KITCHENER/WATERLOO","6144239","2024-11-03 12:00","2024","11","03","12:00","","10.0","","1.5","","55","","0.0","","11","","24","","16.1","","99.16","","","","","","NA"
"-80.38","43.46","KITCHENER/WATERLOO","6144239","2024-11-03 13:00","2024","11","03","13:00","","10.1","","0.6","","52","","0.0","","13","","21","","16.1","","99.07","","","","","","NA"
"-80.38","43.46","KITCHENER/WATERLOO","6144239","2024-11-03 14:00","2024","11","03","14:00","","9.9","","0.5","","52","","0.0","","9","","24","","16.1","","99.03","","","","","","NA"
"-80.38","43.46","KITCHENER/WATERLOO","6144239","2024-11-03 15:00","2024","11","03","15:00","","8.9","","-0.4","","52","","0.0","","10","","30","","16.1","","98.99","","","","","","NA"
"-80.38","43.46","KITCHENER/WATERLOO","6144239","2024-11-03 16:00","2024","11","03","16:00","","8.1","","-0.8","","53","","0.0","","9","","22","","16.1","","98.99","","","","","","NA"
"-80.38","43.46","KITCHENER/WATERLOO","6144239","2024-11-03 17:00","2024","11","03","17:00","","6.7","","1.8","","71","","0.0","","8","","17","","16.1","","98.96","","","","","","NA"
"-80.38","43.46","KITCHENER/WATERLOO","6144239","2024-11-03 18:00","2024","11","03","18:00","","5.8","","1.9","","76","","0.0","","8","","22","","16.1","","98.95","","","","","","NA"
"-80.38","43.46","KITCHENER/WATERLOO","6144239","2024-11-03 19:00","2024","11","03","19:00","","6.5","","2.8","","77","","0.0","","9","","21","","16.1","","98.94","","","","","","NA"
"-80.38","43.46","KITCHENER/WATERLOO","6144239","2024-11-03 20:00","2024","11","03","20:00","","6.8","","3.8","","81","","0.0","","9","","22","","16.1","","98.85","","","","","","NA"
"-80.38","43.46","KITCHENER/WATERLOO","6144239","2024-11-03 21:00","2024","11","03","21:00","","7.3","","4.8","","84","","0.0","","9","","22","","16.1","","98.80","","","","","","NA"
"-80.38","43.46","KITCHENER/WATERLOO","6144239","2024-11-03 22:00","2024","11","03","22:00","","7.8","","4.2","","78","","0.0","","9","","26","","16.1","","98.78","","","","","","NA"
"-80.38","43.46","KITCHENER/WATERLOO","6144239","2024-11-03 23:00","2024","11","03","23:00","","7.9","","3.1","","72","","0.0","","8","","26","","16.1","","98.74","","","","","","NA"
"-80.38","43.46","KITCHENER/WATERLOO","6144239","2024-11-04 00:00","2024","11","04","00:00","","7.8","","3.3","","73","","0.0","","9","","17","","16.1","","98.72","","","","","","NA"
"-80.38","43.46","KITCHENER/WATERLOO","6144239","2024-11-04 01:00","2024","11","04","01:00","","7.8","","3.7","","75","","0.0","","8","","26","","16.1","","98.59","","","","","","NA"
"-80.38","43.46","KITCHENER/WATERLOO","6144239","2024-11-04 02:00","2024","11","04","02:00","","7.8","","3.3","","73","","0.0","","9","","34","","16.1","","98.48","","","","","","NA"
"-80.38","43.46","KITCHENER/WATERLOO","6144239","2024-11-04 03:00","2024","11","04","03:00","","7.7","","3.2","","73","","0.0","","10","","21","","16.1","","98.52","","","","","","NA"
"-80.38","43.46","KITCHENER/WATERLOO","6144239","2024-11-04 04:00","2024","11","04","04:00","","7.7","","2.8","","71","","0.0","","10","","21","","16.1","","98.43","","","","","","NA"
"-80.38","43.46","KITCHENER/WATERLOO","6144239","2024-11-04 05:00","2024","11","04","05:00","","7.9","","2.0","","66","","0.0","","11","","17","","16.1","","98.45","","","","","","NA"
"-80.38","43.46","KITCHENER/WATERLOO","6144239","2024-11-04 06:00","2024","11","04","06:00","","7.9","","2.5","","68","","0.0","","12","","15","","16.1","","98.39","","","","","","NA"
"-80.38","43.46","KITCHENER/WATERLOO","6144239","2024-11-04 07:00","2024","11","04","07:00","","8.4","","2.4","","66","","0.0","","12","","15","","16.1","","98.34","","","","","","NA"
"-80.38","43.46","KITCHENER/WATERLOO","6144239","2024-11-04 08:00","2024","11","04","08:00","","8.9","","3.0","","66","","0.0","","13","","13","","16.1","","98.37","","","","","","NA"
"-80.38","43.46","KITCHENER/WATERLOO","6144239","2024-11-04 09:00","2024","11","04","09:00","","10.4","","4.0","","65","","0.0","","15","","17","","16.1","","98.29","","","","","","NA"
"-80.38","43.46","KITCHENER/WATERLOO","6144239","2024-11-04 10:00","2024","11","04","10:00","","11.5","","6.4","","71","","0.0","","17","","18","","16.1","","98.25","","","","","","Rain"
"-80.38","43.46","KITCHENER/WATERLOO","6144239","2024-11-04 11:00","2024","11","04","11:00","","12.0","","8.6","","79","","0.0","","19","","18","","16.1","","98.23","","","","","","Rain"
"-80.38","43.46","KITCHENER/WATERLOO","6144239","2024-11-04 12:00","2024","11","04","12:00","","13.5","","8.8","","73","","0.0","","18","","22","","16.1","","98.11","","","","","","NA"
"-80.38","43.46","KITCHENER/WATERLOO","6144239","2024-11-04 13:00","2024","11","04","13:00","","15.3","","9.0","","66","","0.0","","19","","26","","16.1","","97.98","","","","","","NA"
"-80.38","43.46","KITCHENER/WATERLOO","6144239","2024-11-04 14:00","2024","11","04","14:00","","15.6","","8.4","","62","","0.0","","18","","24","","16.1","","97.90","","","","","","NA"
"-80.38","43.46","KITCHENER/WATERLOO","6144239","2024-11-04 15:00","2024","11","04","15:00","","15.4","","8.4","","63","","0.0","","14","","17","","16.1","","97.84","","","","","","NA"
"-80.38","43.46","KITCHENER/WATERLOO","6144239","2024-11-04 16:00","2024","11","04","16:00","","14.3","","10.2","","76","","0.0","","23","","5","","16.1","","97.86","","","","","","Rain"
"-80.38","43.46","KITCHENER/WATERLOO","6144239","2024-11-04 17:00","2024","11","04","17:00","","15.4","","10.3","","72","","0.0","","17","","18","","16.1","","97.79","","","","","","NA"
"-80.38","43.46","KITCHENER/WATERLOO","6144239","2024-11-04 18:00","2024","11","04","18:00","","15.8","","10.2","","69","","0.0","","16","","13","","16.1","","97.78","","","","","","NA"
"-80.38","43.46","KITCHENER/WATERLOO","6144239","2024-11-04 19:00","2024","11","04","19:00","","16.2","","10.1","","67","","0.0","","17","","13","","16.1","","97.77","","","","","","NA"
"-80.38","43.46","KITCHENER/WATERLOO","6144239","2024-11-04 20:00","2024","11","04","20:00","","16.2","","11.8","","75","","0.0","","20","","22","","16.1","","97.74","","","","","","NA"
"-80.38","43.46","KITCHENER/WATERLOO","6144239","2024-11-04 21:00","2024","11","04","21:00","","16.8","","13.0","","78","","0.0","","22","","18","","16.1","","97.80","","","","","","NA"
"-80.38","43.46","KITCHENER/WATERLOO","6144239","2024-11-04 22:00","2024","11","04","22:00","","15.8","","13.6","","87","","0.2","","21","","28","","9.7","","97.78","","","","","","Rain,Fog"
"-80.38","43.46","KITCHENER/WATERLOO","6144239","2024-11-04 23:00","2024","11","04","23:00","","15.6","","14.0","","90","","0.0","","20","","15","","16.1","","97.74","","","","","","NA"
"-80.38","43.46","KITCHENER/WATERLOO","6144239","2024-11-05 00:00","2024","11","05","00:00","","15.5","","13.7","","89","","0.0","","18","","11","","16.1","","97.71","","","","","","NA"
"-80.38","43.46","KITCHENER/WATERLOO","6144239","2024-11-05 01:00","2024","11","05","01:00","","15.1","","13.5","","90","","0.0","","20","","13","","16.1","","97.72","","","","","","NA"
"-80.38","43.46","KITCHENER/WATERLOO","6144239","2024-11-05 02:00","2024","11","05","02:00","","15.5","","14.2","","92","","0.2","","20","","17","","12.9","","97.71","","","","","","Rain"
"-80.38","43.46","KITCHENER/WATERLOO","6144239","2024-11-05 03:00","2024","11","05","03:00","","15.1","","13.5","","90","","0.0","","18","","13","","16.1","","97.69","","","","","","NA"
"-80.38","43.46","KITCHENER/WATERLOO","6144239","2024-11-05 04:00","2024","11","05","04:00","","15.4","","11.6","","78","","0.0","","19","","15","","16.1","","97.66","","","","","","NA"
"-80.38","43.46","KITCHENER/WATERLOO","6144239","2024-11-05 05:00","2024","11","05","05:00","","16.2","","11.2","","72","","0.0","","19","","17","","16.1","","97.65","","","","","","NA"
"-80.38","43.46","KITCHENER/WATERLOO","6144239","2024-11-05 06:00","2024","11","05","06:00","","16.5","","11.7","","73","","0.0","","20","","18","","16.1","","97.64","","","","","","NA"
"-80.38","43.46","KITCHENER/WATERLOO","6144239","2024-11-05 07:00","2024","11","05","07:00","","17.0","","12.7","","75","","0.0","","20","","18","","16.1","","97.63","","","","","","NA"
"-80.38","43.46","KITCHENER/WATERLOO","6144239","2024-11-05 08:00","2024","11","05","08:00","","17.7","","13.2","","75","","0.0","","20","","24","","16.1","","97.62","","","","","","NA"
"-80.38","43.46","KITCHENER/WATERLOO","6144239","2024-11-05 09:00","2024","11","05","09:00","","18.6","","13.5","","72","","0.0","","20","","24","","16.1","","97.59","","","","","","NA"
"-80.38","43.46","KITCHENER/WATERLOO","6144239","2024-11-05 10:00","2024","11","05","10:00","","19.9","","13.8","","67","","0.0","","21","","28","","16.1","","97.59","","","","","","NA"
"-80.38","43.46","KITCHENER/WATERLOO","6144239","2024-11-05 11:00","2024","11","05","11:00","","20.5","","13.8","","65","","0.0","","22","","28","","16.1","","97.56","","","","","","NA"
"-80.38","43.46","KITCHENER/WATERLOO","6144239","2024-11-05 12:00","2024","11","05","12:00","","21.3","","14.1","","63","","0.0","","20","","35","","16.1","","97.50","","25","","","","NA"
"-80.38","43.46","KITCHENER/WATERLOO","6144239","2024-11-05 13:00","2024","11","05","13:00","","21.3","","14.1","","63","","0.0","","21","","37","","16.1","","97.45","","25","","","","NA"
"-80.38","43.46","KITCHENER/WATERLOO","6144239","2024-11-05 14:00","2024","11","05","14:00","","21.3","","14.1","","63","","0.0","","21","","37","","16.1","","97.41","","25","","","","NA"
"-80.38","43.46","KITCHENER/WATERLOO","6144239","2024-11-05 15:00","2024","11","05","15:00","","20.4","","13.6","","65","","0.0","","21","","28","","16.1","","97.41","","","","","","NA"
"-80.38","43.46","KITCHENER/WATERLOO","6144239","2024-11-05 16:00","2024","11","05","16:00","","20.4","","13.7","","65","","0.0","","21","","28","","16.1","","97.38","","","","","","NA"
"-80.38","43.46","KITCHENER/WATERLOO","6144239","2024-11-05 17:00","2024","11","05","17:00","","19.7","","13.7","","68","","0.0","","21","","18","","16.1","","97.35","","","","","","NA"
"-80.38","43.46","KITCHENER/WATERLOO","6144239","2024-11-05 18:00","2024","11","05","18:00","","18.6","","13.7","","73","","0.0","","19","","15","","16.1","","97.34","","","","","","NA"
"-80.38","43.46","KITCHENER/WATERLOO","6144239","2024-11-05 19:00","2024","11","05","19:00","","18.0","","13.5","","75","","0.0","","19","","15","","16.1","","97.27","","","","","","NA"
"-80.38","43.46","KITCHENER/WATERLOO","6144239","2024-11-05 20:00","2024","11","05","20:00","","17.4","","13.1","","76","","0.0","","21","","13","","16.1","","97.29","","","","","","NA"
"-80.38","43.46","KITCHENER/WATERLOO","6144239","2024-11-05 21:00","2024","11","05","21:00","","16.2","","12.6","","79","","0.0","","18","","9","","16.1","","97.21","","","","","","NA"
"-80.38","43.46","KITCHENER/WATERLOO","6144239","2024-11-05 22:00","2024","11","05","22:00","","16.1","","12.7","","80","","0.0","","17","","9","","16.1","","97.15","","","","","","NA"
"-80.38","43.46","KITCHENER/WATERLOO","6144239","2024-11-05 23:00","2024","11","05","23:00","","17.6","","13.0","","74","","0.0","","20","","21","","16.1","","97.12","","","","","","NA"
"-80.38","43.46","KITCHENER/WATERLOO","6144239","2024-11-06 00:00","2024","11","06","00:00","","18.3","","12.7","","70","","0.0","","21","","18","","16.1","","97.11","","","","","","NA"
"-80.38","43.46","KITCHENER/WATERLOO","6144239","2024-11-06 01:00","2024","11","06","01:00","","19.5","","12.6","","64","","0.0","","21","","22","","16.1","","97.10","","","","","","NA"
"-80.38","43.46","KITCHENER/WATERLOO","6144239","2024-11-06 02:00","2024","11","06","02:00","","18.0","","14.7","","81","","0.0","","23","","28","","14.5","","97.15","","","","","","Rain"
"-80.38","43.46","KITCHENER/WATERLOO","6144239","2024-11-06 03:00","2024","11","06","03:00","","17.3","","15.1","","87","","0.2","","22","","22","","16.1","","97.13","","","","","","Rain"
"-80.38","43.46","KITCHENER/WATERLOO","6144239","2024-11-06 04:00","2024","11","06","04:00","","17.0","","15.3","","90","","0.0","","27","","35","","16.1","","97.20","","","","","","Rain"
"-80.38","43.46","KITCHENER/WATERLOO","6144239","2024-11-06 05:00","2024","11","06","05:00","","15.8","","14.7","","93","","1.2","","24","","15","","16.1","","97.21","","","","","","Rain"
"-80.38","43.46","KITCHENER/WATERLOO","6144239","2024-11-06 06:00","2024","11","06","06:00","","15.3","","13.5","","89","","0.2","","26","","30","","6.4","","97.28","","","","","","Rain,Fog"
"-80.38","43.46","KITCHENER/WATERLOO","6144239","2024-11-06 07:00","2024","11","06","07:00","","15.0","","13.6","","91","","0.2","","26","","21","","16.1","","97.35","","","","","","NA"
"-80.38","43.46","KITCHENER/WATERLOO","6144239","2024-11-06 08:00","2024","11","06","08:00","","15.2","","13.6","","90","","0.0","","27","","17","","16.1","","97.43","","","","","","NA"
"-80.38","43.46","KITCHENER/WATERLOO","6144239","2024-11-06 09:00","2024","11","06","09:00","","15.5","","13.6","","88","","0.0","","27","","15","","16.1","","97.51","","","","","","NA"
"-80.38","43.46","KITCHENER/WATERLOO","6144239","2024-11-06 10:00","2024","11","06","10:00","","16.0","","13.0","","82","","0.0","","28","","21","","16.1","","97.55","","","","","","NA"
"-80.38","43.46","KITCHENER/WATERLOO","6144239","2024-11-06 11:00","2024","11","06","11:00","","16.5","","12.6","","78","","0.0","","27","","24","","16.1","","97.62","","","","","","NA"
"-80.38","43.46","KITCHENER/WATERLOO","6144239","2024-11-06 12:00","2024","11","06","12:00","","17.4","","12.4","","72","","0.0","","28","","24","","16.1","","97.64","","","","","","NA"
"-80.38","43.46","KITCHENER/WATERLOO","6144239","2024-11-06 13:00","2024","11","06","13:00","","18.4","","11.8","","65","","0.0","","25","","26","","16.1","","97.64","","","","","","NA"
"-80.38","43.46","KITCHENER/WATERLOO","6144239","2024-11-06 14:00","2024","11","06","14:00","","17.4","","10.9","","65","","0.0","","26","","22","","16.1","","97.65","","","","","","NA"
"-80.38","43.46","KITCHENER/WATERLOO","6144239","2024-11-06 15:00","2024","11","06","15:00","","16.9","","10.4","","65","","0.0","","27","","30","","16.1","","97.66","","","","","","NA"
"-80.38","43.46","KITCHENER/WATERLOO","6144239","2024-11-06 16:00","2024","11","06","16:00","","16.4","","10.3","","67","","0.0","","27","","28","","16.1","","97.73","","","","","","NA"
"-80.38","43.46","KITCHENER/WATERLOO","6144239","2024-11-06 17:00","2024","11","06","17:00","","15.1","","11.0","","76","","0.0","","31","","15","","16.1","","97.79","","","","","","NA"
"-80.38","43.46","KITCHENER/WATERLOO","6144239","2024-11-06 18:00","2024","11","06","18:00","","14.4","","9.9","","74","","0.0","","30","","15","","16.1","","97.89","","","","","","NA"
"-80.38","43.46","KITCHENER/WATERLOO","6144239","2024-11-06 19:00","2024","11","06","19:00","","13.4","","9.3","","76","","0.0","","30","","18","","16.1","","97.95","","","","","","NA"
"-80.38","43.46","KITCHENER/WATERLOO","6144239","2024-11-06 20:00","2024","11","06","20:00","","12.3","","8.8","","79","","0.0","","29","","13","","16.1","","97.97","","","","","","NA"
"-80.38","43.46","KITCHENER/WATERLOO","6144239","2024-11-06 21:00","2024","11","06","21:00","","11.8","","8.9","","82","","0.0","","31","","11","","16.1","","97.99","","","","","","NA"
"-80.38","43.46","KITCHENER/WATERLOO","6144239","2024-11-06 22:00","2024","11","06","22:00","","9.9","","8.2","","89","","0.0","","29","","8","","16.1","","97.99","","","","","","NA"
"-80.38","43.46","KITCHENER/WATERLOO","6144239","2024-11-06 23:00","2024","11","06","23:00","","10.0","","8.5","","90","","0.0","","32","","9","","16.1","","98.05","","","","","","NA"
"-80.38","43.46","KITCHENER/WATERLOO","6144239","2024-11-07 00:00","2024","11","07","00:00","","10.0","","8.0","","87","","0.0","","33","","15","","16.1","","98.05","","","","","","NA"
"-80.38","43.46","KITCHENER/WATERLOO","6144239","2024-11-07 01:00","2024","11","07","01:00","","9.7","","7.8","","88","","0.0","","31","","13","","16.1","","98.12","","","","","","NA"
"-80.38","43.46","KITCHENER/WATERLOO","6144239","2024-11-07 02:00","2024","11","07","02:00","","9.4","","6.9","","84","","0.0","","31","","9","","16.1","","98.15","","","","","","NA"
"-80.38","43.46","KITCHENER/WATERLOO","6144239","2024-11-07 03:00","2024","11","07","03:00","","9.2","","6.7","","84","","0.0","","30","","13","","16.1","","98.22","","","","","","NA"
"-80.38","43.46","KITCHENER/WATERLOO","6144239","2024-11-07 04:00","2024","11","07","04:00","","8.4","","6.4","","87","","0.0","","30","","13","","16.1","","98.24","","","","","","NA"
"-80.38","43.46","KITCHENER/WATERLOO","6144239","2024-11-07 05:00","2024","11","07","05:00","","8.2","","5.7","","84","","0.0","","31","","18","","16.1","","98.28","","","","","","NA"
"-80.38","43.46","KITCHENER/WATERLOO","6144239","2024-11-07 06:00","2024","11","07","06:00","","8.1","","5.7","","85","","0.0","","30","","17","","16.1","","98.34","","","","","","NA"
"-80.38","43.46","KITCHENER/WATERLOO","6144239","2024-11-07 07:00","2024","11","07","07:00","","7.1","","5.9","","92","","0.0","","31","","9","","16.1","","98.42","","","","","","NA"
"-80.38","43.46","KITCHENER/WATERLOO","6144239","2024-11-07 08:00","2024","11","07","08:00","","7.7","","6.1","","90","","0.0","","32","","8","","16.1","","98.48","","","","","","NA"
"-80.38","43.46","KITCHENER/WATERLOO","6144239","2024-11-07 09:00","2024","11","07","09:00","","8.2","","4.8","","79","","0.0","","31","","13","","16.1","","98.52","","","","","","NA"
"-80.38","43.46","KITCHENER/WATERLOO","6144239","2024-11-07 10:00","2024","11","07","10:00","","9.1","","4.2","","71","","0.0","","31","","13","","16.1","","98.53","","","","","","NA"
"-80.38","43.46","KITCHENER/WATERLOO","6144239","2024-11-07 11:00","2024","11","07","11:00","","10.7","","4.1","","63","","0.0","","27","","11","","16.1","","98.56","","","","","","NA"
"-80.38","43.46","KITCHENER/WATERLOO","6144239","2024-11-07 12:00","2024","11","07","12:00","","11.2","","3.4","","58","","0.0","","28","","17","","16.1","","98.50","","","","","","NA"
"-80.38","43.46","KITCHENER/WATERLOO","6144239","2024-11-07 13:00","2024","11","07","13:00","","11.8","","2.4","","52","","0.0","","27","","17","","16.1","","98.41","","","","","","NA"
"-80.38","43.46","KITCHENER/WATERLOO","6144239","2024-11-07 14:00","2024","11","07","14:00","","12.2","","2.6","","52","","0.0","","28","","17","","16.1","","98.37","","","","","","NA"
"-80.38","43.46","KITCHENER/WATERLOO","6144239","2024-11-07 15:00","2024","11","07","15:00","","12.7","","2.8","","51","","0.0","","28","","13","","16.1","","98.33","","","","","","NA"
"-80.38","43.46","KITCHENER/WATERLOO","6144239","2024-11-07 16:00","2024","11","07","16:00","","11.8","","2.4","","53","","0.0","","25","","24","","16.1","","98.33","","","","","","NA"
"-80.38","43.46","KITCHENER/WATERLOO","6144239","2024-11-07 17:00","2024","11","07","17:00","","10.2","","2.0","","57","","0.0","","27","","17","","16.1","","98.27","","","","","","NA"
"-80.38","43.46","KITCHENER/WATERLOO","6144239","2024-11-07 18:00","2024","11","07","18:00","","8.9","","2.7","","65","","0.0","","26","","17","","16.1","","98.31","","","","","","NA"
"-80.38","43.46","KITCHENER/WATERLOO","6144239","2024-11-07 19:00","2024","11","07","19:00","","7.2","","1.7","","68","","0.0","","26","","13","","16.1","","98.31","","","","","","NA"
"-80.38","43.46","KITCHENER/WATERLOO","6144239","2024-11-07 20:00","2024","11","07","20:00","","6.0","","1.7","","74","","0.0","","23","","11","","16.1","","98.24","","","","","","NA"
"-80.38","43.46","KITCHENER/WATERLOO","6144239","2024-11-07 21:00","2024","11","07","21:00","","6.9","","1.6","","69","","0.0","","23","","17","","16.1","","98.15","","","","","","NA"
"-80.38","43.46","KITCHENER/WATERLOO","6144239","2024-11-07 22:00","2024","11","07","22:00","","7.0","","1.7","","69","","0.0","","23","","17","","16.1","","98.09","","","","","","NA"
"-80.38","43.46","KITCHENER/WATERLOO","6144239","2024-11-07 23:00","2024","11","07","23:00","","6.1","","1.8","","74","","0.0","","23","","17","","16.1","","98.02","","","","","","NA"
"-80.38","43.46","KITCHENER/WATERLOO","6144239","2024-11-08 00:00","2024","11","08","00:00","","6.1","","2.7","","79","","0.0","","23","","18","","16.1","","97.98","","","","","","NA"
"-80.38","43.46","KITCHENER/WATERLOO","6144239","2024-11-08 01:00","2024","11","08","01:00","","6.7","","3.5","","80","","0.0","","24","","18","","16.1","","97.91","","","","","","NA"
"-80.38","43.46","KITCHENER/WATERLOO","6144239","2024-11-08 02:00","2024","11","08","02:00","","7.6","","4.0","","78","","0.0","","26","","28","","16.1","","97.86","","","","","","NA"
"-80.38","43.46","KITCHENER/WATERLOO","6144239","2024-11-08 03:00","2024","11","08","03:00","","7.3","","4.4","","82","","0.0","","26","","24","","16.1","","97.85","","","","","","NA"
"-80.38","43.46","KITCHENER/WATERLOO","6144239","2024-11-08 04:00","2024","11","08","04:00","","7.1","","4.9","","86","","0.0","","26","","26","","16.1","","97.80","","","","","","NA"
"-80.38","43.46","KITCHENER/WATERLOO","6144239","2024-11-08 05:00","2024","11","08","05:00","","7.0","","5.0","","87","","0.0","","27","","21","","16.1","","97.78","","","","","","NA"
"-80.38","43.46","KITCHENER/WATERLOO","6144239","2024-11-08 06:00","2024","11","08","06:00","","7.7","","5.3","","84","","0.0","","24","","17","","16.1","","97.77","","","","","","NA"
"-80.38","43.46","KITCHENER/WATERLOO","6144239","2024-11-08 07:00","2024","11","08","07:00","","7.3","","5.3","","87","","0.0","","25","","15","","16.1","","97.79","","","","","","NA"
"-80.38","43.46","KITCHENER/WATERLOO","6144239","2024-11-08 08:00","2024","11","08","08:00","","8.6","","4.8","","77","","0.0","","28","","24","","16.1","","97.80","","","","","","NA"
"-80.38","43.46","KITCHENER/WATERLOO","6144239","2024-11-08 09:00","2024","11","08","09:00","","9.6","","4.8","","72","","0.0","","28","","28","","16.1","","97.83","","","","","","NA"
"-80.38","43.46","KITCHENER/WATERLOO","6144239","2024-11-08 10:00","2024","11","08","10:00","","9.6","","4.6","","71","","0.0","","28","","24","","16.1","","97.84","","","","","","NA"
"-80.38","43.46","KITCHENER/WATERLOO","6144239","2024-11-08 11:00","2024","11","08","11:00","","9.7","","4.5","","70","","0.0","","28","","24","","16.1","","97.87","","","","","","NA"
"-80.38","43.46","KITCHENER/WATERLOO","6144239","2024-11-08 12:00","2024","11","08","12:00","","9.7","","4.0","","67","","0.0","","29","","24","","16.1","","97.88","","","","","","NA"
"-80.38","43.46","KITCHENER/WATERLOO","6144239","2024-11-08 13:00","2024","11","08","13:00","","9.8","","3.6","","65","","0.0","","29","","28","","16.1","","97.88","","","","","","NA"
"-80.38","43.46","KITCHENER/WATERLOO","6144239","2024-11-08 14:00","2024","11","08","14:00","","10.1","","3.6","","64","","0.0","","31","","26","","16.1","","97.90","","","","","","NA"
"-80.38","43.46","KITCHENER/WATERLOO","6144239","2024-11-08 15:00","2024","11","08","15:00","","10.4","","1.3","","53","","0.0","","31","","37","","16.1","","97.93","","","","","","NA"
"-80.38","43.46","KITCHENER/WATERLOO","6144239","2024-11-08 16:00","2024","11","08","16:00","","9.8","","1.5","","56","","0.0","","31","","28","","16.1","","98.04","","","","","","NA"
"-80.38","43.46","KITCHENER/WATERLOO","6144239","2024-11-08 17:00","2024","11","08","17:00","","8.6","","0.5","","57","","0.0","","31","","24","","16.1","","98.16","","","","","","NA"
"-80.38","43.46","KITCHENER/WATERLOO","6144239","2024-11-08 18:00","2024","11","08","18:00","","7.6","","2.7","","71","","0.0","","32","","24","","16.1","","98.33","","","","","","NA"
"-80.38","43.46","KITCHENER/WATERLOO","6144239","2024-11-08 19:00","2024","11","08","19:00","","6.0","","2.8","","80","","0.0","","31","","13","","16.1","","98.46","","","","","","NA"
"-80.38","43.46","KITCHENER/WATERLOO","6144239","2024-11-08 20:00","2024","11","08","20:00","","4.6","","1.8","","82","","0.0","","31","","8","","16.1","","98.54","","","","","","NA"
"-80.38","43.46","KITCHENER/WATERLOO","6144239","2024-11-08 21:00","2024","11","08","21:00","","2.7","","0.9","","88","","0.0","","31","","8","","16.1","","98.62","","","","","","NA"
"-80.38","43.46","KITCHENER/WATERLOO","6144239","2024-11-08 22:00","2024","11","08","22:00","","2.8","","0.5","","85","","0.0","","32","","5","","16.1","","98.71","","","","","","NA"
"-80.38","43.46","KITCHENER/WATERLOO","6144239","2024-11-08 23:00","2024","11","08","23:00","","2.8","","0.2","","83","","0.0","","34","","8","","16.1","","98.75","","","","","","NA"
"-80.38","43.46","KITCHENER/WATERLOO","6144239","2024-11-09 00:00","2024","11","09","00:00","","1.8","","-1.0","","82","","0.0","","1","","9","","16.1","","98.77","","","","","","NA"
"-80.38","43.46","KITCHENER/WATERLOO","6144239","2024-11-09 01:00","2024","11","09","01:00","","1.2","","-2.8","","75","","0.0","","1","","8","","16.1","","98.84","","","","","","NA"
"-80.38","43.46","KITCHENER/WATERLOO","6144239","2024-11-09 02:00","2024","11","09","02:00","","0.1","","-3.7","","76","","0.0","","36","","8","","16.1","","98.87","","","","","","NA"
"-80.38","43.46","KITCHENER/WATERLOO","6144239","2024-11-09 03:00","2024","11","09","03:00","","0.0","","-4.6","","71","","0.0","","2","","5","","16.1","","98.93","","","","-2","","NA"
"-80.38","43.46","KITCHENER/WATERLOO","6144239","2024-11-09 04:00","2024","11","09","04:00","","-0.5","","-5.1","","71","","0.0","","36","","5","","16.1","","98.99","","","","-2","","NA"
"-80.38","43.46","KITCHENER/WATERLOO","6144239","2024-11-09 05:00","2024","11","09","05:00","","-2.9","","-6.4","","77","","0.0","","","M","4","","16.1","","99.01","","","","-4","","NA"
"-80.38","43.46","KITCHENER/WATERLOO","6144239","2024-11-09 06:00","2024","11","09","06:00","","-5.3","","-6.9","","89","","0.0","","","M","4","","16.1","","99.05","","","","-7","","NA"
"-80.38","43.46","KITCHENER/WATERLOO","6144239","2024-11-09 07:00","2024","11","09","07:00","","-3.7","","-4.7","","93","","0.0","","","M","4","","16.1","","99.07","","","","-5","","NA"
"-80.38","43.46","KITCHENER/WATERLOO","6144239","2024-11-09 08:00","2024","11","09","08:00","","-3.1","","-5.1","","86","","0.0","","","M","4","","16.1","","99.15","","","","-5","","NA"
"-80.38","43.46","KITCHENER/WATERLOO","6144239","2024-11-09 09:00","2024","11","09","09:00","","1.5","","-3.0","","72","","0.0","","4","","5","","16.1","","99.19","","","","","","NA"
"-80.38","43.46","KITCHENER/WATERLOO","6144239","2024-11-09 10:00","2024","11","09","10:00","","4.3","","-2.3","","62","","0.0","","15","","9","","16.1","","99.20","","","","","","NA"
"-80.38","43.46","KITCHENER/WATERLOO","6144239","2024-11-09 11:00","2024","11","09","11:00","","5.7","","-4.0","","50","","0.0","","12","","8","","16.1","","99.15","","","","","","NA"
"-80.38","43.46","KITCHENER/WATERLOO","6144239","2024-11-09 12:00","2024","11","09","12:00","","6.8","","-3.7","","47","","0.0","","","","0","","16.1","","99.09","","","","","","NA"
"-80.38","43.46","KITCHENER/WATERLOO","6144239","2024-11-09 13:00","2024","11","09","13:00","","7.9","","-3.9","","43","","0.0","","9","","8","","16.1","","99.01","","","","","","NA"
"-80.38","43.46","KITCHENER/WATERLOO","6144239","2024-11-09 14:00","2024","11","09","14:00","","9.0","","-4.1","","39","","0.0","","14","","15","","16.1","","98.94","","","","","","NA"
"-80.38","43.46","KITCHENER/WATERLOO","6144239","2024-11-09 15:00","2024","11","09","15:00","","8.9","","-3.8","","41","","0.0","","10","","13","","16.1","","98.87","","","","","","NA"
"-80.38","43.46","KITCHENER/WATERLOO","6144239","2024-11-09 16:00","2024","11","09","16:00","","7.8","","-2.8","","47","","0.0","","12","","13","","16.1","","98.89","","","","","","NA"
"-80.38","43.46","KITCHENER/WATERLOO","6144239","2024-11-09 17:00","2024","11","09","17:00","","4.3","","-2.6","","61","","0.0","","13","","13","","16.1","","98.86","","","","","","NA"
"-80.38","43.46","KITCHENER/WATERLOO","6144239","2024-11-09 18:00","2024","11","09","18:00","","3.1","","-2.6","","66","","0.0","","9","","8","","16.1","","98.87","","","","","","NA"
"-80.38","43.46","KITCHENER/WATERLOO","6144239","2024-11-09 19:00","2024","11","09","19:00","","2.0","","-2.9","","70","","0.0","","10","","4","","16.1","","98.82","","","","","","NA"
"-80.38","43.46","KITCHENER/WATERLOO","6144239","2024-11-09 20:00","2024","11","09","20:00","","0.6","","-3.2","","76","","0.0","","10","","8","","16.1","","98.75","","","","","","NA"
"-80.38","43.46","KITCHENER/WATERLOO","6144239","2024-11-09 21:00","2024","11","09","21:00","","0.9","","-2.3","","79","","0.0","","7","","9","","16.1","","98.72","","","","","","NA"
"-80.38","43.46","KITCHENER/WATERLOO","6144239","2024-11-09 22:00","2024","11","09","22:00","","0.3","","-1.8","","86","","0.0","","7","","8","","16.1","","98.66","","","","","","NA"
"-80.38","43.46","KITCHENER/WATERLOO","6144239","2024-11-09 23:00","2024","11","09","23:00","","1.6","","0.0","","89","","0.0","","7","","11","","16.1","","98.57","","","","","","NA"
"-80.38","43.46","KITCHENER/WATERLOO","6144239","2024-11-10 00:00","2024","11","10","00:00","","3.5","","1.6","","88","","0.0","","10","","11","","16.1","","98.49","","","","","","NA"
"-80.38","43.46","KITCHENER/WATERLOO","6144239","2024-11-10 01:00","2024","11","10","01:00","","3.4","","1.5","","87","","0.0","","11","","9","","16.1","","98.40","","","","","","NA"
"-80.38","43.46","KITCHENER/WATERLOO","6144239","2024-11-10 02:00","2024","11","10","02:00","","4.0","","1.7","","85","","0.0","","8","","9","","16.1","","98.31","","","","","","NA"
"-80.38","43.46","KITCHENER/WATERLOO","6144239","2024-11-10 03:00","2024","11","10","03:00","","3.9","","2.1","","88","","0.0","","9","","9","","16.1","","98.27","","","","","","NA"
"-80.38","43.46","KITCHENER/WATERLOO","6144239","2024-11-10 04:00","2024","11","10","04:00","","3.7","","1.5","","85","","0.0","","8","","5","","16.1","","98.16","","","","","","NA"
"-80.38","43.46","KITCHENER/WATERLOO","6144239","2024-11-10 05:00","2024","11","10","05:00","","4.2","","1.9","","85","","0.0","","8","","8","","16.1","","98.07","","","","","","NA"
"-80.38","43.46","KITCHENER/WATERLOO","6144239","2024-11-10 06:00","2024","11","10","06:00","","3.8","","1.4","","84","","0.0","","7","","9","","16.1","","98.00","","","","","","NA"
"-80.38","43.46","KITCHENER/WATERLOO","6144239","2024-11-10 07:00","2024","11","10","07:00","","4.0","","1.7","","85","","0.0","","11","","5","","16.1","","97.94","","","","","","NA"
"-80.38","43.46","KITCHENER/WATERLOO","6144239","2024-11-10 08:00","2024","11","10","08:00","","4.5","","2.6","","88","","0.0","","","","0","","16.1","","97.95","","","","","","NA"
"-80.38","43.46","KITCHENER/WATERLOO","6144239","2024-11-10 09:00","2024","11","10","09:00","","5.6","","2.5","","80","","0.0","","11","","5","","16.1","","97.87","","","","","","NA"
"-80.38","43.46","KITCHENER/WATERLOO","6144239","2024-11-10 10:00","2024","11","10","10:00","","6.4","","4.0","","84","","0.0","","14","","8","","16.1","","97.78","","","","","","Rain"
"-80.38","43.46","KITCHENER/WATERLOO","6144239","2024-11-10 11:00","2024","11","10","11:00","","6.9","","5.2","","89","","1.2","","13","","9","","11.3","","97.67","","","","","","Rain"
"-80.38","43.46","KITCHENER/WATERLOO","6144239","2024-11-10 12:00","2024","11","10","12:00","","7.1","","6.4","","95","","3.0","","12","","15","","6.4","","97.48","","","","","","Moderate Rain,Fog"
"-80.38","43.46","KITCHENER/WATERLOO","6144239","2024-11-10 13:00","2024","11","10","13:00","","7.8","","7.2","","96","","0.8","","12","","11","","14.5","","97.33","","","","","","Rain"
"-80.38","43.46","KITCHENER/WATERLOO","6144239","2024-11-10 14:00","2024","11","10","14:00","","8.4","","8.1","","98","","0.0","","14","","15","","4.8","","97.22","","","","","","Rain,Fog"
"-80.38","43.46","KITCHENER/WATERLOO","6144239","2024-11-10 15:00","2024","11","10","15:00","","9.1","","8.8","","98","","0.2","","13","","18","","3.6","","97.04","","","","","","Fog"
"-80.38","43.46","KITCHENER/WATERLOO","6144239","2024-11-10 16:00","2024","11","10","16:00","","9.4","","9.3","","99","","0.2","","14","","17","","2.8","","96.97","","","","","","Fog"
"-80.38","43.46","KITCHENER/WATERLOO","6144239","2024-11-10 17:00","2024","11","10","17:00","","10.1","","10.0","","99","","0.2","","13","","9","","3.2","","96.89","","","","","","Rain,Fog"
"-80.38","43.46","KITCHENER/WATERLOO","6144239","2024-11-10 18:00","2024","11","10","18:00","","11.5","","11.4","","99","","0.2","","18","","9","","2.0","","96.81","","","","","","Fog"
"-80.38","43.46","KITCHENER/WATERLOO","6144239","2024-11-10 19:00","2024","11","10","19:00","","12.7","","12.4","","98","","0.5","","20","","24","","6.4","","96.82","","","","","","Rain,Fog"
"-80.38","43.46","KITCHENER/WATERLOO","6144239","2024-11-10 20:00","2024","11","10","20:00","","13.0","","12.1","","94","","0.2","","22","","17","","16.1","","96.75","","","","","","NA"
"-80.38","43.46","KITCHENER/WATERLOO","6144239","2024-11-10 21:00","2024","11","10","21:00","","13.3","","12.0","","92","","0.0","","23","","15","","16.1","","96.67","","","","","","NA"
"-80.38","43.46","KITCHENER/WATERLOO","6144239","2024-11-10 22:00","2024","11","10","22:00","","13.7","","12.4","","92","","0.0","","20","","24","","16.1","","96.48","","","","","","NA"
"-80.38","43.46","KITCHENER/WATERLOO","6144239","2024-11-10 23:00","2024","11","10","23:00","","11.1","","9.4","","89","","4.6","","25","","30","","16.1","","96.55","","","","","","NA"
"-80.38","43.46","KITCHENER/WATERLOO","6144239","2024-11-11 00:00","2024","11","11","00:00","","11.0","","8.1","","82","","0.0","","26","","34","","16.1","","96.56","","","","","","NA"
"-80.38","43.46","KITCHENER/WATERLOO","6144239","2024-11-11 01:00","2024","11","11","01:00","","10.7","","8.3","","85","","0.0","","26","","30","","16.1","","96.57","","","","","","NA"
"-80.38","43.46","KITCHENER/WATERLOO","6144239","2024-11-11 02:00","2024","11","11","02:00","","10.5","","7.8","","83","","0.0","","27","","28","","16.1","","96.61","","","","","","NA"
"-80.38","43.46","KITCHENER/WATERLOO","6144239","2024-11-11 03:00","2024","11","11","03:00","","10.4","","7.5","","82","","0.0","","26","","26","","16.1","","96.65","","","","","","NA"
"-80.38","43.46","KITCHENER/WATERLOO","6144239","2024-11-11 04:00","2024","11","11","04:00","","9.8","","7.1","","83","","0.0","","25","","26","","16.1","","96.62","","","","","","NA"
"-80.38","43.46","KITCHENER/WATERLOO","6144239","2024-11-11 05:00","2024","11","11","05:00","","10.0","","7.1","","82","","0.0","","26","","32","","16.1","","96.67","","","","","","NA"
"-80.38","43.46","KITCHENER/WATERLOO","6144239","2024-11-11 06:00","2024","11","11","06:00","","9.9","","7.0","","82","","0.0","","26","","24","","16.1","","96.68","","","","","","NA"
"-80.38","43.46","KITCHENER/WATERLOO","6144239","2024-11-11 07:00","2024","11","11","07:00","","9.9","","6.8","","81","","0.0","","25","","24","","16.1","","96.69","","","","","","NA"
"-80.38","43.46","KITCHENER/WATERLOO","6144239","2024-11-11 08:00","2024","11","11","08:00","","9.8","","6.5","","80","","0.0","","25","","22","","16.1","","96.72","","","","","","NA"
"-80.38","43.46","KITCHENER/WATERLOO","6144239","2024-11-11 09:00","2024","11","11","09:00","","9.7","","7.0","","83","","0.0","","24","","17","","16.1","","96.72","","","","","","NA"
"-80.38","43.46","KITCHENER/WATERLOO","6144239","2024-11-11 10:00","2024","11","11","10:00","","9.6","","6.9","","83","","0.0","","23","","21","","16.1","","96.71","","","","","","NA"
"-80.38","43.46","KITCHENER/WATERLOO","6144239","2024-11-11 11:00","2024","11","11","11:00","","10.0","","6.1","","77","","0.0","","25","","30","","16.1","","96.66","","","","","","NA"
"-80.38","43.46","KITCHENER/WATERLOO","6144239","2024-11-11 12:00","2024","11","11","12:00","","10.1","","6.3","","77","","0.0","","25","","32","","16.1","","96.60","","","","","","NA"
"-80.38","43.46","KITCHENER/WATERLOO","6144239","2024-11-11 13:00","2024","11","11","13:00","","9.4","","6.7","","83","","0.0","","24","","35","","12.9","","96.55","","","","","","NA"
"-80.38","43.46","KITCHENER/WATERLOO","6144239","2024-11-11 14:00","2024","11","11","14:00","","10.4","","6.6","","77","","0.0","","25","","34","","16.1","","96.53","","","","","","NA"
"-80.38","43.46","KITCHENER/WATERLOO","6144239","2024-11-11 15:00","2024","11","11","15:00","","11.6","","5.8","","67","","0.0","","26","","32","","16.1","","96.52","","","","","","NA"
"-80.38","43.46","KITCHENER/WATERLOO","6144239","2024-11-11 16:00","2024","11","11","16:00","","10.9","","5.1","","67","","0.0","","25","","30","","16.1","","96.55","","","","","","NA"
"-80.38","43.46","KITCHENER/WATERLOO","6144239","2024-11-11 17:00","2024","11","11","17:00","","6.6","","4.8","","88","","0.8","","30","","26","","16.1","","96.74","","","","","","NA"
"-80.38","43.46","KITCHENER/WATERLOO","6144239","2024-11-11 18:00","2024","11","11","18:00","","6.1","","4.1","","87","","0.0","","29","","24","","16.1","","96.89","","","","","","Rain"
"-80.38","43.46","KITCHENER/WATERLOO","6144239","2024-11-11 19:00","2024","11","11","19:00","","6.0","","2.5","","78","","0.0","","29","","30","","16.1","","96.98","","","","","","NA"
"-80.38","43.46","KITCHENER/WATERLOO","6144239","2024-11-11 20:00","2024","11","11","20:00","","6.0","","3.0","","81","","0.0","","29","","34","","16.1","","97.04","","","","","","NA"
"-80.38","43.46","KITCHENER/WATERLOO","6144239","2024-11-11 21:00","2024","11","11","21:00","","5.9","","3.4","","84","","0.0","","30","","32","","16.1","","97.11","","","","","","NA"
"-80.38","43.46","KITCHENER/WATERLOO","6144239","2024-11-11 22:00","2024","11","11","22:00","","6.2","","4.2","","87","","0.2","","30","","32","","16.1","","97.20","","","","","","NA"
"-80.38","43.46","KITCHENER/WATERLOO","6144239","2024-11-11 23:00","2024","11","11","23:00","","5.3","","1.8","","78","","0.0","","33","","32","","16.1","","97.41","","","","","","NA"
"-80.38","43.46","KITCHENER/WATERLOO","6144239","2024-11-12 00:00","2024","11","12","00:00","","3.5","","-0.3","","76","","0.0","","34","","30","","16.1","","97.63","","","","","","NA"
"-80.38","43.46","KITCHENER/WATERLOO","6144239","2024-11-12 01:00","2024","11","12","01:00","","2.8","","-0.4","","79","","0.0","","34","","18","","16.1","","97.80","","","","","","NA"
"-80.38","43.46","KITCHENER/WATERLOO","6144239","2024-11-12 02:00","2024","11","12","02:00","","2.2","","-1.2","","78","","0.0","","34","","24","","16.1","","97.96","","","","","","NA"
"-80.38","43.46","KITCHENER/WATERLOO","6144239","2024-11-12 03:00","2024","11","12","03:00","","1.7","","-1.2","","81","","0.0","","32","","15","","16.1","","98.08","","","","","","NA"
"-80.38","43.46","KITCHENER/WATERLOO","6144239","2024-11-12 04:00","2024","11","12","04:00","","0.7","","-1.2","","87","","0.0","","33","","13","","16.1","","98.21","","","","","","NA"
"-80.38","43.46","KITCHENER/WATERLOO","6144239","2024-11-12 05:00","2024","11","12","05:00","","0.4","","-1.7","","86","","0.0","","32","","13","","16.1","","98.36","","","","","","NA"
"-80.38","43.46","KITCHENER/WATERLOO","6144239","2024-11-12 06:00","2024","11","12","06:00","","-0.3","","-1.8","","90","","0.0","","32","","17","","16.1","","98.50","","","","-5","","NA"
"-80.38","43.46","KITCHENER/WATERLOO","6144239","2024-11-12 07:00","2024","11","12","07:00","","-0.1","","-2.3","","85","","0.0","","35","","13","","16.1","","98.60","","","","-4","","NA"
"-80.38","43.46","KITCHENER/WATERLOO","6144239","2024-11-12 08:00","2024","11","12","08:00","","0.4","","-2.5","","81","","0.0","","35","","17","","16.1","","98.71","","","","","","NA"
"-80.38","43.46","KITCHENER/WATERLOO","6144239","2024-11-12 09:00","2024","11","12","09:00","","2.0","","-2.1","","74","","0.0","","36","","24","","16.1","","98.78","","","","","","NA"
"-80.38","43.46","KITCHENER/WATERLOO","6144239","2024-11-12 10:00","2024","11","12","10:00","","3.6","","-2.0","","67","","0.0","","36","","22","","16.1","","98.83","","","","","","NA"
"-80.38","43.46","KITCHENER/WATERLOO","6144239","2024-11-12 11:00","2024","11","12","11:00","","5.1","","-2.1","","60","","0.0","","1","","22","","16.1","","98.91","","","","","","NA"
"-80.38","43.46","KITCHENER/WATERLOO","6144239","2024-11-12 12:00","2024","11","12","12:00","","5.7","","-2.7","","55","","0.0","","1","","22","","16.1","","98.94","","","","","","NA"
"-80.38","43.46","KITCHENER/WATERLOO","6144239","2024-11-12 13:00","2024","11","12","13:00","","6.3","","-3.0","","51","","0.0","","36","","22","","16.1","","98.94","","","","","","NA"
"-80.38","43.46","KITCHENER/WATERLOO","6144239","2024-11-12 14:00","2024","11","12","14:00","","6.7","","-5.7","","41","","0.0","","1","","15","","16.1","","98.93","","","","","","NA"
"-80.38","43.46","KITCHENER/WATERLOO","6144239","2024-11-12 15:00","2024","11","12","15:00","","6.4","","-4.5","","46","","0.0","","4","","13","","16.1","","98.96","","","","","","NA"
"-80.38","43.46","KITCHENER/WATERLOO","6144239","2024-11-12 16:00","2024","11","12","16:00","","5.9","","-5.4","","44","","0.0","","1","","11","","16.1","","99.00","","","","","","NA"
"-80.38","43.46","KITCHENER/WATERLOO","6144239","2024-11-12 17:00","2024","11","12","17:00","","3.8","","-4.2","","56","","0.0","","1","","11","","16.1","","99.04","","","","","","NA"
"-80.38","43.46","KITCHENER/WATERLOO","6144239","2024-11-12 18:00","2024","11","12","18:00","","2.4","","-4.2","","62","","0.0","","2","","9","","16.1","","99.07","","","","","","NA"
"-80.38","43.46","KITCHENER/WATERLOO","6144239","2024-11-12 19:00","2024","11","12","19:00","","1.5","","-3.0","","72","","0.0","","1","","11","","16.1","","99.14","","","","","","NA"
"-80.38","43.46","KITCHENER/WATERLOO","6144239","2024-11-12 20:00","2024","11","12","20:00","","0.5","","-3.1","","77","","0.0","","3","","11","","16.1","","99.14","","","","","","NA"
"-80.38","43.46","KITCHENER/WATERLOO","6144239","2024-11-12 21:00","2024","11","12","21:00","","-2.2","","-4.2","","87","","0.0","","6","","9","","16.1","","99.16","","","","-6","","NA"
"-80.38","43.46","KITCHENER/WATERLOO","6144239","2024-11-12 22:00","2024","11","12","22:00","","-2.8","","-4.4","","89","","0.0","","7","","9","","16.1","","99.18","","","","-6","","NA"
"-80.38","43.46","KITCHENER/WATERLOO","6144239","2024-11-12 23:00","2024","11","12","23:00","","-2.9","","-4.3","","90","","0.0","","8","","11","","16.1","","99.20","","","","-7","","NA"
"-80.38","43.46","KITCHENER/WATERLOO","6144239","2024-11-13 00:00","2024","11","13","00:00","","-2.8","","-4.2","","90","","0.0","","7","","9","","16.1","","99.26","","","","-6","","NA"
"-80.38","43.46","KITCHENER/WATERLOO","6144239","2024-11-13 01:00","2024","11","13","01:00","","-2.3","","-3.9","","89","","0.0","","5","","8","","16.1","","99.31","","","","-5","","NA"
"-80.38","43.46","KITCHENER/WATERLOO","6144239","2024-11-13 02:00","2024","11","13","02:00","","-1.8","","-3.7","","87","","0.0","","4","","9","","16.1","","99.31","","","","-5","","NA"
"-80.38","43.46","KITCHENER/WATERLOO","6144239","2024-11-13 03:00","2024","11","13","03:00","","-1.0","","-2.7","","88","","0.0","","6","","11","","16.1","","99.32","","","","-5","","NA"
"-80.38","43.46","KITCHENER/WATERLOO","6144239","2024-11-13 04:00","2024","11","13","04:00","","-0.5","","-2.3","","88","","0.0","","8","","13","","16.1","","99.28","","","","-5","","NA"
"-80.38","43.46","KITCHENER/WATERLOO","6144239","2024-11-13 05:00","2024","11","13","05:00","","-0.2","","-2.3","","86","","0.0","","3","","8","","16.1","","99.34","","","","-3","","NA"
"-80.38","43.46","KITCHENER/WATERLOO","6144239","2024-11-13 06:00","2024","11","13","06:00","","-0.1","","-1.7","","89","","0.0","","6","","5","","16.1","","99.36","","","","-2","","NA"
"-80.38","43.46","KITCHENER/WATERLOO","6144239","2024-11-13 07:00","2024","11","13","07:00","","0.0","","-1.8","","88","","0.0","","9","","5","","16.1","","99.38","","","","-2","","NA"
"-80.38","43.46","KITCHENER/WATERLOO","6144239","2024-11-13 08:00","2024","11","13","08:00","","0.4","","-1.4","","88","","0.0","","8","","8","","16.1","","99.37","","","","","","NA"
"-80.38","43.46","KITCHENER/WATERLOO","6144239","2024-11-13 09:00","2024","11","13","09:00","","1.5","","-0.8","","85","","0.0","","10","","9","","16.1","","99.41","","","","","","NA"
"-80.38","43.46","KITCHENER/WATERLOO","6144239","2024-11-13 10:00","2024","11","13","10:00","","2.5","","-0.6","","80","","0.0","","12","","21","","16.1","","99.40","","","","","","NA"
"-80.38","43.46","KITCHENER/WATERLOO","6144239","2024-11-13 11:00","2024","11","13","11:00","","4.7","","-0.7","","68","","0.0","","12","","26","","16.1","","99.33","","","","","","NA"
"-80.38","43.46","KITCHENER/WATERLOO","6144239","2024-11-13 12:00","2024","11","13","12:00","","5.5","","-1.0","","63","","0.0","","10","","30","","16.1","","99.21","","","","","","NA"
"-80.38","43.46","KITCHENER/WATERLOO","6144239","2024-11-13 13:00","2024","11","13","13:00","","6.1","","-1.5","","58","","0.0","","9","","30","","16.1","","99.06","","","","","","NA"
"-80.38","43.46","KITCHENER/WATERLOO","6144239","2024-11-13 14:00","2024","11","13","14:00","","5.5","","-1.2","","62","","0.0","","8","","30","","16.1","","98.99","","","","","","NA"
"-80.38","43.46","KITCHENER/WATERLOO","6144239","2024-11-13 15:00","2024","11","13","15:00","","5.0","","0.0","","70","","0.0","","8","","28","","16.1","","98.91","","","","","","NA"
"-80.38","43.46","KITCHENER/WATERLOO","6144239","2024-11-13 16:00","2024","11","13","16:00","","4.4","","-0.4","","71","","0.0","","10","","28","","16.1","","98.94","","","","","","NA"
"-80.38","43.46","KITCHENER/WATERLOO","6144239","2024-11-13 17:00","2024","11","13","17:00","","3.5","","0.0","","78","","0.0","","10","","26","","16.1","","98.88","","","","","","NA"
"-80.38","43.46","KITCHENER/WATERLOO","6144239","2024-11-13 18:00","2024","11","13","18:00","","3.3","","0.2","","80","","0.0","","9","","28","","16.1","","98.86","","","","","","NA"
"-80.38","43.46","KITCHENER/WATERLOO","6144239","2024-11-13 19:00","2024","11","13","19:00","","3.6","","0.1","","78","","0.0","","9","","26","","16.1","","98.74","","","","","","NA"
"-80.38","43.46","KITCHENER/WATERLOO","6144239","2024-11-13 20:00","2024","11","13","20:00","","4.0","","-1.0","","70","","0.0","","9","","35","","16.1","","98.58","","","","","","NA"
"-80.38","43.46","KITCHENER/WATERLOO","6144239","2024-11-13 21:00","2024","11","13","21:00","","4.1","","-1.2","","68","","0.0","","9","","34","","16.1","","98.51","","","","","","NA"
"-80.38","43.46","KITCHENER/WATERLOO","6144239","2024-11-13 22:00","2024","11","13","22:00","","4.3","","-1.1","","68","","0.0","","9","","18","","16.1","","98.48","","","","","","NA"
"-80.38","43.46","KITCHENER/WATERLOO","6144239","2024-11-13 23:00","2024","11","13","23:00","","4.0","","-1.0","","70","","0.0","","9","","18","","16.1","","98.42","","","","","","NA"
"-80.38","43.46","KITCHENER/WATERLOO","6144239","2024-11-14 00:00","2024","11","14","00:00","","3.9","","-1.1","","70","","0.0","","9","","24","","16.1","","98.32","","","","","","NA"
"-80.38","43.46","KITCHENER/WATERLOO","6144239","2024-11-14 01:00","2024","11","14","01:00","","4.1","","-1.3","","68","","0.0","","9","","26","","16.1","","98.26","","","","","","NA"
"-80.38","43.46","KITCHENER/WATERLOO","6144239","2024-11-14 02:00","2024","11","14","02:00","","4.1","","-1.3","","68","","0.0","","8","","22","","16.1","","98.16","","","","","","NA"
"-80.38","43.46","KITCHENER/WATERLOO","6144239","2024-11-14 03:00","2024","11","14","03:00","","4.3","","-1.3","","67","","0.0","","9","","17","","16.1","","98.10","","","","","","NA"
"-80.38","43.46","KITCHENER/WATERLOO","6144239","2024-11-14 04:00","2024","11","14","04:00","","4.5","","-1.1","","67","","0.0","","9","","17","","16.1","","98.09","","","","","","NA"
"-80.38","43.46","KITCHENER/WATERLOO","6144239","2024-11-14 05:00","2024","11","14","05:00","","4.4","","-1.0","","68","","0.0","","9","","24","","16.1","","98.02","","","","","","NA"
"-80.38","43.46","KITCHENER/WATERLOO","6144239","2024-11-14 06:00","2024","11","14","06:00","","4.5","","-1.5","","65","","0.0","","9","","24","","16.1","","97.97","","","","","","NA"
"-80.38","43.46","KITCHENER/WATERLOO","6144239","2024-11-14 07:00","2024","11","14","07:00","","4.1","","-1.6","","66","","0.0","","10","","21","","16.1","","97.92","","","","","","NA"
"-80.38","43.46","KITCHENER/WATERLOO","6144239","2024-11-14 08:00","2024","11","14","08:00","","4.8","","-1.4","","64","","0.0","","11","","21","","16.1","","97.94","","","","","","NA"
"-80.38","43.46","KITCHENER/WATERLOO","6144239","2024-11-14 09:00","2024","11","14","09:00","","5.9","","-1.7","","58","","0.0","","10","","21","","16.1","","97.87","","","","","","NA"
"-80.38","43.46","KITCHENER/WATERLOO","6144239","2024-11-14 10:00","2024","11","14","10:00","","7.3","","-2.0","","52","","0.0","","11","","21","","16.1","","97.78","","","","","","NA"
"-80.38","43.46","KITCHENER/WATERLOO","6144239","2024-11-14 11:00","2024","11","14","11:00","","8.0","","-2.6","","47","","0.0","","13","","24","","16.1","","97.73","","","","","","NA"
"-80.38","43.46","KITCHENER/WATERLOO","6144239","2024-11-14 12:00","2024","11","14","12:00","","7.8","","-2.5","","48","","0.0","","12","","21","","16.1","","97.66","","","","","","NA"
"-80.38","43.46","KITCHENER/WATERLOO","6144239","2024-11-14 13:00","2024","11","14","13:00","","6.0","","0.2","","66","","0.2","","12","","13","","16.1","","97.58","","","","","","Moderate Rain"
"-80.38","43.46","KITCHENER/WATERLOO","6144239","2024-11-14 14:00","2024","11","14","14:00","","6.1","","0.2","","66","","0.0","","11","","15","","16.1","","97.53","","","","","","NA"
"-80.38","43.46","KITCHENER/WATERLOO","6144239","2024-11-14 15:00","2024","11","14","15:00","","5.7","","1.0","","72","","0.2","","13","","22","","16.1","","97.53","","","","","","Rain"
"-80.38","43.46","KITCHENER/WATERLOO","6144239","2024-11-14 16:00","2024","11","14","16:00","","5.0","","2.7","","85","","1.0","","8","","9","","14.5","","97.55","","","","","","Rain"
"-80.38","43.46","KITCHENER/WATERLOO","6144239","2024-11-14 17:00","2024","11","14","17:00","","5.6","","2.6","","81","","0.0","","10","","21","","16.1","","97.54","","","","","","NA"
"-80.38","43.46","KITCHENER/WATERLOO","6144239","2024-11-14 18:00","2024","11","14","18:00","","5.4","","3.1","","85","","0.0","","11","","9","","16.1","","97.57","","","","","","Rain"
"-80.38","43.46","KITCHENER/WATERLOO","6144239","2024-11-14 19:00","2024","11","14","19:00","","5.1","","3.4","","89","","0.5","","12","","9","","12.9","","97.58","","","","","","Rain"
"-80.38","43.46","KITCHENER/WATERLOO","6144239","2024-11-14 20:00","2024","11","14","20:00","","4.9","","4.0","","94","","1.0","","10","","17","","11.3","","97.56","","","","","","Rain"
"-80.38","43.46","KITCHENER/WATERLOO","6144239","2024-11-14 21:00","2024","11","14","21:00","","5.1","","4.4","","95","","0.2","","10","","15","","14.5","","97.59","","","","","","Rain"
"-80.38","43.46","KITCHENER/WATERLOO","6144239","2024-11-14 22:00","2024","11","14","22:00","","5.0","","4.4","","96","","0.2","","9","","15","","16.1","","97.58","","","","","","Rain"
"-80.38","43.46","KITCHENER/WATERLOO","6144239","2024-11-14 23:00","2024","11","14","23:00","","4.9","","4.5","","97","","0.0","","8","","13","","6.4","","97.53","","","","","","Fog"
"-80.38","43.46","KITCHENER/WATERLOO","6144239","2024-11-15 00:00","2024","11","15","00:00","","5.0","","4.7","","98","","0.0","","9","","15","","4.0","","97.55","","","","","","Fog"
"-80.38","43.46","KITCHENER/WATERLOO","6144239","2024-11-15 01:00","2024","11","15","01:00","","5.0","","4.7","","98","","0.0","","9","","13","","2.8","","97.55","","","","","","Fog"
"-80.38","43.46","KITCHENER/WATERLOO","6144239","2024-11-15 02:00","2024","11","15","02:00","","5.1","","4.8","","98","","0.2","","7","","13","","2.4","","97.59","","","","","","Rain,Fog"
"-80.38","43.46","KITCHENER/WATERLOO","6144239","2024-11-15 03:00","2024","11","15","03:00","","5.2","","4.9","","98","","1.0","","7","","11","","3.2","","97.61","","","","","","Rain,Fog"
"-80.38","43.46","KITCHENER/WATERLOO","6144239","2024-11-15 04:00","2024","11","15","04:00","","5.1","","4.7","","97","","0.0","","7","","11","","6.4","","97.62","","","","","","Fog"
"-80.38","43.46","KITCHENER/WATERLOO","6144239","2024-11-15 05:00","2024","11","15","05:00","","5.2","","4.8","","97","","0.0","","9","","9","","4.8","","97.65","","","","","","Fog"
"-80.38","43.46","KITCHENER/WATERLOO","6144239","2024-11-15 06:00","2024","11","15","06:00","","5.3","","5.0","","98","","0.0","","8","","11","","4.8","","97.68","","","","","","Fog"
"-80.38","43.46","KITCHENER/WATERLOO","6144239","2024-11-15 07:00","2024","11","15","07:00","","5.4","","5.1","","98","","0.0","","8","","9","","3.2","","97.72","","","","","","Fog"
"-80.38","43.46","KITCHENER/WATERLOO","6144239","2024-11-15 08:00","2024","11","15","08:00","","5.5","","5.2","","98","","0.0","","9","","11","","4.0","","97.75","","","","","","Fog"
"-80.38","43.46","KITCHENER/WATERLOO","6144239","2024-11-15 09:00","2024","11","15","09:00","","5.9","","5.5","","97","","0.0","","10","","8","","4.0","","97.78","","","","","","Fog"
"-80.38","43.46","KITCHENER/WATERLOO","6144239","2024-11-15 10:00","2024","11","15","10:00","","6.3","","5.6","","95","","0.0","","10","","8","","9.7","","97.80","","","","","","Fog"
"-80.38","43.46","KITCHENER/WATERLOO","6144239","2024-11-15 11:00","2024","11","15","11:00","","6.6","","5.9","","95","","0.0","","9","","8","","4.8","","97.81","","","","","","Fog"
"-80.38","43.46","KITCHENER/WATERLOO","6144239","2024-11-15 12:00","2024","11","15","12:00","","6.8","","6.1","","95","","0.0","","9","","5","","4.8","","97.77","","","","","","Fog"
"-80.38","43.46","KITCHENER/WATERLOO","6144239","2024-11-15 13:00","2024","11","15","13:00","","6.8","","6.2","","96","","0.0","","","M","4","","4.8","","97.77","","","","","","Fog"
"-80.38","43.46","KITCHENER/WATERLOO","6144239","2024-11-15 14:00","2024","11","15","14:00","","6.8","","6.1","","95","","0.0","","","","0","","3.2","","97.78","","","","","","Fog"
"-80.38","43.46","KITCHENER/WATERLOO","6144239","2024-11-15 15:00","2024","11","15","15:00","","6.8","","6.4","","97","","0.2","","","","0","","2.0","","97.77","","","","","","Rain,Fog"
"-80.38","43.46","KITCHENER/WATERLOO","6144239","2024-11-15 16:00","2024","11","15","16:00","","7.1","","6.7","","97","","0.2","","31","","5","","3.2","","97.82","","","","","","Rain,Fog"
"-80.38","43.46","KITCHENER/WATERLOO","6144239","2024-11-15 17:00","2024","11","15","17:00","","7.1","","6.7","","97","","0.0","","29","","8","","4.8","","97.83","","","","","","Fog"
"-80.38","43.46","KITCHENER/WATERLOO","6144239","2024-11-15 18:00","2024","11","15","18:00","","7.2","","6.5","","95","","0.0","","30","","8","","6.4","","97.86","","","","","","Fog"
"-80.38","43.46","KITCHENER/WATERLOO","6144239","2024-11-15 19:00","2024","11","15","19:00","","7.1","","6.3","","94","","0.0","","31","","11","","8.1","","97.88","","","","","","Fog"
"-80.38","43.46","KITCHENER/WATERLOO","6144239","2024-11-15 20:00","2024","11","15","20:00","","6.8","","5.6","","92","","0.0","","31","","13","","16.1","","97.88","","","","","","NA"
"-80.38","43.46","KITCHENER/WATERLOO","6144239","2024-11-15 21:00","2024","11","15","21:00","","5.7","","4.4","","91","","0.0","","31","","15","","16.1","","97.89","","","","","","NA"
"-80.38","43.46","KITCHENER/WATERLOO","6144239","2024-11-15 22:00","2024","11","15","22:00","","6.0","","4.1","","88","","0.0","","33","","18","","16.1","","97.89","","","","","","NA"
"-80.38","43.46","KITCHENER/WATERLOO","6144239","2024-11-15 23:00","2024","11","15","23:00","","5.8","","3.8","","87","","0.0","","33","","13","","16.1","","97.87","","","","","","NA"
"-80.38","43.46","KITCHENER/WATERLOO","6144239","2024-11-16 00:00","2024","11","16","00:00","","5.6","","2.8","","82","","0.0","","32","","17","","16.1","","97.90","","","","","","NA"
"-80.38","43.46","KITCHENER/WATERLOO","6144239","2024-11-16 01:00","2024","11","16","01:00","","5.5","","2.8","","83","","0.0","","31","","15","","16.1","","97.90","","","","","","NA"
"-80.38","43.46","KITCHENER/WATERLOO","6144239","2024-11-16 02:00","2024","11","16","02:00","","5.2","","2.8","","85","","0.0","","32","","13","","16.1","","97.94","","","","","","NA"
"-80.38","43.46","KITCHENER/WATERLOO","6144239","2024-11-16 03:00","2024","11","16","03:00","","3.5","","1.9","","89","","0.0","","30","","9","","16.1","","97.98","","","","","","NA"
"-80.38","43.46","KITCHENER/WATERLOO","6144239","2024-11-16 04:00","2024","11","16","04:00","","2.5","","1.6","","94","","0.0","","29","","8","","16.1","","98.01","","","","","","NA"
"-80.38","43.46","KITCHENER/WATERLOO","6144239","2024-11-16 05:00","2024","11","16","05:00","","2.0","","1.1","","93","","0.0","","30","","9","","16.1","","98.02","","","","","","NA"
"-80.38","43.46","KITCHENER/WATERLOO","6144239","2024-11-16 06:00","2024","11","16","06:00","","2.5","","1.4","","93","","0.0","","30","","9","","16.1","","98.08","","","","","","NA"
"-80.38","43.46","KITCHENER/WATERLOO","6144239","2024-11-16 07:00","2024","11","16","07:00","","3.8","","2.2","","89","","0.0","","30","","9","","16.1","","98.14","","","","","","NA"
"-80.38","43.46","KITCHENER/WATERLOO","6144239","2024-11-16 08:00","2024","11","16","08:00","","4.8","","3.0","","88","","0.0","","30","","9","","16.1","","98.20","","","","","","NA"
"-80.38","43.46","KITCHENER/WATERLOO","6144239","2024-11-16 09:00","2024","11","16","09:00","","5.9","","3.4","","84","","0.0","","31","","11","","16.1","","98.23","","","","","","NA"
"-80.38","43.46","KITCHENER/WATERLOO","6144239","2024-11-16 10:00","2024","11","16","10:00","","6.9","","3.7","","80","","0.0","","32","","13","","16.1","","98.25","","","","","","NA"
"-80.38","43.46","KITCHENER/WATERLOO","6144239","2024-11-16 11:00","2024","11","16","11:00","","7.7","","3.9","","77","","0.0","","33","","17","","16.1","","98.25","","","","","","NA"
"-80.38","43.46","KITCHENER/WATERLOO","6144239","2024-11-16 12:00","2024","11","16","12:00","","7.8","","3.3","","73","","0.0","","32","","22","","16.1","","98.25","","","","","","NA"
"-80.38","43.46","KITCHENER/WATERLOO","6144239","2024-11-16 13:00","2024","11","16","13:00","","8.2","","3.2","","71","","0.0","","33","","22","","16.1","","98.20","","","","","","NA"
"-80.38","43.46","KITCHENER/WATERLOO","6144239","2024-11-16 14:00","2024","11","16","14:00","","8.4","","3.2","","70","","0.0","","32","","17","","16.1","","98.19","","","","","","NA"
"-80.38","43.46","KITCHENER/WATERLOO","6144239","2024-11-16 15:00","2024","11","16","15:00","","8.3","","3.1","","70","","0.0","","34","","17","","16.1","","98.20","","","","","","NA"
"-80.38","43.46","KITCHENER/WATERLOO","6144239","2024-11-16 16:00","2024","11","16","16:00","","7.8","","3.0","","72","","0.0","","32","","8","","16.1","","98.20","","","","","","NA"
"-80.38","43.46","KITCHENER/WATERLOO","6144239","2024-11-16 17:00","2024","11","16","17:00","","7.5","","3.0","","73","","0.0","","32","","8","","16.1","","98.22","","","","","","NA"
"-80.38","43.46","KITCHENER/WATERLOO","6144239","2024-11-16 18:00","2024","11","16","18:00","","7.1","","3.2","","76","","0.0","","","M","4","","16.1","","98.24","","","","","","NA"
"-80.38","43.46","KITCHENER/WATERLOO","6144239","2024-11-16 19:00","2024","11","16","19:00","","6.9","","3.1","","77","","0.0","","","","0","","16.1","","98.25","","","","","","NA"
"-80.38","43.46","KITCHENER/WATERLOO","6144239","2024-11-16 20:00","2024","11","16","20:00","","6.4","","3.9","","84","","0.0","","","","0","","16.1","","98.21","","","","","","NA"
"-80.38","43.46","KITCHENER/WATERLOO","6144239","2024-11-16 21:00","2024","11","16","21:00","","6.5","","3.9","","83","","0.0","","","","0","","16.1","","98.19","","","","","","NA"
"-80.38","43.46","KITCHENER/WATERLOO","6144239","2024-11-16 22:00","2024","11","16","22:00","","6.1","","3.2","","82","","0.0","","29","","4","","16.1","","98.19","","","","","","NA"
"-80.38","43.46","KITCHENER/WATERLOO","6144239","2024-11-16 23:00","2024","11","16","23:00","","6.3","","3.3","","81","","0.0","","","","0","","16.1","","98.16","","","","","","NA"
"-80.38","43.46","KITCHENER/WATERLOO","6144239","2024-11-17 00:00","2024","11","17","00:00","","6.4","","3.0","","79","","0.0","","20","","8","","16.1","","98.19","","","","","","NA"
"-80.38","43.46","KITCHENER/WATERLOO","6144239","2024-11-17 01:00","2024","11","17","01:00","","6.4","","2.7","","77","","0.0","","24","","5","","16.1","","98.21","","","","","","NA"
"-80.38","43.46","KITCHENER/WATERLOO","6144239","2024-11-17 02:00","2024","11","17","02:00","","6.2","","2.4","","77","","0.0","","22","","9","","16.1","","98.15","","","","","","NA"
"-80.38","43.46","KITCHENER/WATERLOO","6144239","2024-11-17 03:00","2024","11","17","03:00","","5.9","","2.4","","78","","0.0","","21","","5","","16.1","","98.18","","","","","","NA"
"-80.38","43.46","KITCHENER/WATERLOO","6144239","2024-11-17 04:00","2024","11","17","04:00","","5.8","","2.6","","80","","0.0","","25","","4","","16.1","","98.13","","","","","","NA"
"-80.38","43.46","KITCHENER/WATERLOO","6144239","2024-11-17 05:00","2024","11","17","05:00","","5.1","","3.0","","86","","0.0","","9","","4","","16.1","","98.10","","","","","","NA"
"-80.38","43.46","KITCHENER/WATERLOO","6144239","2024-11-17 06:00","2024","11","17","06:00","","5.1","","3.1","","87","","0.0","","13","","5","","16.1","","98.07","","","","","","NA"
"-80.38","43.46","KITCHENER/WATERLOO","6144239","2024-11-17 07:00","2024","11","17","07:00","","5.4","","3.1","","85","","0.0","","13","","5","","16.1","","98.04","","","","","","NA"
"-80.38","43.46","KITCHENER/WATERLOO","6144239","2024-11-17 08:00","2024","11","17","08:00","","5.8","","3.2","","83","","0.0","","13","","9","","16.1","","98.03","","","","","","NA"
"-80.38","43.46","KITCHENER/WATERLOO","6144239","2024-11-17 09:00","2024","11","17","09:00","","6.8","","3.5","","79","","0.0","","17","","9","","16.1","","98.00","","","","","","NA"
"-80.38","43.46","KITCHENER/WATERLOO","6144239","2024-11-17 10:00","2024","11","17","10:00","","7.8","","4.4","","79","","0.0","","18","","13","","16.1","","97.95","","","","","","NA"
"-80.38","43.46","KITCHENER/WATERLOO","6144239","2024-11-17 11:00","2024","11","17","11:00","","8.6","","4.4","","75","","0.0","","18","","22","","16.1","","97.87","","","","","","NA"
"-80.38","43.46","KITCHENER/WATERLOO","6144239","2024-11-17 12:00","2024","11","17","12:00","","9.2","","4.5","","72","","0.0","","17","","28","","16.1","","97.66","","","","","","NA"
"-80.38","43.46","KITCHENER/WATERLOO","6144239","2024-11-17 13:00","2024","11","17","13:00","","9.0","","4.8","","75","","0.0","","18","","18","","16.1","","97.64","","","","","","NA"
"-80.38","43.46","KITCHENER/WATERLOO","6144239","2024-11-17 14:00","2024","11","17","14:00","","8.8","","5.0","","77","","0.0","","18","","13","","16.1","","97.62","","","","","","NA"
"-80.38","43.46","KITCHENER/WATERLOO","6144239","2024-11-17 15:00","2024","11","17","15:00","","8.7","","5.1","","78","","0.0","","21","","15","","16.1","","97.60","","","","","","NA"
"-80.38","43.46","KITCHENER/WATERLOO","6144239","2024-11-17 16:00","2024","11","17","16:00","","8.6","","5.3","","79","","0.0","","20","","15","","16.1","","97.55","","","","","","NA"
"-80.38","43.46","KITCHENER/WATERLOO","6144239","2024-11-17 17:00","2024","11","17","17:00","","8.1","","5.4","","83","","0.0","","19","","13","","16.1","","97.52","","","","","","NA"
"-80.38","43.46","KITCHENER/WATERLOO","6144239","2024-11-17 18:00","2024","11","17","18:00","","8.2","","5.5","","83","","0.0","","18","","15","","16.1","","97.53","","","","","","NA"
"-80.38","43.46","KITCHENER/WATERLOO","6144239","2024-11-17 19:00","2024","11","17","19:00","","7.7","","5.7","","87","","0.0","","18","","13","","16.1","","97.44","","","","","","NA"
"-80.38","43.46","KITCHENER/WATERLOO","6144239","2024-11-17 20:00","2024","11","17","20:00","","7.6","","5.8","","88","","0.0","","22","","9","","16.1","","97.48","","","","","","NA"
"-80.38","43.46","KITCHENER/WATERLOO","6144239","2024-11-17 21:00","2024","11","17","21:00","","8.1","","6.6","","90","","0.0","","17","","9","","16.1","","97.41","","","","","","NA"
"-80.38","43.46","KITCHENER/WATERLOO","6144239","2024-11-17 22:00","2024","11","17","22:00","","9.0","","8.1","","94","","0.5","","21","","15","","8.1","","97.43","","","","","","Rain,Fog"
"-80.38","43.46","KITCHENER/WATERLOO","6144239","2024-11-17 23:00","2024","11","17","23:00","","9.6","","8.4","","92","","0.2","","24","","18","","14.5","","97.39","","","","","","NA"
"-80.38","43.46","KITCHENER/WATERLOO","6144239","2024-11-18 00:00","2024","11","18","00:00","","9.8","","8.6","","92","","0.0","","25","","22","","16.1","","97.39","","","","","","NA"
"-80.38","43.46","KITCHENER/WATERLOO","6144239","2024-11-18 01:00","2024","11","18","01:00","","9.5","","8.0","","90","","0.0","","27","","24","","11.3","","97.37","","","","","","NA"
"-80.38","43.46","KITCHENER/WATERLOO","6144239","2024-11-18 02:00","2024","11","18","02:00","","8.4","","7.0","","91","","0.0","","28","","17","","14.5","","97.40","","","","","","NA"
"-80.38","43.46","KITCHENER/WATERLOO","6144239","2024-11-18 03:00","2024","11","18","03:00","","7.6","","6.8","","94","","0.0","","29","","13","","9.7","","97.43","","","","","","Fog"
"-80.38","43.46","KITCHENER/WATERLOO","6144239","2024-11-18 04:00","2024","11","18","04:00","","6.4","","5.8","","96","","0.0","","30","","11","","9.7","","97.45","","","","","","Fog"
"-80.38","43.46","KITCHENER/WATERLOO","6144239","2024-11-18 05:00","2024","11","18","05:00","","5.7","","5.3","","97","","0.0","","29","","13","","6.4","","97.48","","","","","","Fog"
"-80.38","43.46","KITCHENER/WATERLOO","6144239","2024-11-18 06:00","2024","11","18","06:00","","5.2","","4.9","","98","","0.0","","28","","11","","4.8","","97.52","","","","","","Fog"
"-80.38","43.46","KITCHENER/WATERLOO","6144239","2024-11-18 07:00","2024","11","18","07:00","","5.1","","4.8","","98","","0.0","","26","","9","","6.4","","97.58","","","","","","Fog"
"-80.38","43.46","KITCHENER/WATERLOO","6144239","2024-11-18 08:00","2024","11","18","08:00","","4.8","","4.4","","97","","0.0","","28","","9","","6.4","","97.62","","","","","","Fog"
"-80.38","43.46","KITCHENER/WATERLOO","6144239","2024-11-18 09:00","2024","11","18","09:00","","7.8","","6.4","","91","","0.0","","29","","15","","16.1","","97.64","","","","","","NA"
"-80.38","43.46","KITCHENER/WATERLOO","6144239","2024-11-18 10:00","2024","11","18","10:00","","9.2","","6.2","","81","","0.0","","30","","18","","16.1","","97.70","","","","","","NA"
"-80.38","43.46","KITCHENER/WATERLOO","6144239","2024-11-18 11:00","2024","11","18","11:00","","10.1","","5.4","","72","","0.0","","31","","21","","16.1","","97.73","","","","","","NA"
"-80.38","43.46","KITCHENER/WATERLOO","6144239","2024-11-18 12:00","2024","11","18","12:00","","11.1","","4.5","","63","","0.0","","29","","24","","16.1","","97.65","","","","","","NA"
"-80.38","43.46","KITCHENER/WATERLOO","6144239","2024-11-18 13:00","2024","11","18","13:00","","11.0","","4.5","","64","","0.0","","28","","22","","16.1","","97.62","","","","","","NA"
"-80.38","43.46","KITCHENER/WATERLOO","6144239","2024-11-18 14:00","2024","11","18","14:00","","11.7","","3.2","","56","","0.0","","29","","21","","16.1","","97.62","","","","","","NA"
"-80.38","43.46","KITCHENER/WATERLOO","6144239","2024-11-18 15:00","2024","11","18","15:00","","10.9","","1.6","","52","","0.0","","29","","18","","16.1","","97.65","","","","","","NA"
"-80.38","43.46","KITCHENER/WATERLOO","6144239","2024-11-18 16:00","2024","11","18","16:00","","10.7","","1.1","","51","","0.0","","31","","11","","16.1","","97.71","","","","","","NA"
"-80.38","43.46","KITCHENER/WATERLOO","6144239","2024-11-18 17:00","2024","11","18","17:00","","7.1","","0.8","","64","","0.0","","29","","8","","16.1","","97.76","","","","","","NA"
"-80.38","43.46","KITCHENER/WATERLOO","6144239","2024-11-18 18:00","2024","11","18","18:00","","4.2","","1.6","","83","","0.0","","30","","5","","16.1","","97.80","","","","","","NA"
"-80.38","43.46","KITCHENER/WATERLOO","6144239","2024-11-18 19:00","2024","11","18","19:00","","1.7","","0.4","","91","","0.0","","31","","5","","16.1","","97.82","","","","","","NA"
"-80.38","43.46","KITCHENER/WATERLOO","6144239","2024-11-18 20:00","2024","11","18","20:00","","-0.1","","-1.5","","90","","0.0","","","","0","","16.1","","97.81","","","","","","NA"
"-80.38","43.46","KITCHENER/WATERLOO","6144239","2024-11-18 21:00","2024","11","18","21:00","","0.2","","-1.1","","91","","0.0","","26","","5","","16.1","","97.82","","","","","","NA"
"-80.38","43.46","KITCHENER/WATERLOO","6144239","2024-11-18 22:00","2024","11","18","22:00","","-1.5","","-2.0","","96","","0.0","","","M","4","","16.1","","97.80","","","","-3","","NA"
"-80.38","43.46","KITCHENER/WATERLOO","6144239","2024-11-18 23:00","2024","11","18","23:00","","-1.3","","-2.0","","95","","0.0","","","","0","","16.1","","97.78","","","","","","NA"
"-80.38","43.46","KITCHENER/WATERLOO","6144239","2024-11-19 00:00","2024","11","19","00:00","","-3.1","","-3.6","","96","","0.0","","","","0","","9.7","","97.76","","","","","","Fog"
"-80.38","43.46","KITCHENER/WATERLOO","6144239","2024-11-19 01:00","2024","11","19","01:00","","-0.6","","-1.3","","95","","0.0","","","","0","","16.1","","97.77","","","","","","NA"
"-80.38","43.46","KITCHENER/WATERLOO","6144239","2024-11-19 02:00","2024","11","19","02:00","","-0.3","","-0.6","","98","","0.0","","","","0","","8.1","","97.76","","","","","","Fog"
"-80.38","43.46","KITCHENER/WATERLOO","6144239","2024-11-19 03:00","2024","11","19","03:00","","-1.3","","-1.6","","98","","0.0","","","","0","","8.1","","97.71","","","","","","Fog"
"-80.38","43.46","KITCHENER/WATERLOO","6144239","2024-11-19 04:00","2024","11","19","04:00","","1.5","","0.9","","96","","0.0","","8","","11","","9.7","","97.69","","","","","","Fog"
"-80.38","43.46","KITCHENER/WATERLOO","6144239","2024-11-19 05:00","2024","11","19","05:00","","2.0","","1.1","","94","","0.0","","8","","9","","16.1","","97.69","","","","","","NA"
"-80.38","43.46","KITCHENER/WATERLOO","6144239","2024-11-19 06:00","2024","11","19","06:00","","3.6","","2.9","","95","","0.0","","10","","13","","16.1","","97.64","","","","","","NA"
"-80.38","43.46","KITCHENER/WATERLOO","6144239","2024-11-19 07:00","2024","11","19","07:00","","3.6","","3.0","","96","","0.0","","9","","13","","14.5","","97.66","","","","","","NA"
"-80.38","43.46","KITCHENER/WATERLOO","6144239","2024-11-19 08:00","2024","11","19","08:00","","5.0","","4.2","","95","","0.0","","9","","24","","16.1","","97.55","","","","","","NA"
"-80.38","43.46","KITCHENER/WATERLOO","6144239","2024-11-19 09:00","2024","11","19","09:00","","6.1","","4.4","","89","","0.0","","12","","18","","16.1","","97.56","","","","","","NA"
"-80.38","43.46","KITCHENER/WATERLOO","6144239","2024-11-19 10:00","2024","11","19","10:00","","6.9","","4.6","","85","","0.0","","11","","22","","16.1","","97.52","","","","","","NA"
"-80.38","43.46","KITCHENER/WATERLOO","6144239","2024-11-19 11:00","2024","11","19","11:00","","7.7","","4.2","","78","","0.0","","10","","22","","16.1","","97.39","","","","","","Rain"
"-80.38","43.46","KITCHENER/WATERLOO","6144239","2024-11-19 12:00","2024","11","19","12:00","","8.7","","4.4","","74","","0.0","","9","","18","","16.1","","97.30","","","","","","NA"
"-80.38","43.46","KITCHENER/WATERLOO","6144239","2024-11-19 13:00","2024","11","19","13:00","","8.0","","4.7","","80","","0.0","","9","","24","","16.1","","97.24","","","","","","Rain"
"-80.38","43.46","KITCHENER/WATERLOO","6144239","2024-11-19 14:00","2024","11","19","14:00","","7.5","","5.5","","87","","0.2","","8","","28","","16.1","","97.15","","","","","","NA"
"-80.38","43.46","KITCHENER/WATERLOO","6144239","2024-11-19 15:00","2024","11","19","15:00","","7.0","","5.4","","89","","0.2","","9","","30","","16.1","","97.04","","","","","","Rain"
"-80.38","43.46","KITCHENER/WATERLOO","6144239","2024-11-19 16:00","2024","11","19","16:00","","6.8","","5.3","","90","","0.0","","9","","22","","16.1","","97.06","","","","","","NA"
"-80.38","43.46","KITCHENER/WATERLOO","6144239","2024-11-19 17:00","2024","11","19","17:00","","6.8","","5.3","","90","","0.0","","9","","24","","16.1","","97.02","","","","","","NA"
"-80.38","43.46","KITCHENER/WATERLOO","6144239","2024-11-19 18:00","2024","11","19","18:00","","6.8","","5.3","","90","","0.0","","8","","24","","16.1","","97.02","","","","","","Rain"
"-80.38","43.46","KITCHENER/WATERLOO","6144239","2024-11-19 19:00","2024","11","19","19:00","","6.8","","5.3","","90","","0.0","","10","","18","","16.1","","97.02","","","","","","NA"
"-80.38","43.46","KITCHENER/WATERLOO","6144239","2024-11-19 20:00","2024","11","19","20:00","","6.7","","5.7","","93","","0.0","","9","","17","","16.1","","97.04","","","","","","NA"
"-80.38","43.46","KITCHENER/WATERLOO","6144239","2024-11-19 21:00","2024","11","19","21:00","","6.8","","5.8","","93","","0.0","","9","","15","","16.1","","97.03","","","","","","NA"
"-80.38","43.46","KITCHENER/WATERLOO","6144239","2024-11-19 22:00","2024","11","19","22:00","","6.9","","6.0","","94","","0.0","","8","","13","","16.1","","97.00","","","","","","NA"
"-80.38","43.46","KITCHENER/WATERLOO","6144239","2024-11-19 23:00","2024","11","19","23:00","","6.9","","6.2","","95","","0.0","","9","","11","","16.1","","96.96","","","","","","NA"
"-80.38","43.46","KITCHENER/WATERLOO","6144239","2024-11-20 00:00","2024","11","20","00:00","","6.9","","6.5","","97","","0.0","","9","","11","","6.4","","96.97","","","","","","Rain,Fog"
"-80.38","43.46","KITCHENER/WATERLOO","6144239","2024-11-20 01:00","2024","11","20","01:00","","6.8","","6.7","","99","","0.8","","","M","4","","2.0","","96.98","","","","","","Rain,Fog"
"-80.38","43.46","KITCHENER/WATERLOO","6144239","2024-11-20 02:00","2024","11","20","02:00","","6.9","","6.8","","99","","0.0","","6","","5","","4.0","","96.97","","","","","","Fog"
"-80.38","43.46","KITCHENER/WATERLOO","6144239","2024-11-20 03:00","2024","11","20","03:00","","7.0","","6.7","","98","","0.0","","36","","4","","4.0","","97.00","","","","","","Fog"
"-80.38","43.46","KITCHENER/WATERLOO","6144239","2024-11-20 04:00","2024","11","20","04:00","","7.0","","6.7","","98","","0.0","","8","","4","","4.8","","96.98","","","","","","Fog"
"-80.38","43.46","KITCHENER/WATERLOO","6144239","2024-11-20 05:00","2024","11","20","05:00","","6.9","","6.8","","99","","0.0","","","M","4","","1.6","","96.97","","","","","","Fog"
"-80.38","43.46","KITCHENER/WATERLOO","6144239","2024-11-20 06:00","2024","11","20","06:00","","6.8","","6.7","","99","","0.0","","11","","5","","0.8","","96.92","","","","","","Fog"
"-80.38","43.46","KITCHENER/WATERLOO","6144239","2024-11-20 07:00","2024","11","20","07:00","","6.9","","6.8","","99","","0.0","","10","","5","","0.6","","96.91","","","","","","Fog"
"-80.38","43.46","KITCHENER/WATERLOO","6144239","2024-11-20 08:00","2024","11","20","08:00","","7.2","","7.1","","99","","0.0","","10","","8","","0.2","","96.91","","","","","","Fog"
"-80.38","43.46","KITCHENER/WATERLOO","6144239","2024-11-20 09:00","2024","11","20","09:00","","7.7","","7.6","","99","","0.0","","9","","8","","1.6","","96.92","","","","","","Fog"
"-80.38","43.46","KITCHENER/WATERLOO","6144239","2024-11-20 10:00","2024","11","20","10:00","","8.2","","8.1","","99","","0.0","","11","","5","","3.2","","96.88","","","","","","Fog"
"-80.38","43.46","KITCHENER/WATERLOO","6144239","2024-11-20 11:00","2024","11","20","11:00","","8.7","","8.4","","98","","0.0","","11","","11","","8.1","","96.82","","","","","","Fog"
"-80.38","43.46","KITCHENER/WATERLOO","6144239","2024-11-20 12:00","2024","11","20","12:00","","9.2","","8.6","","96","","0.0","","9","","13","","11.3","","96.67","","","","","","NA"
"-80.38","43.46","KITCHENER/WATERLOO","6144239","2024-11-20 13:00","2024","11","20","13:00","","9.0","","8.4","","96","","0.0","","11","","13","","11.3","","96.62","","","","","","NA"
"-80.38","43.46","KITCHENER/WATERLOO","6144239","2024-11-20 14:00","2024","11","20","14:00","","8.7","","8.3","","97","","0.0","","11","","18","","4.8","","96.46","","","","","","Fog"
"-80.38","43.46","KITCHENER/WATERLOO","6144239","2024-11-20 15:00","2024","11","20","15:00","","8.4","","7.8","","96","","0.0","","11","","17","","11.3","","96.46","","","","","","NA"
"-80.38","43.46","KITCHENER/WATERLOO","6144239","2024-11-20 16:00","2024","11","20","16:00","","8.0","","7.6","","97","","0.0","","9","","18","","6.4","","96.39","","","","","","Fog"
"-80.38","43.46","KITCHENER/WATERLOO","6144239","2024-11-20 17:00","2024","11","20","17:00","","7.8","","7.4","","97","","0.0","","8","","24","","12.9","","96.18","","","","","","NA"
"-80.38","43.46","KITCHENER/WATERLOO","6144239","2024-11-20 18:00","2024","11","20","18:00","","7.9","","7.6","","98","","0.0","","9","","17","","4.8","","96.13","","","","","","Fog"
"-80.38","43.46","KITCHENER/WATERLOO","6144239","2024-11-20 19:00","2024","11","20","19:00","","6.8","","5.9","","94","","8.1","","","M","","M","4.8","","96.25","","","","","","Moderate Rain,Fog"
"-80.38","43.46","KITCHENER/WATERLOO","6144239","2024-11-20 20:00","2024","11","20","20:00","","5.4","","4.2","","92","","4.2","","","M","","M","12.9","","96.47","","","","","","Moderate Rain"
"-80.38","43.46","KITCHENER/WATERLOO","6144239","2024-11-20 21:00","2024","11","20","21:00","","4.1","","2.8","","91","","2.2","","","M","","M","16.1","","96.46","","","","","","Rain"
"-80.38","43.46","KITCHENER/WATERLOO","6144239","2024-11-20 22:00","2024","11","20","22:00","","3.5","","2.0","","90","","0.8","","","M","","M","16.1","","96.51","","","","","","Rain"
"-80.38","43.46","KITCHENER/WATERLOO","6144239","2024-11-20 23:00","2024","11","20","23:00","","3.3","","1.5","","88","","0.0","","","M","","M","16.1","","96.57","","","","","","Rain"
"-80.38","43.46","KITCHENER/WATERLOO","6144239","2024-11-21 00:00","2024","11","21","00:00","","2.9","","1.6","","91","","0.0","","","M","","M","16.1","","96.43","","","","","","NA"
"-80.38","43.46","KITCHENER/WATERLOO","6144239","2024-11-21 01:00","2024","11","21","01:00","","2.7","","1.2","","90","","0.0","","","M","","M","16.1","","96.50","","","","","","NA"
"-80.38","43.46","KITCHENER/WATERLOO","6144239","2024-11-21 02:00","2024","11","21","02:00","","1.5","","0.5","","93","","0.0","","","M","","M","16.1","","96.45","","","","","","NA"
"-80.38","43.46","KITCHENER/WATERLOO","6144239","2024-11-21 03:00","2024","11","21","03:00","","0.9","","0.0","","94","","0.0","","","M","","M","16.1","","96.43","","","","","","NA"
"-80.38","43.46","KITCHENER/WATERLOO","6144239","2024-11-21 04:00","2024","11","21","04:00","","0.8","","-0.3","","93","","0.0","","","M","","M","16.1","","96.36","","","","","","NA"
"-80.38","43.46","KITCHENER/WATERLOO","6144239","2024-11-21 05:00","2024","11","21","05:00","","0.8","","-0.4","","92","","0.0","","","M","","M","16.1","","96.35","","","","","","NA"
"-80.38","43.46","KITCHENER/WATERLOO","6144239","2024-11-21 06:00","2024","11","21","06:00","","-1.4","","-1.8","","98","","0.0","","","M","","M","6.4","","96.35","","","","","","Fog"
"-80.38","43.46","KITCHENER/WATERLOO","6144239","2024-11-21 07:00","2024","11","21","07:00","","0.0","","-0.4","","97","","0.0","","","M","","M","4.8","","96.39","","","","","","Fog"
"-80.38","43.46","KITCHENER/WATERLOO","6144239","2024-11-21 08:00","2024","11","21","08:00","","0.3","","-0.1","","97","","0.0","","","M","","M","8.1","","96.37","","","","","","Fog"
"-80.38","43.46","KITCHENER/WATERLOO","6144239","2024-11-21 09:00","2024","11","21","09:00","","1.8","","0.3","","90","","0.0","","","M","","M","16.1","","96.37","","","","","","NA"
"-80.38","43.46","KITCHENER/WATERLOO","6144239","2024-11-21 10:00","2024","11","21","10:00","","2.8","","0.8","","87","","0.0","","","M","","M","16.1","","96.39","","","","","","NA"
"-80.38","43.46","KITCHENER/WATERLOO","6144239","2024-11-21 11:00","2024","11","21","11:00","","2.9","","0.7","","86","","0.0","","","M","","M","16.1","","96.41","","","","","","NA"
"-80.38","43.46","KITCHENER/WATERLOO","6144239","2024-11-21 12:00","2024","11","21","12:00"
"-80.38","43.46","KITCHENER/WATERLOO","6144239","2024-11-21 13:00","2024","11","21","13:00","","4.1","","-1.3","","68","","0.0","","","M","","M","16.1","","96.39","","","","","","NA"
"-80.38","43.46","KITCHENER/WATERLOO","6144239","2024-11-21 14:00","2024","11","21","14:00","","4.0","","-1.3","","68","","0.0","","","M","","M","16.1","","96.40","","","","","","NA"
"-80.38","43.46","KITCHENER/WATERLOO","6144239","2024-11-21 15:00","2024","11","21","15:00","","4.5","","-0.8","","69","","0.0","","","M","","M","16.1","","96.44","","","","","","NA"
"-80.38","43.46","KITCHENER/WATERLOO","6144239","2024-11-21 16:00","2024","11","21","16:00","","4.3","","-1.5","","66","","0.0","","","M","","M","16.1","","96.48","","","","","","NA"
"-80.38","43.46","KITCHENER/WATERLOO","6144239","2024-11-21 17:00","2024","11","21","17:00","","3.5","","-0.9","","73","","0.0","","","M","","M","16.1","","96.52","","","","","","NA"
"-80.38","43.46","KITCHENER/WATERLOO","6144239","2024-11-21 18:00","2024","11","21","18:00","","2.0","","-0.3","","85","","0.0","","","M","","M","16.1","","96.58","","","","","","NA"
"-80.38","43.46","KITCHENER/WATERLOO","6144239","2024-11-21 19:00","2024","11","21","19:00","","1.8","","-0.7","","84","","0.0","","","M","","M","16.1","","96.60","","","","","","NA"
"-80.38","43.46","KITCHENER/WATERLOO","6144239","2024-11-21 20:00","2024","11","21","20:00","","1.7","","-0.2","","87","","0.0","","","M","","M","16.1","","96.63","","","","","","NA"
"-80.38","43.46","KITCHENER/WATERLOO","6144239","2024-11-21 21:00","2024","11","21","21:00","","2.0","","0.1","","87","","0.0","","","M","","M","16.1","","96.63","","","","","","NA"
"-80.38","43.46","KITCHENER/WATERLOO","6144239","2024-11-21 22:00","2024","11","21","22:00","","2.1","","0.2","","87","","0.0","","","M","","M","16.1","","96.62","","","","","","NA"
"-80.38","43.46","KITCHENER/WATERLOO","6144239","2024-11-21 23:00","2024","11","21","23:00","","2.3","","0.4","","87","","0.0","","","M","","M","16.1","","96.58","","","","","","NA"
"-80.38","43.46","KITCHENER/WATERLOO","6144239","2024-11-22 00:00","2024","11","22","00:00","","2.6","","0.3","","85","","0.0","","","M","","M","16.1","","96.55","","","","","","Rain"
"-80.38","43.46","KITCHENER/WATERLOO","6144239","2024-11-22 01:00","2024","11","22","01:00","","2.3","","1.0","","91","","0.0","","","M","","M","16.1","","96.51","","","","","","Rain"
"-80.38","43.46","KITCHENER/WATERLOO","6144239","2024-11-22 02:00","2024","11","22","02:00","","2.6","","1.0","","89","","0.0","","","M","","M","16.1","","96.44","","","","","","Rain"
"-80.38","43.46","KITCHENER/WATERLOO","6144239","2024-11-22 03:00","2024","11","22","03:00","","2.8","","1.3","","90","","0.0","","","M","","M","16.1","","96.36","","","","","","NA"
"-80.38","43.46","KITCHENER/WATERLOO","6144239","2024-11-22 04:00","2024","11","22","04:00","","3.8","","1.7","","86","","0.0","","","M","","M","16.1","","96.33","","","","","","Rain"
"-80.38","43.46","KITCHENER/WATERLOO","6144239","2024-11-22 05:00","2024","11","22","05:00","","4.1","","1.8","","85","","0.0","","","M","","M","16.1","","96.28","","","","","","Rain"
"-80.38","43.46","KITCHENER/WATERLOO","6144239","2024-11-22 06:00","2024","11","22","06:00","","4.2","","2.5","","89","","0.0","","","M","","M","16.1","","96.27","","","","","","Rain"
"-80.38","43.46","KITCHENER/WATERLOO","6144239","2024-11-22 07:00","2024","11","22","07:00","","4.5","","2.9","","89","","0.0","","","M","","M","16.1","","96.27","","","","","","Rain"
"-80.38","43.46","KITCHENER/WATERLOO","6144239","2024-11-22 08:00","2024","11","22","08:00","","4.4","","2.4","","87","","0.2","","","M","","M","16.1","","96.23","","","","","","Rain"
"-80.38","43.46","KITCHENER/WATERLOO","6144239","2024-11-22 09:00","2024","11","22","09:00","","4.6","","2.0","","83","","0.0","","","M","","M","16.1","","96.22","","","","","","NA"
"-80.38","43.46","KITCHENER/WATERLOO","6144239","2024-11-22 10:00","2024","11","22","10:00","","5.3","","2.5","","82","","0.0","","","M","","M","16.1","","96.22","","","","","","NA"
"-80.38","43.46","KITCHENER/WATERLOO","6144239","2024-11-22 11:00","2024","11","22","11:00","","6.1","","3.1","","81","","0.0","","","M","","M","16.1","","96.18","","","","","","NA"
"-80.38","43.46","KITCHENER/WATERLOO","6144239","2024-11-22 12:00","2024","11","22","12:00","","6.5","","3.9","","83","","0.0","","","M","","M","16.1","","96.14","","","","","","NA"
"-80.38","43.46","KITCHENER/WATERLOO","6144239","2024-11-22 13:00","2024","11","22","13:00","","","M","","M","","M","","M","","M","","M","","M","","M","","","","","NA"
"-80.38","43.46","KITCHENER/WATERLOO","6144239","2024-11-22 14:00","2024","11","22","14:00","","6.8","","2.9","","76","","0.0","","","M","","M","16.1","","96.08","","","","","","NA"
"-80.38","43.46","KITCHENER/WATERLOO","6144239","2024-11-22 15:00","2024","11","22","15:00","","6.7","","2.9","","77","","0.0","","","M","","M","16.1","","96.11","","","","","","NA"
"-80.38","43.46","KITCHENER/WATERLOO","6144239","2024-11-22 16:00","2024","11","22","16:00","","6.4","","2.9","","78","","0.0","","","M","","M","16.1","","96.19","","","","","","Rain"
"-80.38","43.46","KITCHENER/WATERLOO","6144239","2024-11-22 17:00","2024","11","22","17:00","","5.4","","4.2","","92","","0.5","","","M","","M","6.4","","96.29","","","","","","Rain,Fog"
"-80.38","43.46","KITCHENER/WATERLOO","6144239","2024-11-22 18:00","2024","11","22","18:00","","5.5","","3.5","","87","","0.0","","","M","","M","16.1","","96.39","","","","","","Rain"
"-80.38","43.46","KITCHENER/WATERLOO","6144239","2024-11-22 19:00","2024","11","22","19:00","","5.1","","3.4","","89","","0.0","","","M","","M","16.1","","96.42","","","","","","NA"
"-80.38","43.46","KITCHENER/WATERLOO","6144239","2024-11-22 20:00","2024","11","22","20:00","","5.1","","3.4","","88","","0.0","","","M","","M","16.1","","96.48","","","","","","NA"
"-80.38","43.46","KITCHENER/WATERLOO","6144239","2024-11-22 21:00","2024","11","22","21:00","","4.3","","2.9","","91","","0.0","","","M","","M","16.1","","96.54","","","","","","NA"
"-80.38","43.46","KITCHENER/WATERLOO","6144239","2024-11-22 22:00","2024","11","22","22:00","","4.9","","3.2","","89","","0.0","","","M","","M","16.1","","96.58","","","","","","NA"
"-80.38","43.46","KITCHENER/WATERLOO","6144239","2024-11-22 23:00","2024","11","22","23:00","","4.9","","3.2","","89","","0.0","","","M","","M","16.1","","96.64","","","","","","NA"
"-80.38","43.46","KITCHENER/WATERLOO","6144239","2024-11-23 00:00","2024","11","23","00:00","","4.6","","3.0","","89","","0.0","","","M","","M","16.1","","96.64","","","","","","NA"
"-80.38","43.46","KITCHENER/WATERLOO","6144239","2024-11-23 01:00","2024","11","23","01:00","","3.6","","2.6","","93","","0.0","","","M","","M","16.1","","96.64","","","","","","NA"
"-80.38","43.46","KITCHENER/WATERLOO","6144239","2024-11-23 02:00","2024","11","23","02:00","","4.2","","3.0","","92","","0.0","","","M","","M","16.1","","96.71","","","","","","NA"
"-80.38","43.46","KITCHENER/WATERLOO","6144239","2024-11-23 03:00","2024","11","23","03:00","","4.5","","3.8","","95","","0.5","","","M","","M","16.1","","96.80","","","","","","Rain"
"-80.38","43.46","KITCHENER/WATERLOO","6144239","2024-11-23 04:00","2024","11","23","04:00","","4.4","","3.7","","95","","0.8","","","M","","M","16.1","","96.82","","","","","","Rain"
"-80.38","43.46","KITCHENER/WATERLOO","6144239","2024-11-23 05:00","2024","11","23","05:00","","3.9","","3.2","","95","","1.0","","","M","","M","16.1","","96.84","","","","","","Rain"
"-80.38","43.46","KITCHENER/WATERLOO","6144239","2024-11-23 06:00","2024","11","23","06:00","","3.9","","3.2","","95","","0.5","","","M","","M","16.1","","96.87","","","","","","Rain"
"-80.38","43.46","KITCHENER/WATERLOO","6144239","2024-11-23 07:00","2024","11","23","07:00","","4.4","","4.1","","98","","0.0","","","M","","M","3.6","","96.91","","","","","","Rain,Fog"
"-80.38","43.46","KITCHENER/WATERLOO","6144239","2024-11-23 08:00","2024","11","23","08:00","","5.0","","4.4","","96","","0.0","","","M","","M","16.1","","96.96","","","","","","Rain"
"-80.38","43.46","KITCHENER/WATERLOO","6144239","2024-11-23 09:00","2024","11","23","09:00","","5.3","","4.9","","97","","0.2","","","M","","M","4.8","","96.98","","","","","","Rain,Fog"
"-80.38","43.46","KITCHENER/WATERLOO","6144239","2024-11-23 10:00","2024","11","23","10:00","","5.6","","4.2","","91","","0.0","","","M","","M","16.1","","97.00","","","","","","NA"
"-80.38","43.46","KITCHENER/WATERLOO","6144239","2024-11-23 11:00","2024","11","23","11:00","","6.5","","4.0","","84","","0.0","","","M","","M","16.1","","97.04","","","","","","NA"
"-80.38","43.46","KITCHENER/WATERLOO","6144239","2024-11-23 12:00","2024","11","23","12:00","","5.9","","3.8","","87","","0.0","","","M","","M","6.4","","97.03","","","","","","Rain,Fog"
"-80.38","43.46","KITCHENER/WATERLOO","6144239","2024-11-23 13:00","2024","11","23","13:00","","6.7","","2.8","","76","","0.0","","","M","","M","16.1","","97.02","","","","","","NA"
"-80.38","43.46","KITCHENER/WATERLOO","6144239","2024-11-23 14:00","2024","11","23","14:00","","6.6","","3.1","","78","","0.0","","","M","","M","16.1","","97.04","","","","","","NA"
"-80.38","43.46","KITCHENER/WATERLOO","6144239","2024-11-23 15:00","2024","11","23","15:00","","6.0","","3.0","","81","","0.2","","","M","","M","16.1","","97.06","","","","","","NA"
"-80.38","43.46","KITCHENER/WATERLOO","6144239","2024-11-23 16:00","2024","11","23","16:00","","5.2","","1.5","","77","","0.0","","","M","","M","16.1","","97.11","","","","","","NA"
"-80.38","43.46","KITCHENER/WATERLOO","6144239","2024-11-23 17:00","2024","11","23","17:00","","4.5","","1.9","","83","","0.0","","","M","","M","16.1","","97.18","","","","","","NA"
"-80.38","43.46","KITCHENER/WATERLOO","6144239","2024-11-23 18:00","2024","11","23","18:00","","4.3","","1.7","","83","","0.0","","","M","","M","16.1","","97.24","","","","","","NA"
"-80.38","43.46","KITCHENER/WATERLOO","6144239","2024-11-23 19:00","2024","11","23","19:00","","4.0","","1.6","","84","","0.0","","","M","","M","16.1","","97.30","","","","","","NA"
"-80.38","43.46","KITCHENER/WATERLOO","6144239","2024-11-23 20:00","2024","11","23","20:00","","4.0","","1.7","","85","","0.0","","","M","","M","16.1","","97.30","","","","","","NA"
"-80.38","43.46","KITCHENER/WATERLOO","6144239","2024-11-23 21:00","2024","11","23","21:00","","3.8","","1.8","","87","","0.0","","","M","","M","16.1","","97.27","","","","","","NA"
"-80.38","43.46","KITCHENER/WATERLOO","6144239","2024-11-23 22:00","2024","11","23","22:00","","3.8","","2.2","","89","","0.0","","","M","","M","16.1","","97.30","","","","","","Rain"
"-80.38","43.46","KITCHENER/WATERLOO","6144239","2024-11-23 23:00","2024","11","23","23:00","","4.0","","1.7","","85","","0.0","","","M","","M","16.1","","97.32","","","","","","NA"
"-80.38","43.46","KITCHENER/WATERLOO","6144239","2024-11-24 00:00","2024","11","24","00:00","","3.3","","1.8","","90","","0.0","","","M","","M","16.1","","97.32","","","","","","Rain"
"-80.38","43.46","KITCHENER/WATERLOO","6144239","2024-11-24 01:00","2024","11","24","01:00","","3.2","","1.4","","88","","0.0","","","M","","M","16.1","","97.32","","","","","","NA"
"-80.38","43.46","KITCHENER/WATERLOO","6144239","2024-11-24 02:00","2024","11","24","02:00","","2.7","","0.3","","84","","0.0","","","M","","M","16.1","","97.32","","","","","","NA"
"-80.38","43.46","KITCHENER/WATERLOO","6144239","2024-11-24 03:00","2024","11","24","03:00","","1.8","","-0.1","","87","","0.0","","","M","","M","16.1","","97.37","","","","","","NA"
"-80.38","43.46","KITCHENER/WATERLOO","6144239","2024-11-24 04:00","2024","11","24","04:00","","1.4","","0.1","","91","","0.0","","","M","","M","16.1","","97.40","","","","","","NA"
"-80.38","43.46","KITCHENER/WATERLOO","6144239","2024-11-24 05:00","2024","11","24","05:00","","2.3","","0.7","","89","","0.0","","","M","","M","16.1","","97.41","","","","","","NA"
"-80.38","43.46","KITCHENER/WATERLOO","6144239","2024-11-24 06:00","2024","11","24","06:00","","2.8","","1.0","","88","","0.0","","","M","","M","16.1","","97.44","","","","","","NA"
"-80.38","43.46","KITCHENER/WATERLOO","6144239","2024-11-24 07:00","2024","11","24","07:00","","2.8","","0.9","","87","","0.0","","","M","","M","16.1","","97.45","","","","","","NA"
"-80.38","43.46","KITCHENER/WATERLOO","6144239","2024-11-24 08:00","2024","11","24","08:00","","2.9","","1.0","","87","","0.0","","","M","","M","16.1","","97.50","","","","","","NA"
"-80.38","43.46","KITCHENER/WATERLOO","6144239","2024-11-24 09:00","2024","11","24","09:00","","3.5","","0.8","","82","","0.0","","","M","","M","16.1","","97.54","","","","","","NA"
"-80.38","43.46","KITCHENER/WATERLOO","6144239","2024-11-24 10:00","2024","11","24","10:00","","3.7","","0.4","","79","","0.0","","","M","","M","16.1","","97.60","","","","","","Rain"
"-80.38","43.46","KITCHENER/WATERLOO","6144239","2024-11-24 11:00","2024","11","24","11:00","","6.0","","0.7","","69","","0.0","","","M","","M","16.1","","97.57","","","","","","NA"
"-80.38","43.46","KITCHENER/WATERLOO","6144239","2024-11-24 12:00","2024","11","24","12:00","","5.6","","-0.2","","66","","0.0","","","M","","M","16.1","","97.55","","","","","","NA"
"-80.38","43.46","KITCHENER/WATERLOO","6144239","2024-11-24 13:00","2024","11","24","13:00","","5.8","","1.0","","71","","0.0","","","M","","M","16.1","","97.53","","","","","","NA"
"-80.38","43.46","KITCHENER/WATERLOO","6144239","2024-11-24 14:00","2024","11","24","14:00","","6.1","","0.3","","67","","0.0","","","M","","M","16.1","","97.53","","","","","","NA"
"-80.38","43.46","KITCHENER/WATERLOO","6144239","2024-11-24 15:00","2024","11","24","15:00","","5.2","","0.7","","73","","0.0","","","M","","M","16.1","","97.59","","","","","","Rain"
"-80.38","43.46","KITCHENER/WATERLOO","6144239","2024-11-24 16:00","2024","11","24","16:00","","4.5","","0.2","","74","","0.0","","","M","","M","16.1","","97.64","","","","","","NA"
"-80.38","43.46","KITCHENER/WATERLOO","6144239","2024-11-24 17:00","2024","11","24","17:00","","3.3","","-0.7","","75","","0.0","","","M","","M","16.1","","97.69","","","","","","NA"
"-80.38","43.46","KITCHENER/WATERLOO","6144239","2024-11-24 18:00","2024","11","24","18:00","","1.4","","-1.5","","81","","0.0","","","M","","M","16.1","","97.76","","","","","","NA"
"-80.38","43.46","KITCHENER/WATERLOO","6144239","2024-11-24 19:00","2024","11","24","19:00","","1.3","","-1.3","","83","","0.0","","","M","","M","16.1","","97.81","","","","","","NA"
"-80.38","43.46","KITCHENER/WATERLOO","6144239","2024-11-24 20:00","2024","11","24","20:00","","-0.9","","-2.8","","87","","0.0","","","M","","M","16.1","","97.86","","","","","","NA"
"-80.38","43.46","KITCHENER/WATERLOO","6144239","2024-11-24 21:00","2024","11","24","21:00","","0.0","","-1.5","","89","","0.0","","","M","","M","16.1","","97.88","","","","","","NA"
"-80.38","43.46","KITCHENER/WATERLOO","6144239","2024-11-24 22:00","2024","11","24","22:00","","-1.7","","-2.4","","95","","0.0","","","M","","M","16.1","","97.92","","","","","","NA"
"-80.38","43.46","KITCHENER/WATERLOO","6144239","2024-11-24 23:00","2024","11","24","23:00","","-4.4","","-5.4","","93","","0.0","","","M","","M","16.1","","97.94","","","","","","NA"
"-80.38","43.46","KITCHENER/WATERLOO","6144239","2024-11-25 00:00","2024","11","25","00:00","","-2.9","","-3.3","","97","","0.0","","","M","","M","16.1","","97.95","","","","","","NA"
"-80.38","43.46","KITCHENER/WATERLOO","6144239","2024-11-25 01:00","2024","11","25","01:00","","-1.3","","-1.9","","96","","0.0","","","M","","M","16.1","","97.91","","","","","","NA"
"-80.38","43.46","KITCHENER/WATERLOO","6144239","2024-11-25 02:00","2024","11","25","02:00","","-1.8","","-2.4","","96","","0.0","","","M","","M","16.1","","97.92","","","","","","NA"
"-80.38","43.46","KITCHENER/WATERLOO","6144239","2024-11-25 03:00","2024","11","25","03:00","","-1.6","","-2.2","","96","","0.0","","","M","","M","16.1","","97.92","","","","","","NA"
"-80.38","43.46","KITCHENER/WATERLOO","6144239","2024-11-25 04:00","2024","11","25","04:00","","-1.4","","-2.0","","96","","0.0","","","M","","M","16.1","","97.94","","","","","","NA"
"-80.38","43.46","KITCHENER/WATERLOO","6144239","2024-11-25 05:00","2024","11","25","05:00","","-0.6","","-1.5","","94","","0.0","","","M","","M","16.1","","97.90","","","","","","NA"
"-80.38","43.46","KITCHENER/WATERLOO","6144239","2024-11-25 06:00","2024","11","25","06:00","","-0.2","","-1.5","","91","","0.0","","","M","","M","16.1","","97.86","","","","","","NA"
"-80.38","43.46","KITCHENER/WATERLOO","6144239","2024-11-25 07:00","2024","11","25","07:00","","0.5","","-1.4","","87","","0.0","","","M","","M","16.1","","97.87","","","","","","NA"
"-80.38","43.46","KITCHENER/WATERLOO","6144239","2024-11-25 08:00","2024","11","25","08:00","","0.6","","-1.3","","87","","0.0","","","M","","M","16.1","","97.87","","","","","","NA"
"-80.38","43.46","KITCHENER/WATERLOO","6144239","2024-11-25 09:00","2024","11","25","09:00","","1.4","","-0.2","","89","","0.0","","","M","","M","16.1","","97.84","","","","","","NA"
"-80.38","43.46","KITCHENER/WATERLOO","6144239","2024-11-25 10:00","2024","11","25","10:00","","2.9","","1.0","","87","","0.0","","","M","","M","16.1","","97.77","","","","","","NA"
"-80.38","43.46","KITCHENER/WATERLOO","6144239","2024-11-25 11:00","2024","11","25","11:00","","4.5","","1.6","","81","","0.0","","","M","","M","16.1","","97.74","","","","","","NA"
"-80.38","43.46","KITCHENER/WATERLOO","6144239","2024-11-25 12:00","2024","11","25","12:00","","4.6","","1.6","","81","","0.0","","","M","","M","16.1","","97.63","","","","","","NA"
"-80.38","43.46","KITCHENER/WATERLOO","6144239","2024-11-25 13:00","2024","11","25","13:00","","5.5","","1.8","","77","","0.0","","","M","","M","16.1","","97.53","","","","","","NA"
"-80.38","43.46","KITCHENER/WATERLOO","6144239","2024-11-25 14:00","2024","11","25","14:00","","5.3","","1.3","","75","","0.0","","","M","","M","16.1","","97.49","","","","","","NA"
"-80.38","43.46","KITCHENER/WATERLOO","6144239","2024-11-25 15:00","2024","11","25","15:00","","3.9","","1.9","","87","","0.2","","","M","","M","16.1","","97.38","","","","","","NA"
"-80.38","43.46","KITCHENER/WATERLOO","6144239","2024-11-25 16:00","2024","11","25","16:00","","3.7","","1.7","","87","","0.0","","","M","","M","16.1","","97.42","","","","","","Rain"
"-80.38","43.46","KITCHENER/WATERLOO","6144239","2024-11-25 17:00","2024","11","25","17:00","","3.4","","1.9","","90","","0.0","","","M","","M","16.1","","97.43","","","","","","Rain"
"-80.38","43.46","KITCHENER/WATERLOO","6144239","2024-11-25 18:00","2024","11","25","18:00","","3.1","","2.2","","94","","0.8","","","M","","M","16.1","","97.41","","","","","","Rain"
"-80.38","43.46","KITCHENER/WATERLOO","6144239","2024-11-25 19:00","2024","11","25","19:00","","3.4","","2.7","","95","","0.0","","","M","","M","16.1","","97.33","","","","","","NA"
"-80.38","43.46","KITCHENER/WATERLOO","6144239","2024-11-25 20:00","2024","11","25","20:00","","3.9","","3.3","","96","","0.2","","","M","","M","12.9","","97.28","","","","","","Rain"
"-80.38","43.46","KITCHENER/WATERLOO","6144239","2024-11-25 21:00","2024","11","25","21:00","","4.2","","3.6","","96","","0.8","","","M","","M","6.4","","97.18","","","","","","Rain,Fog"
"-80.38","43.46","KITCHENER/WATERLOO","6144239","2024-11-25 22:00","2024","11","25","22:00","","4.5","","4.1","","97","","0.8","","","M","","M","11.3","","97.08","","","","","","Rain"
"-80.38","43.46","KITCHENER/WATERLOO","6144239","2024-11-25 23:00","2024","11","25","23:00","","4.7","","4.4","","98","","0.0","","","M","","M","11.3","","97.00","","","","","","Rain"
"-80.38","43.46","KITCHENER/WATERLOO","6144239","2024-11-26 00:00","2024","11","26","00:00","","4.7","","4.5","","98","","0.0","","","M","","M","2.4","","96.92","","","","","","Rain,Fog"
"-80.38","43.46","KITCHENER/WATERLOO","6144239","2024-11-26 01:00","2024","11","26","01:00","","4.8","","4.7","","99","","0.2","","","M","","M","2.0","","96.89","","","","","","Fog"
"-80.38","43.46","KITCHENER/WATERLOO","6144239","2024-11-26 02:00","2024","11","26","02:00","","4.9","","4.8","","99","","0.0","","","M","","M","2.0","","96.84","","","","","","Rain,Fog"
"-80.38","43.46","KITCHENER/WATERLOO","6144239","2024-11-26 03:00","2024","11","26","03:00","","5.8","","5.7","","99","","0.2","","","M","","M","2.8","","96.84","","","","","","Rain,Fog"
"-80.38","43.46","KITCHENER/WATERLOO","6144239","2024-11-26 04:00","2024","11","26","04:00","","6.2","","4.7","","90","","0.0","","","M","","M","16.1","","96.87","","","","","","Rain"
"-80.38","43.46","KITCHENER/WATERLOO","6144239","2024-11-26 05:00","2024","11","26","05:00","","5.7","","3.7","","87","","0.0","","","M","","M","16.1","","96.92","","","","","","Rain"
"-80.38","43.46","KITCHENER/WATERLOO","6144239","2024-11-26 06:00","2024","11","26","06:00","","5.2","","3.4","","88","","0.0","","","M","","M","16.1","","97.00","","","","","","NA"
"-80.38","43.46","KITCHENER/WATERLOO","6144239","2024-11-26 07:00","2024","11","26","07:00","","4.9","","2.8","","86","","0.0","","","M","","M","16.1","","97.06","","","","","","NA"
"-80.38","43.46","KITCHENER/WATERLOO","6144239","2024-11-26 08:00","2024","11","26","08:00","","4.4","","2.8","","89","","0.0","","","M","","M","14.5","","97.14","","","","","","Rain"
"-80.38","43.46","KITCHENER/WATERLOO","6144239","2024-11-26 09:00","2024","11","26","09:00","","4.6","","2.3","","85","","0.0","","","M","","M","16.1","","97.18","","","","","","NA"
"-80.38","43.46","KITCHENER/WATERLOO","6144239","2024-11-26 10:00","2024","11","26","10:00","","4.9","","1.8","","80","","0.0","","","M","","M","16.1","","97.21","","","","","","NA"
"-80.38","43.46","KITCHENER/WATERLOO","6144239","2024-11-26 11:00","2024","11","26","11:00","","5.2","","2.5","","83","","0.2","","","M","","M","16.1","","97.27","","","","","","Rain"
"-80.38","43.46","KITCHENER/WATERLOO","6144239","2024-11-26 12:00","2024","11","26","12:00","","5.0","","1.7","","79","","0.0","","","M","","M","16.1","","97.28","","","","","","NA"
"-80.38","43.46","KITCHENER/WATERLOO","6144239","2024-11-26 13:00","2024","11","26","13:00","","4.6","","0.4","","74","","0.0","","","M","","M","16.1","","97.32","","","","","","NA"
"-80.38","43.46","KITCHENER/WATERLOO","6144239","2024-11-26 14:00","2024","11","26","14:00","","3.3","","0.2","","80","","0.2","","","M","","M","16.1","","97.36","","","","","","NA"
"-80.38","43.46","KITCHENER/WATERLOO","6144239","2024-11-26 15:00","2024","11","26","15:00","","3.6","","-2.1","","67","","0.0","","","M","","M","16.1","","97.38","","","","","","NA"
"-80.38","43.46","KITCHENER/WATERLOO","6144239","2024-11-26 16:00","2024","11","26","16:00","","3.5","","-2.4","","66","","0.0","","","M","","M","16.1","","97.43","","","","","","NA"
"-80.38","43.46","KITCHENER/WATERLOO","6144239","2024-11-26 17:00","2024","11","26","17:00","","2.8","","-2.2","","70","","0.0","","","M","","M","16.1","","97.46","","","","","","NA"
"-80.38","43.46","KITCHENER/WATERLOO","6144239","2024-11-26 18:00","2024","11","26","18:00","","2.2","","-3.2","","68","","0.0","","","M","","M","16.1","","97.49","","","","","","NA"
"-80.38","43.46","KITCHENER/WATERLOO","6144239","2024-11-26 19:00","2024","11","26","19:00","","1.3","","-3.0","","73","","0.0","","","M","","M","16.1","","97.47","","","","","","NA"
"-80.38","43.46","KITCHENER/WATERLOO","6144239","2024-11-26 20:00","2024","11","26","20:00","","1.7","","-3.0","","71","","0.0","","","M","","M","16.1","","97.48","","","","","","NA"
"-80.38","43.46","KITCHENER/WATERLOO","6144239","2024-11-26 21:00","2024","11","26","21:00","","1.8","","-3.9","","66","","0.0","","","M","","M","16.1","","97.44","","","","","","NA"
"-80.38","43.46","KITCHENER/WATERLOO","6144239","2024-11-26 22:00","2024","11","26","22:00","","1.5","","-4.2","","66","","0.0","","","M","","M","16.1","","97.47","","","","","","NA"
"-80.38","43.46","KITCHENER/WATERLOO","6144239","2024-11-26 23:00","2024","11","26","23:00","","1.2","","-5.5","","61","","0.0","","","M","","M","16.1","","97.49","","","","","","NA"
"-80.38","43.46","KITCHENER/WATERLOO","6144239","2024-11-27 00:00","2024","11","27","00:00","","0.8","","-5.3","","64","","0.0","","","M","","M","16.1","","97.53","","","","","","NA"
"-80.38","43.46","KITCHENER/WATERLOO","6144239","2024-11-27 01:00","2024","11","27","01:00","","0.5","","-5.3","","65","","0.0","","","M","","M","16.1","","97.55","","","","","","NA"
"-80.38","43.46","KITCHENER/WATERLOO","6144239","2024-11-27 02:00","2024","11","27","02:00","","0.3","","-6.4","","61","","0.0","","","M","","M","16.1","","97.58","","","","","","NA"
"-80.38","43.46","KITCHENER/WATERLOO","6144239","2024-11-27 03:00","2024","11","27","03:00","","-0.8","","-6.0","","68","","0.0","","","M","","M","16.1","","97.65","","","","","","NA"
"-80.38","43.46","KITCHENER/WATERLOO","6144239","2024-11-27 04:00","2024","11","27","04:00","","-1.7","","-5.7","","74","","0.0","","","M","","M","16.1","","97.61","","","","","","NA"
"-80.38","43.46","KITCHENER/WATERLOO","6144239","2024-11-27 05:00","2024","11","27","05:00","","-2.3","","-5.3","","80","","0.0","","","M","","M","16.1","","97.68","","","","","","NA"
"-80.38","43.46","KITCHENER/WATERLOO","6144239","2024-11-27 06:00","2024","11","27","06:00","","-1.6","","-4.8","","79","","0.0","","","M","","M","16.1","","97.72","","","","","","NA"
"-80.38","43.46","KITCHENER/WATERLOO","6144239","2024-11-27 07:00","2024","11","27","07:00","","-1.2","","-4.4","","79","","0.0","","","M","","M","16.1","","97.71","","","","","","NA"
"-80.38","43.46","KITCHENER/WATERLOO","6144239","2024-11-27 08:00","2024","11","27","08:00","","-2.5","","-4.7","","85","","0.0","","","M","","M","16.1","","97.71","","","","","","NA"
"-80.38","43.46","KITCHENER/WATERLOO","6144239","2024-11-27 09:00","2024","11","27","09:00","","-1.1","","-4.5","","78","","0.0","","","M","","M","16.1","","97.73","","","","","","NA"
"-80.38","43.46","KITCHENER/WATERLOO","6144239","2024-11-27 10:00","2024","11","27","10:00","","-0.2","","-4.4","","73","","0.0","","","M","","M","16.1","","97.71","","","","","","NA"
"-80.38","43.46","KITCHENER/WATERLOO","6144239","2024-11-27 11:00","2024","11","27","11:00","","1.2","","-3.9","","69","","0.0","","","M","","M","16.1","","97.70","","","","","","NA"
"-80.38","43.46","KITCHENER/WATERLOO","6144239","2024-11-27 12:00","2024","11","27","12:00","","1.9","","-4.0","","65","","0.0","","","M","","M","16.1","","97.62","","","","","","NA"
"-80.38","43.46","KITCHENER/WATERLOO","6144239","2024-11-27 13:00","2024","11","27","13:00","","2.5","","-3.8","","63","","0.0","","","M","","M","16.1","","97.57","","","","","","NA"
"-80.38","43.46","KITCHENER/WATERLOO","6144239","2024-11-27 14:00","2024","11","27","14:00","","1.7","","-4.0","","66","","0.0","","","M","","M","16.1","","97.53","","","","","","NA"
"-80.38","43.46","KITCHENER/WATERLOO","6144239","2024-11-27 15:00","2024","11","27","15:00","","2.2","","-3.3","","67","","0.0","","","M","","M","16.1","","97.50","","","","","","NA"
"-80.38","43.46","KITCHENER/WATERLOO","6144239","2024-11-27 16:00","2024","11","27","16:00","","1.3","","-3.6","","70","","0.0","","","M","","M","16.1","","97.45","","","","","","NA"
"-80.38","43.46","KITCHENER/WATERLOO","6144239","2024-11-27 17:00","2024","11","27","17:00","","0.7","","-3.2","","75","","0.0","","","M","","M","16.1","","97.45","","","","","","NA"
"-80.38","43.46","KITCHENER/WATERLOO","6144239","2024-11-27 18:00","2024","11","27","18:00","","-0.2","","-3.2","","80","","0.0","","","M","","M","16.1","","97.43","","","","","","NA"
"-80.38","43.46","KITCHENER/WATERLOO","6144239","2024-11-27 19:00","2024","11","27","19:00","","-0.5","","-2.9","","84","","0.0","","","M","","M","16.1","","97.39","","","","","","NA"
"-80.38","43.46","KITCHENER/WATERLOO","6144239","2024-11-27 20:00","2024","11","27","20:00","","-1.4","","-3.3","","87","","0.0","","","M","","M","16.1","","97.36","","","","","","NA"
"-80.38","43.46","KITCHENER/WATERLOO","6144239","2024-11-27 21:00","2024","11","27","21:00","","-1.1","","-2.8","","88","","0.0","","","M","","M","16.1","","97.31","","","","","","NA"
"-80.38","43.46","KITCHENER/WATERLOO","6144239","2024-11-27 22:00","2024","11","27","22:00","","-1.5","","-2.5","","93","","0.0","","","M","","M","16.1","","97.27","","","","","","NA"
"-80.38","43.46","KITCHENER/WATERLOO","6144239","2024-11-27 23:00","2024","11","27","23:00","","-0.8","","-2.2","","90","","0.0","","","M","","M","16.1","","97.22","","","","","","NA"
"-80.38","43.46","KITCHENER/WATERLOO","6144239","2024-11-28 00:00","2024","11","28","00:00","","-0.9","","-2.5","","89","","0.0","","","M","","M","16.1","","97.18","","","","","","NA"
"-80.38","43.46","KITCHENER/WATERLOO","6144239","2024-11-28 01:00","2024","11","28","01:00","","-0.4","","-1.6","","91","","0.0","","","M","","M","4.8","","97.08","","","","","","Snow"
"-80.38","43.46","KITCHENER/WATERLOO","6144239","2024-11-28 02:00","2024","11","28","02:00","","-0.2","","-1.5","","91","","0.0","","","M","","M","16.1","","97.04","","","","","","NA"
"-80.38","43.46","KITCHENER/WATERLOO","6144239","2024-11-28 03:00","2024","11","28","03:00","","-0.3","","-1.2","","94","","0.0","","","M","","M","4.0","","96.97","","","","","","Snow"
"-80.38","43.46","KITCHENER/WATERLOO","6144239","2024-11-28 04:00","2024","11","28","04:00","","-0.5","","-1.1","","96","","0.0","","","M","","M","3.6","","96.94","","","","","","Snow"
"-80.38","43.46","KITCHENER/WATERLOO","6144239","2024-11-28 05:00","2024","11","28","05:00","","-0.5","","-0.9","","97","","0.2","","","M","","M","2.0","","96.89","","","","","","Snow"
"-80.38","43.46","KITCHENER/WATERLOO","6144239","2024-11-28 06:00","2024","11","28","06:00","","-0.5","","-0.9","","97","","0.0","","","M","","M","3.2","","96.87","","","","","","Snow"
"-80.38","43.46","KITCHENER/WATERLOO","6144239","2024-11-28 07:00","2024","11","28","07:00","","-0.4","","-1.0","","96","","0.0","","","M","","M","4.8","","96.87","","","","","","Snow"
"-80.38","43.46","KITCHENER/WATERLOO","6144239","2024-11-28 08:00","2024","11","28","08:00","","-0.7","","-1.3","","96","","0.0","","","M","","M","6.4","","96.89","","","","","","Fog"
"-80.38","43.46","KITCHENER/WATERLOO","6144239","2024-11-28 09:00","2024","11","28","09:00","","-0.5","","-1.2","","95","","0.0","","","M","","M","8.1","","96.95","","","","","","Fog"
"-80.38","43.46","KITCHENER/WATERLOO","6144239","2024-11-28 10:00","2024","11","28","10:00","","1.5","","-0.8","","85","","0.0","","","M","","M","16.1","","96.94","","","","","","NA"
"-80.38","43.46","KITCHENER/WATERLOO","6144239","2024-11-28 11:00","2024","11","28","11:00","","2.4","","-1.3","","76","","0.0","","","M","","M","16.1","","96.91","","","","","","NA"
"-80.38","43.46","KITCHENER/WATERLOO","6144239","2024-11-28 12:00","2024","11","28","12:00","","3.6","","-1.8","","68","","0.0","","","M","","M","16.1","","96.86","","","","","","NA"
"-80.38","43.46","KITCHENER/WATERLOO","6144239","2024-11-28 13:00","2024","11","28","13:00","","2.4","","-2.8","","69","","0.0","","","M","","M","16.1","","96.89","","","","","","NA"
"-80.38","43.46","KITCHENER/WATERLOO","6144239","2024-11-28 14:00","2024","11","28","14:00","","2.1","","-3.7","","66","","0.0","","","M","","M","16.1","","96.92","","","","","","NA"
"-80.38","43.46","KITCHENER/WATERLOO","6144239","2024-11-28 15:00","2024","11","28","15:00","","1.6","","-3.4","","70","","0.0","","","M","","M","16.1","","97.00","","","","","","NA"
"-80.38","43.46","KITCHENER/WATERLOO","6144239","2024-11-28 16:00","2024","11","28","16:00","","1.6","","-3.9","","67","","0.0","","","M","","M","16.1","","97.04","","","","","","NA"
"-80.38","43.46","KITCHENER/WATERLOO","6144239","2024-11-28 17:00","2024","11","28","17:00","","1.3","","-4.2","","67","","0.0","","","M","","M","16.1","","97.12","","","","","","NA"
"-80.38","43.46","KITCHENER/WATERLOO","6144239","2024-11-28 18:00","2024","11","28","18:00","","0.6","","-3.0","","77","","0.0","","","M","","M","16.1","","97.17","","","","","","NA"
"-80.38","43.46","KITCHENER/WATERLOO","6144239","2024-11-28 19:00","2024","11","28","19:00","","0.9","","-5.2","","64","","0.0","","","M","","M","16.1","","97.16","","","","","","NA"
"-80.38","43.46","KITCHENER/WATERLOO","6144239","2024-11-28 20:00","2024","11","28","20:00","","0.5","","-4.7","","68","","0.0","","","M","","M","16.1","","97.18","","","","","","NA"
"-80.38","43.46","KITCHENER/WATERLOO","6144239","2024-11-28 21:00","2024","11","28","21:00","","0.1","","-4.9","","69","","0.0","","","M","","M","16.1","","97.17","","","","","","NA"
"-80.38","43.46","KITCHENER/WATERLOO","6144239","2024-11-28 22:00","2024","11","28","22:00","","0.1","","-4.6","","71","","0.0","","","M","","M","16.1","","97.18","","","","","","NA"
"-80.38","43.46","KITCHENER/WATERLOO","6144239","2024-11-28 23:00","2024","11","28","23:00","","0.1","","-4.8","","70","","0.0","","","M","","M","16.1","","97.17","","","","","","Rain"
"-80.38","43.46","KITCHENER/WATERLOO","6144239","2024-11-29 00:00","2024","11","29","00:00","","-0.7","","-3.6","","81","","0.0","","","M","","M","16.1","","97.19","","","","","","Snow"
"-80.38","43.46","KITCHENER/WATERLOO","6144239","2024-11-29 01:00","2024","11","29","01:00","","-1.3","","-3.5","","85","","0.2","","","M","","M","16.1","","97.14","","","","","","Snow"
"-80.38","43.46","KITCHENER/WATERLOO","6144239","2024-11-29 02:00","2024","11","29","02:00","","-1.4","","-4.4","","80","","0.0","","","M","","M","16.1","","97.12","","","","","","Snow"
"-80.38","43.46","KITCHENER/WATERLOO","6144239","2024-11-29 03:00","2024","11","29","03:00","","-1.2","","-5.7","","72","","0.0","","","M","","M","16.1","","97.11","","","","","","Snow"
"-80.38","43.46","KITCHENER/WATERLOO","6144239","2024-11-29 04:00","2024","11","29","04:00","","-1.3","","-6.0","","70","","0.0","","","M","","M","16.1","","97.04","","","","","","Snow"
"-80.38","43.46","KITCHENER/WATERLOO","6144239","2024-11-29 05:00","2024","11","29","05:00","","-1.1","","-6.2","","69","","0.0","","","M","","M","16.1","","97.06","","","","","","NA"
"-80.38","43.46","KITCHENER/WATERLOO","6144239","2024-11-29 06:00","2024","11","29","06:00","","-1.5","","-5.2","","76","","0.0","","","M","","M","12.9","","97.08","","","","","","Snow"
"-80.38","43.46","KITCHENER/WATERLOO","6144239","2024-11-29 07:00","2024","11","29","07:00","","-2.3","","-4.8","","83","","0.0","","","M","","M","16.1","","97.09","","","","","","NA"
"-80.38","43.46","KITCHENER/WATERLOO","6144239","2024-11-29 08:00","2024","11","29","08:00","","-2.3","","-4.6","","84","","0.0","","","M","","M","16.1","","97.10","","","","","","Snow"
"-80.38","43.46","KITCHENER/WATERLOO","6144239","2024-11-29 09:00","2024","11","29","09:00","","-2.5","","-5.2","","82","","0.0","","","M","","M","16.1","","97.13","","","","","","NA"
"-80.38","43.46","KITCHENER/WATERLOO","6144239","2024-11-29 10:00","2024","11","29","10:00","","-1.8","","-4.8","","80","","0.0","","","M","","M","16.1","","97.15","","","","","","Snow"
"-80.38","43.46","KITCHENER/WATERLOO","6144239","2024-11-29 11:00","2024","11","29","11:00"
"-80.38","43.46","KITCHENER/WATERLOO","6144239","2024-11-29 12:00","2024","11","29","12:00"
"-80.38","43.46","KITCHENER/WATERLOO","6144239","2024-11-29 13:00","2024","11","29","13:00"
"-80.38","43.46","KITCHENER/WATERLOO","6144239","2024-11-29 14:00","2024","11","29","14:00"
"-80.38","43.46","KITCHENER/WATERLOO","6144239","2024-11-29 15:00","2024","11","29","15:00"
"-80.38","43.46","KITCHENER/WATERLOO","6144239","2024-11-29 16:00","2024","11","29","16:00","","","M","","M","","M","0.0","","","M","","M","16.1","","97.16","","","","","","NA"
"-80.38","43.46","KITCHENER/WATERLOO","6144239","2024-11-29 17:00","2024","11","29","17:00","","-3.0","","-6.0","","80","","0.0","","","M","","M","16.1","","97.21","","","","","","Snow"
"-80.38","43.46","KITCHENER/WATERLOO","6144239","2024-11-29 18:00","2024","11","29","18:00","","-3.0","","-5.7","","82","","0.0","","","M","","M","16.1","","97.24","","","","","","Snow"
"-80.38","43.46","KITCHENER/WATERLOO","6144239","2024-11-29 19:00","2024","11","29","19:00","","-3.4","","-5.3","","87","","0.0","","","M","","M","6.4","","97.26","","","","","","Snow"
"-80.38","43.46","KITCHENER/WATERLOO","6144239","2024-11-29 20:00","2024","11","29","20:00","","-3.5","","-6.0","","83","","0.0","","","M","","M","16.1","","97.27","","","","","","Snow"
"-80.38","43.46","KITCHENER/WATERLOO","6144239","2024-11-29 21:00","2024","11","29","21:00","","-4.0","","-6.4","","84","","0.0","","","M","","M","16.1","","97.29","","","","","","Snow"
"-80.38","43.46","KITCHENER/WATERLOO","6144239","2024-11-29 22:00","2024","11","29","22:00","","-4.1","","-6.1","","86","","0.0","","","M","","M","16.1","","97.30","","","","","","Snow"
"-80.38","43.46","KITCHENER/WATERLOO","6144239","2024-11-29 23:00","2024","11","29","23:00","","-4.2","","-6.4","","85","","0.0","","","M","","M","16.1","","97.31","","","","","","Snow"
"-80.38","43.46","KITCHENER/WATERLOO","6144239","2024-11-30 00:00","2024","11","30","00:00","","-3.3","","-6.3","","80","","0.0","","","M","","M","16.1","","97.31","","","","","","Snow"
"-80.38","43.46","KITCHENER/WATERLOO","6144239","2024-11-30 01:00","2024","11","30","01:00","","-3.4","","-6.5","","79","","0.0","","","M","","M","16.1","","97.30","","","","","","Snow"
"-80.38","43.46","KITCHENER/WATERLOO","6144239","2024-11-30 02:00","2024","11","30","02:00","","-3.8","","-6.5","","82","","0.0","","","M","","M","16.1","","97.33","","","","","","Snow"
"-80.38","43.46","KITCHENER/WATERLOO","6144239","2024-11-30 03:00","2024","11","30","03:00","","-3.8","","-6.2","","83","","0.0","","","M","","M","16.1","","97.36","","","","","","Snow"
"-80.38","43.46","KITCHENER/WATERLOO","6144239","2024-11-30 04:00","2024","11","30","04:00","","-3.7","","-6.2","","83","","0.0","","","M","","M","16.1","","97.35","","","","","","Snow"
"-80.38","43.46","KITCHENER/WATERLOO","6144239","2024-11-30 05:00","2024","11","30","05:00","","-3.7","","-6.3","","82","","0.0","","","M","","M","16.1","","97.37","","","","","","Snow"
"-80.38","43.46","KITCHENER/WATERLOO","6144239","2024-11-30 06:00","2024","11","30","06:00","","-3.7","","-6.5","","81","","0.0","","","M","","M","16.1","","97.39","","","","","","Snow"
"-80.38","43.46","KITCHENER/WATERLOO","6144239","2024-11-30 07:00","2024","11","30","07:00","","-4.1","","-6.9","","81","","0.0","","","M","","M","16.1","","97.43","","","","","","Snow"
"-80.38","43.46","KITCHENER/WATERLOO","6144239","2024-11-30 08:00","2024","11","30","08:00","","-4.1","","-6.7","","82","","0.0","","","M","","M","16.1","","97.44","","","","","","Snow"
"-80.38","43.46","KITCHENER/WATERLOO","6144239","2024-11-30 09:00","2024","11","30","09:00","","-4.1","","-6.5","","83","","0.0","","","M","","M","4.8","","97.48","","","","","","Snow"
"-80.38","43.46","KITCHENER/WATERLOO","6144239","2024-11-30 10:00","2024","11","30","10:00","","-3.9","","-5.9","","86","","0.0","","","M","","M","3.6","","97.51","","","","","","Snow"
"-80.38","43.46","KITCHENER/WATERLOO","6144239","2024-11-30 11:00","2024","11","30","11:00","","-3.0","","-6.2","","79","","0.0","","","M","","M","16.1","","97.50","","","","","","Snow"
"-80.38","43.46","KITCHENER/WATERLOO","6144239","2024-11-30 12:00","2024","11","30","12:00","","-3.2","","-6.7","","77","","0.0","","","M","","M","16.1","","97.46","","","","","","NA"
"-80.38","43.46","KITCHENER/WATERLOO","6144239","2024-11-30 13:00","2024","11","30","13:00","","-2.9","","-7.1","","73","","0.0","","","M","","M","16.1","","97.43","","","","","","Snow"
"-80.38","43.46","KITCHENER/WATERLOO","6144239","2024-11-30 14:00","2024","11","30","14:00","","-3.2","","-7.0","","75","","0.0","","","M","","M","16.1","","97.43","","","","","","Snow"
"-80.38","43.46","KITCHENER/WATERLOO","6144239","2024-11-30 15:00","2024","11","30","15:00","","-3.7","","-7.2","","77","","0.0","","","M","","M","16.1","","97.43","","","","","","Snow"
"-80.38","43.46","KITCHENER/WATERLOO","6144239","2024-11-30 16:00","2024","11","30","16:00","","-3.9","","-7.2","","78","","0.0","","","M","","M","16.1","","97.46","","","","","","Snow"
"-80.38","43.46","KITCHENER/WATERLOO","6144239","2024-11-30 17:00","2024","11","30","17:00","","-4.2","","-7.3","","79","","0.0","","","M","","M","16.1","","97.47","","","","","","Snow"
"-80.38","43.46","KITCHENER/WATERLOO","6144239","2024-11-30 18:00","2024","11","30","18:00","","-4.4","","-7.4","","80","","0.0","","","M","","M","11.3","","97.51","","","","","","Snow"
"-80.38","43.46","KITCHENER/WATERLOO","6144239","2024-11-30 19:00","2024","11","30","19:00","","-4.6","","-7.5","","80","","0.0","","","M","","M","16.1","","97.55","","","","","","Snow"
"-80.38","43.46","KITCHENER/WATERLOO","6144239","2024-11-30 20:00","2024","11","30","20:00","","-4.8","","-8.1","","78","","0.0","","","M","","M","16.1","","97.55","","","","","","Snow"
"-80.38","43.46","KITCHENER/WATERLOO","6144239","2024-11-30 21:00","2024","11","30","21:00","","-5.0","","-8.1","","79","","0.0","","","M","","M","16.1","","97.53","","","","","","NA"
"-80.38","43.46","KITCHENER/WATERLOO","6144239","2024-11-30 22:00","2024","11","30","22:00","","-5.6","","-8.2","","82","","0.0","","","M","","M","16.1","","97.48","","","","","","NA"
"-80.38","43.46","KITCHENER/WATERLOO","6144239","2024-11-30 23:00","2024","11","30","23:00","","-6.0","","-8.4","","83","","0.0","","","M","","M","16.1","","97.49","","","","","","Snow"
