"Longitude (x)","Latitude (y)","Station Name","Climate ID","Date/Time (LST)","Year","Month","Day","Time (LST)","Flag","Temp (°C)","Temp Flag","Dew Point Temp (°C)","Dew Point Temp Flag","Rel Hum (%)","Rel Hum Flag","Precip. Amount (mm)","Precip. Amount Flag","Wind Dir (10s deg)","Wind Dir Flag","Wind Spd (km/h)","Wind Spd Flag","Visibility (km)","Visibility Flag","Stn Press (kPa)","Stn Press Flag","Hmdx","Hmdx Flag","Wind Chill","Wind Chill Flag","Weather"
"-80.38","43.46","KITCHENER/WATERLOO","6144239","2024-03-01 00:00","2024","03","01","00:00","","-6.8","","-10.8","","74","","0.0","","","","0","","16.1","","98.95","","","","","","NA"
"-80.38","43.46","KITCHENER/WATERLOO","6144239","2024-03-01 01:00","2024","03","01","01:00","","-8.8","","-10.6","","87","","0.0","","15","","4","","16.1","","98.96","","","","-11","","NA"
"-80.38","43.46","KITCHENER/WATERLOO","6144239","2024-03-01 02:00","2024","03","01","02:00","","-7.0","","-9.8","","81","","0.0","","14","","4","","16.1","","98.97","","","","-9","","NA"
"-80.38","43.46","KITCHENER/WATERLOO","6144239","2024-03-01 03:00","2024","03","01","03:00","","-5.4","","-8.5","","79","","0.0","","20","","5","","16.1","","98.93","","","","-8","","NA"
"-80.38","43.46","KITCHENER/WATERLOO","6144239","2024-03-01 04:00","2024","03","01","04:00","","-3.7","","-7.0","","78","","0.0","","21","","11","","16.1","","98.92","","","","-8","","NA"
"-80.38","43.46","KITCHENER/WATERLOO","6144239","2024-03-01 05:00","2024","03","01","05:00","","-4.3","","-6.9","","82","","0.0","","","M","4","","16.1","","98.94","","","","-6","","NA"
"-80.38","43.46","KITCHENER/WATERLOO","6144239","2024-03-01 06:00","2024","03","01","06:00","","-4.8","","-7.0","","85","","0.0","","20","","9","","16.1","","98.98","","","","-9","","NA"
"-80.38","43.46","KITCHENER/WATERLOO","6144239","2024-03-01 07:00","2024","03","01","07:00","","-5.2","","-6.5","","91","","0.0","","18","","4","","16.1","","98.99","","","","-7","","NA"
"-80.38","43.46","KITCHENER/WATERLOO","6144239","2024-03-01 08:00","2024","03","01","08:00","","-3.7","","-5.0","","91","","0.0","","18","","9","","16.1","","99.04","","","","-7","","NA"
"-80.38","43.46","KITCHENER/WATERLOO","6144239","2024-03-01 09:00","2024","03","01","09:00","","-0.4","","-3.8","","78","","0.0","","20","","15","","16.1","","99.04","","","","-5","","NA"
"-80.38","43.46","KITCHENER/WATERLOO","6144239","2024-03-01 10:00","2024","03","01","10:00","","1.6","","-3.6","","69","","0.0","","19","","13","","16.1","","99.02","","","","","","NA"
"-80.38","43.46","KITCHENER/WATERLOO","6144239","2024-03-01 11:00","2024","03","01","11:00","","3.9","","-2.9","","61","","0.0","","21","","18","","16.1","","99.00","","","","","","NA"
"-80.38","43.46","KITCHENER/WATERLOO","6144239","2024-03-01 12:00","2024","03","01","12:00","","5.2","","-4.3","","50","","0.0","","20","","18","","16.1","","98.94","","","","","","NA"
"-80.38","43.46","KITCHENER/WATERLOO","6144239","2024-03-01 13:00","2024","03","01","13:00","","6.7","","-5.5","","41","","0.0","","19","","22","","16.1","","98.80","","","","","","NA"
"-80.38","43.46","KITCHENER/WATERLOO","6144239","2024-03-01 14:00","2024","03","01","14:00","","7.7","","-5.5","","39","","0.0","","19","","22","","16.1","","98.73","","","","","","NA"
"-80.38","43.46","KITCHENER/WATERLOO","6144239","2024-03-01 15:00","2024","03","01","15:00","","8.4","","-5.5","","37","","0.0","","15","","15","","16.1","","98.62","","","","","","NA"
"-80.38","43.46","KITCHENER/WATERLOO","6144239","2024-03-01 16:00","2024","03","01","16:00","","8.1","","-5.8","","37","","0.0","","13","","17","","16.1","","98.54","","","","","","NA"
"-80.38","43.46","KITCHENER/WATERLOO","6144239","2024-03-01 17:00","2024","03","01","17:00","","6.6","","-4.6","","45","","0.0","","13","","17","","16.1","","98.56","","","","","","NA"
"-80.38","43.46","KITCHENER/WATERLOO","6144239","2024-03-01 18:00","2024","03","01","18:00","","4.3","","-5.2","","50","","0.0","","13","","15","","16.1","","98.53","","","","","","NA"
"-80.38","43.46","KITCHENER/WATERLOO","6144239","2024-03-01 19:00","2024","03","01","19:00","","3.3","","-4.9","","55","","0.0","","13","","11","","16.1","","98.53","","","","","","NA"
"-80.38","43.46","KITCHENER/WATERLOO","6144239","2024-03-01 20:00","2024","03","01","20:00","","2.4","","-5.3","","57","","0.0","","12","","9","","16.1","","98.50","","","","","","NA"
"-80.38","43.46","KITCHENER/WATERLOO","6144239","2024-03-01 21:00","2024","03","01","21:00","","0.3","","-5.3","","66","","0.0","","14","","5","","16.1","","98.44","","","","","","NA"
"-80.38","43.46","KITCHENER/WATERLOO","6144239","2024-03-01 22:00","2024","03","01","22:00","","-1.3","","-4.8","","77","","0.0","","11","","4","","16.1","","98.41","","","","-3","","NA"
"-80.38","43.46","KITCHENER/WATERLOO","6144239","2024-03-01 23:00","2024","03","01","23:00","","-1.6","","-3.5","","87","","0.0","","","","0","","16.1","","98.39","","","","","","NA"
"-80.38","43.46","KITCHENER/WATERLOO","6144239","2024-03-02 00:00","2024","03","02","00:00","","1.6","","-2.8","","73","","0.0","","16","","5","","16.1","","98.36","","","","","","NA"
"-80.38","43.46","KITCHENER/WATERLOO","6144239","2024-03-02 01:00","2024","03","02","01:00","","2.8","","-3.1","","65","","0.0","","17","","8","","16.1","","98.35","","","","","","NA"
"-80.38","43.46","KITCHENER/WATERLOO","6144239","2024-03-02 02:00","2024","03","02","02:00","","3.9","","-3.9","","57","","0.0","","18","","8","","16.1","","98.33","","","","","","NA"
"-80.38","43.46","KITCHENER/WATERLOO","6144239","2024-03-02 03:00","2024","03","02","03:00","","4.3","","-2.6","","61","","0.0","","16","","15","","16.1","","98.28","","","","","","NA"
"-80.38","43.46","KITCHENER/WATERLOO","6144239","2024-03-02 04:00","2024","03","02","04:00","","3.9","","-1.7","","67","","0.0","","15","","11","","16.1","","98.24","","","","","","NA"
"-80.38","43.46","KITCHENER/WATERLOO","6144239","2024-03-02 05:00","2024","03","02","05:00","","3.7","","0.1","","77","","0.0","","16","","13","","16.1","","98.26","","","","","","NA"
"-80.38","43.46","KITCHENER/WATERLOO","6144239","2024-03-02 06:00","2024","03","02","06:00","","3.0","","1.7","","91","","0.0","","14","","8","","16.1","","98.23","","","","","","NA"
"-80.38","43.46","KITCHENER/WATERLOO","6144239","2024-03-02 07:00","2024","03","02","07:00","","2.8","","2.1","","95","","0.0","","14","","9","","16.1","","98.22","","","","","","NA"
"-80.38","43.46","KITCHENER/WATERLOO","6144239","2024-03-02 08:00","2024","03","02","08:00","","3.0","","2.7","","98","","0.0","","13","","8","","6.4","","98.22","","","","","","Fog"
"-80.38","43.46","KITCHENER/WATERLOO","6144239","2024-03-02 09:00","2024","03","02","09:00","","3.2","","3.1","","99","","0.0","","13","","5","","8.1","","98.24","","","","","","Fog"
"-80.38","43.46","KITCHENER/WATERLOO","6144239","2024-03-02 10:00","2024","03","02","10:00","","3.8","","3.8","","100","","0.0","","13","","9","","0.6","","98.20","","","","","","Fog"
"-80.38","43.46","KITCHENER/WATERLOO","6144239","2024-03-02 11:00","2024","03","02","11:00","","4.5","","4.5","","100","","0.0","","15","","8","","0.8","","98.20","","","","","","Fog"
"-80.38","43.46","KITCHENER/WATERLOO","6144239","2024-03-02 12:00","2024","03","02","12:00","","5.0","","5.0","","100","","0.0","","17","","8","","1.6","","98.21","","","","","","Fog"
"-80.38","43.46","KITCHENER/WATERLOO","6144239","2024-03-02 13:00","2024","03","02","13:00","","5.8","","5.5","","98","","0.0","","18","","9","","16.1","","98.14","","","","","","NA"
"-80.38","43.46","KITCHENER/WATERLOO","6144239","2024-03-02 14:00","2024","03","02","14:00","","6.5","","5.8","","95","","0.0","","18","","11","","16.1","","98.11","","","","","","NA"
"-80.38","43.46","KITCHENER/WATERLOO","6144239","2024-03-02 15:00","2024","03","02","15:00","","6.9","","5.1","","88","","0.0","","19","","11","","16.1","","98.10","","","","","","NA"
"-80.38","43.46","KITCHENER/WATERLOO","6144239","2024-03-02 16:00","2024","03","02","16:00","","7.1","","5.1","","87","","0.0","","20","","11","","16.1","","98.10","","","","","","NA"
"-80.38","43.46","KITCHENER/WATERLOO","6144239","2024-03-02 17:00","2024","03","02","17:00","","6.8","","4.9","","87","","0.0","","23","","9","","16.1","","98.14","","","","","","NA"
"-80.38","43.46","KITCHENER/WATERLOO","6144239","2024-03-02 18:00","2024","03","02","18:00","","6.6","","4.9","","89","","0.0","","21","","5","","16.1","","98.16","","","","","","NA"
"-80.38","43.46","KITCHENER/WATERLOO","6144239","2024-03-02 19:00","2024","03","02","19:00","","6.3","","4.8","","90","","0.0","","","","0","","16.1","","98.19","","","","","","NA"
"-80.38","43.46","KITCHENER/WATERLOO","6144239","2024-03-02 20:00","2024","03","02","20:00","","5.8","","4.2","","90","","0.0","","","","0","","16.1","","98.19","","","","","","NA"
"-80.38","43.46","KITCHENER/WATERLOO","6144239","2024-03-02 21:00","2024","03","02","21:00","","4.9","","4.2","","95","","0.0","","11","","5","","16.1","","98.22","","","","","","NA"
"-80.38","43.46","KITCHENER/WATERLOO","6144239","2024-03-02 22:00","2024","03","02","22:00","","5.0","","4.1","","94","","0.0","","","","0","","16.1","","98.26","","","","","","NA"
"-80.38","43.46","KITCHENER/WATERLOO","6144239","2024-03-02 23:00","2024","03","02","23:00","","4.8","","4.2","","96","","0.0","","6","","4","","16.1","","98.25","","","","","","NA"
"-80.38","43.46","KITCHENER/WATERLOO","6144239","2024-03-03 00:00","2024","03","03","00:00","","4.7","","4.3","","97","","0.0","","11","","5","","16.1","","98.25","","","","","","NA"
"-80.38","43.46","KITCHENER/WATERLOO","6144239","2024-03-03 01:00","2024","03","03","01:00","","4.6","","4.5","","99","","0.0","","","","0","","4.8","","98.30","","","","","","Fog"
"-80.38","43.46","KITCHENER/WATERLOO","6144239","2024-03-03 02:00","2024","03","03","02:00","","4.5","","4.4","","99","","0.0","","13","","5","","4.0","","98.34","","","","","","Fog"
"-80.38","43.46","KITCHENER/WATERLOO","6144239","2024-03-03 03:00","2024","03","03","03:00","","4.3","","4.3","","100","","0.0","","12","","5","","2.8","","98.32","","","","","","Fog"
"-80.38","43.46","KITCHENER/WATERLOO","6144239","2024-03-03 04:00","2024","03","03","04:00","","4.1","","4.1","","100","","0.0","","12","","4","","1.2","","98.36","","","","","","Fog"
"-80.38","43.46","KITCHENER/WATERLOO","6144239","2024-03-03 05:00","2024","03","03","05:00","","3.2","","3.2","","100","","0.0","","","","0","","0.2","","98.38","","","","","","Fog"
"-80.38","43.46","KITCHENER/WATERLOO","6144239","2024-03-03 06:00","2024","03","03","06:00","","3.3","","3.3","","100","","0.0","","","","0","","0.2","","98.43","","","","","","Fog"
"-80.38","43.46","KITCHENER/WATERLOO","6144239","2024-03-03 07:00","2024","03","03","07:00","","3.2","","3.2","","100","","0.0","","8","","8","","0.2","","98.44","","","","","","Fog"
"-80.38","43.46","KITCHENER/WATERLOO","6144239","2024-03-03 08:00","2024","03","03","08:00","","3.8","","3.8","","100","","0.0","","12","","4","","0.4","","98.52","","","","","","Fog"
"-80.38","43.46","KITCHENER/WATERLOO","6144239","2024-03-03 09:00","2024","03","03","09:00","","4.3","","4.3","","100","","0.0","","13","","8","","4.0","","98.51","","","","","","Fog"
"-80.38","43.46","KITCHENER/WATERLOO","6144239","2024-03-03 10:00","2024","03","03","10:00","","6.5","","4.2","","85","","0.0","","16","","11","","16.1","","98.49","","","","","","NA"
"-80.38","43.46","KITCHENER/WATERLOO","6144239","2024-03-03 11:00","2024","03","03","11:00","","7.8","","4.2","","78","","0.0","","17","","9","","16.1","","98.47","","","","","","NA"
"-80.38","43.46","KITCHENER/WATERLOO","6144239","2024-03-03 12:00","2024","03","03","12:00","","9.8","","4.3","","69","","0.0","","16","","13","","16.1","","98.46","","","","","","NA"
"-80.38","43.46","KITCHENER/WATERLOO","6144239","2024-03-03 13:00","2024","03","03","13:00","","10.0","","3.4","","63","","0.0","","14","","18","","16.1","","98.41","","","","","","NA"
"-80.38","43.46","KITCHENER/WATERLOO","6144239","2024-03-03 14:00","2024","03","03","14:00","","9.8","","4.0","","67","","0.0","","13","","17","","16.1","","98.33","","","","","","NA"
"-80.38","43.46","KITCHENER/WATERLOO","6144239","2024-03-03 15:00","2024","03","03","15:00","","9.9","","4.5","","69","","0.0","","11","","13","","16.1","","98.32","","","","","","NA"
"-80.38","43.46","KITCHENER/WATERLOO","6144239","2024-03-03 16:00","2024","03","03","16:00","","9.3","","4.9","","74","","0.0","","11","","18","","16.1","","98.31","","","","","","NA"
"-80.38","43.46","KITCHENER/WATERLOO","6144239","2024-03-03 17:00","2024","03","03","17:00","","7.5","","5.0","","84","","0.0","","11","","21","","16.1","","98.33","","","","","","NA"
"-80.38","43.46","KITCHENER/WATERLOO","6144239","2024-03-03 18:00","2024","03","03","18:00","","6.5","","5.5","","93","","0.0","","10","","17","","14.5","","98.33","","","","","","NA"
"-80.38","43.46","KITCHENER/WATERLOO","6144239","2024-03-03 19:00","2024","03","03","19:00","","6.0","","5.9","","99","","0.0","","9","","24","","9.7","","98.32","","","","","","Fog"
"-80.38","43.46","KITCHENER/WATERLOO","6144239","2024-03-03 20:00","2024","03","03","20:00","","5.6","","5.3","","98","","0.0","","9","","21","","9.7","","98.28","","","","","","Fog"
"-80.38","43.46","KITCHENER/WATERLOO","6144239","2024-03-03 21:00","2024","03","03","21:00","","5.3","","5.0","","98","","0.0","","11","","15","","16.1","","98.32","","","","","","NA"
"-80.38","43.46","KITCHENER/WATERLOO","6144239","2024-03-03 22:00","2024","03","03","22:00","","5.2","","5.2","","100","","0.0","","10","","15","","6.4","","98.27","","","","","","Fog"
"-80.38","43.46","KITCHENER/WATERLOO","6144239","2024-03-03 23:00","2024","03","03","23:00","","5.2","","5.2","","100","","0.0","","10","","15","","4.8","","98.23","","","","","","Fog"
"-80.38","43.46","KITCHENER/WATERLOO","6144239","2024-03-04 00:00","2024","03","04","00:00","","4.4","","4.4","","100","","0.0","","10","","11","","12.9","","98.22","","","","","","NA"
"-80.38","43.46","KITCHENER/WATERLOO","6144239","2024-03-04 01:00","2024","03","04","01:00","","2.5","","2.5","","100","","0.0","","9","","9","","9.7","","98.22","","","","","","Fog"
"-80.38","43.46","KITCHENER/WATERLOO","6144239","2024-03-04 02:00","2024","03","04","02:00","","3.0","","3.0","","100","","0.0","","9","","13","","8.1","","98.21","","","","","","Fog"
"-80.38","43.46","KITCHENER/WATERLOO","6144239","2024-03-04 03:00","2024","03","04","03:00","","3.6","","3.6","","100","","0.0","","10","","11","","1.6","","98.20","","","","","","Fog"
"-80.38","43.46","KITCHENER/WATERLOO","6144239","2024-03-04 04:00","2024","03","04","04:00","","3.3","","3.3","","100","","0.0","","9","","11","","0.8","","98.21","","","","","","Fog"
"-80.38","43.46","KITCHENER/WATERLOO","6144239","2024-03-04 05:00","2024","03","04","05:00","","3.0","","3.0","","100","","0.0","","8","","8","","0.6","","98.24","","","","","","Fog"
"-80.38","43.46","KITCHENER/WATERLOO","6144239","2024-03-04 06:00","2024","03","04","06:00","","2.7","","2.7","","100","","0.0","","10","","8","","0.4","","98.25","","","","","","Fog"
"-80.38","43.46","KITCHENER/WATERLOO","6144239","2024-03-04 07:00","2024","03","04","07:00","","2.2","","2.2","","100","","0.0","","10","","8","","0.2","","98.23","","","","","","Fog"
"-80.38","43.46","KITCHENER/WATERLOO","6144239","2024-03-04 08:00","2024","03","04","08:00","","2.5","","2.5","","100","","0.0","","8","","8","","0.0","","98.26","","","","","","Fog"
"-80.38","43.46","KITCHENER/WATERLOO","6144239","2024-03-04 09:00","2024","03","04","09:00","","4.3","","4.3","","100","","0.0","","12","","11","","0.6","","98.25","","","","","","Fog"
"-80.38","43.46","KITCHENER/WATERLOO","6144239","2024-03-04 10:00","2024","03","04","10:00","","7.3","","7.3","","100","","0.0","","14","","17","","16.1","","98.24","","","","","","NA"
"-80.38","43.46","KITCHENER/WATERLOO","6144239","2024-03-04 11:00","2024","03","04","11:00","","10.3","","7.0","","80","","0.0","","14","","21","","16.1","","98.22","","","","","","NA"
"-80.38","43.46","KITCHENER/WATERLOO","6144239","2024-03-04 12:00","2024","03","04","12:00","","12.7","","7.4","","70","","0.0","","14","","13","","16.1","","98.17","","","","","","NA"
"-80.38","43.46","KITCHENER/WATERLOO","6144239","2024-03-04 13:00","2024","03","04","13:00","","15.3","","8.6","","64","","0.0","","15","","18","","16.1","","98.08","","","","","","NA"
"-80.38","43.46","KITCHENER/WATERLOO","6144239","2024-03-04 14:00","2024","03","04","14:00","","17.4","","9.8","","61","","0.0","","14","","21","","16.1","","97.99","","","","","","NA"
"-80.38","43.46","KITCHENER/WATERLOO","6144239","2024-03-04 15:00","2024","03","04","15:00","","20.5","","10.0","","50","","0.0","","20","","35","","16.1","","97.93","","","","","","NA"
"-80.38","43.46","KITCHENER/WATERLOO","6144239","2024-03-04 16:00","2024","03","04","16:00","","20.1","","9.2","","49","","0.0","","17","","32","","16.1","","97.89","","","","","","NA"
"-80.38","43.46","KITCHENER/WATERLOO","6144239","2024-03-04 17:00","2024","03","04","17:00","","19.8","","7.6","","45","","0.0","","16","","34","","16.1","","97.88","","","","","","NA"
"-80.38","43.46","KITCHENER/WATERLOO","6144239","2024-03-04 18:00","2024","03","04","18:00","","18.1","","6.6","","47","","0.0","","17","","15","","16.1","","97.89","","","","","","NA"
"-80.38","43.46","KITCHENER/WATERLOO","6144239","2024-03-04 19:00","2024","03","04","19:00","","11.6","","7.0","","73","","0.0","","11","","13","","16.1","","97.91","","","","","","NA"
"-80.38","43.46","KITCHENER/WATERLOO","6144239","2024-03-04 20:00","2024","03","04","20:00","","9.3","","6.2","","81","","0.0","","8","","8","","16.1","","97.92","","","","","","NA"
"-80.38","43.46","KITCHENER/WATERLOO","6144239","2024-03-04 21:00","2024","03","04","21:00","","6.8","","5.9","","94","","0.0","","9","","8","","16.1","","97.89","","","","","","NA"
"-80.38","43.46","KITCHENER/WATERLOO","6144239","2024-03-04 22:00","2024","03","04","22:00","","5.4","","4.8","","96","","0.0","","7","","5","","16.1","","97.88","","","","","","NA"
"-80.38","43.46","KITCHENER/WATERLOO","6144239","2024-03-04 23:00","2024","03","04","23:00","","4.2","","4.1","","99","","0.0","","7","","8","","16.1","","97.86","","","","","","NA"
"-80.38","43.46","KITCHENER/WATERLOO","6144239","2024-03-05 00:00","2024","03","05","00:00","","6.5","","6.4","","99","","0.0","","13","","5","","16.1","","97.80","","","","","","NA"
"-80.38","43.46","KITCHENER/WATERLOO","6144239","2024-03-05 01:00","2024","03","05","01:00","","7.4","","5.4","","87","","0.0","","15","","13","","16.1","","97.78","","","","","","NA"
"-80.38","43.46","KITCHENER/WATERLOO","6144239","2024-03-05 02:00","2024","03","05","02:00","","8.9","","5.8","","81","","0.0","","15","","13","","16.1","","97.74","","","","","","NA"
"-80.38","43.46","KITCHENER/WATERLOO","6144239","2024-03-05 03:00","2024","03","05","03:00","","9.5","","6.2","","80","","0.0","","16","","15","","16.1","","97.71","","","","","","NA"
"-80.38","43.46","KITCHENER/WATERLOO","6144239","2024-03-05 04:00","2024","03","05","04:00","","8.2","","5.8","","85","","0.0","","15","","13","","16.1","","97.67","","","","","","NA"
"-80.38","43.46","KITCHENER/WATERLOO","6144239","2024-03-05 05:00","2024","03","05","05:00","","6.8","","5.1","","89","","0.0","","15","","9","","16.1","","97.70","","","","","","NA"
"-80.38","43.46","KITCHENER/WATERLOO","6144239","2024-03-05 06:00","2024","03","05","06:00","","6.4","","4.9","","90","","0.0","","15","","9","","16.1","","97.70","","","","","","NA"
"-80.38","43.46","KITCHENER/WATERLOO","6144239","2024-03-05 07:00","2024","03","05","07:00","","6.3","","5.0","","91","","0.0","","14","","13","","16.1","","97.66","","","","","","NA"
"-80.38","43.46","KITCHENER/WATERLOO","6144239","2024-03-05 08:00","2024","03","05","08:00","","8.9","","6.7","","86","","0.0","","14","","11","","16.1","","97.66","","","","","","NA"
"-80.38","43.46","KITCHENER/WATERLOO","6144239","2024-03-05 09:00","2024","03","05","09:00","","11.3","","6.9","","74","","0.0","","18","","24","","16.1","","97.64","","","","","","NA"
"-80.38","43.46","KITCHENER/WATERLOO","6144239","2024-03-05 10:00","2024","03","05","10:00","","15.4","","8.6","","63","","0.0","","17","","26","","16.1","","97.55","","","","","","NA"
"-80.38","43.46","KITCHENER/WATERLOO","6144239","2024-03-05 11:00","2024","03","05","11:00","","15.7","","8.4","","62","","0.0","","21","","17","","16.1","","97.53","","","","","","NA"
"-80.38","43.46","KITCHENER/WATERLOO","6144239","2024-03-05 12:00","2024","03","05","12:00","","14.7","","10.2","","74","","0.5","","19","","15","","16.1","","97.52","","","","","","NA"
"-80.38","43.46","KITCHENER/WATERLOO","6144239","2024-03-05 13:00","2024","03","05","13:00","","15.0","","9.2","","68","","0.0","","23","","13","","16.1","","97.50","","","","","","NA"
"-80.38","43.46","KITCHENER/WATERLOO","6144239","2024-03-05 14:00","2024","03","05","14:00","","15.0","","8.9","","67","","0.0","","13","","8","","16.1","","97.34","","","","","","NA"
"-80.38","43.46","KITCHENER/WATERLOO","6144239","2024-03-05 15:00","2024","03","05","15:00","","14.8","","9.6","","71","","0.0","","23","","8","","16.1","","97.38","","","","","","NA"
"-80.38","43.46","KITCHENER/WATERLOO","6144239","2024-03-05 16:00","2024","03","05","16:00","","14.0","","10.1","","77","","0.0","","19","","9","","16.1","","97.41","","","","","","Rain"
"-80.38","43.46","KITCHENER/WATERLOO","6144239","2024-03-05 17:00","2024","03","05","17:00","","12.7","","11.2","","91","","0.2","","23","","9","","16.1","","97.43","","","","","","Rain"
"-80.38","43.46","KITCHENER/WATERLOO","6144239","2024-03-05 18:00","2024","03","05","18:00","","12.7","","10.1","","84","","0.0","","31","","5","","16.1","","97.43","","","","","","NA"
"-80.38","43.46","KITCHENER/WATERLOO","6144239","2024-03-05 19:00","2024","03","05","19:00","","11.1","","10.2","","94","","0.0","","30","","5","","16.1","","97.46","","","","","","Rain"
"-80.38","43.46","KITCHENER/WATERLOO","6144239","2024-03-05 20:00","2024","03","05","20:00","","11.5","","11.1","","97","","0.5","","35","","11","","8.1","","97.46","","","","","","Rain,Fog"
"-80.38","43.46","KITCHENER/WATERLOO","6144239","2024-03-05 21:00","2024","03","05","21:00","","11.3","","10.9","","97","","0.0","","34","","9","","12.9","","97.50","","","","","","NA"
"-80.38","43.46","KITCHENER/WATERLOO","6144239","2024-03-05 22:00","2024","03","05","22:00","","9.7","","9.1","","96","","0.0","","32","","9","","16.1","","97.58","","","","","","NA"
"-80.38","43.46","KITCHENER/WATERLOO","6144239","2024-03-05 23:00","2024","03","05","23:00","","8.6","","7.4","","92","","0.0","","35","","13","","16.1","","97.61","","","","","","NA"
"-80.38","43.46","KITCHENER/WATERLOO","6144239","2024-03-06 00:00","2024","03","06","00:00","","7.2","","6.8","","97","","0.0","","36","","11","","16.1","","97.61","","","","","","NA"
"-80.38","43.46","KITCHENER/WATERLOO","6144239","2024-03-06 01:00","2024","03","06","01:00","","6.7","","6.4","","98","","0.0","","34","","11","","16.1","","97.61","","","","","","NA"
"-80.38","43.46","KITCHENER/WATERLOO","6144239","2024-03-06 02:00","2024","03","06","02:00","","6.4","","6.0","","97","","0.0","","34","","8","","16.1","","97.62","","","","","","NA"
"-80.38","43.46","KITCHENER/WATERLOO","6144239","2024-03-06 03:00","2024","03","06","03:00","","6.2","","5.5","","95","","0.0","","35","","8","","16.1","","97.61","","","","","","NA"
"-80.38","43.46","KITCHENER/WATERLOO","6144239","2024-03-06 04:00","2024","03","06","04:00","","6.3","","5.7","","96","","0.0","","1","","8","","16.1","","97.60","","","","","","NA"
"-80.38","43.46","KITCHENER/WATERLOO","6144239","2024-03-06 05:00","2024","03","06","05:00","","6.3","","5.6","","95","","0.0","","35","","8","","16.1","","97.60","","","","","","NA"
"-80.38","43.46","KITCHENER/WATERLOO","6144239","2024-03-06 06:00","2024","03","06","06:00","","6.0","","5.3","","95","","0.0","","4","","8","","16.1","","97.66","","","","","","NA"
"-80.38","43.46","KITCHENER/WATERLOO","6144239","2024-03-06 07:00","2024","03","06","07:00","","5.9","","5.3","","96","","0.0","","36","","9","","16.1","","97.70","","","","","","NA"
"-80.38","43.46","KITCHENER/WATERLOO","6144239","2024-03-06 08:00","2024","03","06","08:00","","5.4","","5.3","","99","","0.0","","35","","9","","3.2","","97.81","","","","","","Fog"
"-80.38","43.46","KITCHENER/WATERLOO","6144239","2024-03-06 09:00","2024","03","06","09:00","","5.5","","5.5","","100","","0.0","","4","","9","","2.4","","97.85","","","","","","Fog"
"-80.38","43.46","KITCHENER/WATERLOO","6144239","2024-03-06 10:00","2024","03","06","10:00","","5.6","","5.5","","99","","0.0","","3","","9","","6.4","","97.86","","","","","","Fog"
"-80.38","43.46","KITCHENER/WATERLOO","6144239","2024-03-06 11:00","2024","03","06","11:00","","6.4","","5.9","","97","","0.0","","2","","11","","16.1","","97.84","","","","","","NA"
"-80.38","43.46","KITCHENER/WATERLOO","6144239","2024-03-06 12:00","2024","03","06","12:00","","7.7","","6.1","","90","","0.0","","3","","11","","16.1","","97.85","","","","","","NA"
"-80.38","43.46","KITCHENER/WATERLOO","6144239","2024-03-06 13:00","2024","03","06","13:00","","8.4","","6.5","","88","","0.0","","36","","13","","16.1","","97.80","","","","","","NA"
"-80.38","43.46","KITCHENER/WATERLOO","6144239","2024-03-06 14:00","2024","03","06","14:00","","8.2","","6.0","","86","","0.0","","3","","15","","16.1","","97.77","","","","","","NA"
"-80.38","43.46","KITCHENER/WATERLOO","6144239","2024-03-06 15:00","2024","03","06","15:00","","8.5","","5.8","","83","","0.0","","2","","11","","16.1","","97.79","","","","","","NA"
"-80.38","43.46","KITCHENER/WATERLOO","6144239","2024-03-06 16:00","2024","03","06","16:00","","7.1","","4.6","","84","","0.0","","1","","22","","16.1","","97.79","","","","","","NA"
"-80.38","43.46","KITCHENER/WATERLOO","6144239","2024-03-06 17:00","2024","03","06","17:00","","5.9","","3.6","","85","","0.0","","2","","21","","16.1","","97.82","","","","","","NA"
"-80.38","43.46","KITCHENER/WATERLOO","6144239","2024-03-06 18:00","2024","03","06","18:00","","4.9","","2.7","","85","","0.0","","3","","18","","16.1","","97.88","","","","","","NA"
"-80.38","43.46","KITCHENER/WATERLOO","6144239","2024-03-06 19:00","2024","03","06","19:00","","4.1","","2.5","","89","","0.0","","1","","18","","16.1","","97.94","","","","","","NA"
"-80.38","43.46","KITCHENER/WATERLOO","6144239","2024-03-06 20:00","2024","03","06","20:00","","3.5","","2.3","","92","","0.0","","2","","18","","16.1","","97.98","","","","","","NA"
"-80.38","43.46","KITCHENER/WATERLOO","6144239","2024-03-06 21:00","2024","03","06","21:00","","3.2","","1.7","","90","","0.0","","3","","18","","16.1","","98.02","","","","","","NA"
"-80.38","43.46","KITCHENER/WATERLOO","6144239","2024-03-06 22:00","2024","03","06","22:00","","2.8","","1.2","","89","","0.0","","3","","24","","16.1","","98.00","","","","","","NA"
"-80.38","43.46","KITCHENER/WATERLOO","6144239","2024-03-06 23:00","2024","03","06","23:00","","2.5","","0.1","","84","","0.0","","4","","18","","16.1","","98.01","","","","","","NA"
"-80.38","43.46","KITCHENER/WATERLOO","6144239","2024-03-07 00:00","2024","03","07","00:00","","2.7","","-0.9","","77","","0.0","","4","","22","","16.1","","98.03","","","","","","NA"
"-80.38","43.46","KITCHENER/WATERLOO","6144239","2024-03-07 01:00","2024","03","07","01:00","","2.9","","-1.7","","72","","0.0","","5","","18","","16.1","","98.03","","","","","","NA"
"-80.38","43.46","KITCHENER/WATERLOO","6144239","2024-03-07 02:00","2024","03","07","02:00","","3.0","","-2.1","","69","","0.0","","4","","13","","16.1","","98.06","","","","","","NA"
"-80.38","43.46","KITCHENER/WATERLOO","6144239","2024-03-07 03:00","2024","03","07","03:00","","2.9","","-2.3","","69","","0.0","","4","","18","","16.1","","98.04","","","","","","NA"
"-80.38","43.46","KITCHENER/WATERLOO","6144239","2024-03-07 04:00","2024","03","07","04:00","","2.8","","-2.5","","68","","0.0","","3","","15","","16.1","","98.07","","","","","","NA"
"-80.38","43.46","KITCHENER/WATERLOO","6144239","2024-03-07 05:00","2024","03","07","05:00","","2.2","","-3.2","","67","","0.0","","3","","11","","16.1","","98.12","","","","","","NA"
"-80.38","43.46","KITCHENER/WATERLOO","6144239","2024-03-07 06:00","2024","03","07","06:00","","1.9","","-3.4","","68","","0.0","","4","","11","","16.1","","98.16","","","","","","NA"
"-80.38","43.46","KITCHENER/WATERLOO","6144239","2024-03-07 07:00","2024","03","07","07:00","","0.7","","-4.2","","70","","0.0","","3","","8","","16.1","","98.22","","","","","","NA"
"-80.38","43.46","KITCHENER/WATERLOO","6144239","2024-03-07 08:00","2024","03","07","08:00","","1.8","","-3.9","","66","","0.0","","4","","17","","16.1","","98.28","","","","","","NA"
"-80.38","43.46","KITCHENER/WATERLOO","6144239","2024-03-07 09:00","2024","03","07","09:00","","3.9","","-3.4","","59","","0.0","","6","","17","","16.1","","98.34","","","","","","NA"
"-80.38","43.46","KITCHENER/WATERLOO","6144239","2024-03-07 10:00","2024","03","07","10:00","","5.7","","-2.7","","55","","0.0","","6","","21","","16.1","","98.34","","","","","","NA"
"-80.38","43.46","KITCHENER/WATERLOO","6144239","2024-03-07 11:00","2024","03","07","11:00","","7.8","","-1.6","","51","","0.0","","7","","24","","16.1","","98.32","","","","","","NA"
"-80.38","43.46","KITCHENER/WATERLOO","6144239","2024-03-07 12:00","2024","03","07","12:00","","8.4","","-2.3","","47","","0.0","","6","","26","","16.1","","98.30","","","","","","NA"
"-80.38","43.46","KITCHENER/WATERLOO","6144239","2024-03-07 13:00","2024","03","07","13:00","","9.6","","-2.0","","44","","0.0","","7","","26","","16.1","","98.23","","","","","","NA"
"-80.38","43.46","KITCHENER/WATERLOO","6144239","2024-03-07 14:00","2024","03","07","14:00","","10.4","","-3.0","","39","","0.0","","6","","28","","16.1","","98.21","","","","","","NA"
"-80.38","43.46","KITCHENER/WATERLOO","6144239","2024-03-07 15:00","2024","03","07","15:00","","10.7","","-3.7","","36","","0.0","","7","","22","","16.1","","98.21","","","","","","NA"
"-80.38","43.46","KITCHENER/WATERLOO","6144239","2024-03-07 16:00","2024","03","07","16:00","","10.6","","-3.5","","37","","0.0","","8","","18","","16.1","","98.24","","","","","","NA"
"-80.38","43.46","KITCHENER/WATERLOO","6144239","2024-03-07 17:00","2024","03","07","17:00","","9.9","","-4.4","","36","","0.0","","10","","21","","16.1","","98.26","","","","","","NA"
"-80.38","43.46","KITCHENER/WATERLOO","6144239","2024-03-07 18:00","2024","03","07","18:00","","7.3","","-5.8","","39","","0.0","","8","","21","","16.1","","98.27","","","","","","NA"
"-80.38","43.46","KITCHENER/WATERLOO","6144239","2024-03-07 19:00","2024","03","07","19:00","","4.6","","-3.4","","56","","0.0","","10","","13","","16.1","","98.31","","","","","","NA"
"-80.38","43.46","KITCHENER/WATERLOO","6144239","2024-03-07 20:00","2024","03","07","20:00","","1.2","","-3.8","","69","","0.0","","9","","11","","16.1","","98.35","","","","","","NA"
"-80.38","43.46","KITCHENER/WATERLOO","6144239","2024-03-07 21:00","2024","03","07","21:00","","0.3","","-3.6","","75","","0.0","","8","","4","","16.1","","98.39","","","","","","NA"
"-80.38","43.46","KITCHENER/WATERLOO","6144239","2024-03-07 22:00","2024","03","07","22:00","","-0.3","","-4.5","","74","","0.0","","8","","15","","16.1","","98.39","","","","-5","","NA"
"-80.38","43.46","KITCHENER/WATERLOO","6144239","2024-03-07 23:00","2024","03","07","23:00","","1.9","","-3.4","","68","","0.0","","10","","11","","16.1","","98.36","","","","","","NA"
"-80.38","43.46","KITCHENER/WATERLOO","6144239","2024-03-08 00:00","2024","03","08","00:00","","1.0","","-3.5","","72","","0.0","","10","","11","","16.1","","98.38","","","","","","NA"
"-80.38","43.46","KITCHENER/WATERLOO","6144239","2024-03-08 01:00","2024","03","08","01:00","","1.1","","-3.4","","72","","0.0","","9","","13","","16.1","","98.40","","","","","","NA"
"-80.38","43.46","KITCHENER/WATERLOO","6144239","2024-03-08 02:00","2024","03","08","02:00","","2.1","","-3.4","","67","","0.0","","10","","13","","16.1","","98.38","","","","","","NA"
"-80.38","43.46","KITCHENER/WATERLOO","6144239","2024-03-08 03:00","2024","03","08","03:00","","1.3","","-3.2","","72","","0.0","","8","","18","","16.1","","98.33","","","","","","NA"
"-80.38","43.46","KITCHENER/WATERLOO","6144239","2024-03-08 04:00","2024","03","08","04:00","","1.4","","-2.9","","73","","0.0","","9","","21","","16.1","","98.28","","","","","","NA"
"-80.38","43.46","KITCHENER/WATERLOO","6144239","2024-03-08 05:00","2024","03","08","05:00","","1.5","","-2.5","","75","","0.0","","9","","18","","16.1","","98.32","","","","","","NA"
"-80.38","43.46","KITCHENER/WATERLOO","6144239","2024-03-08 06:00","2024","03","08","06:00","","1.3","","-1.8","","80","","0.0","","8","","13","","16.1","","98.34","","","","","","NA"
"-80.38","43.46","KITCHENER/WATERLOO","6144239","2024-03-08 07:00","2024","03","08","07:00","","1.1","","-1.3","","84","","0.0","","8","","13","","16.1","","98.34","","","","","","NA"
"-80.38","43.46","KITCHENER/WATERLOO","6144239","2024-03-08 08:00","2024","03","08","08:00","","2.6","","-0.2","","82","","0.0","","9","","17","","16.1","","98.35","","","","","","NA"
"-80.38","43.46","KITCHENER/WATERLOO","6144239","2024-03-08 09:00","2024","03","08","09:00","","3.8","","0.1","","77","","0.0","","10","","11","","16.1","","98.34","","","","","","NA"
"-80.38","43.46","KITCHENER/WATERLOO","6144239","2024-03-08 10:00","2024","03","08","10:00","","6.0","","0.8","","69","","0.0","","8","","18","","16.1","","98.27","","","","","","NA"
"-80.38","43.46","KITCHENER/WATERLOO","6144239","2024-03-08 11:00","2024","03","08","11:00","","8.2","","1.4","","62","","0.0","","10","","15","","16.1","","98.20","","","","","","NA"
"-80.38","43.46","KITCHENER/WATERLOO","6144239","2024-03-08 12:00","2024","03","08","12:00","","10.1","","1.9","","57","","0.0","","8","","21","","16.1","","98.16","","","","","","NA"
"-80.38","43.46","KITCHENER/WATERLOO","6144239","2024-03-08 13:00","2024","03","08","13:00","","11.0","","2.1","","54","","0.0","","8","","24","","16.1","","98.04","","","","","","NA"
"-80.38","43.46","KITCHENER/WATERLOO","6144239","2024-03-08 14:00","2024","03","08","14:00","","11.4","","2.0","","52","","0.0","","11","","18","","16.1","","97.98","","","","","","NA"
"-80.38","43.46","KITCHENER/WATERLOO","6144239","2024-03-08 15:00","2024","03","08","15:00","","10.6","","1.6","","53","","0.0","","9","","22","","16.1","","97.91","","","","","","NA"
"-80.38","43.46","KITCHENER/WATERLOO","6144239","2024-03-08 16:00","2024","03","08","16:00","","9.1","","0.9","","56","","0.0","","8","","21","","16.1","","97.84","","","","","","NA"
"-80.38","43.46","KITCHENER/WATERLOO","6144239","2024-03-08 17:00","2024","03","08","17:00","","7.8","","0.7","","61","","0.0","","10","","17","","16.1","","97.80","","","","","","NA"
"-80.38","43.46","KITCHENER/WATERLOO","6144239","2024-03-08 18:00","2024","03","08","18:00","","6.7","","0.4","","64","","0.0","","8","","17","","16.1","","97.76","","","","","","NA"
"-80.38","43.46","KITCHENER/WATERLOO","6144239","2024-03-08 19:00","2024","03","08","19:00","","6.2","","0.1","","65","","0.0","","9","","18","","16.1","","97.68","","","","","","NA"
"-80.38","43.46","KITCHENER/WATERLOO","6144239","2024-03-08 20:00","2024","03","08","20:00","","6.0","","-0.1","","65","","0.0","","9","","17","","16.1","","97.61","","","","","","Rain"
"-80.38","43.46","KITCHENER/WATERLOO","6144239","2024-03-08 21:00","2024","03","08","21:00","","4.9","","1.2","","77","","0.0","","10","","13","","16.1","","97.55","","","","","","Rain"
"-80.38","43.46","KITCHENER/WATERLOO","6144239","2024-03-08 22:00","2024","03","08","22:00","","4.3","","2.9","","90","","0.8","","10","","11","","9.7","","97.50","","","","","","Rain,Fog"
"-80.38","43.46","KITCHENER/WATERLOO","6144239","2024-03-08 23:00","2024","03","08","23:00","","4.4","","3.5","","94","","1.0","","12","","9","","16.1","","97.43","","","","","","Rain"
"-80.38","43.46","KITCHENER/WATERLOO","6144239","2024-03-09 00:00","2024","03","09","00:00","","5.4","","4.7","","95","","0.5","","13","","11","","16.1","","97.33","","","","","","Rain"
"-80.38","43.46","KITCHENER/WATERLOO","6144239","2024-03-09 01:00","2024","03","09","01:00","","6.5","","5.3","","92","","0.2","","14","","13","","16.1","","97.19","","","","","","NA"
"-80.38","43.46","KITCHENER/WATERLOO","6144239","2024-03-09 02:00","2024","03","09","02:00","","7.0","","5.6","","91","","0.0","","15","","17","","16.1","","97.10","","","","","","Rain"
"-80.38","43.46","KITCHENER/WATERLOO","6144239","2024-03-09 03:00","2024","03","09","03:00","","6.9","","6.6","","98","","1.8","","14","","17","","8.1","","96.98","","","","","","Rain,Fog"
"-80.38","43.46","KITCHENER/WATERLOO","6144239","2024-03-09 04:00","2024","03","09","04:00","","8.1","","7.7","","97","","1.2","","15","","22","","16.1","","96.85","","","","","","Rain"
"-80.38","43.46","KITCHENER/WATERLOO","6144239","2024-03-09 05:00","2024","03","09","05:00","","8.4","","8.0","","97","","3.0","","15","","28","","6.4","","96.72","","","","","","Rain,Fog"
"-80.38","43.46","KITCHENER/WATERLOO","6144239","2024-03-09 06:00","2024","03","09","06:00","","8.3","","7.9","","97","","3.2","","15","","32","","9.7","","96.62","","","","","","Rain,Fog"
"-80.38","43.46","KITCHENER/WATERLOO","6144239","2024-03-09 07:00","2024","03","09","07:00","","8.3","","7.9","","97","","1.8","","16","","28","","16.1","","96.52","","","","","","Rain"
"-80.38","43.46","KITCHENER/WATERLOO","6144239","2024-03-09 08:00","2024","03","09","08:00","","8.3","","8.0","","98","","2.0","","16","","30","","12.9","","96.44","","","","","","Rain"
"-80.38","43.46","KITCHENER/WATERLOO","6144239","2024-03-09 09:00","2024","03","09","09:00","","8.4","","8.1","","98","","4.5","","17","","28","","8.1","","96.40","","","","","","Rain,Fog"
"-80.38","43.46","KITCHENER/WATERLOO","6144239","2024-03-09 10:00","2024","03","09","10:00","","9.2","","9.1","","99","","3.0","","19","","28","","3.6","","96.37","","","","","","Rain,Fog"
"-80.38","43.46","KITCHENER/WATERLOO","6144239","2024-03-09 11:00","2024","03","09","11:00","","10.1","","9.8","","98","","1.0","","19","","22","","11.3","","96.32","","","","","","Rain"
"-80.38","43.46","KITCHENER/WATERLOO","6144239","2024-03-09 12:00","2024","03","09","12:00","","6.8","","5.8","","93","","0.5","","26","","32","","8.1","","96.38","","","","","","Fog"
"-80.38","43.46","KITCHENER/WATERLOO","6144239","2024-03-09 13:00","2024","03","09","13:00","","5.4","","4.7","","95","","0.0","","27","","24","","16.1","","96.40","","","","","","Rain"
"-80.38","43.46","KITCHENER/WATERLOO","6144239","2024-03-09 14:00","2024","03","09","14:00","","5.0","","4.1","","94","","0.0","","26","","26","","16.1","","96.41","","","","","","NA"
"-80.38","43.46","KITCHENER/WATERLOO","6144239","2024-03-09 15:00","2024","03","09","15:00","","4.6","","3.6","","93","","0.0","","28","","26","","16.1","","96.37","","","","","","NA"
"-80.38","43.46","KITCHENER/WATERLOO","6144239","2024-03-09 16:00","2024","03","09","16:00","","4.3","","3.0","","91","","0.0","","27","","18","","16.1","","96.44","","","","","","NA"
"-80.38","43.46","KITCHENER/WATERLOO","6144239","2024-03-09 17:00","2024","03","09","17:00","","3.4","","2.1","","91","","0.0","","29","","32","","16.1","","96.45","","","","","","NA"
"-80.38","43.46","KITCHENER/WATERLOO","6144239","2024-03-09 18:00","2024","03","09","18:00","","3.3","","1.7","","89","","0.0","","29","","26","","16.1","","96.52","","","","","","NA"
"-80.38","43.46","KITCHENER/WATERLOO","6144239","2024-03-09 19:00","2024","03","09","19:00","","3.0","","2.1","","94","","0.2","","29","","13","","12.9","","96.55","","","","","","Rain"
"-80.38","43.46","KITCHENER/WATERLOO","6144239","2024-03-09 20:00","2024","03","09","20:00","","3.0","","2.1","","94","","0.0","","30","","15","","16.1","","96.57","","","","","","Rain"
"-80.38","43.46","KITCHENER/WATERLOO","6144239","2024-03-09 21:00","2024","03","09","21:00","","2.4","","1.5","","94","","0.2","","29","","18","","16.1","","96.49","","","","","","NA"
"-80.38","43.46","KITCHENER/WATERLOO","6144239","2024-03-09 22:00","2024","03","09","22:00","","2.8","","1.2","","89","","0.0","","29","","22","","16.1","","96.47","","","","","","NA"
"-80.38","43.46","KITCHENER/WATERLOO","6144239","2024-03-09 23:00","2024","03","09","23:00","","2.5","","0.7","","88","","0.0","","30","","22","","16.1","","96.44","","","","","","NA"
"-80.38","43.46","KITCHENER/WATERLOO","6144239","2024-03-10 00:00","2024","03","10","00:00","","2.2","","0.4","","88","","0.0","","31","","17","","16.1","","96.43","","","","","","NA"
"-80.38","43.46","KITCHENER/WATERLOO","6144239","2024-03-10 01:00","2024","03","10","01:00","","1.6","","-0.4","","87","","0.0","","29","","21","","16.1","","96.41","","","","","","NA"
"-80.38","43.46","KITCHENER/WATERLOO","6144239","2024-03-10 02:00","2024","03","10","02:00","","1.5","","-0.3","","88","","0.0","","29","","18","","16.1","","96.40","","","","","","NA"
"-80.38","43.46","KITCHENER/WATERLOO","6144239","2024-03-10 03:00","2024","03","10","03:00","","1.3","","-0.3","","89","","0.0","","28","","18","","16.1","","96.34","","","","","","NA"
"-80.38","43.46","KITCHENER/WATERLOO","6144239","2024-03-10 04:00","2024","03","10","04:00","","0.8","","-0.5","","91","","0.0","","28","","18","","16.1","","96.30","","","","","","Rain"
"-80.38","43.46","KITCHENER/WATERLOO","6144239","2024-03-10 05:00","2024","03","10","05:00","","0.2","","-0.8","","93","","0.0","","27","","22","","8.1","","96.29","","","","","","Snow"
"-80.38","43.46","KITCHENER/WATERLOO","6144239","2024-03-10 06:00","2024","03","10","06:00","","-0.4","","-1.8","","90","","0.0","","31","","13","","16.1","","96.29","","","","-5","","Snow"
"-80.38","43.46","KITCHENER/WATERLOO","6144239","2024-03-10 07:00","2024","03","10","07:00","","-1.0","","-2.4","","90","","0.0","","30","","22","","8.1","","96.30","","","","-7","","Snow"
"-80.38","43.46","KITCHENER/WATERLOO","6144239","2024-03-10 08:00","2024","03","10","08:00","","-1.5","","-3.1","","89","","0.0","","30","","21","","8.1","","96.35","","","","-7","","Snow"
"-80.38","43.46","KITCHENER/WATERLOO","6144239","2024-03-10 09:00","2024","03","10","09:00","","-2.4","","-5.1","","82","","0.0","","31","","22","","12.9","","96.39","","","","-9","","Snow"
"-80.38","43.46","KITCHENER/WATERLOO","6144239","2024-03-10 10:00","2024","03","10","10:00","","-2.3","","-5.1","","81","","0.0","","31","","32","","4.8","","96.42","","","","-10","","Snow"
"-80.38","43.46","KITCHENER/WATERLOO","6144239","2024-03-10 11:00","2024","03","10","11:00","","-2.0","","-6.4","","72","","0.0","","32","","28","","14.5","","96.47","","","","-9","","Snow"
"-80.38","43.46","KITCHENER/WATERLOO","6144239","2024-03-10 12:00","2024","03","10","12:00","","-2.8","","-5.7","","81","","0.0","","31","","22","","8.1","","96.53","","","","-9","","Snow"
"-80.38","43.46","KITCHENER/WATERLOO","6144239","2024-03-10 13:00","2024","03","10","13:00","","-2.7","","-6.5","","75","","0.0","","32","","35","","16.1","","96.52","","","","-11","","Snow"
"-80.38","43.46","KITCHENER/WATERLOO","6144239","2024-03-10 14:00","2024","03","10","14:00","","-2.8","","-7.2","","72","","0.0","","32","","37","","16.1","","96.55","","","","-11","","Snow"
"-80.38","43.46","KITCHENER/WATERLOO","6144239","2024-03-10 15:00","2024","03","10","15:00","","-3.2","","-7.0","","75","","0.0","","31","","34","","16.1","","96.61","","","","-11","","Snow"
"-80.38","43.46","KITCHENER/WATERLOO","6144239","2024-03-10 16:00","2024","03","10","16:00","","-3.2","","-6.7","","77","","0.0","","32","","30","","16.1","","96.67","","","","-11","","Snow"
"-80.38","43.46","KITCHENER/WATERLOO","6144239","2024-03-10 17:00","2024","03","10","17:00","","-2.8","","-5.6","","81","","0.0","","30","","34","","12.9","","96.79","","","","-11","","Snow"
"-80.38","43.46","KITCHENER/WATERLOO","6144239","2024-03-10 18:00","2024","03","10","18:00","","-2.3","","-4.3","","86","","0.0","","30","","30","","9.7","","96.86","","","","-9","","Snow"
"-80.38","43.46","KITCHENER/WATERLOO","6144239","2024-03-10 19:00","2024","03","10","19:00","","-1.8","","-3.7","","87","","0.0","","30","","34","","9.7","","96.95","","","","-9","","Snow"
"-80.38","43.46","KITCHENER/WATERLOO","6144239","2024-03-10 20:00","2024","03","10","20:00","","-1.6","","-3.8","","85","","0.0","","30","","26","","16.1","","97.05","","","","-8","","Snow"
"-80.38","43.46","KITCHENER/WATERLOO","6144239","2024-03-10 21:00","2024","03","10","21:00","","-0.7","","-5.0","","73","","0.0","","31","","28","","16.1","","97.12","","","","-7","","Snow"
"-80.38","43.46","KITCHENER/WATERLOO","6144239","2024-03-10 22:00","2024","03","10","22:00","","-0.7","","-2.7","","86","","0.0","","29","","22","","16.1","","97.18","","","","-6","","Snow"
"-80.38","43.46","KITCHENER/WATERLOO","6144239","2024-03-10 23:00","2024","03","10","23:00","","-0.2","","-4.1","","75","","0.0","","30","","28","","16.1","","97.24","","","","-7","","NA"
"-80.38","43.46","KITCHENER/WATERLOO","6144239","2024-03-11 00:00","2024","03","11","00:00","","-0.6","","-4.7","","74","","0.0","","31","","26","","16.1","","97.30","","","","-7","","NA"
"-80.38","43.46","KITCHENER/WATERLOO","6144239","2024-03-11 01:00","2024","03","11","01:00","","-1.1","","-5.0","","75","","0.0","","30","","24","","16.1","","97.35","","","","-7","","NA"
"-80.38","43.46","KITCHENER/WATERLOO","6144239","2024-03-11 02:00","2024","03","11","02:00","","-0.7","","-5.1","","72","","0.0","","31","","28","","16.1","","97.36","","","","-7","","NA"
"-80.38","43.46","KITCHENER/WATERLOO","6144239","2024-03-11 03:00","2024","03","11","03:00","","-1.0","","-5.5","","71","","0.0","","30","","24","","16.1","","97.37","","","","-7","","NA"
"-80.38","43.46","KITCHENER/WATERLOO","6144239","2024-03-11 04:00","2024","03","11","04:00","","-1.2","","-5.6","","72","","0.0","","31","","28","","16.1","","97.44","","","","-8","","NA"
"-80.38","43.46","KITCHENER/WATERLOO","6144239","2024-03-11 05:00","2024","03","11","05:00","","-1.7","","-6.1","","72","","0.0","","31","","18","","16.1","","97.52","","","","-7","","NA"
"-80.38","43.46","KITCHENER/WATERLOO","6144239","2024-03-11 06:00","2024","03","11","06:00","","-2.6","","-6.4","","75","","0.0","","30","","17","","16.1","","97.61","","","","-8","","NA"
"-80.38","43.46","KITCHENER/WATERLOO","6144239","2024-03-11 07:00","2024","03","11","07:00","","-2.4","","-5.7","","78","","0.0","","29","","18","","16.1","","97.68","","","","-8","","NA"
"-80.38","43.46","KITCHENER/WATERLOO","6144239","2024-03-11 08:00","2024","03","11","08:00","","-0.9","","-3.6","","82","","0.0","","29","","18","","16.1","","97.76","","","","-6","","NA"
"-80.38","43.46","KITCHENER/WATERLOO","6144239","2024-03-11 09:00","2024","03","11","09:00","","0.4","","-3.4","","76","","0.0","","29","","28","","16.1","","97.83","","","","","","NA"
"-80.38","43.46","KITCHENER/WATERLOO","6144239","2024-03-11 10:00","2024","03","11","10:00","","1.8","","-2.6","","72","","0.0","","29","","26","","16.1","","97.85","","","","","","NA"
"-80.38","43.46","KITCHENER/WATERLOO","6144239","2024-03-11 11:00","2024","03","11","11:00","","2.1","","-3.1","","68","","0.0","","28","","28","","16.1","","97.85","","","","","","NA"
"-80.38","43.46","KITCHENER/WATERLOO","6144239","2024-03-11 12:00","2024","03","11","12:00","","3.8","","-3.4","","59","","0.0","","27","","26","","16.1","","97.81","","","","","","NA"
"-80.38","43.46","KITCHENER/WATERLOO","6144239","2024-03-11 13:00","2024","03","11","13:00","","4.4","","-5.3","","50","","0.0","","28","","32","","16.1","","97.76","","","","","","NA"
"-80.38","43.46","KITCHENER/WATERLOO","6144239","2024-03-11 14:00","2024","03","11","14:00","","5.9","","-5.2","","45","","0.0","","27","","32","","16.1","","97.68","","","","","","NA"
"-80.38","43.46","KITCHENER/WATERLOO","6144239","2024-03-11 15:00","2024","03","11","15:00","","6.4","","-5.3","","43","","0.0","","28","","32","","16.1","","97.63","","","","","","NA"
"-80.38","43.46","KITCHENER/WATERLOO","6144239","2024-03-11 16:00","2024","03","11","16:00","","6.5","","-6.8","","38","","0.0","","28","","28","","16.1","","97.60","","","","","","NA"
"-80.38","43.46","KITCHENER/WATERLOO","6144239","2024-03-11 17:00","2024","03","11","17:00","","6.7","","-5.5","","41","","0.0","","25","","18","","16.1","","97.52","","","","","","NA"
"-80.38","43.46","KITCHENER/WATERLOO","6144239","2024-03-11 18:00","2024","03","11","18:00","","5.9","","-4.0","","49","","0.0","","22","","15","","16.1","","97.43","","","","","","NA"
"-80.38","43.46","KITCHENER/WATERLOO","6144239","2024-03-11 19:00","2024","03","11","19:00","","4.6","","-2.5","","60","","0.0","","19","","13","","16.1","","97.39","","","","","","NA"
"-80.38","43.46","KITCHENER/WATERLOO","6144239","2024-03-11 20:00","2024","03","11","20:00","","3.4","","-1.6","","70","","0.0","","21","","8","","16.1","","97.43","","","","","","NA"
"-80.38","43.46","KITCHENER/WATERLOO","6144239","2024-03-11 21:00","2024","03","11","21:00","","3.1","","-1.5","","72","","0.0","","21","","13","","16.1","","97.40","","","","","","NA"
"-80.38","43.46","KITCHENER/WATERLOO","6144239","2024-03-11 22:00","2024","03","11","22:00","","2.7","","-1.9","","72","","0.0","","21","","11","","16.1","","97.33","","","","","","NA"
"-80.38","43.46","KITCHENER/WATERLOO","6144239","2024-03-11 23:00","2024","03","11","23:00","","3.5","","-0.9","","73","","0.0","","23","","15","","16.1","","97.27","","","","","","NA"
"-80.38","43.46","KITCHENER/WATERLOO","6144239","2024-03-12 00:00","2024","03","12","00:00","","2.7","","-1.1","","76","","0.0","","24","","8","","16.1","","97.22","","","","","","NA"
"-80.38","43.46","KITCHENER/WATERLOO","6144239","2024-03-12 01:00","2024","03","12","01:00","","0.9","","-1.7","","83","","0.0","","24","","5","","16.1","","97.18","","","","","","NA"
"-80.38","43.46","KITCHENER/WATERLOO","6144239","2024-03-12 02:00","2024","03","12","02:00","","2.1","","-0.8","","81","","0.0","","24","","11","","16.1","","97.14","","","","","","NA"
"-80.38","43.46","KITCHENER/WATERLOO","6144239","2024-03-12 03:00","2024","03","12","03:00","","1.5","","-0.6","","86","","0.0","","27","","8","","16.1","","97.13","","","","","","NA"
"-80.38","43.46","KITCHENER/WATERLOO","6144239","2024-03-12 04:00","2024","03","12","04:00","","3.6","","0.1","","78","","0.0","","27","","15","","16.1","","97.17","","","","","","NA"
"-80.38","43.46","KITCHENER/WATERLOO","6144239","2024-03-12 05:00","2024","03","12","05:00","","2.3","","-0.2","","83","","0.0","","29","","9","","16.1","","97.21","","","","","","NA"
"-80.38","43.46","KITCHENER/WATERLOO","6144239","2024-03-12 06:00","2024","03","12","06:00","","2.0","","-0.3","","85","","0.0","","33","","8","","16.1","","97.26","","","","","","NA"
"-80.38","43.46","KITCHENER/WATERLOO","6144239","2024-03-12 07:00","2024","03","12","07:00","","-0.5","","-1.4","","94","","0.0","","30","","8","","16.1","","97.31","","","","-3","","NA"
"-80.38","43.46","KITCHENER/WATERLOO","6144239","2024-03-12 08:00","2024","03","12","08:00","","2.0","","0.8","","92","","0.0","","21","","5","","16.1","","97.37","","","","","","NA"
"-80.38","43.46","KITCHENER/WATERLOO","6144239","2024-03-12 09:00","2024","03","12","09:00","","5.5","","1.3","","75","","0.0","","22","","5","","16.1","","97.40","","","","","","NA"
"-80.38","43.46","KITCHENER/WATERLOO","6144239","2024-03-12 10:00","2024","03","12","10:00","","8.5","","-0.1","","55","","0.0","","25","","8","","16.1","","97.37","","","","","","NA"
"-80.38","43.46","KITCHENER/WATERLOO","6144239","2024-03-12 11:00","2024","03","12","11:00","","10.7","","0.2","","48","","0.0","","24","","8","","16.1","","97.35","","","","","","NA"
"-80.38","43.46","KITCHENER/WATERLOO","6144239","2024-03-12 12:00","2024","03","12","12:00","","12.6","","0.0","","42","","0.0","","26","","9","","16.1","","97.33","","","","","","NA"
"-80.38","43.46","KITCHENER/WATERLOO","6144239","2024-03-12 13:00","2024","03","12","13:00","","14.2","","0.1","","38","","0.0","","17","","9","","16.1","","97.25","","","","","","NA"
"-80.38","43.46","KITCHENER/WATERLOO","6144239","2024-03-12 14:00","2024","03","12","14:00","","15.9","","-0.1","","33","","0.0","","22","","13","","16.1","","97.15","","","","","","NA"
"-80.38","43.46","KITCHENER/WATERLOO","6144239","2024-03-12 15:00","2024","03","12","15:00","","15.9","","2.1","","39","","0.0","","19","","21","","16.1","","97.11","","","","","","NA"
"-80.38","43.46","KITCHENER/WATERLOO","6144239","2024-03-12 16:00","2024","03","12","16:00","","16.1","","4.6","","46","","0.0","","19","","18","","16.1","","97.05","","","","","","NA"
"-80.38","43.46","KITCHENER/WATERLOO","6144239","2024-03-12 17:00","2024","03","12","17:00","","14.7","","4.5","","50","","0.0","","19","","17","","16.1","","97.04","","","","","","NA"
"-80.38","43.46","KITCHENER/WATERLOO","6144239","2024-03-12 18:00","2024","03","12","18:00","","12.5","","4.3","","57","","0.0","","21","","15","","16.1","","97.06","","","","","","NA"
"-80.38","43.46","KITCHENER/WATERLOO","6144239","2024-03-12 19:00","2024","03","12","19:00","","10.3","","4.0","","65","","0.0","","19","","9","","16.1","","97.09","","","","","","NA"
"-80.38","43.46","KITCHENER/WATERLOO","6144239","2024-03-12 20:00","2024","03","12","20:00","","8.3","","3.8","","73","","0.0","","17","","5","","16.1","","97.09","","","","","","NA"
"-80.38","43.46","KITCHENER/WATERLOO","6144239","2024-03-12 21:00","2024","03","12","21:00","","7.2","","3.6","","78","","0.0","","18","","8","","16.1","","97.05","","","","","","NA"
"-80.38","43.46","KITCHENER/WATERLOO","6144239","2024-03-12 22:00","2024","03","12","22:00","","9.1","","4.7","","74","","0.0","","20","","11","","16.1","","97.05","","","","","","NA"
"-80.38","43.46","KITCHENER/WATERLOO","6144239","2024-03-12 23:00","2024","03","12","23:00","","9.9","","4.3","","68","","0.0","","19","","15","","16.1","","97.02","","","","","","NA"
"-80.38","43.46","KITCHENER/WATERLOO","6144239","2024-03-13 00:00","2024","03","13","00:00","","10.2","","4.0","","65","","0.0","","20","","15","","16.1","","96.99","","","","","","NA"
"-80.38","43.46","KITCHENER/WATERLOO","6144239","2024-03-13 01:00","2024","03","13","01:00","","10.2","","4.0","","65","","0.0","","21","","21","","16.1","","96.96","","","","","","NA"
"-80.38","43.46","KITCHENER/WATERLOO","6144239","2024-03-13 02:00","2024","03","13","02:00","","9.7","","3.7","","66","","0.0","","22","","17","","16.1","","96.96","","","","","","NA"
"-80.38","43.46","KITCHENER/WATERLOO","6144239","2024-03-13 03:00","2024","03","13","03:00","","9.4","","3.6","","67","","0.0","","22","","11","","16.1","","96.94","","","","","","NA"
"-80.38","43.46","KITCHENER/WATERLOO","6144239","2024-03-13 04:00","2024","03","13","04:00","","8.9","","3.6","","69","","0.0","","23","","15","","16.1","","96.95","","","","","","NA"
"-80.38","43.46","KITCHENER/WATERLOO","6144239","2024-03-13 05:00","2024","03","13","05:00","","7.8","","3.1","","72","","0.0","","24","","5","","16.1","","97.00","","","","","","NA"
"-80.38","43.46","KITCHENER/WATERLOO","6144239","2024-03-13 06:00","2024","03","13","06:00","","8.6","","3.3","","69","","0.0","","23","","5","","16.1","","97.03","","","","","","NA"
"-80.38","43.46","KITCHENER/WATERLOO","6144239","2024-03-13 07:00","2024","03","13","07:00","","7.3","","3.2","","75","","0.0","","22","","9","","16.1","","97.06","","","","","","NA"
"-80.38","43.46","KITCHENER/WATERLOO","6144239","2024-03-13 08:00","2024","03","13","08:00","","9.8","","4.4","","69","","0.0","","26","","13","","16.1","","97.11","","","","","","NA"
"-80.38","43.46","KITCHENER/WATERLOO","6144239","2024-03-13 09:00","2024","03","13","09:00","","11.9","","4.8","","62","","0.0","","29","","26","","16.1","","97.14","","","","","","NA"
"-80.38","43.46","KITCHENER/WATERLOO","6144239","2024-03-13 10:00","2024","03","13","10:00","","13.1","","5.4","","59","","0.0","","29","","13","","16.1","","97.17","","","","","","NA"
"-80.38","43.46","KITCHENER/WATERLOO","6144239","2024-03-13 11:00","2024","03","13","11:00","","14.8","","4.9","","51","","0.0","","28","","17","","16.1","","97.21","","","","","","NA"
"-80.38","43.46","KITCHENER/WATERLOO","6144239","2024-03-13 12:00","2024","03","13","12:00","","16.5","","3.4","","41","","0.0","","27","","22","","16.1","","97.21","","","","","","NA"
"-80.38","43.46","KITCHENER/WATERLOO","6144239","2024-03-13 13:00","2024","03","13","13:00","","16.8","","1.1","","34","","0.0","","29","","22","","16.1","","97.21","","","","","","NA"
"-80.38","43.46","KITCHENER/WATERLOO","6144239","2024-03-13 14:00","2024","03","13","14:00","","17.8","","0.1","","30","","0.0","","28","","24","","16.1","","97.21","","","","","","NA"
"-80.38","43.46","KITCHENER/WATERLOO","6144239","2024-03-13 15:00","2024","03","13","15:00","","17.4","","-0.8","","29","","0.0","","28","","26","","16.1","","97.25","","","","","","NA"
"-80.38","43.46","KITCHENER/WATERLOO","6144239","2024-03-13 16:00","2024","03","13","16:00","","16.8","","-1.2","","29","","0.0","","31","","22","","16.1","","97.30","","","","","","NA"
"-80.38","43.46","KITCHENER/WATERLOO","6144239","2024-03-13 17:00","2024","03","13","17:00","","15.7","","-0.5","","33","","0.0","","31","","22","","16.1","","97.38","","","","","","NA"
"-80.38","43.46","KITCHENER/WATERLOO","6144239","2024-03-13 18:00","2024","03","13","18:00","","13.2","","0.6","","42","","0.0","","30","","13","","16.1","","97.49","","","","","","NA"
"-80.38","43.46","KITCHENER/WATERLOO","6144239","2024-03-13 19:00","2024","03","13","19:00","","10.2","","0.8","","52","","0.0","","31","","13","","16.1","","97.58","","","","","","NA"
"-80.38","43.46","KITCHENER/WATERLOO","6144239","2024-03-13 20:00","2024","03","13","20:00","","8.1","","2.1","","66","","0.0","","32","","8","","16.1","","97.63","","","","","","NA"
"-80.38","43.46","KITCHENER/WATERLOO","6144239","2024-03-13 21:00","2024","03","13","21:00","","6.8","","2.0","","71","","0.0","","32","","13","","16.1","","97.66","","","","","","NA"
"-80.38","43.46","KITCHENER/WATERLOO","6144239","2024-03-13 22:00","2024","03","13","22:00","","6.1","","2.4","","77","","0.0","","32","","9","","16.1","","97.70","","","","","","NA"
"-80.38","43.46","KITCHENER/WATERLOO","6144239","2024-03-13 23:00","2024","03","13","23:00","","5.8","","2.3","","78","","0.0","","33","","5","","16.1","","97.70","","","","","","NA"
"-80.38","43.46","KITCHENER/WATERLOO","6144239","2024-03-14 00:00","2024","03","14","00:00","","2.7","","1.0","","88","","0.0","","34","","5","","16.1","","97.74","","","","","","NA"
"-80.38","43.46","KITCHENER/WATERLOO","6144239","2024-03-14 01:00","2024","03","14","01:00","","2.4","","0.5","","87","","0.0","","34","","5","","16.1","","97.75","","","","","","NA"
"-80.38","43.46","KITCHENER/WATERLOO","6144239","2024-03-14 02:00","2024","03","14","02:00","","2.1","","0.6","","90","","0.0","","","M","4","","16.1","","97.81","","","","","","NA"
"-80.38","43.46","KITCHENER/WATERLOO","6144239","2024-03-14 03:00","2024","03","14","03:00","","1.1","","0.4","","95","","0.0","","16","","4","","16.1","","97.80","","","","","","NA"
"-80.38","43.46","KITCHENER/WATERLOO","6144239","2024-03-14 04:00","2024","03","14","04:00","","0.1","","0.1","","100","","0.0","","","","0","","6.4","","97.78","","","","","","Fog"
"-80.38","43.46","KITCHENER/WATERLOO","6144239","2024-03-14 05:00","2024","03","14","05:00","","-0.7","","-0.7","","100","","0.0","","","","0","","8.1","","97.85","","","","","","Fog"
"-80.38","43.46","KITCHENER/WATERLOO","6144239","2024-03-14 06:00","2024","03","14","06:00","","0.1","","0.1","","100","","0.0","","","","0","","16.1","","97.87","","","","","","NA"
"-80.38","43.46","KITCHENER/WATERLOO","6144239","2024-03-14 07:00","2024","03","14","07:00","","1.2","","1.1","","99","","0.0","","","","0","","11.3","","97.92","","","","","","NA"
"-80.38","43.46","KITCHENER/WATERLOO","6144239","2024-03-14 08:00","2024","03","14","08:00","","3.6","","1.8","","88","","0.0","","9","","8","","16.1","","97.91","","","","","","NA"
"-80.38","43.46","KITCHENER/WATERLOO","6144239","2024-03-14 09:00","2024","03","14","09:00","","6.5","","0.8","","67","","0.0","","","M","4","","16.1","","97.96","","","","","","NA"
"-80.38","43.46","KITCHENER/WATERLOO","6144239","2024-03-14 10:00","2024","03","14","10:00","","7.9","","1.8","","65","","0.0","","5","","5","","16.1","","97.92","","","","","","NA"
"-80.38","43.46","KITCHENER/WATERLOO","6144239","2024-03-14 11:00","2024","03","14","11:00","","8.9","","2.6","","64","","0.0","","7","","9","","16.1","","97.85","","","","","","NA"
"-80.38","43.46","KITCHENER/WATERLOO","6144239","2024-03-14 12:00","2024","03","14","12:00","","9.0","","3.2","","67","","0.0","","5","","5","","16.1","","97.84","","","","","","NA"
"-80.38","43.46","KITCHENER/WATERLOO","6144239","2024-03-14 13:00","2024","03","14","13:00","","9.4","","2.8","","63","","0.0","","9","","9","","14.5","","97.69","","","","","","NA"
"-80.38","43.46","KITCHENER/WATERLOO","6144239","2024-03-14 14:00","2024","03","14","14:00","","8.8","","4.2","","73","","0.0","","7","","13","","16.1","","97.58","","","","","","Rain"
"-80.38","43.46","KITCHENER/WATERLOO","6144239","2024-03-14 15:00","2024","03","14","15:00","","7.1","","5.3","","89","","1.8","","7","","13","","6.4","","97.57","","","","","","Rain,Fog"
"-80.38","43.46","KITCHENER/WATERLOO","6144239","2024-03-14 16:00","2024","03","14","16:00","","6.5","","5.9","","96","","3.5","","7","","18","","4.8","","97.46","","","","","","Rain,Fog"
"-80.38","43.46","KITCHENER/WATERLOO","6144239","2024-03-14 17:00","2024","03","14","17:00","","6.3","","5.9","","97","","4.5","","9","","13","","4.8","","97.37","","","","","","Rain,Fog"
"-80.38","43.46","KITCHENER/WATERLOO","6144239","2024-03-14 18:00","2024","03","14","18:00","","5.6","","5.3","","98","","4.2","","9","","28","","2.8","","97.25","","","","","","Rain,Fog"
"-80.38","43.46","KITCHENER/WATERLOO","6144239","2024-03-14 19:00","2024","03","14","19:00","","5.2","","4.9","","98","","5.5","","9","","26","","2.4","","97.16","","","","","","Fog"
"-80.38","43.46","KITCHENER/WATERLOO","6144239","2024-03-14 20:00","2024","03","14","20:00","","4.9","","4.5","","97","","2.8","","2","","8","","4.0","","97.33","","","","","","Fog"
"-80.38","43.46","KITCHENER/WATERLOO","6144239","2024-03-14 21:00","2024","03","14","21:00","","5.5","","5.1","","97","","2.8","","4","","13","","9.7","","97.28","","","","","","Rain,Fog"
"-80.38","43.46","KITCHENER/WATERLOO","6144239","2024-03-14 22:00","2024","03","14","22:00","","5.3","","4.6","","95","","0.2","","5","","22","","16.1","","97.24","","","","","","Rain"
"-80.38","43.46","KITCHENER/WATERLOO","6144239","2024-03-14 23:00","2024","03","14","23:00","","5.3","","4.4","","94","","0.0","","5","","18","","16.1","","97.25","","","","","","NA"
"-80.38","43.46","KITCHENER/WATERLOO","6144239","2024-03-15 00:00","2024","03","15","00:00","","5.0","","4.7","","98","","0.0","","6","","18","","16.1","","97.16","","","","","","NA"
"-80.38","43.46","KITCHENER/WATERLOO","6144239","2024-03-15 01:00","2024","03","15","01:00","","5.1","","4.7","","97","","0.0","","4","","13","","16.1","","97.10","","","","","","NA"
"-80.38","43.46","KITCHENER/WATERLOO","6144239","2024-03-15 02:00","2024","03","15","02:00","","4.9","","4.5","","97","","0.0","","2","","13","","16.1","","97.17","","","","","","NA"
"-80.38","43.46","KITCHENER/WATERLOO","6144239","2024-03-15 03:00","2024","03","15","03:00","","4.7","","4.4","","98","","0.0","","1","","17","","16.1","","97.25","","","","","","NA"
"-80.38","43.46","KITCHENER/WATERLOO","6144239","2024-03-15 04:00","2024","03","15","04:00","","4.6","","4.2","","97","","0.0","","36","","9","","16.1","","97.30","","","","","","NA"
"-80.38","43.46","KITCHENER/WATERLOO","6144239","2024-03-15 05:00","2024","03","15","05:00","","4.4","","3.4","","93","","0.0","","36","","11","","16.1","","97.42","","","","","","NA"
"-80.38","43.46","KITCHENER/WATERLOO","6144239","2024-03-15 06:00","2024","03","15","06:00","","4.2","","3.0","","92","","0.0","","34","","18","","16.1","","97.50","","","","","","NA"
"-80.38","43.46","KITCHENER/WATERLOO","6144239","2024-03-15 07:00","2024","03","15","07:00","","4.3","","3.2","","93","","0.0","","34","","17","","16.1","","97.55","","","","","","NA"
"-80.38","43.46","KITCHENER/WATERLOO","6144239","2024-03-15 08:00","2024","03","15","08:00","","5.0","","3.5","","90","","0.0","","35","","11","","16.1","","97.59","","","","","","NA"
"-80.38","43.46","KITCHENER/WATERLOO","6144239","2024-03-15 09:00","2024","03","15","09:00","","5.4","","3.7","","89","","0.0","","36","","8","","16.1","","97.63","","","","","","NA"
"-80.38","43.46","KITCHENER/WATERLOO","6144239","2024-03-15 10:00","2024","03","15","10:00","","6.7","","4.0","","83","","0.0","","32","","5","","16.1","","97.67","","","","","","NA"
"-80.38","43.46","KITCHENER/WATERLOO","6144239","2024-03-15 11:00","2024","03","15","11:00","","7.8","","3.8","","76","","0.0","","31","","11","","16.1","","97.68","","","","","","NA"
"-80.38","43.46","KITCHENER/WATERLOO","6144239","2024-03-15 12:00","2024","03","15","12:00","","9.0","","4.1","","71","","0.0","","30","","17","","16.1","","97.57","","","","","","NA"
"-80.38","43.46","KITCHENER/WATERLOO","6144239","2024-03-15 13:00","2024","03","15","13:00","","8.6","","3.8","","72","","0.0","","31","","18","","16.1","","97.54","","","","","","NA"
"-80.38","43.46","KITCHENER/WATERLOO","6144239","2024-03-15 14:00","2024","03","15","14:00","","7.6","","3.8","","77","","0.0","","29","","22","","16.1","","97.50","","","","","","NA"
"-80.38","43.46","KITCHENER/WATERLOO","6144239","2024-03-15 15:00","2024","03","15","15:00","","6.5","","2.4","","75","","0.0","","31","","24","","16.1","","97.48","","","","","","NA"
"-80.38","43.46","KITCHENER/WATERLOO","6144239","2024-03-15 16:00","2024","03","15","16:00","","5.1","","1.8","","79","","0.0","","30","","21","","16.1","","97.52","","","","","","NA"
"-80.38","43.46","KITCHENER/WATERLOO","6144239","2024-03-15 17:00","2024","03","15","17:00","","3.8","","1.4","","84","","0.0","","30","","22","","16.1","","97.53","","","","","","NA"
"-80.38","43.46","KITCHENER/WATERLOO","6144239","2024-03-15 18:00","2024","03","15","18:00","","2.3","","0.5","","88","","0.0","","32","","17","","16.1","","97.52","","","","","","NA"
"-80.38","43.46","KITCHENER/WATERLOO","6144239","2024-03-15 19:00","2024","03","15","19:00","","1.9","","0.3","","89","","0.0","","29","","24","","16.1","","97.55","","","","","","NA"
"-80.38","43.46","KITCHENER/WATERLOO","6144239","2024-03-15 20:00","2024","03","15","20:00","","1.5","","-0.1","","89","","0.0","","30","","17","","16.1","","97.58","","","","","","NA"
"-80.38","43.46","KITCHENER/WATERLOO","6144239","2024-03-15 21:00","2024","03","15","21:00","","0.8","","-1.1","","87","","0.0","","30","","26","","16.1","","97.56","","","","","","NA"
"-80.38","43.46","KITCHENER/WATERLOO","6144239","2024-03-15 22:00","2024","03","15","22:00","","0.6","","-1.3","","87","","0.0","","29","","18","","16.1","","97.54","","","","","","NA"
"-80.38","43.46","KITCHENER/WATERLOO","6144239","2024-03-15 23:00","2024","03","15","23:00","","0.2","","-1.6","","88","","0.0","","32","","15","","16.1","","97.52","","","","","","NA"
"-80.38","43.46","KITCHENER/WATERLOO","6144239","2024-03-16 00:00","2024","03","16","00:00","","0.1","","-2.0","","86","","0.0","","31","","13","","16.1","","97.51","","","","","","NA"
"-80.38","43.46","KITCHENER/WATERLOO","6144239","2024-03-16 01:00","2024","03","16","01:00","","0.1","","-2.5","","83","","0.0","","33","","15","","16.1","","97.46","","","","","","NA"
"-80.38","43.46","KITCHENER/WATERLOO","6144239","2024-03-16 02:00","2024","03","16","02:00","","0.1","","-2.3","","84","","0.0","","28","","11","","16.1","","97.46","","","","","","NA"
"-80.38","43.46","KITCHENER/WATERLOO","6144239","2024-03-16 03:00","2024","03","16","03:00","","-0.2","","-2.4","","85","","0.0","","25","","11","","16.1","","97.41","","","","-4","","NA"
"-80.38","43.46","KITCHENER/WATERLOO","6144239","2024-03-16 04:00","2024","03","16","04:00","","-1.0","","-2.6","","89","","0.0","","26","","8","","16.1","","97.36","","","","-4","","NA"
"-80.38","43.46","KITCHENER/WATERLOO","6144239","2024-03-16 05:00","2024","03","16","05:00","","-0.5","","-1.8","","91","","0.0","","24","","11","","16.1","","97.34","","","","-4","","NA"
"-80.38","43.46","KITCHENER/WATERLOO","6144239","2024-03-16 06:00","2024","03","16","06:00","","-0.2","","-1.5","","91","","0.0","","21","","9","","16.1","","97.30","","","","-3","","NA"
"-80.38","43.46","KITCHENER/WATERLOO","6144239","2024-03-16 07:00","2024","03","16","07:00","","0.0","","-1.1","","92","","0.0","","19","","9","","16.1","","97.25","","","","-3","","NA"
"-80.38","43.46","KITCHENER/WATERLOO","6144239","2024-03-16 08:00","2024","03","16","08:00","","0.6","","-0.6","","92","","0.0","","19","","13","","16.1","","97.21","","","","","","NA"
"-80.38","43.46","KITCHENER/WATERLOO","6144239","2024-03-16 09:00","2024","03","16","09:00","","1.4","","0.2","","92","","0.0","","20","","17","","16.1","","97.09","","","","","","NA"
"-80.38","43.46","KITCHENER/WATERLOO","6144239","2024-03-16 10:00","2024","03","16","10:00","","3.7","","0.8","","82","","0.0","","18","","21","","16.1","","97.01","","","","","","NA"
"-80.38","43.46","KITCHENER/WATERLOO","6144239","2024-03-16 11:00","2024","03","16","11:00","","5.3","","0.5","","71","","0.0","","20","","26","","16.1","","96.92","","","","","","NA"
"-80.38","43.46","KITCHENER/WATERLOO","6144239","2024-03-16 12:00","2024","03","16","12:00","","7.4","","0.9","","63","","0.0","","18","","26","","16.1","","96.77","","","","","","NA"
"-80.38","43.46","KITCHENER/WATERLOO","6144239","2024-03-16 13:00","2024","03","16","13:00","","8.4","","1.3","","61","","0.0","","20","","34","","16.1","","96.59","","","","","","NA"
"-80.38","43.46","KITCHENER/WATERLOO","6144239","2024-03-16 14:00","2024","03","16","14:00","","9.1","","1.5","","59","","0.0","","21","","39","","16.1","","96.41","","","","","","NA"
"-80.38","43.46","KITCHENER/WATERLOO","6144239","2024-03-16 15:00","2024","03","16","15:00","","8.0","","0.7","","60","","0.0","","20","","34","","16.1","","96.37","","","","","","NA"
"-80.38","43.46","KITCHENER/WATERLOO","6144239","2024-03-16 16:00","2024","03","16","16:00","","7.9","","1.8","","65","","0.0","","21","","30","","16.1","","96.28","","","","","","NA"
"-80.38","43.46","KITCHENER/WATERLOO","6144239","2024-03-16 17:00","2024","03","16","17:00","","8.7","","2.9","","67","","0.0","","21","","34","","16.1","","96.19","","","","","","NA"
"-80.38","43.46","KITCHENER/WATERLOO","6144239","2024-03-16 18:00","2024","03","16","18:00","","8.6","","4.0","","73","","0.0","","21","","32","","16.1","","96.11","","","","","","NA"
"-80.38","43.46","KITCHENER/WATERLOO","6144239","2024-03-16 19:00","2024","03","16","19:00","","5.2","","2.5","","83","","2.8","","25","","46","","4.0","","96.16","","","","","","Rain"
"-80.38","43.46","KITCHENER/WATERLOO","6144239","2024-03-16 20:00","2024","03","16","20:00","","6.4","","4.6","","88","","0.0","","23","","17","","16.1","","96.09","","","","","","NA"
"-80.38","43.46","KITCHENER/WATERLOO","6144239","2024-03-16 21:00","2024","03","16","21:00","","6.4","","4.9","","90","","0.0","","23","","17","","16.1","","96.15","","","","","","Rain"
"-80.38","43.46","KITCHENER/WATERLOO","6144239","2024-03-16 22:00","2024","03","16","22:00","","5.0","","2.5","","84","","0.2","","30","","21","","16.1","","96.13","","","","","","Rain"
"-80.38","43.46","KITCHENER/WATERLOO","6144239","2024-03-16 23:00","2024","03","16","23:00","","3.7","","1.9","","88","","0.0","","31","","11","","16.1","","96.16","","","","","","NA"
"-80.38","43.46","KITCHENER/WATERLOO","6144239","2024-03-17 00:00","2024","03","17","00:00","","3.2","","1.5","","89","","0.0","","29","","11","","16.1","","96.19","","","","","","NA"
"-80.38","43.46","KITCHENER/WATERLOO","6144239","2024-03-17 01:00","2024","03","17","01:00","","3.0","","1.4","","89","","0.0","","27","","11","","16.1","","96.22","","","","","","NA"
"-80.38","43.46","KITCHENER/WATERLOO","6144239","2024-03-17 02:00","2024","03","17","02:00","","2.6","","1.1","","90","","0.0","","30","","18","","16.1","","96.25","","","","","","Rain"
"-80.38","43.46","KITCHENER/WATERLOO","6144239","2024-03-17 03:00","2024","03","17","03:00","","2.0","","1.1","","94","","0.0","","28","","15","","16.1","","96.27","","","","","","NA"
"-80.38","43.46","KITCHENER/WATERLOO","6144239","2024-03-17 04:00","2024","03","17","04:00","","1.1","","-0.5","","89","","0.0","","27","","15","","16.1","","96.28","","","","","","NA"
"-80.38","43.46","KITCHENER/WATERLOO","6144239","2024-03-17 05:00","2024","03","17","05:00","","0.6","","-1.6","","85","","0.0","","26","","17","","16.1","","96.32","","","","","","NA"
"-80.38","43.46","KITCHENER/WATERLOO","6144239","2024-03-17 06:00","2024","03","17","06:00","","0.6","","-1.3","","87","","0.0","","25","","18","","16.1","","96.35","","","","","","NA"
"-80.38","43.46","KITCHENER/WATERLOO","6144239","2024-03-17 07:00","2024","03","17","07:00","","0.7","","-2.4","","80","","0.0","","27","","22","","16.1","","96.40","","","","","","NA"
"-80.38","43.46","KITCHENER/WATERLOO","6144239","2024-03-17 08:00","2024","03","17","08:00","","0.8","","-2.4","","79","","0.0","","25","","18","","16.1","","96.41","","","","","","NA"
"-80.38","43.46","KITCHENER/WATERLOO","6144239","2024-03-17 09:00","2024","03","17","09:00","","1.5","","-3.3","","71","","0.0","","27","","24","","16.1","","96.45","","","","","","NA"
"-80.38","43.46","KITCHENER/WATERLOO","6144239","2024-03-17 10:00","2024","03","17","10:00","","2.2","","-3.3","","67","","0.0","","26","","24","","16.1","","96.46","","","","","","NA"
"-80.38","43.46","KITCHENER/WATERLOO","6144239","2024-03-17 11:00","2024","03","17","11:00","","-0.6","","-1.9","","91","","0.0","","28","","28","","1.2","","96.58","","","","-7","","Snow"
"-80.38","43.46","KITCHENER/WATERLOO","6144239","2024-03-17 12:00","2024","03","17","12:00","","2.8","","-1.7","","72","","0.2","","26","","34","","16.1","","96.55","","","","","","NA"
"-80.38","43.46","KITCHENER/WATERLOO","6144239","2024-03-17 13:00","2024","03","17","13:00","","3.2","","-3.3","","63","","0.0","","27","","35","","16.1","","96.53","","","","","","NA"
"-80.38","43.46","KITCHENER/WATERLOO","6144239","2024-03-17 14:00","2024","03","17","14:00","","2.3","","-3.9","","64","","0.0","","27","","35","","16.1","","96.52","","","","","","NA"
"-80.38","43.46","KITCHENER/WATERLOO","6144239","2024-03-17 15:00","2024","03","17","15:00","","2.7","","-3.8","","62","","0.0","","30","","26","","16.1","","96.57","","","","","","NA"
"-80.38","43.46","KITCHENER/WATERLOO","6144239","2024-03-17 16:00","2024","03","17","16:00","","0.7","","-2.7","","78","","0.0","","28","","21","","14.5","","96.67","","","","","","Snow"
"-80.38","43.46","KITCHENER/WATERLOO","6144239","2024-03-17 17:00","2024","03","17","17:00","","1.3","","-5.0","","63","","0.0","","29","","26","","16.1","","96.70","","","","","","NA"
"-80.38","43.46","KITCHENER/WATERLOO","6144239","2024-03-17 18:00","2024","03","17","18:00","","0.7","","-5.4","","64","","0.0","","30","","24","","16.1","","96.75","","","","","","NA"
"-80.38","43.46","KITCHENER/WATERLOO","6144239","2024-03-17 19:00","2024","03","17","19:00","","-0.3","","-6.0","","66","","0.0","","30","","24","","16.1","","96.82","","","","-6","","NA"
"-80.38","43.46","KITCHENER/WATERLOO","6144239","2024-03-17 20:00","2024","03","17","20:00","","-0.2","","-5.8","","66","","0.0","","29","","22","","16.1","","96.88","","","","-6","","NA"
"-80.38","43.46","KITCHENER/WATERLOO","6144239","2024-03-17 21:00","2024","03","17","21:00","","-0.6","","-7.0","","62","","0.0","","29","","28","","16.1","","96.91","","","","-7","","NA"
"-80.38","43.46","KITCHENER/WATERLOO","6144239","2024-03-17 22:00","2024","03","17","22:00","","-1.5","","-7.1","","66","","0.0","","29","","21","","16.1","","96.91","","","","-7","","NA"
"-80.38","43.46","KITCHENER/WATERLOO","6144239","2024-03-17 23:00","2024","03","17","23:00","","-1.4","","-8.9","","57","","0.0","","28","","37","","16.1","","96.91","","","","-9","","NA"
"-80.38","43.46","KITCHENER/WATERLOO","6144239","2024-03-18 00:00","2024","03","18","00:00","","-2.5","","-5.4","","81","","0.0","","30","","28","","11.3","","96.93","","","","-10","","Snow"
"-80.38","43.46","KITCHENER/WATERLOO","6144239","2024-03-18 01:00","2024","03","18","01:00","","-2.7","","-6.9","","73","","0.0","","29","","26","","16.1","","96.92","","","","-10","","NA"
"-80.38","43.46","KITCHENER/WATERLOO","6144239","2024-03-18 02:00","2024","03","18","02:00","","-2.9","","-6.9","","74","","0.0","","29","","24","","16.1","","96.95","","","","-10","","NA"
"-80.38","43.46","KITCHENER/WATERLOO","6144239","2024-03-18 03:00","2024","03","18","03:00","","-3.2","","-7.8","","71","","0.0","","28","","30","","16.1","","96.95","","","","-11","","Snow"
"-80.38","43.46","KITCHENER/WATERLOO","6144239","2024-03-18 04:00","2024","03","18","04:00","","-3.3","","-7.6","","73","","0.0","","27","","22","","16.1","","96.95","","","","-10","","Snow"
"-80.38","43.46","KITCHENER/WATERLOO","6144239","2024-03-18 05:00","2024","03","18","05:00","","-3.3","","-7.8","","71","","0.0","","28","","26","","16.1","","96.98","","","","-10","","Snow"
"-80.38","43.46","KITCHENER/WATERLOO","6144239","2024-03-18 06:00","2024","03","18","06:00","","-3.6","","-7.8","","73","","0.0","","28","","15","","16.1","","97.02","","","","-9","","NA"
"-80.38","43.46","KITCHENER/WATERLOO","6144239","2024-03-18 07:00","2024","03","18","07:00","","-3.3","","-7.1","","75","","0.0","","27","","17","","16.1","","97.05","","","","-9","","NA"
"-80.38","43.46","KITCHENER/WATERLOO","6144239","2024-03-18 08:00","2024","03","18","08:00","","-2.6","","-6.5","","75","","0.0","","26","","21","","16.1","","97.06","","","","-9","","Snow"
"-80.38","43.46","KITCHENER/WATERLOO","6144239","2024-03-18 09:00","2024","03","18","09:00","","-1.9","","-5.6","","76","","0.0","","25","","22","","16.1","","97.07","","","","-8","","NA"
"-80.38","43.46","KITCHENER/WATERLOO","6144239","2024-03-18 10:00","2024","03","18","10:00","","-1.9","","-3.5","","89","","0.0","","26","","18","","8.1","","97.07","","","","-7","","Snow"
"-80.38","43.46","KITCHENER/WATERLOO","6144239","2024-03-18 11:00","2024","03","18","11:00","","-1.1","","-3.2","","86","","0.0","","26","","26","","16.1","","97.06","","","","-7","","Snow"
"-80.38","43.46","KITCHENER/WATERLOO","6144239","2024-03-18 12:00","2024","03","18","12:00","","-0.7","","-2.8","","86","","0.0","","29","","21","","11.3","","97.06","","","","-6","","Snow"
"-80.38","43.46","KITCHENER/WATERLOO","6144239","2024-03-18 13:00","2024","03","18","13:00","","0.3","","-4.3","","72","","0.0","","29","","22","","16.1","","97.07","","","","","","NA"
"-80.38","43.46","KITCHENER/WATERLOO","6144239","2024-03-18 14:00","2024","03","18","14:00","","-0.3","","-5.2","","70","","0.0","","29","","26","","16.1","","97.07","","","","-6","","NA"
"-80.38","43.46","KITCHENER/WATERLOO","6144239","2024-03-18 15:00","2024","03","18","15:00","","-0.5","","-5.3","","70","","0.0","","30","","24","","16.1","","97.09","","","","-6","","Snow"
"-80.38","43.46","KITCHENER/WATERLOO","6144239","2024-03-18 16:00","2024","03","18","16:00","","-0.9","","-5.3","","72","","0.0","","31","","26","","16.1","","97.12","","","","-7","","Rain,Snow"
"-80.38","43.46","KITCHENER/WATERLOO","6144239","2024-03-18 17:00","2024","03","18","17:00","","-1.5","","-5.4","","75","","0.0","","30","","22","","16.1","","97.17","","","","-7","","Snow"
"-80.38","43.46","KITCHENER/WATERLOO","6144239","2024-03-18 18:00","2024","03","18","18:00","","-1.9","","-6.7","","70","","0.0","","29","","37","","16.1","","97.21","","","","-10","","Snow"
"-80.38","43.46","KITCHENER/WATERLOO","6144239","2024-03-18 19:00","2024","03","18","19:00","","-2.3","","-6.4","","74","","0.0","","30","","26","","16.1","","97.25","","","","-9","","Snow"
"-80.38","43.46","KITCHENER/WATERLOO","6144239","2024-03-18 20:00","2024","03","18","20:00","","-2.7","","-7.8","","68","","0.0","","31","","22","","16.1","","97.30","","","","-9","","Snow"
"-80.38","43.46","KITCHENER/WATERLOO","6144239","2024-03-18 21:00","2024","03","18","21:00","","-2.6","","-8.1","","66","","0.0","","29","","24","","16.1","","97.30","","","","-9","","Snow"
"-80.38","43.46","KITCHENER/WATERLOO","6144239","2024-03-18 22:00","2024","03","18","22:00","","-2.6","","-8.1","","66","","0.0","","28","","24","","16.1","","97.30","","","","-9","","Snow"
"-80.38","43.46","KITCHENER/WATERLOO","6144239","2024-03-18 23:00","2024","03","18","23:00","","-2.5","","-7.3","","70","","0.0","","27","","18","","16.1","","97.25","","","","-8","","NA"
"-80.38","43.46","KITCHENER/WATERLOO","6144239","2024-03-19 00:00","2024","03","19","00:00","","-2.3","","-6.9","","71","","0.0","","26","","18","","16.1","","97.22","","","","-8","","Snow"
"-80.38","43.46","KITCHENER/WATERLOO","6144239","2024-03-19 01:00","2024","03","19","01:00","","-2.4","","-5.9","","77","","0.0","","25","","15","","16.1","","97.19","","","","-7","","Snow"
"-80.38","43.46","KITCHENER/WATERLOO","6144239","2024-03-19 02:00","2024","03","19","02:00","","-2.5","","-4.2","","88","","0.0","","28","","15","","4.8","","97.16","","","","-7","","Snow"
"-80.38","43.46","KITCHENER/WATERLOO","6144239","2024-03-19 03:00","2024","03","19","03:00","","-3.0","","-4.8","","87","","0.0","","27","","24","","4.8","","97.12","","","","-10","","Snow"
"-80.38","43.46","KITCHENER/WATERLOO","6144239","2024-03-19 04:00","2024","03","19","04:00","","-3.2","","-4.9","","88","","0.0","","26","","17","","6.4","","97.06","","","","-9","","Snow"
"-80.38","43.46","KITCHENER/WATERLOO","6144239","2024-03-19 05:00","2024","03","19","05:00","","-3.5","","-5.0","","89","","0.0","","24","","15","","11.3","","97.01","","","","-9","","Snow"
"-80.38","43.46","KITCHENER/WATERLOO","6144239","2024-03-19 06:00","2024","03","19","06:00","","-3.5","","-5.5","","86","","0.0","","23","","22","","16.1","","96.93","","","","-10","","Snow"
"-80.38","43.46","KITCHENER/WATERLOO","6144239","2024-03-19 07:00","2024","03","19","07:00","","-3.6","","-5.6","","86","","0.0","","22","","22","","16.1","","96.88","","","","-10","","Snow"
"-80.38","43.46","KITCHENER/WATERLOO","6144239","2024-03-19 08:00","2024","03","19","08:00","","-2.9","","-5.4","","83","","0.0","","22","","21","","14.5","","96.79","","","","-9","","Snow"
"-80.38","43.46","KITCHENER/WATERLOO","6144239","2024-03-19 09:00","2024","03","19","09:00","","-2.1","","-4.5","","84","","0.0","","22","","26","","6.4","","96.73","","","","-9","","Snow"
"-80.38","43.46","KITCHENER/WATERLOO","6144239","2024-03-19 10:00","2024","03","19","10:00","","-1.2","","-3.9","","82","","0.0","","22","","28","","9.7","","96.62","","","","-8","","Snow"
"-80.38","43.46","KITCHENER/WATERLOO","6144239","2024-03-19 11:00","2024","03","19","11:00","","-1.4","","-2.8","","90","","0.0","","22","","26","","1.6","","96.52","","","","-8","","Snow"
"-80.38","43.46","KITCHENER/WATERLOO","6144239","2024-03-19 12:00","2024","03","19","12:00","","-1.3","","-3.2","","87","","0.0","","22","","32","","2.8","","96.43","","","","-8","","Snow"
"-80.38","43.46","KITCHENER/WATERLOO","6144239","2024-03-19 13:00","2024","03","19","13:00","","-1.1","","-2.4","","91","","0.0","","22","","26","","2.0","","96.32","","","","-7","","Snow"
"-80.38","43.46","KITCHENER/WATERLOO","6144239","2024-03-19 14:00","2024","03","19","14:00","","-1.5","","-3.1","","89","","0.2","","22","","28","","1.6","","96.25","","","","-8","","Snow"
"-80.38","43.46","KITCHENER/WATERLOO","6144239","2024-03-19 15:00","2024","03","19","15:00","","-1.9","","-3.3","","90","","0.0","","24","","34","","1.6","","96.23","","","","-9","","Snow"
"-80.38","43.46","KITCHENER/WATERLOO","6144239","2024-03-19 16:00","2024","03","19","16:00","","-1.0","","-3.2","","85","","0.2","","22","","28","","9.7","","96.22","","","","-8","","Snow"
"-80.38","43.46","KITCHENER/WATERLOO","6144239","2024-03-19 17:00","2024","03","19","17:00","","-0.8","","-2.9","","86","","0.0","","23","","22","","14.5","","96.24","","","","-7","","Snow"
"-80.38","43.46","KITCHENER/WATERLOO","6144239","2024-03-19 18:00","2024","03","19","18:00","","-0.6","","-3.1","","83","","0.0","","21","","21","","16.1","","96.25","","","","-6","","Snow"
"-80.38","43.46","KITCHENER/WATERLOO","6144239","2024-03-19 19:00","2024","03","19","19:00","","-0.4","","-2.8","","84","","0.0","","21","","17","","16.1","","96.27","","","","-5","","Snow"
"-80.38","43.46","KITCHENER/WATERLOO","6144239","2024-03-19 20:00","2024","03","19","20:00","","-0.1","","-3.0","","81","","0.0","","24","","11","","16.1","","96.30","","","","-4","","NA"
"-80.38","43.46","KITCHENER/WATERLOO","6144239","2024-03-19 21:00","2024","03","19","21:00","","0.2","","-3.3","","78","","0.0","","24","","15","","16.1","","96.30","","","","","","NA"
"-80.38","43.46","KITCHENER/WATERLOO","6144239","2024-03-19 22:00","2024","03","19","22:00","","0.6","","-3.7","","73","","0.0","","27","","22","","16.1","","96.29","","","","","","NA"
"-80.38","43.46","KITCHENER/WATERLOO","6144239","2024-03-19 23:00","2024","03","19","23:00","","0.8","","-3.7","","72","","0.0","","27","","21","","16.1","","96.32","","","","","","NA"
"-80.38","43.46","KITCHENER/WATERLOO","6144239","2024-03-20 00:00","2024","03","20","00:00","","-0.4","","-4.3","","75","","0.0","","28","","18","","16.1","","96.35","","","","-5","","NA"
"-80.38","43.46","KITCHENER/WATERLOO","6144239","2024-03-20 01:00","2024","03","20","01:00","","-0.4","","-4.0","","77","","0.0","","26","","18","","16.1","","96.34","","","","-5","","NA"
"-80.38","43.46","KITCHENER/WATERLOO","6144239","2024-03-20 02:00","2024","03","20","02:00","","-0.5","","-4.1","","77","","0.0","","25","","15","","16.1","","96.32","","","","-5","","NA"
"-80.38","43.46","KITCHENER/WATERLOO","6144239","2024-03-20 03:00","2024","03","20","03:00","","-1.1","","-4.1","","80","","0.0","","24","","11","","16.1","","96.31","","","","-5","","NA"
"-80.38","43.46","KITCHENER/WATERLOO","6144239","2024-03-20 04:00","2024","03","20","04:00","","-0.7","","-3.3","","82","","0.0","","28","","17","","16.1","","96.30","","","","-6","","Snow"
"-80.38","43.46","KITCHENER/WATERLOO","6144239","2024-03-20 05:00","2024","03","20","05:00","","-2.3","","-3.4","","92","","0.0","","30","","21","","2.4","","96.37","","","","-8","","Snow"
"-80.38","43.46","KITCHENER/WATERLOO","6144239","2024-03-20 06:00","2024","03","20","06:00","","-2.9","","-4.3","","90","","0.0","","29","","15","","6.4","","96.40","","","","-8","","Snow"
"-80.38","43.46","KITCHENER/WATERLOO","6144239","2024-03-20 07:00","2024","03","20","07:00","","-2.8","","-5.3","","83","","0.0","","30","","18","","16.1","","96.42","","","","-8","","Snow"
"-80.38","43.46","KITCHENER/WATERLOO","6144239","2024-03-20 08:00","2024","03","20","08:00","","-3.3","","-4.9","","89","","0.0","","30","","28","","1.6","","96.47","","","","-11","","Snow"
"-80.38","43.46","KITCHENER/WATERLOO","6144239","2024-03-20 09:00","2024","03","20","09:00","","-3.2","","-8.4","","68","","0.0","","30","","30","","16.1","","96.48","","","","-11","","NA"
"-80.38","43.46","KITCHENER/WATERLOO","6144239","2024-03-20 10:00","2024","03","20","10:00","","-2.7","","-9.1","","62","","0.0","","31","","37","","11.3","","96.57","","","","-11","","NA"
"-80.38","43.46","KITCHENER/WATERLOO","6144239","2024-03-20 11:00","2024","03","20","11:00","","-3.4","","-10.9","","57","","0.0","","30","","46","","2.8","","96.64","","","","-12","","Snow"
"-80.38","43.46","KITCHENER/WATERLOO","6144239","2024-03-20 12:00","2024","03","20","12:00","","-3.5","","-10.0","","61","","0.0","","28","","43","","16.1","","96.75","","","","-12","","NA"
"-80.38","43.46","KITCHENER/WATERLOO","6144239","2024-03-20 13:00","2024","03","20","13:00","","-3.1","","-10.6","","57","","0.0","","28","","45","","16.1","","96.81","","","","-12","","Snow"
"-80.38","43.46","KITCHENER/WATERLOO","6144239","2024-03-20 14:00","2024","03","20","14:00","","-3.3","","-9.4","","63","","0.0","","28","","48","","16.1","","96.89","","","","-12","","Snow"
"-80.38","43.46","KITCHENER/WATERLOO","6144239","2024-03-20 15:00","2024","03","20","15:00","","-3.6","","-8.8","","67","","0.0","","29","","41","","9.7","","97.00","","","","-12","","Snow"
"-80.38","43.46","KITCHENER/WATERLOO","6144239","2024-03-20 16:00","2024","03","20","16:00","","-4.6","","-7.5","","80","","0.0","","28","","39","","3.2","","97.16","","","","-13","","Snow"
"-80.38","43.46","KITCHENER/WATERLOO","6144239","2024-03-20 17:00","2024","03","20","17:00","","-5.0","","-7.8","","81","","0.0","","32","","34","","2.4","","97.27","","","","-13","","Snow"
"-80.38","43.46","KITCHENER/WATERLOO","6144239","2024-03-20 18:00","2024","03","20","18:00","","-4.6","","-9.3","","70","","0.0","","32","","30","","16.1","","97.36","","","","-12","","Snow"
"-80.38","43.46","KITCHENER/WATERLOO","6144239","2024-03-20 19:00","2024","03","20","19:00","","-5.6","","-9.5","","74","","0.0","","31","","22","","16.1","","97.48","","","","-13","","Snow"
"-80.38","43.46","KITCHENER/WATERLOO","6144239","2024-03-20 20:00","2024","03","20","20:00","","-6.2","","-9.6","","77","","0.0","","30","","35","","9.7","","97.60","","","","-15","","Snow"
"-80.38","43.46","KITCHENER/WATERLOO","6144239","2024-03-20 21:00","2024","03","20","21:00","","-6.4","","-9.6","","78","","0.0","","29","","28","","16.1","","97.69","","","","-15","","Snow"
"-80.38","43.46","KITCHENER/WATERLOO","6144239","2024-03-20 22:00","2024","03","20","22:00","","-6.4","","-9.3","","80","","0.0","","29","","24","","12.9","","97.76","","","","-14","","Snow"
"-80.38","43.46","KITCHENER/WATERLOO","6144239","2024-03-20 23:00","2024","03","20","23:00","","-6.7","","-9.0","","84","","0.0","","29","","32","","3.6","","97.81","","","","-15","","Snow"
"-80.38","43.46","KITCHENER/WATERLOO","6144239","2024-03-21 00:00","2024","03","21","00:00","","-6.5","","-9.6","","79","","0.0","","29","","32","","16.1","","97.86","","","","-15","","Snow"
"-80.38","43.46","KITCHENER/WATERLOO","6144239","2024-03-21 01:00","2024","03","21","01:00","","-6.6","","-9.2","","82","","0.0","","28","","22","","14.5","","97.91","","","","-14","","Snow"
"-80.38","43.46","KITCHENER/WATERLOO","6144239","2024-03-21 02:00","2024","03","21","02:00","","-6.8","","-8.9","","85","","0.0","","29","","21","","8.1","","97.97","","","","-14","","Snow"
"-80.38","43.46","KITCHENER/WATERLOO","6144239","2024-03-21 03:00","2024","03","21","03:00","","-7.6","","-10.0","","83","","0.0","","33","","17","","8.1","","98.03","","","","-14","","Snow"
"-80.38","43.46","KITCHENER/WATERLOO","6144239","2024-03-21 04:00","2024","03","21","04:00","","-7.7","","-9.9","","84","","0.0","","29","","9","","16.1","","98.10","","","","-12","","Snow"
"-80.38","43.46","KITCHENER/WATERLOO","6144239","2024-03-21 05:00","2024","03","21","05:00","","-8.2","","-10.6","","83","","0.0","","30","","9","","9.7","","98.17","","","","-13","","Snow"
"-80.38","43.46","KITCHENER/WATERLOO","6144239","2024-03-21 06:00","2024","03","21","06:00","","-8.3","","-10.6","","84","","0.0","","32","","11","","6.4","","98.24","","","","-14","","Snow"
"-80.38","43.46","KITCHENER/WATERLOO","6144239","2024-03-21 07:00","2024","03","21","07:00","","-8.3","","-10.9","","82","","0.0","","31","","9","","14.5","","98.33","","","","-13","","Snow"
"-80.38","43.46","KITCHENER/WATERLOO","6144239","2024-03-21 08:00","2024","03","21","08:00","","-8.0","","-11.6","","76","","0.0","","31","","13","","16.1","","98.40","","","","-14","","Snow"
"-80.38","43.46","KITCHENER/WATERLOO","6144239","2024-03-21 09:00","2024","03","21","09:00","","-7.7","","-13.0","","66","","0.0","","33","","13","","16.1","","98.45","","","","-13","","Snow"
"-80.38","43.46","KITCHENER/WATERLOO","6144239","2024-03-21 10:00","2024","03","21","10:00","","-6.9","","-12.7","","64","","0.0","","32","","15","","16.1","","98.51","","","","-13","","NA"
"-80.38","43.46","KITCHENER/WATERLOO","6144239","2024-03-21 11:00","2024","03","21","11:00","","-6.1","","-12.2","","63","","0.0","","30","","11","","16.1","","98.54","","","","-11","","NA"
"-80.38","43.46","KITCHENER/WATERLOO","6144239","2024-03-21 12:00","2024","03","21","12:00","","-5.5","","-11.3","","64","","0.0","","30","","17","","16.1","","98.57","","","","-12","","NA"
"-80.38","43.46","KITCHENER/WATERLOO","6144239","2024-03-21 13:00","2024","03","21","13:00","","-5.3","","-11.0","","65","","0.0","","31","","15","","16.1","","98.58","","","","-11","","NA"
"-80.38","43.46","KITCHENER/WATERLOO","6144239","2024-03-21 14:00","2024","03","21","14:00","","-5.2","","-10.9","","65","","0.0","","30","","18","","16.1","","98.56","","","","-11","","NA"
"-80.38","43.46","KITCHENER/WATERLOO","6144239","2024-03-21 15:00","2024","03","21","15:00","","-4.7","","-10.3","","65","","0.0","","32","","18","","16.1","","98.59","","","","-11","","Snow"
"-80.38","43.46","KITCHENER/WATERLOO","6144239","2024-03-21 16:00","2024","03","21","16:00","","-4.5","","-10.4","","64","","0.0","","31","","21","","16.1","","98.61","","","","-11","","NA"
"-80.38","43.46","KITCHENER/WATERLOO","6144239","2024-03-21 17:00","2024","03","21","17:00","","-5.3","","-11.1","","64","","0.0","","31","","18","","16.1","","98.67","","","","-12","","NA"
"-80.38","43.46","KITCHENER/WATERLOO","6144239","2024-03-21 18:00","2024","03","21","18:00","","-5.5","","-11.3","","64","","0.0","","31","","13","","16.1","","98.71","","","","-11","","NA"
"-80.38","43.46","KITCHENER/WATERLOO","6144239","2024-03-21 19:00","2024","03","21","19:00","","-6.3","","-11.7","","66","","0.0","","32","","9","","16.1","","98.77","","","","-11","","NA"
"-80.38","43.46","KITCHENER/WATERLOO","6144239","2024-03-21 20:00","2024","03","21","20:00","","-7.4","","-11.3","","74","","0.0","","","","0","","16.1","","98.79","","","","","","NA"
"-80.38","43.46","KITCHENER/WATERLOO","6144239","2024-03-21 21:00","2024","03","21","21:00","","-9.0","","-11.2","","84","","0.0","","13","","4","","16.1","","98.84","","","","-11","","NA"
"-80.38","43.46","KITCHENER/WATERLOO","6144239","2024-03-21 22:00","2024","03","21","22:00","","-9.8","","-10.4","","96","","0.0","","13","","4","","16.1","","98.85","","","","-12","","NA"
"-80.38","43.46","KITCHENER/WATERLOO","6144239","2024-03-21 23:00","2024","03","21","23:00","","-10.1","","-10.6","","96","","0.0","","","","0","","16.1","","98.88","","","","","","NA"
"-80.38","43.46","KITCHENER/WATERLOO","6144239","2024-03-22 00:00","2024","03","22","00:00","","-10.8","","-11.6","","94","","0.0","","5","","5","","16.1","","98.88","","","","-14","","NA"
"-80.38","43.46","KITCHENER/WATERLOO","6144239","2024-03-22 01:00","2024","03","22","01:00","","-11.0","","-12.2","","91","","0.0","","","M","4","","16.1","","98.90","","","","-13","","NA"
"-80.38","43.46","KITCHENER/WATERLOO","6144239","2024-03-22 02:00","2024","03","22","02:00","","-10.9","","-12.0","","92","","0.0","","","M","4","","16.1","","98.89","","","","-13","","NA"
"-80.38","43.46","KITCHENER/WATERLOO","6144239","2024-03-22 03:00","2024","03","22","03:00","","-10.7","","-11.7","","92","","0.0","","7","","8","","16.1","","98.84","","","","-15","","NA"
"-80.38","43.46","KITCHENER/WATERLOO","6144239","2024-03-22 04:00","2024","03","22","04:00","","-10.0","","-11.2","","91","","0.0","","7","","5","","16.1","","98.75","","","","-13","","NA"
"-80.38","43.46","KITCHENER/WATERLOO","6144239","2024-03-22 05:00","2024","03","22","05:00","","-8.6","","-10.2","","88","","0.0","","5","","4","","16.1","","98.80","","","","-11","","NA"
"-80.38","43.46","KITCHENER/WATERLOO","6144239","2024-03-22 06:00","2024","03","22","06:00","","-7.7","","-9.8","","85","","0.0","","","M","4","","16.1","","98.83","","","","-10","","NA"
"-80.38","43.46","KITCHENER/WATERLOO","6144239","2024-03-22 07:00","2024","03","22","07:00","","-6.7","","-9.3","","82","","0.0","","13","","5","","16.1","","98.81","","","","-9","","NA"
"-80.38","43.46","KITCHENER/WATERLOO","6144239","2024-03-22 08:00","2024","03","22","08:00","","-5.3","","-10.9","","65","","0.0","","11","","13","","16.1","","98.78","","","","-10","","NA"
"-80.38","43.46","KITCHENER/WATERLOO","6144239","2024-03-22 09:00","2024","03","22","09:00","","-4.9","","-9.0","","73","","0.0","","13","","21","","12.9","","98.79","","","","-12","","Snow"
"-80.38","43.46","KITCHENER/WATERLOO","6144239","2024-03-22 10:00","2024","03","22","10:00","","-5.1","","-7.6","","83","","0.0","","14","","13","","16.1","","98.72","","","","-10","","Snow"
"-80.38","43.46","KITCHENER/WATERLOO","6144239","2024-03-22 11:00","2024","03","22","11:00","","-4.7","","-8.0","","78","","0.0","","13","","18","","16.1","","98.66","","","","-11","","Snow"
"-80.38","43.46","KITCHENER/WATERLOO","6144239","2024-03-22 12:00","2024","03","22","12:00","","-4.3","","-7.8","","77","","0.0","","11","","18","","16.1","","98.56","","","","-10","","Snow"
"-80.38","43.46","KITCHENER/WATERLOO","6144239","2024-03-22 13:00","2024","03","22","13:00","","-4.4","","-8.4","","74","","0.0","","10","","22","","14.5","","98.49","","","","-11","","Snow"
"-80.38","43.46","KITCHENER/WATERLOO","6144239","2024-03-22 14:00","2024","03","22","14:00","","-4.2","","-7.0","","81","","0.0","","11","","13","","11.3","","98.42","","","","-9","","Snow"
"-80.38","43.46","KITCHENER/WATERLOO","6144239","2024-03-22 15:00","2024","03","22","15:00","","-4.9","","-7.4","","83","","0.0","","8","","24","","4.8","","98.34","","","","-12","","Snow"
"-80.38","43.46","KITCHENER/WATERLOO","6144239","2024-03-22 16:00","2024","03","22","16:00","","-5.5","","-7.0","","89","","0.2","","7","","24","","1.6","","98.33","","","","-13","","Snow"
"-80.38","43.46","KITCHENER/WATERLOO","6144239","2024-03-22 17:00","2024","03","22","17:00","","-5.3","","-6.5","","91","","0.2","","7","","13","","1.6","","98.28","","","","-10","","Snow"
"-80.38","43.46","KITCHENER/WATERLOO","6144239","2024-03-22 18:00","2024","03","22","18:00","","-5.2","","-6.9","","88","","0.0","","8","","21","","3.2","","98.27","","","","-12","","Snow"
"-80.38","43.46","KITCHENER/WATERLOO","6144239","2024-03-22 19:00","2024","03","22","19:00","","-5.2","","-6.6","","90","","0.2","","6","","13","","4.8","","98.22","","","","-10","","Snow"
"-80.38","43.46","KITCHENER/WATERLOO","6144239","2024-03-22 20:00","2024","03","22","20:00","","-5.0","","-6.4","","90","","0.0","","6","","18","","9.7","","98.16","","","","-11","","Snow"
"-80.38","43.46","KITCHENER/WATERLOO","6144239","2024-03-22 21:00","2024","03","22","21:00","","-4.8","","-6.3","","89","","0.0","","6","","17","","6.4","","98.17","","","","-11","","Snow"
"-80.38","43.46","KITCHENER/WATERLOO","6144239","2024-03-22 22:00","2024","03","22","22:00","","-5.3","","-6.7","","90","","0.2","","6","","15","","4.8","","98.13","","","","-11","","Snow"
"-80.38","43.46","KITCHENER/WATERLOO","6144239","2024-03-22 23:00","2024","03","22","23:00","","-5.5","","-7.0","","89","","0.2","","5","","15","","14.5","","98.08","","","","-11","","Snow"
"-80.38","43.46","KITCHENER/WATERLOO","6144239","2024-03-23 00:00","2024","03","23","00:00","","-5.8","","-7.3","","89","","0.0","","3","","9","","16.1","","98.08","","","","-10","","Snow"
"-80.38","43.46","KITCHENER/WATERLOO","6144239","2024-03-23 01:00","2024","03","23","01:00","","-5.8","","-7.3","","89","","0.0","","4","","15","","16.1","","98.01","","","","-12","","Snow"
"-80.38","43.46","KITCHENER/WATERLOO","6144239","2024-03-23 02:00","2024","03","23","02:00","","-6.0","","-7.7","","88","","0.0","","1","","11","","16.1","","98.04","","","","-11","","NA"
"-80.38","43.46","KITCHENER/WATERLOO","6144239","2024-03-23 03:00","2024","03","23","03:00","","-6.3","","-8.1","","87","","0.0","","1","","13","","16.1","","98.02","","","","-12","","NA"
"-80.38","43.46","KITCHENER/WATERLOO","6144239","2024-03-23 04:00","2024","03","23","04:00","","-7.6","","-9.3","","88","","0.0","","36","","11","","16.1","","98.00","","","","-13","","NA"
"-80.38","43.46","KITCHENER/WATERLOO","6144239","2024-03-23 05:00","2024","03","23","05:00","","-9.4","","-10.3","","93","","0.0","","30","","5","","16.1","","98.03","","","","-12","","NA"
"-80.38","43.46","KITCHENER/WATERLOO","6144239","2024-03-23 06:00","2024","03","23","06:00","","-9.7","","-10.1","","97","","0.0","","34","","5","","16.1","","98.09","","","","-13","","NA"
"-80.38","43.46","KITCHENER/WATERLOO","6144239","2024-03-23 07:00","2024","03","23","07:00","","-8.8","","-10.0","","91","","0.0","","36","","9","","16.1","","98.15","","","","-13","","NA"
"-80.38","43.46","KITCHENER/WATERLOO","6144239","2024-03-23 08:00","2024","03","23","08:00","","-8.4","","-9.6","","91","","0.0","","33","","9","","16.1","","98.20","","","","-13","","NA"
"-80.38","43.46","KITCHENER/WATERLOO","6144239","2024-03-23 09:00","2024","03","23","09:00","","-6.8","","-9.2","","83","","0.0","","32","","13","","16.1","","98.21","","","","-12","","NA"
"-80.38","43.46","KITCHENER/WATERLOO","6144239","2024-03-23 10:00","2024","03","23","10:00","","-5.1","","-9.0","","74","","0.0","","35","","11","","16.1","","98.24","","","","-10","","NA"
"-80.38","43.46","KITCHENER/WATERLOO","6144239","2024-03-23 11:00","2024","03","23","11:00","","-3.7","","-8.7","","68","","0.0","","31","","17","","16.1","","98.25","","","","-9","","NA"
"-80.38","43.46","KITCHENER/WATERLOO","6144239","2024-03-23 12:00","2024","03","23","12:00","","-2.2","","-8.5","","62","","0.0","","32","","17","","16.1","","98.22","","","","-8","","NA"
"-80.38","43.46","KITCHENER/WATERLOO","6144239","2024-03-23 13:00","2024","03","23","13:00","","-1.4","","-6.5","","69","","0.0","","32","","22","","16.1","","98.18","","","","-7","","NA"
"-80.38","43.46","KITCHENER/WATERLOO","6144239","2024-03-23 14:00","2024","03","23","14:00","","-0.6","","-6.4","","65","","0.0","","34","","24","","16.1","","98.18","","","","-7","","NA"
"-80.38","43.46","KITCHENER/WATERLOO","6144239","2024-03-23 15:00","2024","03","23","15:00","","0.0","","-6.2","","63","","0.0","","31","","24","","16.1","","98.16","","","","-6","","NA"
"-80.38","43.46","KITCHENER/WATERLOO","6144239","2024-03-23 16:00","2024","03","23","16:00","","-0.9","","-8.1","","58","","0.0","","30","","26","","16.1","","98.20","","","","-7","","NA"
"-80.38","43.46","KITCHENER/WATERLOO","6144239","2024-03-23 17:00","2024","03","23","17:00","","-0.7","","-8.9","","54","","0.0","","30","","24","","16.1","","98.21","","","","-7","","NA"
"-80.38","43.46","KITCHENER/WATERLOO","6144239","2024-03-23 18:00","2024","03","23","18:00","","-2.0","","-6.3","","73","","0.0","","33","","18","","16.1","","98.31","","","","-7","","Snow"
"-80.38","43.46","KITCHENER/WATERLOO","6144239","2024-03-23 19:00","2024","03","23","19:00","","-3.5","","-10.6","","58","","0.0","","31","","26","","16.1","","98.37","","","","-11","","NA"
"-80.38","43.46","KITCHENER/WATERLOO","6144239","2024-03-23 20:00","2024","03","23","20:00","","-4.6","","-11.0","","61","","0.0","","31","","17","","16.1","","98.44","","","","-10","","NA"
"-80.38","43.46","KITCHENER/WATERLOO","6144239","2024-03-23 21:00","2024","03","23","21:00","","-5.3","","-11.9","","60","","0.0","","31","","13","","16.1","","98.50","","","","-10","","NA"
"-80.38","43.46","KITCHENER/WATERLOO","6144239","2024-03-23 22:00","2024","03","23","22:00","","-6.2","","-11.9","","64","","0.0","","32","","11","","16.1","","98.50","","","","-11","","NA"
"-80.38","43.46","KITCHENER/WATERLOO","6144239","2024-03-23 23:00","2024","03","23","23:00","","-6.8","","-12.0","","67","","0.0","","32","","8","","16.1","","98.52","","","","-11","","NA"
"-80.38","43.46","KITCHENER/WATERLOO","6144239","2024-03-24 00:00","2024","03","24","00:00","","-7.7","","-11.9","","72","","0.0","","30","","11","","16.1","","98.54","","","","-13","","NA"
"-80.38","43.46","KITCHENER/WATERLOO","6144239","2024-03-24 01:00","2024","03","24","01:00","","-7.9","","-11.8","","74","","0.0","","30","","11","","16.1","","98.57","","","","-13","","NA"
"-80.38","43.46","KITCHENER/WATERLOO","6144239","2024-03-24 02:00","2024","03","24","02:00","","-7.8","","-12.0","","72","","0.0","","32","","9","","16.1","","98.60","","","","-12","","NA"
"-80.38","43.46","KITCHENER/WATERLOO","6144239","2024-03-24 03:00","2024","03","24","03:00","","-8.8","","-12.1","","77","","0.0","","29","","8","","16.1","","98.62","","","","-13","","NA"
"-80.38","43.46","KITCHENER/WATERLOO","6144239","2024-03-24 04:00","2024","03","24","04:00","","-9.3","","-11.8","","82","","0.0","","","M","4","","16.1","","98.61","","","","-12","","NA"
"-80.38","43.46","KITCHENER/WATERLOO","6144239","2024-03-24 05:00","2024","03","24","05:00","","-10.4","","-11.9","","89","","0.0","","","","0","","16.1","","98.68","","","","","","NA"
"-80.38","43.46","KITCHENER/WATERLOO","6144239","2024-03-24 06:00","2024","03","24","06:00","","-9.8","","-11.2","","90","","0.0","","32","","4","","16.1","","98.73","","","","-12","","NA"
"-80.38","43.46","KITCHENER/WATERLOO","6144239","2024-03-24 07:00","2024","03","24","07:00","","-8.9","","-11.0","","85","","0.0","","35","","5","","16.1","","98.79","","","","-12","","NA"
"-80.38","43.46","KITCHENER/WATERLOO","6144239","2024-03-24 08:00","2024","03","24","08:00","","-6.0","","-11.6","","65","","0.0","","7","","5","","16.1","","98.86","","","","-8","","NA"
"-80.38","43.46","KITCHENER/WATERLOO","6144239","2024-03-24 09:00","2024","03","24","09:00","","-3.7","","-11.6","","55","","0.0","","","M","9","","16.1","","98.90","","","","-7","","NA"
"-80.38","43.46","KITCHENER/WATERLOO","6144239","2024-03-24 10:00","2024","03","24","10:00","","-2.7","","-11.1","","53","","0.0","","","M","8","","16.1","","98.95","","","","-6","","NA"
"-80.38","43.46","KITCHENER/WATERLOO","6144239","2024-03-24 11:00","2024","03","24","11:00","","-1.6","","-11.5","","47","","0.0","","","","0","","16.1","","98.96","","","","","","NA"
"-80.38","43.46","KITCHENER/WATERLOO","6144239","2024-03-24 12:00","2024","03","24","12:00","","-0.7","","-13.8","","37","","0.0","","6","","8","","16.1","","98.94","","","","-4","","NA"
"-80.38","43.46","KITCHENER/WATERLOO","6144239","2024-03-24 13:00","2024","03","24","13:00","","0.8","","-11.7","","39","","0.0","","13","","13","","16.1","","98.87","","","","","","NA"
"-80.38","43.46","KITCHENER/WATERLOO","6144239","2024-03-24 14:00","2024","03","24","14:00","","1.0","","-10.7","","41","","0.0","","11","","5","","16.1","","98.82","","","","","","NA"
"-80.38","43.46","KITCHENER/WATERLOO","6144239","2024-03-24 15:00","2024","03","24","15:00","","2.0","","-11.0","","38","","0.0","","18","","11","","16.1","","98.80","","","","","","NA"
"-80.38","43.46","KITCHENER/WATERLOO","6144239","2024-03-24 16:00","2024","03","24","16:00","","1.7","","-10.3","","41","","0.0","","15","","11","","16.1","","98.76","","","","","","NA"
"-80.38","43.46","KITCHENER/WATERLOO","6144239","2024-03-24 17:00","2024","03","24","17:00","","0.7","","-10.5","","43","","0.0","","13","","15","","16.1","","98.80","","","","","","NA"
"-80.38","43.46","KITCHENER/WATERLOO","6144239","2024-03-24 18:00","2024","03","24","18:00","","-1.0","","-15.4","","33","","0.0","","11","","17","","16.1","","98.76","","","","-6","","NA"
"-80.38","43.46","KITCHENER/WATERLOO","6144239","2024-03-24 19:00","2024","03","24","19:00","","-1.9","","-11.5","","48","","0.0","","11","","22","","16.1","","98.75","","","","-8","","NA"
"-80.38","43.46","KITCHENER/WATERLOO","6144239","2024-03-24 20:00","2024","03","24","20:00","","-2.9","","-12.2","","49","","0.0","","10","","21","","16.1","","98.79","","","","-9","","NA"
"-80.38","43.46","KITCHENER/WATERLOO","6144239","2024-03-24 21:00","2024","03","24","21:00","","-2.8","","-12.1","","49","","0.0","","9","","18","","16.1","","98.79","","","","-8","","NA"
"-80.38","43.46","KITCHENER/WATERLOO","6144239","2024-03-24 22:00","2024","03","24","22:00","","-2.1","","-12.3","","46","","0.0","","9","","21","","16.1","","98.77","","","","-8","","NA"
"-80.38","43.46","KITCHENER/WATERLOO","6144239","2024-03-24 23:00","2024","03","24","23:00","","-2.0","","-10.6","","52","","0.0","","9","","24","","16.1","","98.77","","","","-8","","NA"
"-80.38","43.46","KITCHENER/WATERLOO","6144239","2024-03-25 00:00","2024","03","25","00:00","","-1.8","","-10.1","","53","","0.0","","10","","22","","16.1","","98.70","","","","-8","","NA"
"-80.38","43.46","KITCHENER/WATERLOO","6144239","2024-03-25 01:00","2024","03","25","01:00","","-1.7","","-10.6","","51","","0.0","","10","","24","","16.1","","98.63","","","","-8","","NA"
"-80.38","43.46","KITCHENER/WATERLOO","6144239","2024-03-25 02:00","2024","03","25","02:00","","-2.0","","-9.4","","57","","0.0","","9","","22","","16.1","","98.61","","","","-8","","NA"
"-80.38","43.46","KITCHENER/WATERLOO","6144239","2024-03-25 03:00","2024","03","25","03:00","","-2.3","","-7.8","","66","","0.0","","9","","18","","16.1","","98.54","","","","-8","","NA"
"-80.38","43.46","KITCHENER/WATERLOO","6144239","2024-03-25 04:00","2024","03","25","04:00","","-2.8","","-7.4","","71","","0.0","","8","","21","","16.1","","98.47","","","","-9","","NA"
"-80.38","43.46","KITCHENER/WATERLOO","6144239","2024-03-25 05:00","2024","03","25","05:00","","-3.0","","-6.8","","75","","0.0","","9","","17","","16.1","","98.45","","","","-9","","NA"
"-80.38","43.46","KITCHENER/WATERLOO","6144239","2024-03-25 06:00","2024","03","25","06:00","","-3.1","","-6.2","","79","","0.0","","9","","13","","16.1","","98.49","","","","-8","","NA"
"-80.38","43.46","KITCHENER/WATERLOO","6144239","2024-03-25 07:00","2024","03","25","07:00","","-2.4","","-5.7","","78","","0.0","","9","","15","","16.1","","98.45","","","","-7","","NA"
"-80.38","43.46","KITCHENER/WATERLOO","6144239","2024-03-25 08:00","2024","03","25","08:00","","0.3","","-4.7","","69","","0.0","","10","","21","","16.1","","98.47","","","","","","NA"
"-80.38","43.46","KITCHENER/WATERLOO","6144239","2024-03-25 09:00","2024","03","25","09:00","","2.7","","-4.6","","59","","0.0","","11","","17","","16.1","","98.42","","","","","","NA"
"-80.38","43.46","KITCHENER/WATERLOO","6144239","2024-03-25 10:00","2024","03","25","10:00","","6.0","","-5.0","","45","","0.0","","15","","21","","16.1","","98.44","","","","","","NA"
"-80.38","43.46","KITCHENER/WATERLOO","6144239","2024-03-25 11:00","2024","03","25","11:00","","7.3","","-4.7","","42","","0.0","","12","","24","","16.1","","98.36","","","","","","NA"
"-80.38","43.46","KITCHENER/WATERLOO","6144239","2024-03-25 12:00","2024","03","25","12:00","","8.5","","-4.0","","41","","0.0","","13","","26","","16.1","","98.28","","","","","","NA"
"-80.38","43.46","KITCHENER/WATERLOO","6144239","2024-03-25 13:00","2024","03","25","13:00"
"-80.38","43.46","KITCHENER/WATERLOO","6144239","2024-03-25 14:00","2024","03","25","14:00","","10.7","","-2.7","","39","","0.0","","12","","26","","16.1","","98.12","","","","","","NA"
"-80.38","43.46","KITCHENER/WATERLOO","6144239","2024-03-25 15:00","2024","03","25","15:00","","10.8","","-2.0","","41","","0.0","","12","","17","","16.1","","98.07","","","","","","NA"
"-80.38","43.46","KITCHENER/WATERLOO","6144239","2024-03-25 16:00","2024","03","25","16:00","","9.9","","-2.1","","43","","0.0","","10","","24","","16.1","","98.10","","","","","","NA"
"-80.38","43.46","KITCHENER/WATERLOO","6144239","2024-03-25 17:00","2024","03","25","17:00","","9.4","","-1.3","","47","","0.0","","9","","18","","16.1","","98.10","","","","","","NA"
"-80.38","43.46","KITCHENER/WATERLOO","6144239","2024-03-25 18:00","2024","03","25","18:00","","6.7","","-2.2","","53","","0.0","","9","","22","","16.1","","98.01","","","","","","NA"
"-80.38","43.46","KITCHENER/WATERLOO","6144239","2024-03-25 19:00","2024","03","25","19:00","","5.0","","-2.4","","59","","0.0","","9","","22","","16.1","","97.95","","","","","","NA"
"-80.38","43.46","KITCHENER/WATERLOO","6144239","2024-03-25 20:00","2024","03","25","20:00","","4.3","","-2.3","","62","","0.0","","9","","22","","16.1","","97.92","","","","","","NA"
"-80.38","43.46","KITCHENER/WATERLOO","6144239","2024-03-25 21:00","2024","03","25","21:00","","4.2","","-2.0","","64","","0.0","","9","","22","","16.1","","97.86","","","","","","NA"
"-80.38","43.46","KITCHENER/WATERLOO","6144239","2024-03-25 22:00","2024","03","25","22:00","","3.1","","-1.2","","73","","0.0","","8","","18","","16.1","","97.73","","","","","","NA"
"-80.38","43.46","KITCHENER/WATERLOO","6144239","2024-03-25 23:00","2024","03","25","23:00","","2.1","","-1.3","","78","","0.0","","10","","13","","16.1","","97.79","","","","","","NA"
"-80.38","43.46","KITCHENER/WATERLOO","6144239","2024-03-26 00:00","2024","03","26","00:00","","2.5","","-0.8","","79","","0.0","","10","","13","","16.1","","97.72","","","","","","NA"
"-80.38","43.46","KITCHENER/WATERLOO","6144239","2024-03-26 01:00","2024","03","26","01:00","","5.3","","-1.8","","60","","0.0","","13","","15","","16.1","","97.75","","","","","","NA"
"-80.38","43.46","KITCHENER/WATERLOO","6144239","2024-03-26 02:00","2024","03","26","02:00","","5.9","","-2.2","","56","","0.0","","11","","13","","16.1","","97.66","","","","","","NA"
"-80.38","43.46","KITCHENER/WATERLOO","6144239","2024-03-26 03:00","2024","03","26","03:00","","5.6","","-2.5","","56","","0.0","","11","","15","","16.1","","97.64","","","","","","NA"
"-80.38","43.46","KITCHENER/WATERLOO","6144239","2024-03-26 04:00","2024","03","26","04:00","","5.2","","-2.6","","57","","0.0","","10","","17","","16.1","","97.52","","","","","","NA"
"-80.38","43.46","KITCHENER/WATERLOO","6144239","2024-03-26 05:00","2024","03","26","05:00","","5.1","","-2.8","","57","","0.0","","11","","18","","16.1","","97.49","","","","","","NA"
"-80.38","43.46","KITCHENER/WATERLOO","6144239","2024-03-26 06:00","2024","03","26","06:00","","5.3","","-3.0","","55","","0.0","","11","","18","","16.1","","97.51","","","","","","NA"
"-80.38","43.46","KITCHENER/WATERLOO","6144239","2024-03-26 07:00","2024","03","26","07:00","","5.4","","-2.9","","55","","0.0","","14","","15","","16.1","","97.53","","","","","","NA"
"-80.38","43.46","KITCHENER/WATERLOO","6144239","2024-03-26 08:00","2024","03","26","08:00","","6.0","","-2.7","","54","","0.0","","13","","17","","16.1","","97.54","","","","","","NA"
"-80.38","43.46","KITCHENER/WATERLOO","6144239","2024-03-26 09:00","2024","03","26","09:00","","6.2","","-1.0","","60","","0.0","","15","","21","","16.1","","97.55","","","","","","Rain"
"-80.38","43.46","KITCHENER/WATERLOO","6144239","2024-03-26 10:00","2024","03","26","10:00","","5.0","","1.5","","78","","1.2","","14","","24","","16.1","","97.40","","","","","","Rain"
"-80.38","43.46","KITCHENER/WATERLOO","6144239","2024-03-26 11:00","2024","03","26","11:00","","5.2","","2.2","","81","","0.0","","15","","28","","16.1","","97.48","","","","","","NA"
"-80.38","43.46","KITCHENER/WATERLOO","6144239","2024-03-26 12:00","2024","03","26","12:00","","5.0","","3.2","","88","","0.0","","14","","21","","16.1","","97.40","","","","","","NA"
"-80.38","43.46","KITCHENER/WATERLOO","6144239","2024-03-26 13:00","2024","03","26","13:00","","5.5","","3.7","","88","","0.0","","13","","21","","16.1","","97.34","","","","","","NA"
"-80.38","43.46","KITCHENER/WATERLOO","6144239","2024-03-26 14:00","2024","03","26","14:00","","6.9","","4.9","","87","","0.0","","14","","21","","16.1","","97.26","","","","","","NA"
"-80.38","43.46","KITCHENER/WATERLOO","6144239","2024-03-26 15:00","2024","03","26","15:00","","7.7","","5.5","","86","","0.0","","15","","15","","16.1","","97.20","","","","","","Rain"
"-80.38","43.46","KITCHENER/WATERLOO","6144239","2024-03-26 16:00","2024","03","26","16:00","","7.9","","6.8","","93","","1.2","","14","","26","","16.1","","97.12","","","","","","Rain"
"-80.38","43.46","KITCHENER/WATERLOO","6144239","2024-03-26 17:00","2024","03","26","17:00","","7.8","","7.1","","95","","1.2","","15","","22","","16.1","","97.10","","","","","","Rain"
"-80.38","43.46","KITCHENER/WATERLOO","6144239","2024-03-26 18:00","2024","03","26","18:00","","7.5","","6.8","","95","","0.0","","14","","26","","16.1","","97.05","","","","","","Rain"
"-80.38","43.46","KITCHENER/WATERLOO","6144239","2024-03-26 19:00","2024","03","26","19:00","","7.3","","6.7","","96","","0.2","","14","","22","","16.1","","96.94","","","","","","Rain"
"-80.38","43.46","KITCHENER/WATERLOO","6144239","2024-03-26 20:00","2024","03","26","20:00","","7.5","","7.4","","99","","0.8","","14","","18","","6.4","","96.88","","","","","","Rain,Fog"
"-80.38","43.46","KITCHENER/WATERLOO","6144239","2024-03-26 21:00","2024","03","26","21:00","","8.3","","8.0","","98","","1.8","","17","","26","","11.3","","96.90","","","","","","Rain"
"-80.38","43.46","KITCHENER/WATERLOO","6144239","2024-03-26 22:00","2024","03","26","22:00","","7.9","","7.6","","98","","2.5","","16","","21","","16.1","","96.88","","","","","","Rain"
"-80.38","43.46","KITCHENER/WATERLOO","6144239","2024-03-26 23:00","2024","03","26","23:00","","8.2","","7.9","","98","","0.0","","17","","24","","16.1","","96.86","","","","","","NA"
"-80.38","43.46","KITCHENER/WATERLOO","6144239","2024-03-27 00:00","2024","03","27","00:00","","8.7","","8.4","","98","","0.0","","18","","18","","16.1","","96.85","","","","","","NA"
"-80.38","43.46","KITCHENER/WATERLOO","6144239","2024-03-27 01:00","2024","03","27","01:00","","9.0","","8.7","","98","","0.0","","19","","17","","16.1","","96.87","","","","","","Rain"
"-80.38","43.46","KITCHENER/WATERLOO","6144239","2024-03-27 02:00","2024","03","27","02:00","","8.6","","6.7","","88","","0.0","","20","","21","","16.1","","96.90","","","","","","Rain"
"-80.38","43.46","KITCHENER/WATERLOO","6144239","2024-03-27 03:00","2024","03","27","03:00","","7.5","","6.3","","92","","0.2","","21","","18","","16.1","","96.92","","","","","","Rain"
"-80.38","43.46","KITCHENER/WATERLOO","6144239","2024-03-27 04:00","2024","03","27","04:00","","6.4","","4.9","","90","","0.0","","21","","18","","16.1","","97.03","","","","","","NA"
"-80.38","43.46","KITCHENER/WATERLOO","6144239","2024-03-27 05:00","2024","03","27","05:00","","5.6","","4.5","","92","","0.0","","21","","21","","16.1","","97.11","","","","","","NA"
"-80.38","43.46","KITCHENER/WATERLOO","6144239","2024-03-27 06:00","2024","03","27","06:00","","5.0","","3.3","","89","","0.0","","22","","17","","16.1","","97.17","","","","","","NA"
"-80.38","43.46","KITCHENER/WATERLOO","6144239","2024-03-27 07:00","2024","03","27","07:00","","4.2","","2.4","","88","","0.0","","22","","22","","16.1","","97.27","","","","","","NA"
"-80.38","43.46","KITCHENER/WATERLOO","6144239","2024-03-27 08:00","2024","03","27","08:00","","4.8","","2.3","","84","","0.0","","22","","22","","16.1","","97.33","","","","","","NA"
"-80.38","43.46","KITCHENER/WATERLOO","6144239","2024-03-27 09:00","2024","03","27","09:00","","5.7","","2.5","","80","","0.0","","22","","30","","16.1","","97.40","","","","","","NA"
"-80.38","43.46","KITCHENER/WATERLOO","6144239","2024-03-27 10:00","2024","03","27","10:00","","6.0","","2.0","","76","","0.0","","22","","28","","16.1","","97.44","","","","","","NA"
"-80.38","43.46","KITCHENER/WATERLOO","6144239","2024-03-27 11:00","2024","03","27","11:00","","5.9","","2.1","","76","","0.0","","21","","30","","16.1","","97.52","","","","","","NA"
"-80.38","43.46","KITCHENER/WATERLOO","6144239","2024-03-27 12:00","2024","03","27","12:00","","4.6","","3.2","","91","","0.0","","23","","24","","8.1","","97.58","","","","","","Rain,Fog"
"-80.38","43.46","KITCHENER/WATERLOO","6144239","2024-03-27 13:00","2024","03","27","13:00","","4.3","","1.7","","83","","0.0","","22","","30","","16.1","","97.58","","","","","","NA"
"-80.38","43.46","KITCHENER/WATERLOO","6144239","2024-03-27 14:00","2024","03","27","14:00","","4.4","","0.4","","75","","0.0","","23","","26","","16.1","","97.56","","","","","","NA"
"-80.38","43.46","KITCHENER/WATERLOO","6144239","2024-03-27 15:00","2024","03","27","15:00","","3.5","","0.8","","83","","0.0","","26","","21","","16.1","","97.70","","","","","","NA"
"-80.38","43.46","KITCHENER/WATERLOO","6144239","2024-03-27 16:00","2024","03","27","16:00","","3.5","","0.7","","82","","0.0","","27","","18","","16.1","","97.77","","","","","","NA"
"-80.38","43.46","KITCHENER/WATERLOO","6144239","2024-03-27 17:00","2024","03","27","17:00","","3.8","","-0.5","","73","","0.0","","25","","22","","16.1","","97.81","","","","","","NA"
"-80.38","43.46","KITCHENER/WATERLOO","6144239","2024-03-27 18:00","2024","03","27","18:00","","2.8","","-0.5","","79","","0.0","","26","","15","","16.1","","97.86","","","","","","NA"
"-80.38","43.46","KITCHENER/WATERLOO","6144239","2024-03-27 19:00","2024","03","27","19:00","","2.0","","-1.4","","78","","0.0","","27","","21","","16.1","","97.91","","","","","","NA"
"-80.38","43.46","KITCHENER/WATERLOO","6144239","2024-03-27 20:00","2024","03","27","20:00","","1.5","","-2.1","","77","","0.0","","29","","17","","16.1","","97.94","","","","","","NA"
"-80.38","43.46","KITCHENER/WATERLOO","6144239","2024-03-27 21:00","2024","03","27","21:00","","1.3","","-2.9","","73","","0.0","","28","","18","","16.1","","97.98","","","","","","NA"
"-80.38","43.46","KITCHENER/WATERLOO","6144239","2024-03-27 22:00","2024","03","27","22:00","","1.3","","-3.9","","69","","0.0","","27","","17","","16.1","","97.99","","","","","","NA"
"-80.38","43.46","KITCHENER/WATERLOO","6144239","2024-03-27 23:00","2024","03","27","23:00","","1.1","","-3.4","","72","","0.0","","29","","18","","16.1","","98.00","","","","","","NA"
"-80.38","43.46","KITCHENER/WATERLOO","6144239","2024-03-28 00:00","2024","03","28","00:00","","0.6","","-4.6","","68","","0.0","","26","","18","","16.1","","98.03","","","","","","NA"
"-80.38","43.46","KITCHENER/WATERLOO","6144239","2024-03-28 01:00","2024","03","28","01:00","","0.2","","-5.6","","65","","0.0","","26","","18","","16.1","","98.11","","","","","","NA"
"-80.38","43.46","KITCHENER/WATERLOO","6144239","2024-03-28 02:00","2024","03","28","02:00","","-0.1","","-5.9","","65","","0.0","","27","","15","","16.1","","98.10","","","","-5","","NA"
"-80.38","43.46","KITCHENER/WATERLOO","6144239","2024-03-28 03:00","2024","03","28","03:00","","-0.2","","-5.8","","66","","0.0","","26","","11","","16.1","","98.08","","","","-4","","NA"
"-80.38","43.46","KITCHENER/WATERLOO","6144239","2024-03-28 04:00","2024","03","28","04:00","","-1.8","","-7.0","","68","","0.0","","26","","9","","16.1","","98.05","","","","-5","","NA"
"-80.38","43.46","KITCHENER/WATERLOO","6144239","2024-03-28 05:00","2024","03","28","05:00","","-1.6","","-6.6","","69","","0.0","","20","","5","","16.1","","98.06","","","","-3","","NA"
"-80.38","43.46","KITCHENER/WATERLOO","6144239","2024-03-28 06:00","2024","03","28","06:00","","-2.5","","-6.1","","76","","0.0","","20","","5","","16.1","","98.06","","","","-4","","NA"
"-80.38","43.46","KITCHENER/WATERLOO","6144239","2024-03-28 07:00","2024","03","28","07:00","","-1.9","","-5.0","","79","","0.0","","19","","5","","16.1","","98.08","","","","-4","","NA"
"-80.38","43.46","KITCHENER/WATERLOO","6144239","2024-03-28 08:00","2024","03","28","08:00","","0.6","","-4.9","","67","","0.0","","22","","15","","16.1","","98.09","","","","","","NA"
"-80.38","43.46","KITCHENER/WATERLOO","6144239","2024-03-28 09:00","2024","03","28","09:00","","2.4","","-4.7","","59","","0.0","","22","","21","","16.1","","98.08","","","","","","NA"
"-80.38","43.46","KITCHENER/WATERLOO","6144239","2024-03-28 10:00","2024","03","28","10:00","","4.3","","-4.4","","53","","0.0","","20","","24","","16.1","","98.06","","","","","","NA"
"-80.38","43.46","KITCHENER/WATERLOO","6144239","2024-03-28 11:00","2024","03","28","11:00","","5.2","","-4.5","","50","","0.0","","22","","24","","16.1","","97.98","","","","","","NA"
"-80.38","43.46","KITCHENER/WATERLOO","6144239","2024-03-28 12:00","2024","03","28","12:00","","4.9","","-5.1","","48","","0.0","","26","","24","","16.1","","97.90","","","","","","NA"
"-80.38","43.46","KITCHENER/WATERLOO","6144239","2024-03-28 13:00","2024","03","28","13:00","","6.5","","-4.8","","44","","0.0","","24","","22","","16.1","","97.85","","","","","","NA"
"-80.38","43.46","KITCHENER/WATERLOO","6144239","2024-03-28 14:00","2024","03","28","14:00","","6.2","","-4.4","","47","","0.0","","24","","22","","16.1","","97.77","","","","","","NA"
"-80.38","43.46","KITCHENER/WATERLOO","6144239","2024-03-28 15:00","2024","03","28","15:00","","6.8","","-5.0","","43","","0.0","","24","","24","","16.1","","97.70","","","","","","NA"
"-80.38","43.46","KITCHENER/WATERLOO","6144239","2024-03-28 16:00","2024","03","28","16:00","","7.4","","-6.1","","38","","0.0","","23","","24","","16.1","","97.63","","","","","","NA"
"-80.38","43.46","KITCHENER/WATERLOO","6144239","2024-03-28 17:00","2024","03","28","17:00","","6.8","","-7.6","","35","","0.0","","23","","24","","16.1","","97.61","","","","","","NA"
"-80.38","43.46","KITCHENER/WATERLOO","6144239","2024-03-28 18:00","2024","03","28","18:00","","5.5","","-6.4","","42","","0.0","","25","","17","","16.1","","97.61","","","","","","NA"
"-80.38","43.46","KITCHENER/WATERLOO","6144239","2024-03-28 19:00","2024","03","28","19:00","","4.5","","-6.1","","46","","0.0","","26","","15","","16.1","","97.60","","","","","","NA"
"-80.38","43.46","KITCHENER/WATERLOO","6144239","2024-03-28 20:00","2024","03","28","20:00","","2.3","","-7.4","","49","","0.0","","28","","8","","16.1","","97.64","","","","","","NA"
"-80.38","43.46","KITCHENER/WATERLOO","6144239","2024-03-28 21:00","2024","03","28","21:00","","-0.4","","-6.6","","63","","0.0","","13","","4","","16.1","","97.65","","","","-2","","NA"
"-80.38","43.46","KITCHENER/WATERLOO","6144239","2024-03-28 22:00","2024","03","28","22:00","","-1.6","","-6.2","","71","","0.0","","21","","4","","16.1","","97.65","","","","-3","","NA"
"-80.38","43.46","KITCHENER/WATERLOO","6144239","2024-03-28 23:00","2024","03","28","23:00","","-1.5","","-5.4","","75","","0.0","","22","","5","","16.1","","97.65","","","","-3","","NA"
"-80.38","43.46","KITCHENER/WATERLOO","6144239","2024-03-29 00:00","2024","03","29","00:00","","-1.0","","-6.6","","66","","0.0","","27","","11","","16.1","","97.62","","","","-5","","NA"
"-80.38","43.46","KITCHENER/WATERLOO","6144239","2024-03-29 01:00","2024","03","29","01:00","","-0.4","","-5.8","","67","","0.0","","29","","11","","16.1","","97.61","","","","-4","","NA"
"-80.38","43.46","KITCHENER/WATERLOO","6144239","2024-03-29 02:00","2024","03","29","02:00","","-1.4","","-5.6","","73","","0.0","","30","","13","","16.1","","97.58","","","","-6","","NA"
"-80.38","43.46","KITCHENER/WATERLOO","6144239","2024-03-29 03:00","2024","03","29","03:00","","-1.2","","-4.2","","80","","0.0","","34","","22","","16.1","","97.58","","","","-7","","NA"
"-80.38","43.46","KITCHENER/WATERLOO","6144239","2024-03-29 04:00","2024","03","29","04:00","","-1.7","","-3.6","","87","","0.0","","33","","15","","16.1","","97.63","","","","-7","","NA"
"-80.38","43.46","KITCHENER/WATERLOO","6144239","2024-03-29 05:00","2024","03","29","05:00","","-2.2","","-5.2","","80","","0.0","","34","","8","","16.1","","97.65","","","","-5","","NA"
"-80.38","43.46","KITCHENER/WATERLOO","6144239","2024-03-29 06:00","2024","03","29","06:00","","-3.7","","-5.4","","88","","0.0","","29","","8","","16.1","","97.67","","","","-7","","NA"
"-80.38","43.46","KITCHENER/WATERLOO","6144239","2024-03-29 07:00","2024","03","29","07:00","","-2.2","","-4.3","","86","","0.0","","29","","8","","16.1","","97.71","","","","-5","","NA"
"-80.38","43.46","KITCHENER/WATERLOO","6144239","2024-03-29 08:00","2024","03","29","08:00","","-0.9","","-4.8","","75","","0.0","","28","","13","","16.1","","97.72","","","","-5","","NA"
"-80.38","43.46","KITCHENER/WATERLOO","6144239","2024-03-29 09:00","2024","03","29","09:00","","-0.3","","-4.2","","75","","0.0","","30","","15","","16.1","","97.72","","","","-5","","NA"
"-80.38","43.46","KITCHENER/WATERLOO","6144239","2024-03-29 10:00","2024","03","29","10:00","","1.6","","-4.9","","62","","0.0","","29","","28","","16.1","","97.71","","","","","","NA"
"-80.38","43.46","KITCHENER/WATERLOO","6144239","2024-03-29 11:00","2024","03","29","11:00","","1.9","","-5.6","","58","","0.0","","30","","26","","16.1","","97.74","","","","","","NA"
"-80.38","43.46","KITCHENER/WATERLOO","6144239","2024-03-29 12:00","2024","03","29","12:00","","3.1","","-4.9","","56","","0.0","","29","","24","","16.1","","97.71","","","","","","NA"
"-80.38","43.46","KITCHENER/WATERLOO","6144239","2024-03-29 13:00","2024","03","29","13:00","","3.0","","-4.9","","56","","0.0","","29","","24","","16.1","","97.69","","","","","","NA"
"-80.38","43.46","KITCHENER/WATERLOO","6144239","2024-03-29 14:00","2024","03","29","14:00","","3.2","","-4.8","","56","","0.0","","29","","26","","16.1","","97.67","","","","","","NA"
"-80.38","43.46","KITCHENER/WATERLOO","6144239","2024-03-29 15:00","2024","03","29","15:00","","3.6","","-4.5","","56","","0.0","","29","","34","","16.1","","97.66","","","","","","NA"
"-80.38","43.46","KITCHENER/WATERLOO","6144239","2024-03-29 16:00","2024","03","29","16:00","","3.4","","-4.4","","57","","0.0","","29","","28","","16.1","","97.65","","","","","","NA"
"-80.38","43.46","KITCHENER/WATERLOO","6144239","2024-03-29 17:00","2024","03","29","17:00","","3.0","","-4.5","","58","","0.0","","29","","22","","16.1","","97.64","","","","","","NA"
"-80.38","43.46","KITCHENER/WATERLOO","6144239","2024-03-29 18:00","2024","03","29","18:00","","2.5","","-4.3","","61","","0.0","","32","","21","","16.1","","97.69","","","","","","NA"
"-80.38","43.46","KITCHENER/WATERLOO","6144239","2024-03-29 19:00","2024","03","29","19:00","","-0.2","","-5.2","","69","","0.0","","32","","13","","16.1","","97.69","","","","-4","","NA"
"-80.38","43.46","KITCHENER/WATERLOO","6144239","2024-03-29 20:00","2024","03","29","20:00","","-1.3","","-5.4","","74","","0.0","","31","","8","","16.1","","97.70","","","","-4","","NA"
"-80.38","43.46","KITCHENER/WATERLOO","6144239","2024-03-29 21:00","2024","03","29","21:00","","-2.9","","-4.8","","87","","0.0","","28","","5","","16.1","","97.73","","","","-5","","NA"
"-80.38","43.46","KITCHENER/WATERLOO","6144239","2024-03-29 22:00","2024","03","29","22:00","","-2.0","","-4.7","","82","","0.0","","30","","8","","16.1","","97.74","","","","-5","","NA"
"-80.38","43.46","KITCHENER/WATERLOO","6144239","2024-03-29 23:00","2024","03","29","23:00","","-2.7","","-4.9","","85","","0.0","","29","","9","","16.1","","97.74","","","","-6","","NA"
"-80.38","43.46","KITCHENER/WATERLOO","6144239","2024-03-30 00:00","2024","03","30","00:00","","-2.8","","-4.5","","88","","0.0","","28","","9","","16.1","","97.74","","","","-6","","NA"
"-80.38","43.46","KITCHENER/WATERLOO","6144239","2024-03-30 01:00","2024","03","30","01:00","","-3.3","","-4.7","","90","","0.0","","27","","8","","16.1","","97.72","","","","-7","","NA"
"-80.38","43.46","KITCHENER/WATERLOO","6144239","2024-03-30 02:00","2024","03","30","02:00","","-3.9","","-4.9","","93","","0.0","","26","","5","","16.1","","97.70","","","","-6","","NA"
"-80.38","43.46","KITCHENER/WATERLOO","6144239","2024-03-30 03:00","2024","03","30","03:00","","-4.8","","-5.2","","97","","0.0","","31","","4","","16.1","","97.63","","","","-7","","NA"
"-80.38","43.46","KITCHENER/WATERLOO","6144239","2024-03-30 04:00","2024","03","30","04:00","","-4.5","","-4.8","","98","","0.0","","34","","4","","16.1","","97.60","","","","-6","","NA"
"-80.38","43.46","KITCHENER/WATERLOO","6144239","2024-03-30 05:00","2024","03","30","05:00","","-4.3","","-4.6","","98","","0.0","","2","","5","","16.1","","97.59","","","","-6","","NA"
"-80.38","43.46","KITCHENER/WATERLOO","6144239","2024-03-30 06:00","2024","03","30","06:00","","-5.8","","-6.1","","98","","0.0","","","","0","","16.1","","97.55","","","","","","NA"
"-80.38","43.46","KITCHENER/WATERLOO","6144239","2024-03-30 07:00","2024","03","30","07:00","","-3.8","","-4.2","","97","","0.0","","","","0","","16.1","","97.50","","","","","","NA"
"-80.38","43.46","KITCHENER/WATERLOO","6144239","2024-03-30 08:00","2024","03","30","08:00","","-1.9","","-2.9","","93","","0.0","","","","0","","16.1","","97.51","","","","","","NA"
"-80.38","43.46","KITCHENER/WATERLOO","6144239","2024-03-30 09:00","2024","03","30","09:00","","0.4","","-3.2","","77","","0.0","","","M","4","","16.1","","97.44","","","","","","NA"
"-80.38","43.46","KITCHENER/WATERLOO","6144239","2024-03-30 10:00","2024","03","30","10:00","","3.0","","-3.7","","62","","0.0","","","M","5","","16.1","","97.36","","","","","","NA"
"-80.38","43.46","KITCHENER/WATERLOO","6144239","2024-03-30 11:00","2024","03","30","11:00","","5.2","","-4.5","","50","","0.0","","","M","8","","16.1","","97.31","","","","","","NA"
"-80.38","43.46","KITCHENER/WATERLOO","6144239","2024-03-30 12:00","2024","03","30","12:00","","6.4","","-3.9","","48","","0.0","","19","","11","","16.1","","97.20","","","","","","NA"
"-80.38","43.46","KITCHENER/WATERLOO","6144239","2024-03-30 13:00","2024","03","30","13:00","","7.3","","-3.1","","48","","0.0","","16","","8","","16.1","","97.16","","","","","","NA"
"-80.38","43.46","KITCHENER/WATERLOO","6144239","2024-03-30 14:00","2024","03","30","14:00","","7.1","","-3.5","","47","","0.0","","","M","4","","16.1","","97.05","","","","","","NA"
"-80.38","43.46","KITCHENER/WATERLOO","6144239","2024-03-30 15:00","2024","03","30","15:00","","7.1","","-2.6","","50","","0.0","","17","","8","","16.1","","97.00","","","","","","NA"
"-80.38","43.46","KITCHENER/WATERLOO","6144239","2024-03-30 16:00","2024","03","30","16:00","","4.9","","0.8","","75","","0.0","","21","","13","","16.1","","97.02","","","","","","Rain"
"-80.38","43.46","KITCHENER/WATERLOO","6144239","2024-03-30 17:00","2024","03","30","17:00","","4.5","","2.1","","84","","0.2","","23","","8","","16.1","","97.04","","","","","","Rain"
"-80.38","43.46","KITCHENER/WATERLOO","6144239","2024-03-30 18:00","2024","03","30","18:00","","4.3","","2.5","","88","","0.2","","26","","5","","16.1","","97.06","","","","","","Rain"
"-80.38","43.46","KITCHENER/WATERLOO","6144239","2024-03-30 19:00","2024","03","30","19:00","","3.9","","3.0","","94","","0.5","","29","","8","","16.1","","97.09","","","","","","Rain"
"-80.38","43.46","KITCHENER/WATERLOO","6144239","2024-03-30 20:00","2024","03","30","20:00","","4.0","","3.0","","93","","0.0","","29","","11","","16.1","","97.13","","","","","","NA"
"-80.38","43.46","KITCHENER/WATERLOO","6144239","2024-03-30 21:00","2024","03","30","21:00","","3.8","","1.5","","85","","0.0","","30","","11","","16.1","","97.17","","","","","","NA"
"-80.38","43.46","KITCHENER/WATERLOO","6144239","2024-03-30 22:00","2024","03","30","22:00","","3.5","","1.8","","89","","0.0","","29","","9","","16.1","","97.15","","","","","","NA"
"-80.38","43.46","KITCHENER/WATERLOO","6144239","2024-03-30 23:00","2024","03","30","23:00","","3.4","","1.6","","88","","0.0","","30","","15","","16.1","","97.18","","","","","","NA"
"-80.38","43.46","KITCHENER/WATERLOO","6144239","2024-03-31 00:00","2024","03","31","00:00","","3.0","","1.1","","87","","0.0","","33","","13","","16.1","","97.23","","","","","","NA"
"-80.38","43.46","KITCHENER/WATERLOO","6144239","2024-03-31 01:00","2024","03","31","01:00","","1.6","","-0.2","","88","","0.0","","31","","11","","16.1","","97.28","","","","","","Rain"
"-80.38","43.46","KITCHENER/WATERLOO","6144239","2024-03-31 02:00","2024","03","31","02:00","","1.5","","0.2","","91","","0.0","","32","","9","","16.1","","97.34","","","","","","NA"
"-80.38","43.46","KITCHENER/WATERLOO","6144239","2024-03-31 03:00","2024","03","31","03:00","","1.3","","-0.5","","88","","0.0","","31","","13","","16.1","","97.38","","","","","","NA"
"-80.38","43.46","KITCHENER/WATERLOO","6144239","2024-03-31 04:00","2024","03","31","04:00","","1.0","","-0.9","","87","","0.0","","32","","13","","16.1","","97.44","","","","","","NA"
"-80.38","43.46","KITCHENER/WATERLOO","6144239","2024-03-31 05:00","2024","03","31","05:00","","0.6","","-1.2","","88","","0.0","","34","","21","","16.1","","97.48","","","","","","NA"
"-80.38","43.46","KITCHENER/WATERLOO","6144239","2024-03-31 06:00","2024","03","31","06:00","","0.7","","-1.1","","88","","0.0","","32","","9","","16.1","","97.58","","","","","","NA"
"-80.38","43.46","KITCHENER/WATERLOO","6144239","2024-03-31 07:00","2024","03","31","07:00","","0.9","","-1.7","","83","","0.0","","33","","13","","16.1","","97.67","","","","","","NA"
"-80.38","43.46","KITCHENER/WATERLOO","6144239","2024-03-31 08:00","2024","03","31","08:00","","0.9","","-2.1","","80","","0.0","","33","","17","","16.1","","97.70","","","","","","NA"
"-80.38","43.46","KITCHENER/WATERLOO","6144239","2024-03-31 09:00","2024","03","31","09:00","","1.5","","-2.0","","78","","0.0","","36","","8","","16.1","","97.70","","","","","","NA"
"-80.38","43.46","KITCHENER/WATERLOO","6144239","2024-03-31 10:00","2024","03","31","10:00","","2.6","","-1.4","","75","","0.0","","30","","13","","16.1","","97.72","","","","","","NA"
"-80.38","43.46","KITCHENER/WATERLOO","6144239","2024-03-31 11:00","2024","03","31","11:00","","3.9","","-1.5","","68","","0.0","","27","","11","","16.1","","97.77","","","","","","NA"
"-80.38","43.46","KITCHENER/WATERLOO","6144239","2024-03-31 12:00","2024","03","31","12:00","","4.5","","-1.9","","63","","0.0","","","M","9","","16.1","","97.72","","","","","","NA"
"-80.38","43.46","KITCHENER/WATERLOO","6144239","2024-03-31 13:00","2024","03","31","13:00","","5.7","","-1.1","","62","","0.0","","","M","5","","16.1","","97.69","","","","","","NA"
"-80.38","43.46","KITCHENER/WATERLOO","6144239","2024-03-31 14:00","2024","03","31","14:00","","6.2","","-0.6","","62","","0.0","","30","","9","","16.1","","97.66","","","","","","NA"
"-80.38","43.46","KITCHENER/WATERLOO","6144239","2024-03-31 15:00","2024","03","31","15:00","","7.8","","0.2","","59","","0.0","","27","","15","","16.1","","97.62","","","","","","NA"
"-80.38","43.46","KITCHENER/WATERLOO","6144239","2024-03-31 16:00","2024","03","31","16:00","","7.6","","-0.1","","58","","0.0","","30","","13","","16.1","","97.60","","","","","","NA"
"-80.38","43.46","KITCHENER/WATERLOO","6144239","2024-03-31 17:00","2024","03","31","17:00","","7.1","","-0.1","","60","","0.0","","30","","15","","16.1","","97.60","","","","","","NA"
"-80.38","43.46","KITCHENER/WATERLOO","6144239","2024-03-31 18:00","2024","03","31","18:00","","6.1","","0.0","","65","","0.0","","31","","8","","16.1","","97.60","","","","","","NA"
"-80.38","43.46","KITCHENER/WATERLOO","6144239","2024-03-31 19:00","2024","03","31","19:00","","4.3","","-0.2","","73","","0.0","","32","","9","","16.1","","97.58","","","","","","NA"
"-80.38","43.46","KITCHENER/WATERLOO","6144239","2024-03-31 20:00","2024","03","31","20:00","","3.2","","-0.3","","78","","0.0","","31","","8","","16.1","","97.61","","","","","","NA"
"-80.38","43.46","KITCHENER/WATERLOO","6144239","2024-03-31 21:00","2024","03","31","21:00","","2.9","","0.3","","83","","0.0","","29","","9","","16.1","","97.62","","","","","","NA"
"-80.38","43.46","KITCHENER/WATERLOO","6144239","2024-03-31 22:00","2024","03","31","22:00","","3.3","","0.4","","81","","0.0","","30","","13","","16.1","","97.65","","","","","","NA"
"-80.38","43.46","KITCHENER/WATERLOO","6144239","2024-03-31 23:00","2024","03","31","23:00","","3.0","","0.5","","84","","0.0","","28","","8","","16.1","","97.64","","","","","","NA"
