"Longitude (x)","Latitude (y)","Station Name","Climate ID","Date/Time (LST)","Year","Month","Day","Time (LST)","Flag","Temp (°C)","Temp Flag","Dew Point Temp (°C)","Dew Point Temp Flag","Rel Hum (%)","Rel Hum Flag","Precip. Amount (mm)","Precip. Amount Flag","Wind Dir (10s deg)","Wind Dir Flag","Wind Spd (km/h)","Wind Spd Flag","Visibility (km)","Visibility Flag","Stn Press (kPa)","Stn Press Flag","Hmdx","Hmdx Flag","Wind Chill","Wind Chill Flag","Weather"
"-80.38","43.46","KITCHENER/WATERLOO","6144239","2025-08-01 00:00","2025","08","01","00:00","","12.6","","11.0","","90","","0.0","","","","0","","14.5","","98.63","","","","","","NA"
"-80.38","43.46","KITCHENER/WATERLOO","6144239","2025-08-01 01:00","2025","08","01","01:00","","12.4","","11.1","","92","","0.0","","34","","5","","16.1","","98.62","","","","","","NA"
"-80.38","43.46","KITCHENER/WATERLOO","6144239","2025-08-01 02:00","2025","08","01","02:00","","10.7","","10.2","","97","","0.0","","","","0","","11.3","","98.62","","","","","","NA"
"-80.38","43.46","KITCHENER/WATERLOO","6144239","2025-08-01 03:00","2025","08","01","03:00","","10.1","","10.0","","99","","0.0","","30","","5","","11.3","","98.63","","","","","","NA"
"-80.38","43.46","KITCHENER/WATERLOO","6144239","2025-08-01 04:00","2025","08","01","04:00","","9.8","","9.5","","98","","0.0","","29","","4","","16.1","","98.67","","","","","","NA"
"-80.38","43.46","KITCHENER/WATERLOO","6144239","2025-08-01 05:00","2025","08","01","05:00","","9.0","","8.9","","99","","0.0","","","M","4","","8.1","","98.72","","","","","","Fog"
"-80.38","43.46","KITCHENER/WATERLOO","6144239","2025-08-01 06:00","2025","08","01","06:00","","9.9","","9.8","","99","","0.0","","31","","4","","16.1","","98.78","","","","","","NA"
"-80.38","43.46","KITCHENER/WATERLOO","6144239","2025-08-01 07:00","2025","08","01","07:00","","14.1","","12.3","","89","","0.0","","36","","8","","16.1","","98.81","","","","","","NA"
"-80.38","43.46","KITCHENER/WATERLOO","6144239","2025-08-01 08:00","2025","08","01","08:00","","17.3","","11.5","","68","","0.0","","5","","8","","16.1","","98.85","","","","","","NA"
"-80.38","43.46","KITCHENER/WATERLOO","6144239","2025-08-01 09:00","2025","08","01","09:00","","18.9","","10.1","","56","","0.0","","2","","8","","16.1","","98.87","","","","","","NA"
"-80.38","43.46","KITCHENER/WATERLOO","6144239","2025-08-01 10:00","2025","08","01","10:00","","19.3","","11.3","","60","","0.0","","34","","8","","16.1","","98.91","","","","","","NA"
"-80.38","43.46","KITCHENER/WATERLOO","6144239","2025-08-01 11:00","2025","08","01","11:00","","21.2","","10.0","","48","","0.0","","3","","13","","16.1","","98.89","","","","","","NA"
"-80.38","43.46","KITCHENER/WATERLOO","6144239","2025-08-01 12:00","2025","08","01","12:00","","21.1","","7.6","","41","","0.0","","1","","15","","16.1","","98.87","","","","","","NA"
"-80.38","43.46","KITCHENER/WATERLOO","6144239","2025-08-01 13:00","2025","08","01","13:00","","23.0","","8.0","","38","","0.0","","3","","15","","16.1","","98.87","","","","","","NA"
"-80.38","43.46","KITCHENER/WATERLOO","6144239","2025-08-01 14:00","2025","08","01","14:00","","21.5","","5.8","","36","","0.0","","1","","11","","16.1","","98.88","","","","","","NA"
"-80.38","43.46","KITCHENER/WATERLOO","6144239","2025-08-01 15:00","2025","08","01","15:00","","22.3","","5.6","","33","","0.0","","36","","21","","16.1","","98.85","","","","","","NA"
"-80.38","43.46","KITCHENER/WATERLOO","6144239","2025-08-01 16:00","2025","08","01","16:00","","21.6","","5.9","","36","","0.0","","2","","9","","16.1","","98.85","","","","","","NA"
"-80.38","43.46","KITCHENER/WATERLOO","6144239","2025-08-01 17:00","2025","08","01","17:00","","22.8","","6.6","","35","","0.0","","36","","9","","16.1","","98.83","","","","","","NA"
"-80.38","43.46","KITCHENER/WATERLOO","6144239","2025-08-01 18:00","2025","08","01","18:00","","21.9","","5.6","","34","","0.0","","35","","13","","16.1","","98.81","","","","","","NA"
"-80.38","43.46","KITCHENER/WATERLOO","6144239","2025-08-01 19:00","2025","08","01","19:00","","19.6","","6.5","","42","","0.0","","34","","11","","16.1","","98.83","","","","","","NA"
"-80.38","43.46","KITCHENER/WATERLOO","6144239","2025-08-01 20:00","2025","08","01","20:00","","16.7","","7.4","","54","","0.0","","33","","8","","16.1","","98.86","","","","","","NA"
"-80.38","43.46","KITCHENER/WATERLOO","6144239","2025-08-01 21:00","2025","08","01","21:00","","15.4","","6.7","","56","","0.0","","36","","8","","16.1","","98.91","","","","","","NA"
"-80.38","43.46","KITCHENER/WATERLOO","6144239","2025-08-01 22:00","2025","08","01","22:00","","14.5","","6.7","","59","","0.0","","36","","9","","16.1","","98.93","","","","","","NA"
"-80.38","43.46","KITCHENER/WATERLOO","6144239","2025-08-01 23:00","2025","08","01","23:00","","11.1","","7.8","","80","","0.0","","","","0","","16.1","","98.93","","","","","","NA"
"-80.38","43.46","KITCHENER/WATERLOO","6144239","2025-08-02 00:00","2025","08","02","00:00","","10.2","","8.0","","86","","0.0","","30","","8","","16.1","","98.96","","","","","","NA"
"-80.38","43.46","KITCHENER/WATERLOO","6144239","2025-08-02 01:00","2025","08","02","01:00","","10.3","","7.9","","85","","0.0","","33","","4","","16.1","","98.93","","","","","","NA"
"-80.38","43.46","KITCHENER/WATERLOO","6144239","2025-08-02 02:00","2025","08","02","02:00","","8.9","","7.5","","91","","0.0","","32","","5","","16.1","","98.92","","","","","","NA"
"-80.38","43.46","KITCHENER/WATERLOO","6144239","2025-08-02 03:00","2025","08","02","03:00","","8.5","","7.5","","93","","0.0","","31","","4","","16.1","","98.91","","","","","","NA"
"-80.38","43.46","KITCHENER/WATERLOO","6144239","2025-08-02 04:00","2025","08","02","04:00","","8.5","","8.1","","97","","0.0","","","","0","","16.1","","98.90","","","","","","NA"
"-80.38","43.46","KITCHENER/WATERLOO","6144239","2025-08-02 05:00","2025","08","02","05:00","","8.1","","7.8","","98","","0.0","","30","","5","","16.1","","98.93","","","","","","NA"
"-80.38","43.46","KITCHENER/WATERLOO","6144239","2025-08-02 06:00","2025","08","02","06:00","","8.5","","8.2","","98","","0.0","","32","","5","","16.1","","98.97","","","","","","NA"
"-80.38","43.46","KITCHENER/WATERLOO","6144239","2025-08-02 07:00","2025","08","02","07:00","","12.5","","10.6","","88","","0.0","","","","0","","16.1","","98.99","","","","","","NA"
"-80.38","43.46","KITCHENER/WATERLOO","6144239","2025-08-02 08:00","2025","08","02","08:00","","15.8","","11.0","","73","","0.0","","33","","8","","16.1","","98.99","","","","","","NA"
"-80.38","43.46","KITCHENER/WATERLOO","6144239","2025-08-02 09:00","2025","08","02","09:00","","19.1","","11.4","","61","","0.0","","","M","4","","16.1","","98.97","","","","","","NA"
"-80.38","43.46","KITCHENER/WATERLOO","6144239","2025-08-02 10:00","2025","08","02","10:00","","21.3","","8.9","","45","","0.0","","31","","5","","9.7","","98.94","","","","","","Haze"
"-80.38","43.46","KITCHENER/WATERLOO","6144239","2025-08-02 11:00","2025","08","02","11:00","","22.9","","7.3","","36","","0.0","","19","","9","","16.1","","98.90","","","","","","NA"
"-80.38","43.46","KITCHENER/WATERLOO","6144239","2025-08-02 12:00","2025","08","02","12:00","","23.5","","7.7","","36","","0.0","","31","","9","","16.1","","98.85","","","","","","NA"
"-80.38","43.46","KITCHENER/WATERLOO","6144239","2025-08-02 13:00","2025","08","02","13:00","","24.4","","7.8","","34","","0.0","","30","","17","","16.1","","98.80","","25","","","","NA"
"-80.38","43.46","KITCHENER/WATERLOO","6144239","2025-08-02 14:00","2025","08","02","14:00","","24.9","","7.9","","33","","0.0","","28","","9","","16.1","","98.77","","25","","","","NA"
"-80.38","43.46","KITCHENER/WATERLOO","6144239","2025-08-02 15:00","2025","08","02","15:00","","24.7","","8.4","","35","","0.0","","31","","15","","16.1","","98.72","","25","","","","NA"
"-80.38","43.46","KITCHENER/WATERLOO","6144239","2025-08-02 16:00","2025","08","02","16:00","","24.8","","8.8","","36","","0.0","","30","","18","","16.1","","98.67","","26","","","","NA"
"-80.38","43.46","KITCHENER/WATERLOO","6144239","2025-08-02 17:00","2025","08","02","17:00","","24.1","","10.3","","41","","0.0","","33","","11","","16.1","","98.61","","26","","","","NA"
"-80.38","43.46","KITCHENER/WATERLOO","6144239","2025-08-02 18:00","2025","08","02","18:00","","22.9","","12.4","","51","","0.0","","32","","11","","16.1","","98.58","","25","","","","NA"
"-80.38","43.46","KITCHENER/WATERLOO","6144239","2025-08-02 19:00","2025","08","02","19:00","","21.4","","12.5","","57","","0.0","","31","","11","","14.5","","98.55","","","","","","NA"
"-80.38","43.46","KITCHENER/WATERLOO","6144239","2025-08-02 20:00","2025","08","02","20:00","","19.1","","12.7","","66","","0.0","","30","","9","","14.5","","98.57","","","","","","NA"
"-80.38","43.46","KITCHENER/WATERLOO","6144239","2025-08-02 21:00","2025","08","02","21:00","","17.0","","13.2","","78","","0.0","","30","","9","","14.5","","98.60","","","","","","NA"
"-80.38","43.46","KITCHENER/WATERLOO","6144239","2025-08-02 22:00","2025","08","02","22:00","","15.3","","12.5","","83","","0.0","","30","","8","","12.9","","98.60","","","","","","NA"
"-80.38","43.46","KITCHENER/WATERLOO","6144239","2025-08-02 23:00","2025","08","02","23:00","","14.8","","12.6","","86","","0.0","","32","","11","","11.3","","98.60","","","","","","NA"
"-80.38","43.46","KITCHENER/WATERLOO","6144239","2025-08-03 00:00","2025","08","03","00:00","","14.2","","12.3","","88","","0.0","","","M","4","","11.3","","98.59","","","","","","NA"
"-80.38","43.46","KITCHENER/WATERLOO","6144239","2025-08-03 01:00","2025","08","03","01:00","","13.6","","12.0","","90","","0.0","","","M","4","","11.3","","98.57","","","","","","NA"
"-80.38","43.46","KITCHENER/WATERLOO","6144239","2025-08-03 02:00","2025","08","03","02:00","","11.8","","10.9","","94","","0.0","","33","","4","","11.3","","98.54","","","","","","NA"
"-80.38","43.46","KITCHENER/WATERLOO","6144239","2025-08-03 03:00","2025","08","03","03:00","","12.4","","10.8","","90","","0.0","","33","","4","","11.3","","98.52","","","","","","NA"
"-80.38","43.46","KITCHENER/WATERLOO","6144239","2025-08-03 04:00","2025","08","03","04:00","","11.3","","10.5","","95","","0.0","","","","0","","9.7","","98.54","","","","","","Fog"
"-80.38","43.46","KITCHENER/WATERLOO","6144239","2025-08-03 05:00","2025","08","03","05:00","","10.7","","10.3","","97","","0.0","","35","","4","","8.1","","98.55","","","","","","Fog"
"-80.38","43.46","KITCHENER/WATERLOO","6144239","2025-08-03 06:00","2025","08","03","06:00","","10.9","","10.5","","97","","0.0","","35","","8","","8.1","","98.59","","","","","","Fog"
"-80.38","43.46","KITCHENER/WATERLOO","6144239","2025-08-03 07:00","2025","08","03","07:00","","14.4","","12.7","","89","","0.0","","","M","4","","11.3","","98.60","","","","","","NA"
"-80.38","43.46","KITCHENER/WATERLOO","6144239","2025-08-03 08:00","2025","08","03","08:00","","18.1","","13.7","","75","","0.0","","31","","9","","16.1","","98.58","","","","","","NA"
"-80.38","43.46","KITCHENER/WATERLOO","6144239","2025-08-03 09:00","2025","08","03","09:00","","21.3","","14.7","","66","","0.0","","28","","9","","12.9","","98.57","","25","","","","NA"
"-80.38","43.46","KITCHENER/WATERLOO","6144239","2025-08-03 10:00","2025","08","03","10:00","","23.1","","15.0","","60","","0.0","","33","","11","","11.3","","98.52","","27","","","","NA"
"-80.38","43.46","KITCHENER/WATERLOO","6144239","2025-08-03 11:00","2025","08","03","11:00","","24.8","","13.7","","49","","0.0","","31","","11","","9.7","","98.48","","28","","","","Haze"
"-80.38","43.46","KITCHENER/WATERLOO","6144239","2025-08-03 12:00","2025","08","03","12:00","","25.4","","13.8","","48","","0.0","","","M","13","","9.7","","98.43","","29","","","","Haze"
"-80.38","43.46","KITCHENER/WATERLOO","6144239","2025-08-03 13:00","2025","08","03","13:00","","25.9","","12.8","","44","","0.0","","2","","9","","9.7","","98.41","","29","","","","Haze"
"-80.38","43.46","KITCHENER/WATERLOO","6144239","2025-08-03 14:00","2025","08","03","14:00","","27.0","","12.2","","39","","0.0","","30","","15","","11.3","","98.36","","29","","","","NA"
"-80.38","43.46","KITCHENER/WATERLOO","6144239","2025-08-03 15:00","2025","08","03","15:00","","26.3","","12.8","","43","","0.0","","35","","5","","9.7","","98.34","","29","","","","Haze"
"-80.38","43.46","KITCHENER/WATERLOO","6144239","2025-08-03 16:00","2025","08","03","16:00","","26.6","","13.0","","43","","0.0","","31","","15","","11.3","","98.32","","29","","","","NA"
"-80.38","43.46","KITCHENER/WATERLOO","6144239","2025-08-03 17:00","2025","08","03","17:00","","26.2","","13.0","","44","","0.0","","30","","9","","8.1","","98.30","","29","","","","Haze"
"-80.38","43.46","KITCHENER/WATERLOO","6144239","2025-08-03 18:00","2025","08","03","18:00","","25.4","","13.5","","47","","0.0","","34","","5","","8.1","","98.31","","28","","","","Haze"
"-80.38","43.46","KITCHENER/WATERLOO","6144239","2025-08-03 19:00","2025","08","03","19:00","","22.9","","15.0","","61","","0.0","","34","","4","","8.1","","98.32","","27","","","","Haze"
"-80.38","43.46","KITCHENER/WATERLOO","6144239","2025-08-03 20:00","2025","08","03","20:00","","21.0","","15.2","","69","","0.0","","35","","8","","8.1","","98.33","","25","","","","Haze"
"-80.38","43.46","KITCHENER/WATERLOO","6144239","2025-08-03 21:00","2025","08","03","21:00","","18.6","","15.4","","81","","0.0","","31","","8","","8.1","","98.36","","","","","","Haze"
"-80.38","43.46","KITCHENER/WATERLOO","6144239","2025-08-03 22:00","2025","08","03","22:00","","15.1","","14.1","","94","","0.0","","32","","5","","6.4","","98.36","","","","","","Fog"
"-80.38","43.46","KITCHENER/WATERLOO","6144239","2025-08-03 23:00","2025","08","03","23:00","","15.6","","14.8","","95","","0.0","","32","","4","","4.8","","98.36","","","","","","Fog"
"-80.38","43.46","KITCHENER/WATERLOO","6144239","2025-08-04 00:00","2025","08","04","00:00","","15.0","","14.2","","95","","0.0","","34","","4","","4.8","","98.38","","","","","","Fog"
"-80.38","43.46","KITCHENER/WATERLOO","6144239","2025-08-04 01:00","2025","08","04","01:00","","13.9","","13.3","","96","","0.0","","32","","8","","4.8","","98.38","","","","","","Fog"
"-80.38","43.46","KITCHENER/WATERLOO","6144239","2025-08-04 02:00","2025","08","04","02:00","","12.4","","12.3","","99","","0.0","","32","","5","","2.0","","98.36","","","","","","Fog"
"-80.38","43.46","KITCHENER/WATERLOO","6144239","2025-08-04 03:00","2025","08","04","03:00","","11.6","","11.5","","99","","0.0","","31","","5","","1.6","","98.37","","","","","","Fog"
"-80.38","43.46","KITCHENER/WATERLOO","6144239","2025-08-04 04:00","2025","08","04","04:00","","12.5","","12.4","","99","","0.0","","","","0","","1.6","","98.39","","","","","","Fog"
"-80.38","43.46","KITCHENER/WATERLOO","6144239","2025-08-04 05:00","2025","08","04","05:00","","12.7","","12.6","","99","","0.0","","30","","4","","1.6","","98.46","","","","","","Fog"
"-80.38","43.46","KITCHENER/WATERLOO","6144239","2025-08-04 06:00","2025","08","04","06:00","","11.6","","11.5","","99","","0.0","","33","","5","","1.2","","98.52","","","","","","Fog"
"-80.38","43.46","KITCHENER/WATERLOO","6144239","2025-08-04 07:00","2025","08","04","07:00","","14.6","","14.5","","99","","0.0","","","","0","","3.6","","98.56","","","","","","Fog"
"-80.38","43.46","KITCHENER/WATERLOO","6144239","2025-08-04 08:00","2025","08","04","08:00","","18.2","","16.1","","87","","0.0","","","","0","","3.6","","98.54","","","","","","Fog"
"-80.38","43.46","KITCHENER/WATERLOO","6144239","2025-08-04 09:00","2025","08","04","09:00","","22.2","","16.0","","67","","0.0","","6","","5","","8.1","","98.53","","27","","","","Haze"
"-80.38","43.46","KITCHENER/WATERLOO","6144239","2025-08-04 10:00","2025","08","04","10:00","","24.7","","13.0","","48","","0.0","","4","","9","","9.7","","98.53","","27","","","","Haze"
"-80.38","43.46","KITCHENER/WATERLOO","6144239","2025-08-04 11:00","2025","08","04","11:00","","25.3","","12.8","","45","","0.0","","","M","4","","8.1","","98.52","","28","","","","Haze"
"-80.38","43.46","KITCHENER/WATERLOO","6144239","2025-08-04 12:00","2025","08","04","12:00","","26.4","","12.6","","42","","0.0","","8","","5","","9.7","","98.49","","29","","","","Haze"
"-80.38","43.46","KITCHENER/WATERLOO","6144239","2025-08-04 13:00","2025","08","04","13:00","","27.1","","12.4","","40","","0.0","","35","","13","","9.7","","98.47","","30","","","","Haze"
"-80.38","43.46","KITCHENER/WATERLOO","6144239","2025-08-04 14:00","2025","08","04","14:00","","27.4","","13.0","","40","","0.0","","31","","8","","9.7","","98.46","","30","","","","Haze"
"-80.38","43.46","KITCHENER/WATERLOO","6144239","2025-08-04 15:00","2025","08","04","15:00","","28.1","","12.8","","38","","0.0","","33","","13","","9.7","","98.44","","31","","","","Haze"
"-80.38","43.46","KITCHENER/WATERLOO","6144239","2025-08-04 16:00","2025","08","04","16:00","","27.1","","13.1","","41","","0.0","","35","","8","","8.1","","98.42","","30","","","","Haze"
"-80.38","43.46","KITCHENER/WATERLOO","6144239","2025-08-04 17:00","2025","08","04","17:00","","26.8","","13.0","","42","","0.0","","1","","9","","8.1","","98.43","","30","","","","Haze"
"-80.38","43.46","KITCHENER/WATERLOO","6144239","2025-08-04 18:00","2025","08","04","18:00","","25.9","","14.2","","48","","0.0","","35","","9","","9.7","","98.41","","29","","","","Haze"
"-80.38","43.46","KITCHENER/WATERLOO","6144239","2025-08-04 19:00","2025","08","04","19:00","","23.0","","16.7","","67","","0.0","","35","","4","","9.7","","98.42","","28","","","","Haze"
"-80.38","43.46","KITCHENER/WATERLOO","6144239","2025-08-04 20:00","2025","08","04","20:00","","19.5","","15.8","","79","","0.0","","","M","4","","9.7","","98.44","","","","","","Haze"
"-80.38","43.46","KITCHENER/WATERLOO","6144239","2025-08-04 21:00","2025","08","04","21:00","","18.1","","15.1","","82","","0.0","","36","","8","","9.7","","98.52","","","","","","Haze"
"-80.38","43.46","KITCHENER/WATERLOO","6144239","2025-08-04 22:00","2025","08","04","22:00","","17.7","","14.0","","79","","0.0","","32","","8","","11.3","","98.57","","","","","","NA"
"-80.38","43.46","KITCHENER/WATERLOO","6144239","2025-08-04 23:00","2025","08","04","23:00","","19.2","","14.1","","72","","0.0","","5","","11","","11.3","","98.61","","","","","","NA"
"-80.38","43.46","KITCHENER/WATERLOO","6144239","2025-08-05 00:00","2025","08","05","00:00","","18.4","","13.7","","74","","0.0","","4","","9","","11.3","","98.61","","","","","","NA"
"-80.38","43.46","KITCHENER/WATERLOO","6144239","2025-08-05 01:00","2025","08","05","01:00","","15.6","","14.0","","90","","0.0","","35","","5","","11.3","","98.60","","","","","","NA"
"-80.38","43.46","KITCHENER/WATERLOO","6144239","2025-08-05 02:00","2025","08","05","02:00","","13.5","","13.0","","97","","0.0","","32","","4","","8.1","","98.60","","","","","","Fog"
"-80.38","43.46","KITCHENER/WATERLOO","6144239","2025-08-05 03:00","2025","08","05","03:00","","14.1","","13.8","","98","","0.0","","","","0","","4.8","","98.64","","","","","","Fog"
"-80.38","43.46","KITCHENER/WATERLOO","6144239","2025-08-05 04:00","2025","08","05","04:00","","14.5","","13.9","","96","","0.0","","","","0","","8.1","","98.67","","","","","","Fog"
"-80.38","43.46","KITCHENER/WATERLOO","6144239","2025-08-05 05:00","2025","08","05","05:00","","14.6","","14.0","","96","","0.0","","2","","5","","8.1","","98.70","","","","","","Fog"
"-80.38","43.46","KITCHENER/WATERLOO","6144239","2025-08-05 06:00","2025","08","05","06:00","","16.0","","15.1","","94","","0.0","","3","","5","","8.1","","98.74","","","","","","Fog"
"-80.38","43.46","KITCHENER/WATERLOO","6144239","2025-08-05 07:00","2025","08","05","07:00","","18.8","","18.3","","97","","0.0","","7","","11","","3.2","","98.77","","","","","","Fog"
"-80.38","43.46","KITCHENER/WATERLOO","6144239","2025-08-05 08:00","2025","08","05","08:00","","21.4","","19.0","","86","","0.0","","9","","17","","8.1","","98.82","","28","","","","Fog"
"-80.38","43.46","KITCHENER/WATERLOO","6144239","2025-08-05 09:00","2025","08","05","09:00","","23.4","","18.0","","71","","0.0","","8","","17","","11.3","","98.84","","29","","","","NA"
"-80.38","43.46","KITCHENER/WATERLOO","6144239","2025-08-05 10:00","2025","08","05","10:00","","25.1","","17.7","","63","","0.0","","9","","17","","12.9","","98.85","","31","","","","NA"
"-80.38","43.46","KITCHENER/WATERLOO","6144239","2025-08-05 11:00","2025","08","05","11:00","","26.5","","16.0","","52","","0.0","","10","","15","","14.5","","98.85","","31","","","","NA"
"-80.38","43.46","KITCHENER/WATERLOO","6144239","2025-08-05 12:00","2025","08","05","12:00","","","","","","","","","","","","","","","","","","","","","","NA"
"-80.38","43.46","KITCHENER/WATERLOO","6144239","2025-08-05 13:00","2025","08","05","13:00","","28.2","","15.8","","46","","0.0","","13","","17","","8.1","","98.78","","33","","","","Haze"
"-80.38","43.46","KITCHENER/WATERLOO","6144239","2025-08-05 14:00","2025","08","05","14:00","","28.2","","14.9","","44","","0.0","","10","","18","","14.5","","98.76","","32","","","","NA"
"-80.38","43.46","KITCHENER/WATERLOO","6144239","2025-08-05 15:00","2025","08","05","15:00","","28.3","","14.4","","42","","0.0","","9","","21","","16.1","","98.73","","32","","","","NA"
"-80.38","43.46","KITCHENER/WATERLOO","6144239","2025-08-05 16:00","2025","08","05","16:00","","28.2","","14.0","","41","","0.0","","9","","18","","16.1","","98.74","","32","","","","NA"
"-80.38","43.46","KITCHENER/WATERLOO","6144239","2025-08-05 17:00","2025","08","05","17:00","","27.1","","14.1","","44","","0.0","","9","","18","","12.9","","98.75","","31","","","","NA"
"-80.38","43.46","KITCHENER/WATERLOO","6144239","2025-08-05 18:00","2025","08","05","18:00","","26.0","","14.0","","47","","0.0","","10","","17","","12.9","","98.74","","29","","","","NA"
"-80.38","43.46","KITCHENER/WATERLOO","6144239","2025-08-05 19:00","2025","08","05","19:00","","23.9","","13.9","","53","","0.0","","10","","15","","16.1","","98.76","","27","","","","NA"
"-80.38","43.46","KITCHENER/WATERLOO","6144239","2025-08-05 20:00","2025","08","05","20:00","","19.9","","13.0","","64","","0.0","","8","","8","","16.1","","98.80","","","","","","NA"
"-80.38","43.46","KITCHENER/WATERLOO","6144239","2025-08-05 21:00","2025","08","05","21:00","","19.4","","14.3","","72","","0.0","","6","","9","","16.1","","98.84","","","","","","NA"
"-80.38","43.46","KITCHENER/WATERLOO","6144239","2025-08-05 22:00","2025","08","05","22:00","","18.0","","14.5","","80","","0.0","","6","","8","","14.5","","98.84","","","","","","NA"
"-80.38","43.46","KITCHENER/WATERLOO","6144239","2025-08-05 23:00","2025","08","05","23:00","","19.1","","14.8","","76","","0.0","","5","","5","","12.9","","98.86","","","","","","NA"
"-80.38","43.46","KITCHENER/WATERLOO","6144239","2025-08-06 00:00","2025","08","06","00:00","","18.6","","14.9","","79","","0.0","","6","","5","","12.9","","98.88","","","","","","NA"
"-80.38","43.46","KITCHENER/WATERLOO","6144239","2025-08-06 01:00","2025","08","06","01:00","","19.8","","17.6","","87","","0.0","","9","","17","","8.1","","98.85","","","","","","Fog"
"-80.38","43.46","KITCHENER/WATERLOO","6144239","2025-08-06 02:00","2025","08","06","02:00","","19.7","","17.5","","87","","0.0","","8","","21","","6.4","","98.82","","","","","","Fog"
"-80.38","43.46","KITCHENER/WATERLOO","6144239","2025-08-06 03:00","2025","08","06","03:00","","19.2","","17.7","","91","","0.0","","8","","15","","6.4","","98.85","","","","","","Fog"
"-80.38","43.46","KITCHENER/WATERLOO","6144239","2025-08-06 04:00","2025","08","06","04:00","","19.2","","17.5","","90","","0.0","","7","","9","","8.1","","98.89","","","","","","Fog"
"-80.38","43.46","KITCHENER/WATERLOO","6144239","2025-08-06 05:00","2025","08","06","05:00","","18.6","","17.0","","90","","0.0","","7","","9","","11.3","","98.93","","","","","","NA"
"-80.38","43.46","KITCHENER/WATERLOO","6144239","2025-08-06 06:00","2025","08","06","06:00","","18.8","","16.6","","87","","0.0","","5","","8","","12.9","","98.97","","","","","","NA"
"-80.38","43.46","KITCHENER/WATERLOO","6144239","2025-08-06 07:00","2025","08","06","07:00","","19.5","","16.3","","82","","0.0","","6","","11","","16.1","","98.99","","","","","","NA"
"-80.38","43.46","KITCHENER/WATERLOO","6144239","2025-08-06 08:00","2025","08","06","08:00","","21.2","","17.5","","79","","0.0","","9","","15","","16.1","","99.03","","27","","","","NA"
"-80.38","43.46","KITCHENER/WATERLOO","6144239","2025-08-06 09:00","2025","08","06","09:00","","22.5","","18.4","","77","","0.0","","9","","17","","16.1","","99.01","","29","","","","NA"
"-80.38","43.46","KITCHENER/WATERLOO","6144239","2025-08-06 10:00","2025","08","06","10:00","","25.1","","19.1","","69","","0.0","","10","","15","","16.1","","99.03","","32","","","","NA"
"-80.38","43.46","KITCHENER/WATERLOO","6144239","2025-08-06 11:00","2025","08","06","11:00","","26.1","","18.6","","63","","0.0","","13","","17","","16.1","","99.01","","33","","","","NA"
"-80.38","43.46","KITCHENER/WATERLOO","6144239","2025-08-06 12:00","2025","08","06","12:00","","26.6","","18.2","","59","","0.0","","12","","13","","16.1","","98.95","","33","","","","NA"
"-80.38","43.46","KITCHENER/WATERLOO","6144239","2025-08-06 13:00","2025","08","06","13:00","","28.2","","17.2","","51","","0.0","","13","","17","","16.1","","98.91","","34","","","","NA"
"-80.38","43.46","KITCHENER/WATERLOO","6144239","2025-08-06 14:00","2025","08","06","14:00","","28.2","","16.8","","49","","0.0","","12","","15","","16.1","","98.88","","33","","","","NA"
"-80.38","43.46","KITCHENER/WATERLOO","6144239","2025-08-06 15:00","2025","08","06","15:00","","27.7","","16.8","","51","","0.0","","9","","18","","16.1","","98.86","","33","","","","NA"
"-80.38","43.46","KITCHENER/WATERLOO","6144239","2025-08-06 16:00","2025","08","06","16:00","","27.1","","17.0","","53","","0.0","","12","","17","","16.1","","98.85","","32","","","","NA"
"-80.38","43.46","KITCHENER/WATERLOO","6144239","2025-08-06 17:00","2025","08","06","17:00","","27.1","","18.3","","58","","0.0","","11","","21","","16.1","","98.83","","33","","","","NA"
"-80.38","43.46","KITCHENER/WATERLOO","6144239","2025-08-06 18:00","2025","08","06","18:00","","25.7","","18.0","","62","","0.0","","11","","15","","16.1","","98.82","","32","","","","NA"
"-80.38","43.46","KITCHENER/WATERLOO","6144239","2025-08-06 19:00","2025","08","06","19:00","","24.0","","17.8","","68","","0.0","","11","","11","","16.1","","98.81","","30","","","","NA"
"-80.38","43.46","KITCHENER/WATERLOO","6144239","2025-08-06 20:00","2025","08","06","20:00","","21.7","","17.8","","78","","0.0","","10","","15","","16.1","","98.83","","28","","","","NA"
"-80.38","43.46","KITCHENER/WATERLOO","6144239","2025-08-06 21:00","2025","08","06","21:00","","19.9","","17.7","","87","","0.0","","10","","9","","12.9","","98.85","","","","","","NA"
"-80.38","43.46","KITCHENER/WATERLOO","6144239","2025-08-06 22:00","2025","08","06","22:00","","18.9","","17.1","","89","","0.0","","10","","8","","9.7","","98.85","","","","","","Fog"
"-80.38","43.46","KITCHENER/WATERLOO","6144239","2025-08-06 23:00","2025","08","06","23:00","","17.6","","16.9","","96","","0.0","","6","","5","","6.4","","98.85","","","","","","Fog"
"-80.38","43.46","KITCHENER/WATERLOO","6144239","2025-08-07 00:00","2025","08","07","00:00","","16.5","","16.3","","99","","0.0","","7","","4","","0.8","","98.84","","","","","","Fog"
"-80.38","43.46","KITCHENER/WATERLOO","6144239","2025-08-07 01:00","2025","08","07","01:00","","15.5","","15.4","","99","","0.0","","7","","8","","2.0","","98.82","","","","","","Fog"
"-80.38","43.46","KITCHENER/WATERLOO","6144239","2025-08-07 02:00","2025","08","07","02:00","","15.6","","15.5","","99","","0.0","","7","","5","","2.8","","98.80","","","","","","Fog"
"-80.38","43.46","KITCHENER/WATERLOO","6144239","2025-08-07 03:00","2025","08","07","03:00","","15.8","","15.7","","99","","0.0","","","","0","","2.4","","98.80","","","","","","Fog"
"-80.38","43.46","KITCHENER/WATERLOO","6144239","2025-08-07 04:00","2025","08","07","04:00","","14.8","","14.7","","99","","0.0","","10","","4","","2.4","","98.81","","","","","","Fog"
"-80.38","43.46","KITCHENER/WATERLOO","6144239","2025-08-07 05:00","2025","08","07","05:00","","14.3","","14.2","","99","","0.0","","9","","5","","4.8","","98.82","","","","","","Fog"
"-80.38","43.46","KITCHENER/WATERLOO","6144239","2025-08-07 06:00","2025","08","07","06:00","","14.1","","14.0","","99","","0.0","","7","","5","","4.8","","98.84","","","","","","Fog"
"-80.38","43.46","KITCHENER/WATERLOO","6144239","2025-08-07 07:00","2025","08","07","07:00","","17.6","","17.0","","96","","0.0","","10","","4","","8.1","","98.86","","","","","","Fog"
"-80.38","43.46","KITCHENER/WATERLOO","6144239","2025-08-07 08:00","2025","08","07","08:00","","21.1","","16.9","","77","","0.0","","16","","11","","12.9","","98.85","","26","","","","NA"
"-80.38","43.46","KITCHENER/WATERLOO","6144239","2025-08-07 09:00","2025","08","07","09:00","","23.3","","16.9","","67","","0.0","","16","","18","","16.1","","98.79","","29","","","","NA"
"-80.38","43.46","KITCHENER/WATERLOO","6144239","2025-08-07 10:00","2025","08","07","10:00","","24.6","","15.9","","58","","0.0","","15","","17","","14.5","","98.77","","29","","","","NA"
"-80.38","43.46","KITCHENER/WATERLOO","6144239","2025-08-07 11:00","2025","08","07","11:00","","25.4","","15.4","","53","","0.0","","12","","9","","16.1","","98.73","","30","","","","NA"
"-80.38","43.46","KITCHENER/WATERLOO","6144239","2025-08-07 12:00","2025","08","07","12:00","","26.5","","14.8","","48","","0.0","","14","","17","","16.1","","98.70","","30","","","","NA"
"-80.38","43.46","KITCHENER/WATERLOO","6144239","2025-08-07 13:00","2025","08","07","13:00","","26.5","","14.8","","48","","0.0","","15","","21","","16.1","","98.65","","30","","","","NA"
"-80.38","43.46","KITCHENER/WATERLOO","6144239","2025-08-07 14:00","2025","08","07","14:00","","27.6","","14.0","","43","","0.0","","16","","26","","16.1","","98.62","","31","","","","NA"
"-80.38","43.46","KITCHENER/WATERLOO","6144239","2025-08-07 15:00","2025","08","07","15:00","","27.6","","14.2","","43","","0.0","","12","","21","","16.1","","98.55","","31","","","","NA"
"-80.38","43.46","KITCHENER/WATERLOO","6144239","2025-08-07 16:00","2025","08","07","16:00","","27.7","","13.0","","40","","0.0","","14","","21","","16.1","","98.51","","30","","","","NA"
"-80.38","43.46","KITCHENER/WATERLOO","6144239","2025-08-07 17:00","2025","08","07","17:00","","26.4","","14.4","","47","","0.0","","18","","18","","16.1","","98.52","","30","","","","NA"
"-80.38","43.46","KITCHENER/WATERLOO","6144239","2025-08-07 18:00","2025","08","07","18:00","","25.2","","15.2","","53","","0.0","","16","","17","","16.1","","98.50","","29","","","","NA"
"-80.38","43.46","KITCHENER/WATERLOO","6144239","2025-08-07 19:00","2025","08","07","19:00","","23.3","","15.2","","60","","0.0","","14","","13","","16.1","","98.47","","27","","","","NA"
"-80.38","43.46","KITCHENER/WATERLOO","6144239","2025-08-07 20:00","2025","08","07","20:00","","22.4","","15.6","","65","","0.0","","15","","15","","16.1","","98.46","","27","","","","NA"
"-80.38","43.46","KITCHENER/WATERLOO","6144239","2025-08-07 21:00","2025","08","07","21:00","","19.9","","16.8","","82","","0.0","","10","","11","","14.5","","98.49","","","","","","NA"
"-80.38","43.46","KITCHENER/WATERLOO","6144239","2025-08-07 22:00","2025","08","07","22:00","","17.7","","16.1","","90","","0.0","","10","","5","","12.9","","98.51","","","","","","NA"
"-80.38","43.46","KITCHENER/WATERLOO","6144239","2025-08-07 23:00","2025","08","07","23:00","","17.7","","16.4","","92","","0.0","","11","","9","","11.3","","98.47","","","","","","NA"
"-80.38","43.46","KITCHENER/WATERLOO","6144239","2025-08-08 00:00","2025","08","08","00:00","","16.2","","15.9","","98","","0.0","","7","","4","","6.4","","98.45","","","","","","Fog"
"-80.38","43.46","KITCHENER/WATERLOO","6144239","2025-08-08 01:00","2025","08","08","01:00","","16.0","","15.9","","99","","0.0","","6","","5","","3.2","","98.40","","","","","","Fog"
"-80.38","43.46","KITCHENER/WATERLOO","6144239","2025-08-08 02:00","2025","08","08","02:00","","15.2","","15.1","","99","","0.0","","7","","4","","1.6","","98.39","","","","","","Fog"
"-80.38","43.46","KITCHENER/WATERLOO","6144239","2025-08-08 03:00","2025","08","08","03:00","","15.4","","15.3","","99","","0.0","","11","","5","","3.2","","98.36","","","","","","Fog"
"-80.38","43.46","KITCHENER/WATERLOO","6144239","2025-08-08 04:00","2025","08","08","04:00","","16.5","","16.2","","98","","0.0","","15","","5","","4.8","","98.37","","","","","","Fog"
"-80.38","43.46","KITCHENER/WATERLOO","6144239","2025-08-08 05:00","2025","08","08","05:00","","15.2","","15.1","","99","","0.0","","","M","4","","3.2","","98.38","","","","","","Fog"
"-80.38","43.46","KITCHENER/WATERLOO","6144239","2025-08-08 06:00","2025","08","08","06:00","","18.3","","17.6","","95","","0.0","","18","","5","","6.4","","98.41","","","","","","Fog"
"-80.38","43.46","KITCHENER/WATERLOO","6144239","2025-08-08 07:00","2025","08","08","07:00","","20.2","","17.8","","86","","0.0","","19","","11","","8.1","","98.42","","26","","","","Fog"
"-80.38","43.46","KITCHENER/WATERLOO","6144239","2025-08-08 08:00","2025","08","08","08:00","","23.2","","18.4","","74","","0.0","","20","","18","","11.3","","98.45","","30","","","","NA"
"-80.38","43.46","KITCHENER/WATERLOO","6144239","2025-08-08 09:00","2025","08","08","09:00","","25.6","","18.8","","66","","0.0","","20","","11","","14.5","","98.44","","32","","","","NA"
"-80.38","43.46","KITCHENER/WATERLOO","6144239","2025-08-08 10:00","2025","08","08","10:00","","25.7","","19.1","","66","","0.0","","21","","11","","16.1","","98.40","","33","","","","NA"
"-80.38","43.46","KITCHENER/WATERLOO","6144239","2025-08-08 11:00","2025","08","08","11:00","","27.7","","18.4","","56","","0.0","","21","","17","","16.1","","98.40","","34","","","","NA"
"-80.38","43.46","KITCHENER/WATERLOO","6144239","2025-08-08 12:00","2025","08","08","12:00","","29.2","","17.1","","47","","0.0","","18","","13","","16.1","","98.37","","35","","","","NA"
"-80.38","43.46","KITCHENER/WATERLOO","6144239","2025-08-08 13:00","2025","08","08","13:00","","28.5","","17.6","","51","","0.0","","20","","13","","16.1","","98.33","","34","","","","NA"
"-80.38","43.46","KITCHENER/WATERLOO","6144239","2025-08-08 14:00","2025","08","08","14:00","","29.8","","16.8","","45","","0.0","","21","","13","","16.1","","98.29","","35","","","","NA"
"-80.38","43.46","KITCHENER/WATERLOO","6144239","2025-08-08 15:00","2025","08","08","15:00","","27.8","","16.8","","50","","0.0","","23","","18","","16.1","","98.31","","33","","","","NA"
"-80.38","43.46","KITCHENER/WATERLOO","6144239","2025-08-08 16:00","2025","08","08","16:00","","27.3","","18.2","","57","","0.0","","17","","18","","16.1","","98.26","","33","","","","NA"
"-80.38","43.46","KITCHENER/WATERLOO","6144239","2025-08-08 17:00","2025","08","08","17:00","","26.5","","18.6","","61","","0.0","","17","","17","","16.1","","98.23","","33","","","","NA"
"-80.38","43.46","KITCHENER/WATERLOO","6144239","2025-08-08 18:00","2025","08","08","18:00","","26.1","","18.1","","61","","0.0","","20","","13","","16.1","","98.23","","32","","","","NA"
"-80.38","43.46","KITCHENER/WATERLOO","6144239","2025-08-08 19:00","2025","08","08","19:00","","25.1","","17.8","","64","","0.0","","19","","11","","16.1","","98.20","","31","","","","NA"
"-80.38","43.46","KITCHENER/WATERLOO","6144239","2025-08-08 20:00","2025","08","08","20:00","","23.8","","18.1","","70","","0.0","","20","","8","","16.1","","98.22","","30","","","","NA"
"-80.38","43.46","KITCHENER/WATERLOO","6144239","2025-08-08 21:00","2025","08","08","21:00","","21.1","","18.5","","85","","0.0","","","M","4","","16.1","","98.27","","27","","","","NA"
"-80.38","43.46","KITCHENER/WATERLOO","6144239","2025-08-08 22:00","2025","08","08","22:00","","20.0","","18.7","","92","","0.0","","11","","4","","16.1","","98.30","","27","","","","NA"
"-80.38","43.46","KITCHENER/WATERLOO","6144239","2025-08-08 23:00","2025","08","08","23:00","","18.7","","17.7","","94","","0.0","","","M","4","","16.1","","98.31","","","","","","NA"
"-80.38","43.46","KITCHENER/WATERLOO","6144239","2025-08-09 00:00","2025","08","09","00:00","","18.4","","18.1","","98","","0.0","","14","","4","","16.1","","98.35","","","","","","NA"
"-80.38","43.46","KITCHENER/WATERLOO","6144239","2025-08-09 01:00","2025","08","09","01:00","","17.4","","17.2","","99","","0.0","","9","","4","","4.0","","98.33","","","","","","Fog"
"-80.38","43.46","KITCHENER/WATERLOO","6144239","2025-08-09 02:00","2025","08","09","02:00","","16.5","","16.3","","99","","0.0","","9","","4","","4.8","","98.33","","","","","","Fog"
"-80.38","43.46","KITCHENER/WATERLOO","6144239","2025-08-09 03:00","2025","08","09","03:00","","16.4","","16.2","","99","","0.0","","9","","4","","0.4","","98.32","","","","","","Fog"
"-80.38","43.46","KITCHENER/WATERLOO","6144239","2025-08-09 04:00","2025","08","09","04:00","","15.6","","15.5","","99","","0.0","","","","0","","1.2","","98.32","","","","","","Fog"
"-80.38","43.46","KITCHENER/WATERLOO","6144239","2025-08-09 05:00","2025","08","09","05:00","","16.1","","16.0","","99","","0.0","","12","","5","","4.0","","98.33","","","","","","Fog"
"-80.38","43.46","KITCHENER/WATERLOO","6144239","2025-08-09 06:00","2025","08","09","06:00","","16.0","","15.9","","99","","0.0","","","M","4","","4.8","","98.38","","","","","","Fog"
"-80.38","43.46","KITCHENER/WATERLOO","6144239","2025-08-09 07:00","2025","08","09","07:00","","20.9","","20.0","","95","","0.0","","18","","9","","8.1","","98.43","","28","","","","Fog"
"-80.38","43.46","KITCHENER/WATERLOO","6144239","2025-08-09 08:00","2025","08","09","08:00","","23.3","","20.6","","85","","0.0","","18","","11","","14.5","","98.43","","31","","","","NA"
"-80.38","43.46","KITCHENER/WATERLOO","6144239","2025-08-09 09:00","2025","08","09","09:00","","25.4","","20.8","","75","","0.0","","18","","11","","16.1","","98.40","","34","","","","NA"
"-80.38","43.46","KITCHENER/WATERLOO","6144239","2025-08-09 10:00","2025","08","09","10:00","","27.6","","20.9","","66","","0.0","","17","","13","","16.1","","98.35","","36","","","","NA"
"-80.38","43.46","KITCHENER/WATERLOO","6144239","2025-08-09 11:00","2025","08","09","11:00","","29.4","","19.9","","56","","0.0","","20","","17","","16.1","","98.32","","37","","","","NA"
"-80.38","43.46","KITCHENER/WATERLOO","6144239","2025-08-09 12:00","2025","08","09","12:00","","30.6","","18.8","","49","","0.0","","17","","26","","16.1","","98.27","","37","","","","NA"
"-80.38","43.46","KITCHENER/WATERLOO","6144239","2025-08-09 13:00","2025","08","09","13:00","","30.9","","18.5","","47","","0.0","","17","","18","","16.1","","98.26","","37","","","","NA"
"-80.38","43.46","KITCHENER/WATERLOO","6144239","2025-08-09 14:00","2025","08","09","14:00","","31.3","","18.0","","45","","0.0","","21","","24","","16.1","","98.29","","37","","","","NA"
"-80.38","43.46","KITCHENER/WATERLOO","6144239","2025-08-09 15:00","2025","08","09","15:00","","31.0","","16.9","","42","","0.0","","22","","24","","16.1","","98.31","","36","","","","NA"
"-80.38","43.46","KITCHENER/WATERLOO","6144239","2025-08-09 16:00","2025","08","09","16:00","","30.5","","17.0","","44","","0.0","","22","","24","","16.1","","98.28","","36","","","","NA"
"-80.38","43.46","KITCHENER/WATERLOO","6144239","2025-08-09 17:00","2025","08","09","17:00","","30.1","","16.7","","44","","0.0","","21","","21","","16.1","","98.26","","35","","","","NA"
"-80.38","43.46","KITCHENER/WATERLOO","6144239","2025-08-09 18:00","2025","08","09","18:00","","28.7","","17.0","","48","","0.0","","21","","21","","16.1","","98.26","","34","","","","NA"
"-80.38","43.46","KITCHENER/WATERLOO","6144239","2025-08-09 19:00","2025","08","09","19:00","","26.9","","17.0","","54","","0.0","","20","","15","","16.1","","98.25","","32","","","","NA"
"-80.38","43.46","KITCHENER/WATERLOO","6144239","2025-08-09 20:00","2025","08","09","20:00","","25.1","","16.9","","60","","0.0","","18","","9","","16.1","","98.25","","30","","","","NA"
"-80.38","43.46","KITCHENER/WATERLOO","6144239","2025-08-09 21:00","2025","08","09","21:00","","23.5","","17.1","","67","","0.0","","18","","8","","16.1","","98.28","","29","","","","NA"
"-80.38","43.46","KITCHENER/WATERLOO","6144239","2025-08-09 22:00","2025","08","09","22:00","","20.6","","17.3","","81","","0.0","","16","","5","","16.1","","98.31","","26","","","","NA"
"-80.38","43.46","KITCHENER/WATERLOO","6144239","2025-08-09 23:00","2025","08","09","23:00","","19.4","","17.2","","87","","0.0","","8","","8","","16.1","","98.33","","","","","","NA"
"-80.38","43.46","KITCHENER/WATERLOO","6144239","2025-08-10 00:00","2025","08","10","00:00","","18.3","","17.3","","94","","0.0","","","M","4","","16.1","","98.28","","","","","","NA"
"-80.38","43.46","KITCHENER/WATERLOO","6144239","2025-08-10 01:00","2025","08","10","01:00","","19.6","","17.7","","89","","0.0","","13","","5","","16.1","","98.32","","","","","","NA"
"-80.38","43.46","KITCHENER/WATERLOO","6144239","2025-08-10 02:00","2025","08","10","02:00","","20.2","","18.1","","88","","0.0","","12","","5","","14.5","","98.32","","26","","","","NA"
"-80.38","43.46","KITCHENER/WATERLOO","6144239","2025-08-10 03:00","2025","08","10","03:00","","18.1","","16.9","","93","","0.0","","24","","5","","11.3","","98.31","","","","","","NA"
"-80.38","43.46","KITCHENER/WATERLOO","6144239","2025-08-10 04:00","2025","08","10","04:00","","17.6","","17.1","","97","","0.0","","11","","4","","8.1","","98.33","","","","","","Fog"
"-80.38","43.46","KITCHENER/WATERLOO","6144239","2025-08-10 05:00","2025","08","10","05:00","","16.8","","16.5","","98","","0.0","","","","0","","4.8","","98.38","","","","","","Fog"
"-80.38","43.46","KITCHENER/WATERLOO","6144239","2025-08-10 06:00","2025","08","10","06:00","","17.6","","17.2","","97","","0.0","","13","","4","","8.1","","98.44","","","","","","Fog"
"-80.38","43.46","KITCHENER/WATERLOO","6144239","2025-08-10 07:00","2025","08","10","07:00","","21.9","","19.9","","88","","0.0","","15","","9","","11.3","","98.42","","29","","","","NA"
"-80.38","43.46","KITCHENER/WATERLOO","6144239","2025-08-10 08:00","2025","08","10","08:00","","24.7","","20.2","","76","","0.0","","20","","9","","16.1","","98.38","","32","","","","NA"
"-80.38","43.46","KITCHENER/WATERLOO","6144239","2025-08-10 09:00","2025","08","10","09:00","","27.0","","20.4","","67","","0.0","","19","","11","","16.1","","98.35","","35","","","","NA"
"-80.38","43.46","KITCHENER/WATERLOO","6144239","2025-08-10 10:00","2025","08","10","10:00","","28.4","","19.0","","56","","0.0","","18","","15","","16.1","","98.32","","35","","","","NA"
"-80.38","43.46","KITCHENER/WATERLOO","6144239","2025-08-10 11:00","2025","08","10","11:00","","30.2","","18.8","","50","","0.0","","20","","21","","16.1","","98.35","","37","","","","NA"
"-80.38","43.46","KITCHENER/WATERLOO","6144239","2025-08-10 12:00","2025","08","10","12:00","","30.8","","18.1","","46","","0.0","","18","","22","","16.1","","98.36","","37","","","","NA"
"-80.38","43.46","KITCHENER/WATERLOO","6144239","2025-08-10 13:00","2025","08","10","13:00","","31.6","","17.7","","43","","0.0","","22","","18","","16.1","","98.35","","37","","","","NA"
"-80.38","43.46","KITCHENER/WATERLOO","6144239","2025-08-10 14:00","2025","08","10","14:00","","32.1","","18.0","","43","","0.0","","20","","18","","16.1","","98.34","","38","","","","NA"
"-80.38","43.46","KITCHENER/WATERLOO","6144239","2025-08-10 15:00","2025","08","10","15:00","","32.0","","17.3","","41","","0.0","","24","","13","","16.1","","98.31","","37","","","","NA"
"-80.38","43.46","KITCHENER/WATERLOO","6144239","2025-08-10 16:00","2025","08","10","16:00","","31.6","","16.6","","40","","0.0","","18","","11","","16.1","","98.26","","37","","","","NA"
"-80.38","43.46","KITCHENER/WATERLOO","6144239","2025-08-10 17:00","2025","08","10","17:00","","31.3","","17.5","","43","","0.0","","20","","17","","16.1","","98.25","","37","","","","NA"
"-80.38","43.46","KITCHENER/WATERLOO","6144239","2025-08-10 18:00","2025","08","10","18:00","","30.1","","16.8","","44","","0.0","","18","","18","","16.1","","98.22","","35","","","","NA"
"-80.38","43.46","KITCHENER/WATERLOO","6144239","2025-08-10 19:00","2025","08","10","19:00","","28.0","","17.1","","51","","0.0","","21","","11","","16.1","","98.23","","33","","","","NA"
"-80.38","43.46","KITCHENER/WATERLOO","6144239","2025-08-10 20:00","2025","08","10","20:00","","25.9","","17.4","","59","","0.0","","20","","9","","16.1","","98.25","","31","","","","NA"
"-80.38","43.46","KITCHENER/WATERLOO","6144239","2025-08-10 21:00","2025","08","10","21:00","","24.6","","17.2","","63","","0.0","","20","","8","","16.1","","98.26","","30","","","","NA"
"-80.38","43.46","KITCHENER/WATERLOO","6144239","2025-08-10 22:00","2025","08","10","22:00","","21.8","","17.5","","76","","0.0","","16","","5","","16.1","","98.26","","27","","","","NA"
"-80.38","43.46","KITCHENER/WATERLOO","6144239","2025-08-10 23:00","2025","08","10","23:00","","20.4","","17.5","","83","","0.0","","13","","8","","16.1","","98.27","","26","","","","NA"
"-80.38","43.46","KITCHENER/WATERLOO","6144239","2025-08-11 00:00","2025","08","11","00:00","","18.3","","17.3","","94","","0.0","","","M","4","","16.1","","98.23","","","","","","NA"
"-80.38","43.46","KITCHENER/WATERLOO","6144239","2025-08-11 01:00","2025","08","11","01:00","","17.2","","16.6","","96","","0.0","","","","0","","12.9","","98.25","","","","","","NA"
"-80.38","43.46","KITCHENER/WATERLOO","6144239","2025-08-11 02:00","2025","08","11","02:00","","17.0","","16.4","","96","","0.0","","8","","8","","12.9","","98.24","","","","","","NA"
"-80.38","43.46","KITCHENER/WATERLOO","6144239","2025-08-11 03:00","2025","08","11","03:00","","16.8","","16.6","","99","","0.0","","","","0","","6.4","","98.22","","","","","","Fog"
"-80.38","43.46","KITCHENER/WATERLOO","6144239","2025-08-11 04:00","2025","08","11","04:00","","16.3","","16.0","","98","","0.0","","6","","4","","6.4","","98.21","","","","","","Fog"
"-80.38","43.46","KITCHENER/WATERLOO","6144239","2025-08-11 05:00","2025","08","11","05:00","","15.7","","15.6","","99","","0.0","","8","","5","","4.8","","98.24","","","","","","Fog"
"-80.38","43.46","KITCHENER/WATERLOO","6144239","2025-08-11 06:00","2025","08","11","06:00","","15.9","","15.8","","99","","0.0","","10","","4","","4.8","","98.26","","","","","","Fog"
"-80.38","43.46","KITCHENER/WATERLOO","6144239","2025-08-11 07:00","2025","08","11","07:00","","20.8","","19.4","","92","","0.0","","","M","4","","9.7","","98.30","","28","","","","Fog"
"-80.38","43.46","KITCHENER/WATERLOO","6144239","2025-08-11 08:00","2025","08","11","08:00","","24.2","","20.0","","77","","0.0","","23","","8","","16.1","","98.30","","32","","","","NA"
"-80.38","43.46","KITCHENER/WATERLOO","6144239","2025-08-11 09:00","2025","08","11","09:00","","26.7","","20.3","","68","","0.0","","18","","9","","12.9","","98.26","","35","","","","NA"
"-80.38","43.46","KITCHENER/WATERLOO","6144239","2025-08-11 10:00","2025","08","11","10:00","","29.1","","19.7","","56","","0.0","","19","","15","","16.1","","98.22","","36","","","","NA"
"-80.38","43.46","KITCHENER/WATERLOO","6144239","2025-08-11 11:00","2025","08","11","11:00","","30.2","","19.8","","53","","0.0","","16","","17","","16.1","","98.21","","38","","","","NA"
"-80.38","43.46","KITCHENER/WATERLOO","6144239","2025-08-11 12:00","2025","08","11","12:00","","31.4","","19.2","","48","","0.0","","20","","17","","16.1","","98.17","","38","","","","NA"
"-80.38","43.46","KITCHENER/WATERLOO","6144239","2025-08-11 13:00","2025","08","11","13:00","","32.2","","18.0","","42","","0.0","","18","","21","","16.1","","98.13","","38","","","","NA"
"-80.38","43.46","KITCHENER/WATERLOO","6144239","2025-08-11 14:00","2025","08","11","14:00","","32.3","","18.2","","42","","0.0","","22","","24","","16.1","","98.09","","38","","","","NA"
"-80.38","43.46","KITCHENER/WATERLOO","6144239","2025-08-11 15:00","2025","08","11","15:00","","32.6","","17.5","","40","","0.0","","20","","17","","16.1","","98.04","","38","","","","NA"
"-80.38","43.46","KITCHENER/WATERLOO","6144239","2025-08-11 16:00","2025","08","11","16:00","","32.0","","17.0","","40","","0.0","","20","","24","","16.1","","97.97","","37","","","","NA"
"-80.38","43.46","KITCHENER/WATERLOO","6144239","2025-08-11 17:00","2025","08","11","17:00","","31.0","","17.5","","44","","0.0","","21","","21","","16.1","","97.99","","37","","","","NA"
"-80.38","43.46","KITCHENER/WATERLOO","6144239","2025-08-11 18:00","2025","08","11","18:00","","29.8","","17.2","","46","","0.0","","19","","18","","16.1","","97.96","","35","","","","NA"
"-80.38","43.46","KITCHENER/WATERLOO","6144239","2025-08-11 19:00","2025","08","11","19:00","","28.0","","16.6","","49","","0.0","","20","","13","","16.1","","97.99","","33","","","","NA"
"-80.38","43.46","KITCHENER/WATERLOO","6144239","2025-08-11 20:00","2025","08","11","20:00","","26.3","","16.7","","55","","0.0","","19","","11","","16.1","","97.97","","31","","","","NA"
"-80.38","43.46","KITCHENER/WATERLOO","6144239","2025-08-11 21:00","2025","08","11","21:00","","25.2","","17.0","","60","","0.0","","19","","9","","16.1","","97.98","","30","","","","NA"
"-80.38","43.46","KITCHENER/WATERLOO","6144239","2025-08-11 22:00","2025","08","11","22:00","","24.3","","17.4","","65","","0.0","","19","","9","","16.1","","97.97","","30","","","","NA"
"-80.38","43.46","KITCHENER/WATERLOO","6144239","2025-08-11 23:00","2025","08","11","23:00","","23.6","","17.9","","70","","0.0","","19","","5","","16.1","","97.96","","30","","","","NA"
"-80.38","43.46","KITCHENER/WATERLOO","6144239","2025-08-12 00:00","2025","08","12","00:00","","24.1","","17.9","","68","","0.0","","19","","8","","16.1","","97.95","","30","","","","NA"
"-80.38","43.46","KITCHENER/WATERLOO","6144239","2025-08-12 01:00","2025","08","12","01:00","","22.4","","19.8","","85","","0.5","","19","","8","","16.1","","97.92","","30","","","","NA"
"-80.38","43.46","KITCHENER/WATERLOO","6144239","2025-08-12 02:00","2025","08","12","02:00","","22.0","","20.1","","89","","0.0","","20","","8","","16.1","","97.91","","30","","","","NA"
"-80.38","43.46","KITCHENER/WATERLOO","6144239","2025-08-12 03:00","2025","08","12","03:00","","20.7","","19.6","","93","","0.0","","","M","4","","16.1","","97.94","","28","","","","NA"
"-80.38","43.46","KITCHENER/WATERLOO","6144239","2025-08-12 04:00","2025","08","12","04:00","","22.2","","19.8","","86","","0.0","","24","","9","","16.1","","97.95","","30","","","","NA"
"-80.38","43.46","KITCHENER/WATERLOO","6144239","2025-08-12 05:00","2025","08","12","05:00","","21.1","","19.8","","92","","0.0","","25","","5","","16.1","","97.93","","29","","","","NA"
"-80.38","43.46","KITCHENER/WATERLOO","6144239","2025-08-12 06:00","2025","08","12","06:00","","22.3","","21.0","","92","","0.0","","18","","9","","16.1","","97.95","","31","","","","NA"
"-80.38","43.46","KITCHENER/WATERLOO","6144239","2025-08-12 07:00","2025","08","12","07:00","","23.4","","21.5","","89","","0.0","","20","","9","","12.9","","97.92","","32","","","","NA"
"-80.38","43.46","KITCHENER/WATERLOO","6144239","2025-08-12 08:00","2025","08","12","08:00","","25.5","","22.3","","82","","0.0","","22","","9","","16.1","","97.90","","35","","","","NA"
"-80.38","43.46","KITCHENER/WATERLOO","6144239","2025-08-12 09:00","2025","08","12","09:00","","28.2","","22.7","","72","","0.0","","22","","15","","16.1","","97.89","","38","","","","NA"
"-80.38","43.46","KITCHENER/WATERLOO","6144239","2025-08-12 10:00","2025","08","12","10:00","","29.6","","21.7","","62","","0.0","","19","","22","","16.1","","97.86","","39","","","","NA"
"-80.38","43.46","KITCHENER/WATERLOO","6144239","2025-08-12 11:00","2025","08","12","11:00","","30.7","","21.0","","56","","0.0","","20","","21","","16.1","","97.83","","39","","","","NA"
"-80.38","43.46","KITCHENER/WATERLOO","6144239","2025-08-12 12:00","2025","08","12","12:00","","31.2","","20.2","","51","","0.0","","26","","24","","16.1","","97.81","","39","","","","NA"
"-80.38","43.46","KITCHENER/WATERLOO","6144239","2025-08-12 13:00","2025","08","12","13:00","","30.8","","19.8","","51","","0.0","","27","","15","","16.1","","97.73","","38","","","","NA"
"-80.38","43.46","KITCHENER/WATERLOO","6144239","2025-08-12 14:00","2025","08","12","14:00","","26.2","","23.3","","84","","1.0","","20","","11","","11.3","","97.73","","37","","","","Thunderstorms"
"-80.38","43.46","KITCHENER/WATERLOO","6144239","2025-08-12 15:00","2025","08","12","15:00","","29.4","","20.4","","58","","0.0","","23","","17","","16.1","","97.68","","37","","","","NA"
"-80.38","43.46","KITCHENER/WATERLOO","6144239","2025-08-12 16:00","2025","08","12","16:00","","24.2","","22.0","","87","","3.8","","26","","15","","16.1","","97.72","","34","","","","Thunderstorms"
"-80.38","43.46","KITCHENER/WATERLOO","6144239","2025-08-12 17:00","2025","08","12","17:00","","25.5","","21.0","","76","","0.0","","24","","8","","16.1","","97.64","","34","","","","NA"
"-80.38","43.46","KITCHENER/WATERLOO","6144239","2025-08-12 18:00","2025","08","12","18:00","","26.7","","19.0","","62","","0.0","","","","0","","16.1","","97.58","","33","","","","NA"
"-80.38","43.46","KITCHENER/WATERLOO","6144239","2025-08-12 19:00","2025","08","12","19:00","","24.2","","21.5","","85","","0.0","","20","","8","","16.1","","97.56","","33","","","","NA"
"-80.38","43.46","KITCHENER/WATERLOO","6144239","2025-08-12 20:00","2025","08","12","20:00","","21.5","","20.9","","96","","0.0","","","","0","","16.1","","97.57","","30","","","","NA"
"-80.38","43.46","KITCHENER/WATERLOO","6144239","2025-08-12 21:00","2025","08","12","21:00","","21.7","","20.7","","94","","0.0","","17","","5","","16.1","","97.57","","30","","","","NA"
"-80.38","43.46","KITCHENER/WATERLOO","6144239","2025-08-12 22:00","2025","08","12","22:00","","20.6","","20.3","","98","","0.0","","","","0","","16.1","","97.54","","28","","","","NA"
"-80.38","43.46","KITCHENER/WATERLOO","6144239","2025-08-12 23:00","2025","08","12","23:00","","22.6","","20.7","","89","","0.0","","30","","21","","16.1","","97.52","","31","","","","NA"
"-80.38","43.46","KITCHENER/WATERLOO","6144239","2025-08-13 00:00","2025","08","13","00:00","","21.1","","19.4","","90","","0.0","","31","","8","","16.1","","97.54","","28","","","","NA"
"-80.38","43.46","KITCHENER/WATERLOO","6144239","2025-08-13 01:00","2025","08","13","01:00","","20.8","","19.1","","90","","1.5","","27","","13","","16.1","","97.54","","28","","","","Thunderstorms,Moderate Rain"
"-80.38","43.46","KITCHENER/WATERLOO","6144239","2025-08-13 02:00","2025","08","13","02:00","","19.8","","19.3","","97","","1.2","","10","","5","","16.1","","97.43","","","","","","Rain"
"-80.38","43.46","KITCHENER/WATERLOO","6144239","2025-08-13 03:00","2025","08","13","03:00","","19.4","","19.2","","99","","0.0","","15","","5","","12.9","","97.41","","","","","","NA"
"-80.38","43.46","KITCHENER/WATERLOO","6144239","2025-08-13 04:00","2025","08","13","04:00","","19.6","","19.4","","99","","0.0","","24","","4","","11.3","","97.41","","","","","","NA"
"-80.38","43.46","KITCHENER/WATERLOO","6144239","2025-08-13 05:00","2025","08","13","05:00","","18.9","","18.7","","99","","0.2","","25","","8","","4.8","","97.44","","","","","","Fog"
"-80.38","43.46","KITCHENER/WATERLOO","6144239","2025-08-13 06:00","2025","08","13","06:00","","18.9","","18.7","","99","","0.0","","23","","5","","4.8","","97.51","","","","","","Fog"
"-80.38","43.46","KITCHENER/WATERLOO","6144239","2025-08-13 07:00","2025","08","13","07:00","","19.8","","19.5","","98","","0.0","","20","","5","","9.7","","97.51","","","","","","Fog"
"-80.38","43.46","KITCHENER/WATERLOO","6144239","2025-08-13 08:00","2025","08","13","08:00","","21.3","","20.1","","93","","0.0","","29","","17","","16.1","","97.51","","29","","","","NA"
"-80.38","43.46","KITCHENER/WATERLOO","6144239","2025-08-13 09:00","2025","08","13","09:00","","21.8","","20.4","","92","","0.0","","31","","11","","16.1","","97.54","","30","","","","NA"
"-80.38","43.46","KITCHENER/WATERLOO","6144239","2025-08-13 10:00","2025","08","13","10:00","","24.2","","20.0","","77","","0.0","","31","","15","","16.1","","97.54","","32","","","","NA"
"-80.38","43.46","KITCHENER/WATERLOO","6144239","2025-08-13 11:00","2025","08","13","11:00","","25.0","","20.4","","75","","0.0","","30","","13","","16.1","","97.53","","33","","","","NA"
"-80.38","43.46","KITCHENER/WATERLOO","6144239","2025-08-13 12:00","2025","08","13","12:00","","26.6","","19.4","","64","","0.0","","30","","13","","16.1","","97.54","","34","","","","NA"
"-80.38","43.46","KITCHENER/WATERLOO","6144239","2025-08-13 13:00","2025","08","13","13:00","","27.8","","19.0","","58","","0.0","","24","","5","","16.1","","97.49","","35","","","","NA"
"-80.38","43.46","KITCHENER/WATERLOO","6144239","2025-08-13 14:00","2025","08","13","14:00","","28.1","","18.1","","54","","0.0","","31","","17","","16.1","","97.43","","34","","","","NA"
"-80.38","43.46","KITCHENER/WATERLOO","6144239","2025-08-13 15:00","2025","08","13","15:00","","29.2","","16.4","","45","","0.0","","27","","15","","16.1","","97.38","","34","","","","NA"
"-80.38","43.46","KITCHENER/WATERLOO","6144239","2025-08-13 16:00","2025","08","13","16:00","","27.8","","17.9","","54","","0.0","","28","","18","","16.1","","97.37","","34","","","","NA"
"-80.38","43.46","KITCHENER/WATERLOO","6144239","2025-08-13 17:00","2025","08","13","17:00","","27.6","","19.2","","60","","0.0","","31","","18","","16.1","","97.39","","35","","","","NA"
"-80.38","43.46","KITCHENER/WATERLOO","6144239","2025-08-13 18:00","2025","08","13","18:00","","25.9","","18.8","","64","","0.0","","32","","15","","16.1","","97.43","","33","","","","NA"
"-80.38","43.46","KITCHENER/WATERLOO","6144239","2025-08-13 19:00","2025","08","13","19:00","","24.3","","18.4","","69","","0.0","","33","","15","","16.1","","97.48","","31","","","","NA"
"-80.38","43.46","KITCHENER/WATERLOO","6144239","2025-08-13 20:00","2025","08","13","20:00","","22.0","","16.6","","71","","0.0","","32","","11","","16.1","","97.54","","27","","","","NA"
"-80.38","43.46","KITCHENER/WATERLOO","6144239","2025-08-13 21:00","2025","08","13","21:00","","20.1","","15.9","","76","","0.0","","32","","9","","16.1","","97.61","","25","","","","NA"
"-80.38","43.46","KITCHENER/WATERLOO","6144239","2025-08-13 22:00","2025","08","13","22:00","","18.9","","15.8","","82","","0.0","","31","","9","","16.1","","97.64","","","","","","NA"
"-80.38","43.46","KITCHENER/WATERLOO","6144239","2025-08-13 23:00","2025","08","13","23:00","","17.4","","15.8","","90","","0.0","","32","","9","","16.1","","97.65","","","","","","NA"
"-80.38","43.46","KITCHENER/WATERLOO","6144239","2025-08-14 00:00","2025","08","14","00:00","","15.3","","14.8","","97","","0.0","","","","0","","12.9","","97.69","","","","","","NA"
"-80.38","43.46","KITCHENER/WATERLOO","6144239","2025-08-14 01:00","2025","08","14","01:00","","15.1","","14.8","","98","","0.0","","30","","8","","11.3","","97.69","","","","","","NA"
"-80.38","43.46","KITCHENER/WATERLOO","6144239","2025-08-14 02:00","2025","08","14","02:00","","15.2","","14.7","","97","","0.0","","31","","8","","11.3","","97.69","","","","","","NA"
"-80.38","43.46","KITCHENER/WATERLOO","6144239","2025-08-14 03:00","2025","08","14","03:00","","15.1","","14.6","","97","","0.0","","32","","5","","11.3","","97.69","","","","","","NA"
"-80.38","43.46","KITCHENER/WATERLOO","6144239","2025-08-14 04:00","2025","08","14","04:00","","14.3","","14.0","","98","","0.0","","31","","9","","9.7","","97.71","","","","","","Fog"
"-80.38","43.46","KITCHENER/WATERLOO","6144239","2025-08-14 05:00","2025","08","14","05:00","","14.1","","13.9","","99","","0.0","","31","","5","","8.1","","97.75","","","","","","Fog"
"-80.38","43.46","KITCHENER/WATERLOO","6144239","2025-08-14 06:00","2025","08","14","06:00","","14.1","","14.0","","99","","0.0","","31","","9","","6.4","","97.84","","","","","","Fog"
"-80.38","43.46","KITCHENER/WATERLOO","6144239","2025-08-14 07:00","2025","08","14","07:00","","16.1","","15.6","","97","","0.0","","31","","9","","9.7","","97.89","","","","","","Fog"
"-80.38","43.46","KITCHENER/WATERLOO","6144239","2025-08-14 08:00","2025","08","14","08:00","","18.6","","17.4","","93","","0.0","","35","","9","","16.1","","97.94","","","","","","NA"
"-80.38","43.46","KITCHENER/WATERLOO","6144239","2025-08-14 09:00","2025","08","14","09:00","","21.5","","18.3","","82","","0.0","","34","","5","","16.1","","97.97","","28","","","","NA"
"-80.38","43.46","KITCHENER/WATERLOO","6144239","2025-08-14 10:00","2025","08","14","10:00","","23.9","","17.3","","66","","0.0","","1","","9","","16.1","","98.02","","29","","","","NA"
"-80.38","43.46","KITCHENER/WATERLOO","6144239","2025-08-14 11:00","2025","08","14","11:00","","25.0","","15.6","","55","","0.0","","35","","11","","16.1","","98.05","","29","","","","NA"
"-80.38","43.46","KITCHENER/WATERLOO","6144239","2025-08-14 12:00","2025","08","14","12:00","","26.0","","13.8","","46","","0.0","","6","","9","","16.1","","98.02","","29","","","","NA"
"-80.38","43.46","KITCHENER/WATERLOO","6144239","2025-08-14 13:00","2025","08","14","13:00","","25.9","","14.4","","49","","0.0","","6","","9","","16.1","","98.00","","30","","","","NA"
"-80.38","43.46","KITCHENER/WATERLOO","6144239","2025-08-14 14:00","2025","08","14","14:00","","26.5","","13.5","","44","","0.0","","9","","13","","16.1","","98.00","","30","","","","NA"
"-80.38","43.46","KITCHENER/WATERLOO","6144239","2025-08-14 15:00","2025","08","14","15:00","","26.9","","13.4","","43","","0.0","","10","","5","","16.1","","97.99","","30","","","","NA"
"-80.38","43.46","KITCHENER/WATERLOO","6144239","2025-08-14 16:00","2025","08","14","16:00","","26.9","","14.1","","45","","0.0","","13","","9","","16.1","","98.00","","30","","","","NA"
"-80.38","43.46","KITCHENER/WATERLOO","6144239","2025-08-14 17:00","2025","08","14","17:00","","25.6","","15.2","","52","","0.0","","13","","15","","16.1","","98.01","","30","","","","NA"
"-80.38","43.46","KITCHENER/WATERLOO","6144239","2025-08-14 18:00","2025","08","14","18:00","","25.1","","14.9","","53","","0.0","","13","","11","","16.1","","98.01","","29","","","","NA"
"-80.38","43.46","KITCHENER/WATERLOO","6144239","2025-08-14 19:00","2025","08","14","19:00","","23.2","","14.8","","59","","0.0","","12","","11","","16.1","","98.05","","27","","","","NA"
"-80.38","43.46","KITCHENER/WATERLOO","6144239","2025-08-14 20:00","2025","08","14","20:00","","20.3","","15.3","","73","","0.0","","12","","9","","16.1","","98.10","","","","","","NA"
"-80.38","43.46","KITCHENER/WATERLOO","6144239","2025-08-14 21:00","2025","08","14","21:00","","18.8","","16.3","","85","","0.0","","","","0","","16.1","","98.16","","","","","","NA"
"-80.38","43.46","KITCHENER/WATERLOO","6144239","2025-08-14 22:00","2025","08","14","22:00","","17.9","","15.9","","88","","0.0","","","","0","","16.1","","98.20","","","","","","NA"
"-80.38","43.46","KITCHENER/WATERLOO","6144239","2025-08-14 23:00","2025","08","14","23:00","","17.1","","16.0","","93","","0.0","","","","0","","12.9","","98.23","","","","","","NA"
"-80.38","43.46","KITCHENER/WATERLOO","6144239","2025-08-15 00:00","2025","08","15","00:00","","16.7","","15.8","","94","","0.0","","","","0","","11.3","","98.27","","","","","","NA"
"-80.38","43.46","KITCHENER/WATERLOO","6144239","2025-08-15 01:00","2025","08","15","01:00","","15.2","","14.9","","98","","0.0","","","","0","","6.4","","98.25","","","","","","Fog"
"-80.38","43.46","KITCHENER/WATERLOO","6144239","2025-08-15 02:00","2025","08","15","02:00","","14.5","","14.4","","99","","0.0","","5","","4","","4.8","","98.27","","","","","","Fog"
"-80.38","43.46","KITCHENER/WATERLOO","6144239","2025-08-15 03:00","2025","08","15","03:00","","13.7","","13.5","","98","","0.0","","6","","4","","4.8","","98.30","","","","","","Fog"
"-80.38","43.46","KITCHENER/WATERLOO","6144239","2025-08-15 04:00","2025","08","15","04:00","","14.8","","14.5","","98","","0.0","","6","","8","","6.4","","98.28","","","","","","Fog"
"-80.38","43.46","KITCHENER/WATERLOO","6144239","2025-08-15 05:00","2025","08","15","05:00","","13.6","","13.5","","99","","0.0","","34","","5","","6.4","","98.33","","","","","","Fog"
"-80.38","43.46","KITCHENER/WATERLOO","6144239","2025-08-15 06:00","2025","08","15","06:00","","12.9","","12.8","","99","","0.0","","","M","4","","2.8","","98.38","","","","","","Fog"
"-80.38","43.46","KITCHENER/WATERLOO","6144239","2025-08-15 07:00","2025","08","15","07:00","","16.8","","16.3","","97","","0.0","","","","0","","8.1","","98.41","","","","","","Fog"
"-80.38","43.46","KITCHENER/WATERLOO","6144239","2025-08-15 08:00","2025","08","15","08:00","","21.6","","18.1","","80","","0.0","","10","","9","","16.1","","98.44","","28","","","","NA"
"-80.38","43.46","KITCHENER/WATERLOO","6144239","2025-08-15 09:00","2025","08","15","09:00","","25.2","","16.1","","56","","0.0","","11","","15","","16.1","","98.44","","30","","","","NA"
"-80.38","43.46","KITCHENER/WATERLOO","6144239","2025-08-15 10:00","2025","08","15","10:00","","26.3","","14.9","","49","","0.0","","11","","13","","16.1","","98.43","","30","","","","NA"
"-80.38","43.46","KITCHENER/WATERLOO","6144239","2025-08-15 11:00","2025","08","15","11:00","","27.3","","14.5","","45","","0.0","","12","","17","","16.1","","98.41","","31","","","","NA"
"-80.38","43.46","KITCHENER/WATERLOO","6144239","2025-08-15 12:00","2025","08","15","12:00","","28.2","","11.5","","35","","0.0","","","M","11","","16.1","","98.41","","30","","","","NA"
"-80.38","43.46","KITCHENER/WATERLOO","6144239","2025-08-15 13:00","2025","08","15","13:00","","29.3","","12.8","","36","","0.0","","","M","9","","16.1","","98.38","","32","","","","NA"
"-80.38","43.46","KITCHENER/WATERLOO","6144239","2025-08-15 14:00","2025","08","15","14:00","","29.4","","13.0","","36","","0.0","","35","","8","","16.1","","98.37","","32","","","","NA"
"-80.38","43.46","KITCHENER/WATERLOO","6144239","2025-08-15 15:00","2025","08","15","15:00","","29.0","","12.7","","36","","0.0","","15","","9","","16.1","","98.32","","32","","","","NA"
"-80.38","43.46","KITCHENER/WATERLOO","6144239","2025-08-15 16:00","2025","08","15","16:00","","28.8","","12.4","","36","","0.0","","25","","5","","16.1","","98.31","","31","","","","NA"
"-80.38","43.46","KITCHENER/WATERLOO","6144239","2025-08-15 17:00","2025","08","15","17:00","","29.2","","13.8","","38","","0.0","","13","","13","","16.1","","98.28","","32","","","","NA"
"-80.38","43.46","KITCHENER/WATERLOO","6144239","2025-08-15 18:00","2025","08","15","18:00","","27.5","","13.2","","41","","0.0","","14","","11","","16.1","","98.24","","30","","","","NA"
"-80.38","43.46","KITCHENER/WATERLOO","6144239","2025-08-15 19:00","2025","08","15","19:00","","24.7","","16.6","","60","","0.0","","12","","11","","16.1","","98.24","","30","","","","NA"
"-80.38","43.46","KITCHENER/WATERLOO","6144239","2025-08-15 20:00","2025","08","15","20:00","","21.6","","16.2","","71","","0.0","","11","","9","","16.1","","98.26","","26","","","","NA"
"-80.38","43.46","KITCHENER/WATERLOO","6144239","2025-08-15 21:00","2025","08","15","21:00","","21.2","","16.9","","76","","0.0","","18","","8","","16.1","","98.32","","26","","","","NA"
"-80.38","43.46","KITCHENER/WATERLOO","6144239","2025-08-15 22:00","2025","08","15","22:00","","17.9","","16.3","","90","","0.0","","6","","5","","16.1","","98.35","","","","","","NA"
"-80.38","43.46","KITCHENER/WATERLOO","6144239","2025-08-15 23:00","2025","08","15","23:00","","16.8","","16.2","","96","","0.0","","","","0","","16.1","","98.37","","","","","","NA"
"-80.38","43.46","KITCHENER/WATERLOO","6144239","2025-08-16 00:00","2025","08","16","00:00","","15.6","","15.3","","98","","0.0","","","","0","","9.7","","98.38","","","","","","Fog"
"-80.38","43.46","KITCHENER/WATERLOO","6144239","2025-08-16 01:00","2025","08","16","01:00","","16.0","","15.9","","99","","0.0","","8","","5","","16.1","","98.29","","","","","","NA"
"-80.38","43.46","KITCHENER/WATERLOO","6144239","2025-08-16 02:00","2025","08","16","02:00","","15.3","","15.2","","99","","0.0","","","","0","","4.8","","98.26","","","","","","Fog"
"-80.38","43.46","KITCHENER/WATERLOO","6144239","2025-08-16 03:00","2025","08","16","03:00","","14.9","","14.8","","99","","0.0","","2","","4","","3.2","","98.25","","","","","","Fog"
"-80.38","43.46","KITCHENER/WATERLOO","6144239","2025-08-16 04:00","2025","08","16","04:00","","15.0","","14.9","","99","","0.0","","34","","4","","4.0","","98.25","","","","","","Fog"
"-80.38","43.46","KITCHENER/WATERLOO","6144239","2025-08-16 05:00","2025","08","16","05:00","","15.0","","15.0","","100","","0.0","","36","","5","","2.4","","98.28","","","","","","Fog"
"-80.38","43.46","KITCHENER/WATERLOO","6144239","2025-08-16 06:00","2025","08","16","06:00","","14.0","","14.0","","100","","0.0","","","","0","","2.0","","98.28","","","","","","Fog"
"-80.38","43.46","KITCHENER/WATERLOO","6144239","2025-08-16 07:00","2025","08","16","07:00","","16.9","","16.7","","99","","0.0","","","M","4","","11.3","","98.28","","","","","","NA"
"-80.38","43.46","KITCHENER/WATERLOO","6144239","2025-08-16 08:00","2025","08","16","08:00","","21.3","","18.0","","81","","0.0","","","M","4","","16.1","","98.27","","27","","","","NA"
"-80.38","43.46","KITCHENER/WATERLOO","6144239","2025-08-16 09:00","2025","08","16","09:00","","25.4","","16.4","","57","","0.0","","","M","4","","16.1","","98.22","","30","","","","NA"
"-80.38","43.46","KITCHENER/WATERLOO","6144239","2025-08-16 10:00","2025","08","16","10:00","","27.8","","16.6","","50","","0.0","","20","","9","","16.1","","98.24","","33","","","","NA"
"-80.38","43.46","KITCHENER/WATERLOO","6144239","2025-08-16 11:00","2025","08","16","11:00","","29.3","","14.6","","40","","0.0","","17","","11","","14.5","","98.25","","33","","","","NA"
"-80.38","43.46","KITCHENER/WATERLOO","6144239","2025-08-16 12:00","2025","08","16","12:00","","30.0","","13.9","","37","","0.0","","18","","8","","16.1","","98.18","","33","","","","NA"
"-80.38","43.46","KITCHENER/WATERLOO","6144239","2025-08-16 13:00","2025","08","16","13:00","","30.6","","14.7","","37","","0.0","","19","","9","","16.1","","98.12","","34","","","","NA"
"-80.38","43.46","KITCHENER/WATERLOO","6144239","2025-08-16 14:00","2025","08","16","14:00","","31.0","","14.9","","37","","0.0","","20","","13","","16.1","","98.10","","35","","","","NA"
"-80.38","43.46","KITCHENER/WATERLOO","6144239","2025-08-16 15:00","2025","08","16","15:00","","30.8","","15.0","","38","","0.0","","26","","18","","16.1","","98.05","","35","","","","NA"
"-80.38","43.46","KITCHENER/WATERLOO","6144239","2025-08-16 16:00","2025","08","16","16:00","","29.4","","15.4","","42","","0.0","","24","","18","","16.1","","98.00","","34","","","","NA"
"-80.38","43.46","KITCHENER/WATERLOO","6144239","2025-08-16 17:00","2025","08","16","17:00","","30.6","","16.3","","42","","0.0","","23","","18","","16.1","","97.92","","35","","","","NA"
"-80.38","43.46","KITCHENER/WATERLOO","6144239","2025-08-16 18:00","2025","08","16","18:00","","28.1","","15.9","","47","","0.0","","26","","11","","16.1","","97.86","","33","","","","NA"
"-80.38","43.46","KITCHENER/WATERLOO","6144239","2025-08-16 19:00","2025","08","16","19:00","","26.7","","15.6","","50","","0.0","","23","","11","","16.1","","97.85","","31","","","","NA"
"-80.38","43.46","KITCHENER/WATERLOO","6144239","2025-08-16 20:00","2025","08","16","20:00","","22.4","","17.2","","72","","0.0","","29","","5","","16.1","","97.89","","28","","","","NA"
"-80.38","43.46","KITCHENER/WATERLOO","6144239","2025-08-16 21:00","2025","08","16","21:00","","24.5","","18.8","","70","","0.0","","19","","9","","16.1","","97.84","","31","","","","NA"
"-80.38","43.46","KITCHENER/WATERLOO","6144239","2025-08-16 22:00","2025","08","16","22:00","","23.3","","19.5","","79","","0.0","","19","","8","","16.1","","97.78","","30","","","","NA"
"-80.38","43.46","KITCHENER/WATERLOO","6144239","2025-08-16 23:00","2025","08","16","23:00","","22.8","","19.9","","83","","0.0","","23","","8","","16.1","","97.81","","30","","","","NA"
"-80.38","43.46","KITCHENER/WATERLOO","6144239","2025-08-17 00:00","2025","08","17","00:00","","22.6","","20.1","","86","","0.0","","18","","5","","16.1","","97.76","","30","","","","NA"
"-80.38","43.46","KITCHENER/WATERLOO","6144239","2025-08-17 01:00","2025","08","17","01:00","","21.1","","19.9","","93","","0.0","","","","0","","16.1","","97.71","","29","","","","NA"
"-80.38","43.46","KITCHENER/WATERLOO","6144239","2025-08-17 02:00","2025","08","17","02:00","","21.5","","20.3","","93","","0.0","","12","","4","","14.5","","97.63","","29","","","","NA"
"-80.38","43.46","KITCHENER/WATERLOO","6144239","2025-08-17 03:00","2025","08","17","03:00","","21.8","","19.8","","88","","0.0","","5","","8","","16.1","","97.63","","29","","","","NA"
"-80.38","43.46","KITCHENER/WATERLOO","6144239","2025-08-17 04:00","2025","08","17","04:00","","20.4","","19.8","","96","","4.8","","30","","15","","4.8","","97.69","","28","","","","Heavy Rain,Fog"
"-80.38","43.46","KITCHENER/WATERLOO","6144239","2025-08-17 05:00","2025","08","17","05:00","","20.0","","19.7","","98","","6.0","","7","","8","","16.1","","97.57","","27","","","","Rain"
"-80.38","43.46","KITCHENER/WATERLOO","6144239","2025-08-17 06:00","2025","08","17","06:00","","20.2","","19.9","","98","","0.2","","15","","8","","16.1","","97.55","","28","","","","NA"
"-80.38","43.46","KITCHENER/WATERLOO","6144239","2025-08-17 07:00","2025","08","17","07:00","","20.6","","20.3","","98","","0.0","","29","","8","","16.1","","97.67","","28","","","","NA"
"-80.38","43.46","KITCHENER/WATERLOO","6144239","2025-08-17 08:00","2025","08","17","08:00","","21.4","","20.4","","94","","0.0","","31","","9","","16.1","","97.69","","29","","","","NA"
"-80.38","43.46","KITCHENER/WATERLOO","6144239","2025-08-17 09:00","2025","08","17","09:00","","23.2","","20.6","","85","","0.0","","36","","11","","16.1","","97.68","","31","","","","NA"
"-80.38","43.46","KITCHENER/WATERLOO","6144239","2025-08-17 10:00","2025","08","17","10:00","","25.4","","20.8","","75","","0.0","","35","","15","","16.1","","97.73","","34","","","","NA"
"-80.38","43.46","KITCHENER/WATERLOO","6144239","2025-08-17 11:00","2025","08","17","11:00","","25.8","","19.9","","69","","0.0","","35","","15","","16.1","","97.74","","33","","","","NA"
"-80.38","43.46","KITCHENER/WATERLOO","6144239","2025-08-17 12:00","2025","08","17","12:00","","22.9","","20.5","","86","","0.0","","36","","21","","16.1","","97.77","","31","","","","Rain"
"-80.38","43.46","KITCHENER/WATERLOO","6144239","2025-08-17 13:00","2025","08","17","13:00","","23.9","","20.1","","79","","0.0","","34","","17","","16.1","","97.83","","32","","","","NA"
"-80.38","43.46","KITCHENER/WATERLOO","6144239","2025-08-17 14:00","2025","08","17","14:00","","22.8","","18.9","","79","","0.0","","1","","26","","16.1","","97.87","","29","","","","NA"
"-80.38","43.46","KITCHENER/WATERLOO","6144239","2025-08-17 15:00","2025","08","17","15:00","","22.3","","18.0","","76","","0.0","","36","","22","","16.1","","97.92","","28","","","","NA"
"-80.38","43.46","KITCHENER/WATERLOO","6144239","2025-08-17 16:00","2025","08","17","16:00","","20.9","","17.0","","78","","0.0","","35","","18","","16.1","","97.96","","26","","","","NA"
"-80.38","43.46","KITCHENER/WATERLOO","6144239","2025-08-17 17:00","2025","08","17","17:00","","21.9","","16.3","","70","","0.0","","36","","18","","16.1","","97.98","","27","","","","NA"
"-80.38","43.46","KITCHENER/WATERLOO","6144239","2025-08-17 18:00","2025","08","17","18:00","","21.4","","15.3","","68","","0.0","","36","","17","","16.1","","98.01","","26","","","","NA"
"-80.38","43.46","KITCHENER/WATERLOO","6144239","2025-08-17 19:00","2025","08","17","19:00","","19.6","","14.7","","73","","0.0","","36","","11","","16.1","","98.04","","","","","","NA"
"-80.38","43.46","KITCHENER/WATERLOO","6144239","2025-08-17 20:00","2025","08","17","20:00","","17.3","","14.5","","83","","0.0","","34","","8","","16.1","","98.13","","","","","","NA"
"-80.38","43.46","KITCHENER/WATERLOO","6144239","2025-08-17 21:00","2025","08","17","21:00","","15.9","","13.0","","83","","0.0","","34","","11","","16.1","","98.20","","","","","","NA"
"-80.38","43.46","KITCHENER/WATERLOO","6144239","2025-08-17 22:00","2025","08","17","22:00","","14.8","","12.6","","86","","0.0","","35","","9","","16.1","","98.23","","","","","","NA"
"-80.38","43.46","KITCHENER/WATERLOO","6144239","2025-08-17 23:00","2025","08","17","23:00","","14.3","","11.1","","81","","0.0","","36","","11","","16.1","","98.28","","","","","","NA"
"-80.38","43.46","KITCHENER/WATERLOO","6144239","2025-08-18 00:00","2025","08","18","00:00","","14.4","","10.1","","75","","0.0","","2","","13","","16.1","","98.36","","","","","","NA"
"-80.38","43.46","KITCHENER/WATERLOO","6144239","2025-08-18 01:00","2025","08","18","01:00","","14.8","","9.6","","71","","0.0","","5","","15","","16.1","","98.33","","","","","","NA"
"-80.38","43.46","KITCHENER/WATERLOO","6144239","2025-08-18 02:00","2025","08","18","02:00","","14.9","","7.9","","63","","0.0","","5","","18","","16.1","","98.34","","","","","","NA"
"-80.38","43.46","KITCHENER/WATERLOO","6144239","2025-08-18 03:00","2025","08","18","03:00","","13.6","","7.0","","64","","0.0","","4","","11","","16.1","","98.40","","","","","","NA"
"-80.38","43.46","KITCHENER/WATERLOO","6144239","2025-08-18 04:00","2025","08","18","04:00","","13.1","","6.3","","63","","0.0","","5","","15","","16.1","","98.44","","","","","","NA"
"-80.38","43.46","KITCHENER/WATERLOO","6144239","2025-08-18 05:00","2025","08","18","05:00","","12.5","","6.2","","65","","0.0","","4","","18","","16.1","","98.47","","","","","","NA"
"-80.38","43.46","KITCHENER/WATERLOO","6144239","2025-08-18 06:00","2025","08","18","06:00","","12.0","","6.5","","69","","0.0","","5","","17","","16.1","","98.47","","","","","","NA"
"-80.38","43.46","KITCHENER/WATERLOO","6144239","2025-08-18 07:00","2025","08","18","07:00","","13.4","","6.9","","65","","0.0","","6","","21","","16.1","","98.52","","","","","","NA"
"-80.38","43.46","KITCHENER/WATERLOO","6144239","2025-08-18 08:00","2025","08","18","08:00","","15.8","","9.0","","64","","0.0","","7","","18","","16.1","","98.59","","","","","","NA"
"-80.38","43.46","KITCHENER/WATERLOO","6144239","2025-08-18 09:00","2025","08","18","09:00","","17.5","","10.7","","64","","0.0","","8","","21","","16.1","","98.61","","","","","","NA"
"-80.38","43.46","KITCHENER/WATERLOO","6144239","2025-08-18 10:00","2025","08","18","10:00","","18.6","","10.6","","59","","0.0","","9","","21","","16.1","","98.59","","","","","","NA"
"-80.38","43.46","KITCHENER/WATERLOO","6144239","2025-08-18 11:00","2025","08","18","11:00","","20.1","","10.4","","53","","0.0","","8","","22","","16.1","","98.61","","","","","","NA"
"-80.38","43.46","KITCHENER/WATERLOO","6144239","2025-08-18 12:00","2025","08","18","12:00","","20.9","","10.6","","51","","0.0","","11","","22","","16.1","","98.63","","","","","","NA"
"-80.38","43.46","KITCHENER/WATERLOO","6144239","2025-08-18 13:00","2025","08","18","13:00","","20.6","","9.5","","49","","0.0","","7","","18","","16.1","","98.61","","","","","","NA"
"-80.38","43.46","KITCHENER/WATERLOO","6144239","2025-08-18 14:00","2025","08","18","14:00","","20.9","","10.3","","50","","0.0","","8","","15","","16.1","","98.56","","","","","","NA"
"-80.38","43.46","KITCHENER/WATERLOO","6144239","2025-08-18 15:00","2025","08","18","15:00","","21.1","","9.1","","46","","0.0","","8","","17","","16.1","","98.51","","","","","","NA"
"-80.38","43.46","KITCHENER/WATERLOO","6144239","2025-08-18 16:00","2025","08","18","16:00","","21.1","","8.6","","44","","0.0","","8","","21","","16.1","","98.49","","","","","","NA"
"-80.38","43.46","KITCHENER/WATERLOO","6144239","2025-08-18 17:00","2025","08","18","17:00","","20.9","","7.6","","42","","0.0","","11","","17","","16.1","","98.49","","","","","","NA"
"-80.38","43.46","KITCHENER/WATERLOO","6144239","2025-08-18 18:00","2025","08","18","18:00","","19.1","","8.6","","50","","0.0","","9","","18","","16.1","","98.45","","","","","","NA"
"-80.38","43.46","KITCHENER/WATERLOO","6144239","2025-08-18 19:00","2025","08","18","19:00","","17.0","","10.7","","66","","0.0","","9","","15","","16.1","","98.40","","","","","","NA"
"-80.38","43.46","KITCHENER/WATERLOO","6144239","2025-08-18 20:00","2025","08","18","20:00","","14.0","","11.0","","82","","0.0","","8","","9","","16.1","","98.41","","","","","","NA"
"-80.38","43.46","KITCHENER/WATERLOO","6144239","2025-08-18 21:00","2025","08","18","21:00","","13.6","","11.6","","88","","0.0","","8","","9","","16.1","","98.38","","","","","","NA"
"-80.38","43.46","KITCHENER/WATERLOO","6144239","2025-08-18 22:00","2025","08","18","22:00","","13.3","","11.4","","88","","0.0","","7","","13","","16.1","","98.34","","","","","","NA"
"-80.38","43.46","KITCHENER/WATERLOO","6144239","2025-08-18 23:00","2025","08","18","23:00","","12.2","","10.5","","89","","0.0","","8","","11","","16.1","","98.35","","","","","","NA"
"-80.38","43.46","KITCHENER/WATERLOO","6144239","2025-08-19 00:00","2025","08","19","00:00","","13.1","","11.0","","87","","0.0","","","M","4","","16.1","","98.36","","","","","","NA"
"-80.38","43.46","KITCHENER/WATERLOO","6144239","2025-08-19 01:00","2025","08","19","01:00","","15.3","","10.7","","74","","0.0","","9","","13","","16.1","","98.33","","","","","","NA"
"-80.38","43.46","KITCHENER/WATERLOO","6144239","2025-08-19 02:00","2025","08","19","02:00","","15.3","","10.9","","75","","0.0","","8","","13","","16.1","","98.25","","","","","","NA"
"-80.38","43.46","KITCHENER/WATERLOO","6144239","2025-08-19 03:00","2025","08","19","03:00","","15.8","","11.0","","73","","0.0","","9","","17","","16.1","","98.17","","","","","","NA"
"-80.38","43.46","KITCHENER/WATERLOO","6144239","2025-08-19 04:00","2025","08","19","04:00","","15.7","","11.2","","74","","0.0","","8","","13","","16.1","","98.15","","","","","","NA"
"-80.38","43.46","KITCHENER/WATERLOO","6144239","2025-08-19 05:00","2025","08","19","05:00","","15.5","","11.5","","77","","0.0","","8","","9","","16.1","","98.15","","","","","","NA"
"-80.38","43.46","KITCHENER/WATERLOO","6144239","2025-08-19 06:00","2025","08","19","06:00","","16.0","","12.0","","77","","0.0","","10","","9","","16.1","","98.11","","","","","","NA"
"-80.38","43.46","KITCHENER/WATERLOO","6144239","2025-08-19 07:00","2025","08","19","07:00","","16.8","","12.8","","77","","0.0","","11","","15","","16.1","","98.10","","","","","","NA"
"-80.38","43.46","KITCHENER/WATERLOO","6144239","2025-08-19 08:00","2025","08","19","08:00","","17.7","","11.9","","69","","0.0","","9","","13","","16.1","","98.12","","","","","","NA"
"-80.38","43.46","KITCHENER/WATERLOO","6144239","2025-08-19 09:00","2025","08","19","09:00","","18.0","","12.4","","69","","0.0","","7","","9","","16.1","","98.14","","","","","","NA"
"-80.38","43.46","KITCHENER/WATERLOO","6144239","2025-08-19 10:00","2025","08","19","10:00","","18.5","","13.6","","73","","0.0","","","M","4","","16.1","","98.13","","","","","","Rain"
"-80.38","43.46","KITCHENER/WATERLOO","6144239","2025-08-19 11:00","2025","08","19","11:00","","19.0","","15.0","","77","","0.0","","5","","8","","16.1","","98.05","","","","","","Rain"
"-80.38","43.46","KITCHENER/WATERLOO","6144239","2025-08-19 12:00","2025","08","19","12:00","","19.1","","17.1","","88","","0.0","","9","","11","","16.1","","98.00","","","","","","Rain"
"-80.38","43.46","KITCHENER/WATERLOO","6144239","2025-08-19 13:00","2025","08","19","13:00","","19.0","","17.7","","92","","0.8","","12","","13","","16.1","","97.98","","","","","","Rain"
"-80.38","43.46","KITCHENER/WATERLOO","6144239","2025-08-19 14:00","2025","08","19","14:00","","18.9","","17.6","","92","","0.0","","10","","17","","16.1","","97.89","","","","","","Rain"
"-80.38","43.46","KITCHENER/WATERLOO","6144239","2025-08-19 15:00","2025","08","19","15:00","","18.8","","17.7","","93","","0.2","","10","","15","","16.1","","97.82","","","","","","Rain"
"-80.38","43.46","KITCHENER/WATERLOO","6144239","2025-08-19 16:00","2025","08","19","16:00","","18.6","","18.0","","96","","0.8","","11","","17","","12.9","","97.77","","","","","","Rain"
"-80.38","43.46","KITCHENER/WATERLOO","6144239","2025-08-19 17:00","2025","08","19","17:00","","19.2","","18.6","","96","","0.2","","11","","18","","16.1","","97.69","","","","","","NA"
"-80.38","43.46","KITCHENER/WATERLOO","6144239","2025-08-19 18:00","2025","08","19","18:00","","18.8","","18.5","","98","","2.2","","11","","17","","4.0","","97.64","","","","","","Rain,Fog"
"-80.38","43.46","KITCHENER/WATERLOO","6144239","2025-08-19 19:00","2025","08","19","19:00","","18.6","","18.3","","98","","0.2","","12","","17","","12.9","","97.59","","","","","","NA"
"-80.38","43.46","KITCHENER/WATERLOO","6144239","2025-08-19 20:00","2025","08","19","20:00","","18.8","","18.5","","98","","1.2","","9","","21","","4.8","","97.57","","","","","","Rain,Fog"
"-80.38","43.46","KITCHENER/WATERLOO","6144239","2025-08-19 21:00","2025","08","19","21:00","","18.8","","18.6","","99","","3.8","","2","","13","","3.6","","97.64","","","","","","Rain,Fog"
"-80.38","43.46","KITCHENER/WATERLOO","6144239","2025-08-19 22:00","2025","08","19","22:00","","18.4","","18.2","","99","","3.0","","7","","21","","2.8","","97.63","","","","","","Rain,Fog"
"-80.38","43.46","KITCHENER/WATERLOO","6144239","2025-08-19 23:00","2025","08","19","23:00","","18.2","","18.0","","99","","0.5","","7","","13","","8.1","","97.61","","","","","","Fog"
"-80.38","43.46","KITCHENER/WATERLOO","6144239","2025-08-20 00:00","2025","08","20","00:00","","18.0","","17.8","","99","","0.2","","4","","11","","2.0","","97.62","","","","","","Rain,Fog"
"-80.38","43.46","KITCHENER/WATERLOO","6144239","2025-08-20 01:00","2025","08","20","01:00","","17.9","","17.7","","99","","0.5","","6","","13","","4.0","","97.56","","","","","","Rain,Fog"
"-80.38","43.46","KITCHENER/WATERLOO","6144239","2025-08-20 02:00","2025","08","20","02:00","","17.8","","17.6","","99","","0.2","","3","","9","","2.0","","97.54","","","","","","Rain,Fog"
"-80.38","43.46","KITCHENER/WATERLOO","6144239","2025-08-20 03:00","2025","08","20","03:00","","17.6","","17.4","","99","","0.0","","3","","11","","4.8","","97.52","","","","","","Fog"
"-80.38","43.46","KITCHENER/WATERLOO","6144239","2025-08-20 04:00","2025","08","20","04:00","","17.6","","17.4","","99","","0.2","","3","","8","","4.8","","97.55","","","","","","Fog"
"-80.38","43.46","KITCHENER/WATERLOO","6144239","2025-08-20 05:00","2025","08","20","05:00","","17.5","","17.2","","98","","0.0","","4","","13","","16.1","","97.57","","","","","","NA"
"-80.38","43.46","KITCHENER/WATERLOO","6144239","2025-08-20 06:00","2025","08","20","06:00","","17.2","","16.9","","98","","0.0","","4","","11","","16.1","","97.63","","","","","","NA"
"-80.38","43.46","KITCHENER/WATERLOO","6144239","2025-08-20 07:00","2025","08","20","07:00","","17.1","","16.8","","98","","0.0","","1","","13","","16.1","","97.67","","","","","","NA"
"-80.38","43.46","KITCHENER/WATERLOO","6144239","2025-08-20 08:00","2025","08","20","08:00","","17.1","","16.9","","99","","0.0","","1","","13","","2.4","","97.74","","","","","","Fog"
"-80.38","43.46","KITCHENER/WATERLOO","6144239","2025-08-20 09:00","2025","08","20","09:00","","17.5","","17.2","","98","","0.0","","2","","11","","4.8","","97.76","","","","","","Fog"
"-80.38","43.46","KITCHENER/WATERLOO","6144239","2025-08-20 10:00","2025","08","20","10:00","","18.6","","17.8","","95","","0.0","","4","","13","","16.1","","97.79","","","","","","NA"
"-80.38","43.46","KITCHENER/WATERLOO","6144239","2025-08-20 11:00","2025","08","20","11:00","","18.5","","17.5","","94","","0.0","","5","","18","","16.1","","97.82","","","","","","NA"
"-80.38","43.46","KITCHENER/WATERLOO","6144239","2025-08-20 12:00","2025","08","20","12:00","","19.5","","17.8","","90","","0.0","","5","","17","","16.1","","97.84","","","","","","NA"
"-80.38","43.46","KITCHENER/WATERLOO","6144239","2025-08-20 13:00","2025","08","20","13:00","","19.0","","17.2","","89","","0.0","","3","","13","","16.1","","97.89","","","","","","NA"
"-80.38","43.46","KITCHENER/WATERLOO","6144239","2025-08-20 14:00","2025","08","20","14:00","","19.8","","17.1","","84","","0.0","","4","","15","","16.1","","97.90","","","","","","NA"
"-80.38","43.46","KITCHENER/WATERLOO","6144239","2025-08-20 15:00","2025","08","20","15:00","","19.8","","17.1","","84","","0.0","","6","","17","","16.1","","97.91","","","","","","NA"
"-80.38","43.46","KITCHENER/WATERLOO","6144239","2025-08-20 16:00","2025","08","20","16:00","","19.8","","16.5","","81","","0.0","","5","","15","","16.1","","97.93","","","","","","NA"
"-80.38","43.46","KITCHENER/WATERLOO","6144239","2025-08-20 17:00","2025","08","20","17:00","","19.5","","16.1","","80","","0.0","","4","","18","","16.1","","97.94","","","","","","NA"
"-80.38","43.46","KITCHENER/WATERLOO","6144239","2025-08-20 18:00","2025","08","20","18:00","","18.9","","15.8","","82","","0.0","","4","","17","","16.1","","97.99","","","","","","NA"
"-80.38","43.46","KITCHENER/WATERLOO","6144239","2025-08-20 19:00","2025","08","20","19:00","","18.2","","15.5","","84","","0.0","","5","","18","","16.1","","98.04","","","","","","NA"
"-80.38","43.46","KITCHENER/WATERLOO","6144239","2025-08-20 20:00","2025","08","20","20:00","","17.8","","15.4","","86","","0.0","","5","","11","","16.1","","98.08","","","","","","NA"
"-80.38","43.46","KITCHENER/WATERLOO","6144239","2025-08-20 21:00","2025","08","20","21:00","","17.6","","15.3","","86","","0.0","","3","","8","","16.1","","98.10","","","","","","NA"
"-80.38","43.46","KITCHENER/WATERLOO","6144239","2025-08-20 22:00","2025","08","20","22:00","","17.5","","15.5","","88","","0.0","","1","","8","","16.1","","98.11","","","","","","NA"
"-80.38","43.46","KITCHENER/WATERLOO","6144239","2025-08-20 23:00","2025","08","20","23:00","","17.4","","15.9","","91","","0.0","","7","","15","","16.1","","98.09","","","","","","NA"
"-80.38","43.46","KITCHENER/WATERLOO","6144239","2025-08-21 00:00","2025","08","21","00:00","","17.3","","15.5","","89","","0.0","","4","","9","","16.1","","98.10","","","","","","NA"
"-80.38","43.46","KITCHENER/WATERLOO","6144239","2025-08-21 01:00","2025","08","21","01:00","","17.2","","15.6","","90","","0.0","","2","","9","","16.1","","98.04","","","","","","NA"
"-80.38","43.46","KITCHENER/WATERLOO","6144239","2025-08-21 02:00","2025","08","21","02:00","","16.2","","14.9","","92","","0.0","","4","","11","","16.1","","98.02","","","","","","NA"
"-80.38","43.46","KITCHENER/WATERLOO","6144239","2025-08-21 03:00","2025","08","21","03:00","","15.8","","14.5","","92","","0.0","","4","","9","","16.1","","98.03","","","","","","NA"
"-80.38","43.46","KITCHENER/WATERLOO","6144239","2025-08-21 04:00","2025","08","21","04:00","","16.0","","14.0","","88","","0.0","","5","","15","","16.1","","98.03","","","","","","NA"
"-80.38","43.46","KITCHENER/WATERLOO","6144239","2025-08-21 05:00","2025","08","21","05:00","","15.5","","13.8","","89","","0.0","","4","","13","","16.1","","98.02","","","","","","NA"
"-80.38","43.46","KITCHENER/WATERLOO","6144239","2025-08-21 06:00","2025","08","21","06:00","","15.0","","13.7","","92","","0.0","","3","","8","","16.1","","98.05","","","","","","NA"
"-80.38","43.46","KITCHENER/WATERLOO","6144239","2025-08-21 07:00","2025","08","21","07:00","","15.8","","14.5","","92","","0.0","","3","","9","","16.1","","98.11","","","","","","NA"
"-80.38","43.46","KITCHENER/WATERLOO","6144239","2025-08-21 08:00","2025","08","21","08:00","","17.7","","14.3","","80","","0.0","","4","","21","","16.1","","98.12","","","","","","NA"
"-80.38","43.46","KITCHENER/WATERLOO","6144239","2025-08-21 09:00","2025","08","21","09:00","","19.2","","14.6","","74","","0.0","","6","","22","","16.1","","98.12","","","","","","NA"
"-80.38","43.46","KITCHENER/WATERLOO","6144239","2025-08-21 10:00","2025","08","21","10:00","","20.4","","13.7","","65","","0.0","","7","","17","","16.1","","98.14","","","","","","NA"
"-80.38","43.46","KITCHENER/WATERLOO","6144239","2025-08-21 11:00","2025","08","21","11:00","","21.5","","13.6","","60","","0.0","","6","","21","","16.1","","98.17","","25","","","","NA"
"-80.38","43.46","KITCHENER/WATERLOO","6144239","2025-08-21 12:00","2025","08","21","12:00","","22.5","","13.4","","56","","0.0","","6","","17","","16.1","","98.10","","26","","","","NA"
"-80.38","43.46","KITCHENER/WATERLOO","6144239","2025-08-21 13:00","2025","08","21","13:00","","23.7","","13.3","","52","","0.0","","5","","18","","16.1","","98.05","","27","","","","NA"
"-80.38","43.46","KITCHENER/WATERLOO","6144239","2025-08-21 14:00","2025","08","21","14:00","","23.6","","13.8","","54","","0.0","","7","","13","","16.1","","98.01","","27","","","","NA"
"-80.38","43.46","KITCHENER/WATERLOO","6144239","2025-08-21 15:00","2025","08","21","15:00","","24.1","","13.6","","51","","0.0","","5","","18","","16.1","","97.97","","27","","","","NA"
"-80.38","43.46","KITCHENER/WATERLOO","6144239","2025-08-21 16:00","2025","08","21","16:00","","23.9","","15.0","","57","","0.0","","","M","15","","16.1","","97.96","","28","","","","NA"
"-80.38","43.46","KITCHENER/WATERLOO","6144239","2025-08-21 17:00","2025","08","21","17:00","","23.2","","15.7","","62","","0.0","","11","","13","","16.1","","97.96","","28","","","","NA"
"-80.38","43.46","KITCHENER/WATERLOO","6144239","2025-08-21 18:00","2025","08","21","18:00","","21.7","","15.4","","67","","0.0","","10","","15","","16.1","","97.95","","26","","","","NA"
"-80.38","43.46","KITCHENER/WATERLOO","6144239","2025-08-21 19:00","2025","08","21","19:00","","19.5","","16.0","","80","","0.0","","10","","11","","16.1","","98.01","","","","","","NA"
"-80.38","43.46","KITCHENER/WATERLOO","6144239","2025-08-21 20:00","2025","08","21","20:00","","17.2","","15.4","","89","","0.0","","13","","8","","16.1","","98.04","","","","","","NA"
"-80.38","43.46","KITCHENER/WATERLOO","6144239","2025-08-21 21:00","2025","08","21","21:00","","15.7","","15.1","","96","","0.0","","10","","4","","16.1","","98.07","","","","","","NA"
"-80.38","43.46","KITCHENER/WATERLOO","6144239","2025-08-21 22:00","2025","08","21","22:00","","14.5","","14.2","","98","","0.0","","1","","4","","16.1","","98.08","","","","","","NA"
"-80.38","43.46","KITCHENER/WATERLOO","6144239","2025-08-21 23:00","2025","08","21","23:00","","14.4","","14.3","","99","","0.0","","35","","9","","16.1","","98.05","","","","","","NA"
"-80.38","43.46","KITCHENER/WATERLOO","6144239","2025-08-22 00:00","2025","08","22","00:00","","14.1","","14.0","","99","","0.0","","","","0","","16.1","","98.05","","","","","","NA"
"-80.38","43.46","KITCHENER/WATERLOO","6144239","2025-08-22 01:00","2025","08","22","01:00","","12.9","","12.8","","99","","0.0","","32","","5","","0.4","","98.01","","","","","","Fog"
"-80.38","43.46","KITCHENER/WATERLOO","6144239","2025-08-22 02:00","2025","08","22","02:00","","12.7","","12.6","","99","","0.0","","32","","5","","1.0","","98.01","","","","","","Fog"
"-80.38","43.46","KITCHENER/WATERLOO","6144239","2025-08-22 03:00","2025","08","22","03:00","","11.8","","11.7","","99","","0.0","","","","0","","0.4","","98.02","","","","","","Fog"
"-80.38","43.46","KITCHENER/WATERLOO","6144239","2025-08-22 04:00","2025","08","22","04:00","","12.9","","12.9","","100","","0.0","","31","","8","","8.1","","98.06","","","","","","Fog"
"-80.38","43.46","KITCHENER/WATERLOO","6144239","2025-08-22 05:00","2025","08","22","05:00","","12.0","","12.0","","100","","0.0","","31","","4","","0.8","","98.09","","","","","","Fog"
"-80.38","43.46","KITCHENER/WATERLOO","6144239","2025-08-22 06:00","2025","08","22","06:00","","12.7","","12.7","","100","","0.0","","34","","8","","4.8","","98.13","","","","","","Fog"
"-80.38","43.46","KITCHENER/WATERLOO","6144239","2025-08-22 07:00","2025","08","22","07:00","","14.7","","14.7","","100","","0.0","","","M","4","","14.5","","98.14","","","","","","NA"
"-80.38","43.46","KITCHENER/WATERLOO","6144239","2025-08-22 08:00","2025","08","22","08:00","","17.7","","16.4","","92","","0.0","","","M","4","","16.1","","98.16","","","","","","NA"
"-80.38","43.46","KITCHENER/WATERLOO","6144239","2025-08-22 09:00","2025","08","22","09:00","","20.9","","15.9","","73","","0.0","","","","0","","16.1","","98.16","","25","","","","NA"
"-80.38","43.46","KITCHENER/WATERLOO","6144239","2025-08-22 10:00","2025","08","22","10:00","","23.1","","11.8","","49","","0.0","","","M","8","","16.1","","98.15","","25","","","","NA"
"-80.38","43.46","KITCHENER/WATERLOO","6144239","2025-08-22 11:00","2025","08","22","11:00","","24.5","","12.0","","45","","0.0","","11","","8","","16.1","","98.11","","27","","","","NA"
"-80.38","43.46","KITCHENER/WATERLOO","6144239","2025-08-22 12:00","2025","08","22","12:00","","25.4","","13.3","","46","","0.0","","19","","5","","16.1","","98.04","","28","","","","NA"
"-80.38","43.46","KITCHENER/WATERLOO","6144239","2025-08-22 13:00","2025","08","22","13:00","","24.9","","12.9","","47","","0.0","","22","","5","","16.1","","98.00","","28","","","","NA"
"-80.38","43.46","KITCHENER/WATERLOO","6144239","2025-08-22 14:00","2025","08","22","14:00","","25.0","","13.5","","48","","0.0","","29","","8","","16.1","","97.96","","28","","","","NA"
"-80.38","43.46","KITCHENER/WATERLOO","6144239","2025-08-22 15:00","2025","08","22","15:00","","26.0","","13.9","","47","","0.0","","17","","9","","16.1","","97.89","","29","","","","NA"
"-80.38","43.46","KITCHENER/WATERLOO","6144239","2025-08-22 16:00","2025","08","22","16:00","","26.4","","14.0","","46","","0.0","","17","","21","","16.1","","97.88","","30","","","","NA"
"-80.38","43.46","KITCHENER/WATERLOO","6144239","2025-08-22 17:00","2025","08","22","17:00","","26.0","","13.9","","47","","0.0","","16","","9","","16.1","","97.88","","29","","","","NA"
"-80.38","43.46","KITCHENER/WATERLOO","6144239","2025-08-22 18:00","2025","08","22","18:00","","25.0","","14.5","","52","","0.0","","19","","15","","16.1","","97.86","","29","","","","NA"
"-80.38","43.46","KITCHENER/WATERLOO","6144239","2025-08-22 19:00","2025","08","22","19:00","","22.7","","13.1","","54","","0.0","","17","","17","","16.1","","97.84","","26","","","","NA"
"-80.38","43.46","KITCHENER/WATERLOO","6144239","2025-08-22 20:00","2025","08","22","20:00","","21.1","","12.9","","59","","0.0","","17","","9","","16.1","","97.84","","","","","","NA"
"-80.38","43.46","KITCHENER/WATERLOO","6144239","2025-08-22 21:00","2025","08","22","21:00","","19.9","","12.5","","62","","0.0","","19","","8","","16.1","","97.86","","","","","","NA"
"-80.38","43.46","KITCHENER/WATERLOO","6144239","2025-08-22 22:00","2025","08","22","22:00","","15.8","","14.0","","89","","0.0","","","","0","","16.1","","97.87","","","","","","NA"
"-80.38","43.46","KITCHENER/WATERLOO","6144239","2025-08-22 23:00","2025","08","22","23:00","","15.1","","13.7","","91","","0.0","","","","0","","16.1","","97.85","","","","","","NA"
"-80.38","43.46","KITCHENER/WATERLOO","6144239","2025-08-23 00:00","2025","08","23","00:00","","14.0","","13.0","","94","","0.0","","","","0","","16.1","","97.79","","","","","","NA"
"-80.38","43.46","KITCHENER/WATERLOO","6144239","2025-08-23 01:00","2025","08","23","01:00","","14.8","","13.8","","93","","0.0","","6","","4","","16.1","","97.76","","","","","","NA"
"-80.38","43.46","KITCHENER/WATERLOO","6144239","2025-08-23 02:00","2025","08","23","02:00","","15.2","","14.3","","94","","0.0","","15","","5","","16.1","","97.68","","","","","","NA"
"-80.38","43.46","KITCHENER/WATERLOO","6144239","2025-08-23 03:00","2025","08","23","03:00","","13.6","","13.5","","99","","0.0","","","","0","","4.8","","97.66","","","","","","Fog"
"-80.38","43.46","KITCHENER/WATERLOO","6144239","2025-08-23 04:00","2025","08","23","04:00","","14.6","","14.5","","99","","0.0","","16","","4","","16.1","","97.60","","","","","","NA"
"-80.38","43.46","KITCHENER/WATERLOO","6144239","2025-08-23 05:00","2025","08","23","05:00","","14.7","","14.6","","99","","0.0","","19","","8","","16.1","","97.57","","","","","","NA"
"-80.38","43.46","KITCHENER/WATERLOO","6144239","2025-08-23 06:00","2025","08","23","06:00","","15.3","","15.2","","99","","0.0","","","M","4","","14.5","","97.60","","","","","","NA"
"-80.38","43.46","KITCHENER/WATERLOO","6144239","2025-08-23 07:00","2025","08","23","07:00","","18.4","","17.8","","96","","0.0","","20","","9","","16.1","","97.58","","","","","","NA"
"-80.38","43.46","KITCHENER/WATERLOO","6144239","2025-08-23 08:00","2025","08","23","08:00","","20.8","","16.3","","75","","0.0","","22","","17","","16.1","","97.54","","26","","","","NA"
"-80.38","43.46","KITCHENER/WATERLOO","6144239","2025-08-23 09:00","2025","08","23","09:00","","22.3","","16.9","","71","","0.0","","20","","18","","16.1","","97.51","","28","","","","NA"
"-80.38","43.46","KITCHENER/WATERLOO","6144239","2025-08-23 10:00","2025","08","23","10:00","","22.7","","18.1","","75","","0.0","","25","","21","","16.1","","97.50","","29","","","","NA"
"-80.38","43.46","KITCHENER/WATERLOO","6144239","2025-08-23 11:00","2025","08","23","11:00","","23.4","","18.1","","72","","0.0","","24","","21","","16.1","","97.48","","29","","","","NA"
"-80.38","43.46","KITCHENER/WATERLOO","6144239","2025-08-23 12:00","2025","08","23","12:00","","23.3","","17.7","","70","","0.0","","26","","22","","16.1","","97.44","","29","","","","NA"
"-80.38","43.46","KITCHENER/WATERLOO","6144239","2025-08-23 13:00","2025","08","23","13:00","","23.1","","16.8","","67","","0.0","","23","","26","","16.1","","97.39","","28","","","","NA"
"-80.38","43.46","KITCHENER/WATERLOO","6144239","2025-08-23 14:00","2025","08","23","14:00","","24.4","","16.8","","62","","0.0","","23","","21","","16.1","","97.37","","30","","","","NA"
"-80.38","43.46","KITCHENER/WATERLOO","6144239","2025-08-23 15:00","2025","08","23","15:00","","24.0","","15.7","","59","","0.0","","21","","28","","16.1","","97.33","","28","","","","NA"
"-80.38","43.46","KITCHENER/WATERLOO","6144239","2025-08-23 16:00","2025","08","23","16:00","","24.9","","15.7","","56","","0.0","","20","","28","","16.1","","97.28","","29","","","","NA"
"-80.38","43.46","KITCHENER/WATERLOO","6144239","2025-08-23 17:00","2025","08","23","17:00","","23.7","","15.0","","58","","0.0","","23","","32","","16.1","","97.26","","28","","","","NA"
"-80.38","43.46","KITCHENER/WATERLOO","6144239","2025-08-23 18:00","2025","08","23","18:00","","22.8","","16.0","","65","","0.0","","21","","21","","16.1","","97.21","","27","","","","NA"
"-80.38","43.46","KITCHENER/WATERLOO","6144239","2025-08-23 19:00","2025","08","23","19:00","","22.1","","16.0","","68","","0.0","","21","","15","","16.1","","97.21","","27","","","","NA"
"-80.38","43.46","KITCHENER/WATERLOO","6144239","2025-08-23 20:00","2025","08","23","20:00","","21.3","","17.2","","77","","0.0","","20","","17","","16.1","","97.20","","27","","","","NA"
"-80.38","43.46","KITCHENER/WATERLOO","6144239","2025-08-23 21:00","2025","08","23","21:00","","20.7","","17.4","","81","","0.0","","22","","15","","16.1","","97.21","","26","","","","NA"
"-80.38","43.46","KITCHENER/WATERLOO","6144239","2025-08-23 22:00","2025","08","23","22:00","","20.5","","16.5","","77","","0.0","","24","","21","","16.1","","97.21","","25","","","","NA"
"-80.38","43.46","KITCHENER/WATERLOO","6144239","2025-08-23 23:00","2025","08","23","23:00","","19.5","","16.2","","81","","0.0","","27","","17","","16.1","","97.18","","","","","","Rain"
"-80.38","43.46","KITCHENER/WATERLOO","6144239","2025-08-24 00:00","2025","08","24","00:00","","18.5","","16.7","","89","","0.0","","27","","13","","16.1","","97.25","","","","","","NA"
"-80.38","43.46","KITCHENER/WATERLOO","6144239","2025-08-24 01:00","2025","08","24","01:00","","17.4","","16.6","","95","","0.0","","29","","9","","16.1","","97.24","","","","","","NA"
"-80.38","43.46","KITCHENER/WATERLOO","6144239","2025-08-24 02:00","2025","08","24","02:00","","16.7","","16.2","","97","","0.0","","30","","13","","16.1","","97.23","","","","","","NA"
"-80.38","43.46","KITCHENER/WATERLOO","6144239","2025-08-24 03:00","2025","08","24","03:00","","16.1","","15.8","","98","","0.0","","31","","8","","14.5","","97.26","","","","","","NA"
"-80.38","43.46","KITCHENER/WATERLOO","6144239","2025-08-24 04:00","2025","08","24","04:00","","15.3","","15.2","","99","","0.0","","29","","4","","6.4","","97.26","","","","","","Fog"
"-80.38","43.46","KITCHENER/WATERLOO","6144239","2025-08-24 05:00","2025","08","24","05:00","","15.3","","15.2","","99","","0.0","","33","","9","","9.7","","97.29","","","","","","Fog"
"-80.38","43.46","KITCHENER/WATERLOO","6144239","2025-08-24 06:00","2025","08","24","06:00","","15.1","","15.0","","99","","0.0","","30","","5","","11.3","","97.32","","","","","","NA"
"-80.38","43.46","KITCHENER/WATERLOO","6144239","2025-08-24 07:00","2025","08","24","07:00","","15.7","","15.6","","99","","0.0","","34","","5","","14.5","","97.36","","","","","","NA"
"-80.38","43.46","KITCHENER/WATERLOO","6144239","2025-08-24 08:00","2025","08","24","08:00","","16.7","","15.7","","94","","0.0","","","","0","","16.1","","97.35","","","","","","NA"
"-80.38","43.46","KITCHENER/WATERLOO","6144239","2025-08-24 09:00","2025","08","24","09:00","","19.2","","15.9","","81","","0.0","","15","","8","","16.1","","97.34","","","","","","NA"
"-80.38","43.46","KITCHENER/WATERLOO","6144239","2025-08-24 10:00","2025","08","24","10:00","","20.2","","13.6","","66","","0.0","","30","","9","","16.1","","97.33","","","","","","NA"
"-80.38","43.46","KITCHENER/WATERLOO","6144239","2025-08-24 11:00","2025","08","24","11:00","","22.8","","12.8","","53","","0.0","","25","","15","","16.1","","97.30","","25","","","","NA"
"-80.38","43.46","KITCHENER/WATERLOO","6144239","2025-08-24 12:00","2025","08","24","12:00","","22.4","","13.2","","55","","0.0","","22","","17","","16.1","","97.27","","25","","","","NA"
"-80.38","43.46","KITCHENER/WATERLOO","6144239","2025-08-24 13:00","2025","08","24","13:00","","21.8","","12.0","","53","","0.0","","25","","18","","16.1","","97.23","","","","","","NA"
"-80.38","43.46","KITCHENER/WATERLOO","6144239","2025-08-24 14:00","2025","08","24","14:00","","22.3","","10.9","","48","","0.0","","28","","18","","16.1","","97.19","","","","","","NA"
"-80.38","43.46","KITCHENER/WATERLOO","6144239","2025-08-24 15:00","2025","08","24","15:00","","22.3","","9.9","","45","","0.0","","27","","24","","16.1","","97.16","","","","","","NA"
"-80.38","43.46","KITCHENER/WATERLOO","6144239","2025-08-24 16:00","2025","08","24","16:00","","23.1","","9.2","","41","","0.0","","24","","18","","16.1","","97.17","","","","","","NA"
"-80.38","43.46","KITCHENER/WATERLOO","6144239","2025-08-24 17:00","2025","08","24","17:00","","22.8","","8.3","","39","","0.0","","24","","21","","16.1","","97.16","","","","","","NA"
"-80.38","43.46","KITCHENER/WATERLOO","6144239","2025-08-24 18:00","2025","08","24","18:00","","21.4","","9.5","","46","","0.0","","25","","21","","16.1","","97.17","","","","","","NA"
"-80.38","43.46","KITCHENER/WATERLOO","6144239","2025-08-24 19:00","2025","08","24","19:00","","19.9","","10.4","","54","","0.0","","23","","11","","16.1","","97.19","","","","","","NA"
"-80.38","43.46","KITCHENER/WATERLOO","6144239","2025-08-24 20:00","2025","08","24","20:00","","16.0","","14.7","","92","","3.5","","26","","9","","16.1","","97.26","","","","","","Thunderstorms,Rain"
"-80.38","43.46","KITCHENER/WATERLOO","6144239","2025-08-24 21:00","2025","08","24","21:00","","15.2","","14.9","","98","","0.0","","","M","4","","16.1","","97.26","","","","","","NA"
"-80.38","43.46","KITCHENER/WATERLOO","6144239","2025-08-24 22:00","2025","08","24","22:00","","15.6","","14.0","","90","","0.0","","26","","9","","16.1","","97.26","","","","","","Rain"
"-80.38","43.46","KITCHENER/WATERLOO","6144239","2025-08-24 23:00","2025","08","24","23:00","","14.7","","12.9","","89","","0.0","","26","","11","","16.1","","97.24","","","","","","NA"
"-80.38","43.46","KITCHENER/WATERLOO","6144239","2025-08-25 00:00","2025","08","25","00:00","","12.5","","11.7","","95","","0.0","","27","","8","","16.1","","97.21","","","","","","NA"
"-80.38","43.46","KITCHENER/WATERLOO","6144239","2025-08-25 01:00","2025","08","25","01:00","","11.8","","11.5","","98","","0.0","","","M","4","","16.1","","97.20","","","","","","NA"
"-80.38","43.46","KITCHENER/WATERLOO","6144239","2025-08-25 02:00","2025","08","25","02:00","","11.5","","11.4","","99","","0.0","","14","","4","","16.1","","97.21","","","","","","NA"
"-80.38","43.46","KITCHENER/WATERLOO","6144239","2025-08-25 03:00","2025","08","25","03:00","","10.2","","10.1","","99","","0.0","","","","0","","0.8","","97.22","","","","","","Fog"
"-80.38","43.46","KITCHENER/WATERLOO","6144239","2025-08-25 04:00","2025","08","25","04:00","","11.6","","11.5","","99","","0.0","","19","","8","","16.1","","97.23","","","","","","NA"
"-80.38","43.46","KITCHENER/WATERLOO","6144239","2025-08-25 05:00","2025","08","25","05:00","","10.9","","10.7","","99","","0.0","","24","","9","","16.1","","97.25","","","","","","NA"
"-80.38","43.46","KITCHENER/WATERLOO","6144239","2025-08-25 06:00","2025","08","25","06:00","","13.0","","12.2","","95","","0.0","","28","","13","","16.1","","97.28","","","","","","NA"
"-80.38","43.46","KITCHENER/WATERLOO","6144239","2025-08-25 07:00","2025","08","25","07:00","","13.6","","12.7","","94","","0.2","","27","","13","","16.1","","97.31","","","","","","NA"
"-80.38","43.46","KITCHENER/WATERLOO","6144239","2025-08-25 08:00","2025","08","25","08:00","","15.9","","13.6","","86","","0.0","","28","","18","","16.1","","97.32","","","","","","NA"
"-80.38","43.46","KITCHENER/WATERLOO","6144239","2025-08-25 09:00","2025","08","25","09:00","","16.5","","12.8","","79","","0.0","","26","","18","","16.1","","97.34","","","","","","NA"
"-80.38","43.46","KITCHENER/WATERLOO","6144239","2025-08-25 10:00","2025","08","25","10:00","","18.0","","12.0","","68","","0.0","","28","","26","","16.1","","97.34","","","","","","NA"
"-80.38","43.46","KITCHENER/WATERLOO","6144239","2025-08-25 11:00","2025","08","25","11:00","","14.3","","12.7","","90","","0.2","","26","","21","","16.1","","97.42","","","","","","Rain"
"-80.38","43.46","KITCHENER/WATERLOO","6144239","2025-08-25 12:00","2025","08","25","12:00","","17.6","","11.7","","68","","0.0","","27","","34","","16.1","","97.41","","","","","","NA"
"-80.38","43.46","KITCHENER/WATERLOO","6144239","2025-08-25 13:00","2025","08","25","13:00","","19.9","","9.7","","52","","0.0","","27","","26","","16.1","","97.41","","","","","","NA"
"-80.38","43.46","KITCHENER/WATERLOO","6144239","2025-08-25 14:00","2025","08","25","14:00","","19.0","","9.0","","52","","0.0","","29","","30","","16.1","","97.44","","","","","","NA"
"-80.38","43.46","KITCHENER/WATERLOO","6144239","2025-08-25 15:00","2025","08","25","15:00","","19.7","","7.3","","44","","0.0","","28","","30","","16.1","","97.45","","","","","","NA"
"-80.38","43.46","KITCHENER/WATERLOO","6144239","2025-08-25 16:00","2025","08","25","16:00","","19.5","","7.4","","45","","0.0","","27","","32","","16.1","","97.49","","","","","","NA"
"-80.38","43.46","KITCHENER/WATERLOO","6144239","2025-08-25 17:00","2025","08","25","17:00","","19.0","","7.8","","48","","0.0","","27","","26","","16.1","","97.53","","","","","","NA"
"-80.38","43.46","KITCHENER/WATERLOO","6144239","2025-08-25 18:00","2025","08","25","18:00","","17.3","","7.7","","53","","0.0","","28","","26","","16.1","","97.57","","","","","","NA"
"-80.38","43.46","KITCHENER/WATERLOO","6144239","2025-08-25 19:00","2025","08","25","19:00","","14.9","","9.7","","71","","0.0","","26","","17","","16.1","","97.64","","","","","","NA"
"-80.38","43.46","KITCHENER/WATERLOO","6144239","2025-08-25 20:00","2025","08","25","20:00","","14.8","","11.0","","78","","0.0","","26","","17","","16.1","","97.71","","","","","","NA"
"-80.38","43.46","KITCHENER/WATERLOO","6144239","2025-08-25 21:00","2025","08","25","21:00","","14.0","","10.8","","81","","0.0","","27","","11","","16.1","","97.73","","","","","","NA"
"-80.38","43.46","KITCHENER/WATERLOO","6144239","2025-08-25 22:00","2025","08","25","22:00","","12.7","","10.5","","86","","0.0","","26","","9","","16.1","","97.72","","","","","","NA"
"-80.38","43.46","KITCHENER/WATERLOO","6144239","2025-08-25 23:00","2025","08","25","23:00","","13.7","","11.1","","84","","0.0","","26","","11","","16.1","","97.72","","","","","","NA"
"-80.38","43.46","KITCHENER/WATERLOO","6144239","2025-08-26 00:00","2025","08","26","00:00","","13.3","","11.4","","88","","0.0","","28","","11","","16.1","","97.74","","","","","","NA"
"-80.38","43.46","KITCHENER/WATERLOO","6144239","2025-08-26 01:00","2025","08","26","01:00","","13.4","","11.3","","87","","0.0","","28","","17","","16.1","","97.74","","","","","","NA"
"-80.38","43.46","KITCHENER/WATERLOO","6144239","2025-08-26 02:00","2025","08","26","02:00","","12.9","","10.8","","87","","0.0","","28","","15","","16.1","","97.73","","","","","","NA"
"-80.38","43.46","KITCHENER/WATERLOO","6144239","2025-08-26 03:00","2025","08","26","03:00","","12.3","","10.5","","89","","0.0","","25","","9","","16.1","","97.76","","","","","","NA"
"-80.38","43.46","KITCHENER/WATERLOO","6144239","2025-08-26 04:00","2025","08","26","04:00","","10.6","","9.7","","94","","0.0","","23","","8","","16.1","","97.77","","","","","","NA"
"-80.38","43.46","KITCHENER/WATERLOO","6144239","2025-08-26 05:00","2025","08","26","05:00","","10.0","","9.6","","98","","0.0","","25","","9","","16.1","","97.81","","","","","","NA"
"-80.38","43.46","KITCHENER/WATERLOO","6144239","2025-08-26 06:00","2025","08","26","06:00","","9.2","","8.8","","97","","0.0","","24","","8","","16.1","","97.85","","","","","","NA"
"-80.38","43.46","KITCHENER/WATERLOO","6144239","2025-08-26 07:00","2025","08","26","07:00","","12.8","","10.9","","88","","0.0","","25","","9","","16.1","","97.88","","","","","","NA"
"-80.38","43.46","KITCHENER/WATERLOO","6144239","2025-08-26 08:00","2025","08","26","08:00","","15.0","","10.2","","73","","0.0","","29","","17","","16.1","","97.93","","","","","","NA"
"-80.38","43.46","KITCHENER/WATERLOO","6144239","2025-08-26 09:00","2025","08","26","09:00","","16.8","","10.6","","66","","0.0","","28","","21","","16.1","","97.96","","","","","","NA"
"-80.38","43.46","KITCHENER/WATERLOO","6144239","2025-08-26 10:00","2025","08","26","10:00","","15.4","","11.0","","75","","0.0","","27","","22","","16.1","","97.99","","","","","","NA"
"-80.38","43.46","KITCHENER/WATERLOO","6144239","2025-08-26 11:00","2025","08","26","11:00","","16.9","","10.8","","67","","0.0","","24","","21","","16.1","","97.97","","","","","","NA"
"-80.38","43.46","KITCHENER/WATERLOO","6144239","2025-08-26 12:00","2025","08","26","12:00","","16.5","","10.2","","66","","0.0","","25","","26","","16.1","","97.99","","","","","","NA"
"-80.38","43.46","KITCHENER/WATERLOO","6144239","2025-08-26 13:00","2025","08","26","13:00","","13.7","","10.6","","81","","0.0","","24","","9","","16.1","","98.04","","","","","","NA"
"-80.38","43.46","KITCHENER/WATERLOO","6144239","2025-08-26 14:00","2025","08","26","14:00","","14.5","","10.8","","78","","0.2","","26","","15","","16.1","","98.04","","","","","","NA"
"-80.38","43.46","KITCHENER/WATERLOO","6144239","2025-08-26 15:00","2025","08","26","15:00","","12.6","","11.4","","92","","1.2","","29","","15","","16.1","","98.08","","","","","","Rain"
"-80.38","43.46","KITCHENER/WATERLOO","6144239","2025-08-26 16:00","2025","08","26","16:00","","13.2","","10.8","","85","","0.2","","29","","34","","16.1","","98.08","","","","","","NA"
"-80.38","43.46","KITCHENER/WATERLOO","6144239","2025-08-26 17:00","2025","08","26","17:00","","14.6","","11.2","","80","","0.0","","29","","17","","16.1","","98.08","","","","","","NA"
"-80.38","43.46","KITCHENER/WATERLOO","6144239","2025-08-26 18:00","2025","08","26","18:00","","14.5","","10.2","","75","","0.0","","31","","17","","16.1","","98.10","","","","","","NA"
"-80.38","43.46","KITCHENER/WATERLOO","6144239","2025-08-26 19:00","2025","08","26","19:00","","13.4","","9.7","","78","","0.0","","32","","11","","16.1","","98.12","","","","","","NA"
"-80.38","43.46","KITCHENER/WATERLOO","6144239","2025-08-26 20:00","2025","08","26","20:00","","12.7","","10.3","","85","","0.0","","30","","8","","16.1","","98.17","","","","","","NA"
"-80.38","43.46","KITCHENER/WATERLOO","6144239","2025-08-26 21:00","2025","08","26","21:00","","11.6","","10.2","","91","","0.0","","30","","5","","16.1","","98.19","","","","","","NA"
"-80.38","43.46","KITCHENER/WATERLOO","6144239","2025-08-26 22:00","2025","08","26","22:00","","10.6","","9.5","","93","","0.0","","26","","5","","16.1","","98.21","","","","","","NA"
"-80.38","43.46","KITCHENER/WATERLOO","6144239","2025-08-26 23:00","2025","08","26","23:00","","9.7","","9.3","","97","","0.0","","23","","8","","16.1","","98.21","","","","","","NA"
"-80.38","43.46","KITCHENER/WATERLOO","6144239","2025-08-27 00:00","2025","08","27","00:00","","9.6","","9.3","","98","","0.0","","","M","4","","16.1","","98.21","","","","","","NA"
"-80.38","43.46","KITCHENER/WATERLOO","6144239","2025-08-27 01:00","2025","08","27","01:00","","9.1","","8.8","","98","","0.0","","25","","4","","16.1","","98.20","","","","","","NA"
"-80.38","43.46","KITCHENER/WATERLOO","6144239","2025-08-27 02:00","2025","08","27","02:00","","8.5","","7.9","","96","","0.0","","28","","9","","16.1","","98.19","","","","","","NA"
"-80.38","43.46","KITCHENER/WATERLOO","6144239","2025-08-27 03:00","2025","08","27","03:00","","8.5","","7.8","","96","","0.0","","30","","11","","16.1","","98.21","","","","","","NA"
"-80.38","43.46","KITCHENER/WATERLOO","6144239","2025-08-27 04:00","2025","08","27","04:00","","6.7","","6.1","","96","","0.0","","29","","8","","16.1","","98.21","","","","","","NA"
"-80.38","43.46","KITCHENER/WATERLOO","6144239","2025-08-27 05:00","2025","08","27","05:00","","7.8","","7.2","","96","","0.0","","30","","9","","16.1","","98.22","","","","","","NA"
"-80.38","43.46","KITCHENER/WATERLOO","6144239","2025-08-27 06:00","2025","08","27","06:00","","7.8","","7.4","","97","","0.0","","29","","8","","16.1","","98.28","","","","","","NA"
"-80.38","43.46","KITCHENER/WATERLOO","6144239","2025-08-27 07:00","2025","08","27","07:00","","10.6","","9.7","","94","","0.0","","30","","5","","16.1","","98.31","","","","","","NA"
"-80.38","43.46","KITCHENER/WATERLOO","6144239","2025-08-27 08:00","2025","08","27","08:00","","14.4","","10.8","","79","","0.0","","29","","11","","16.1","","98.33","","","","","","NA"
"-80.38","43.46","KITCHENER/WATERLOO","6144239","2025-08-27 09:00","2025","08","27","09:00","","16.3","","11.5","","73","","0.0","","30","","13","","16.1","","98.35","","","","","","NA"
"-80.38","43.46","KITCHENER/WATERLOO","6144239","2025-08-27 10:00","2025","08","27","10:00","","17.9","","8.2","","53","","0.0","","30","","21","","16.1","","98.35","","","","","","NA"
"-80.38","43.46","KITCHENER/WATERLOO","6144239","2025-08-27 11:00","2025","08","27","11:00","","18.3","","8.0","","51","","0.0","","32","","5","","16.1","","98.35","","","","","","NA"
"-80.38","43.46","KITCHENER/WATERLOO","6144239","2025-08-27 12:00","2025","08","27","12:00","","20.1","","7.2","","43","","0.0","","28","","17","","16.1","","98.29","","","","","","NA"
"-80.38","43.46","KITCHENER/WATERLOO","6144239","2025-08-27 13:00","2025","08","27","13:00","","20.5","","6.4","","40","","0.0","","24","","21","","16.1","","98.25","","","","","","NA"
"-80.38","43.46","KITCHENER/WATERLOO","6144239","2025-08-27 14:00","2025","08","27","14:00","","20.0","","7.0","","42","","0.0","","26","","18","","16.1","","98.19","","","","","","NA"
"-80.38","43.46","KITCHENER/WATERLOO","6144239","2025-08-27 15:00","2025","08","27","15:00","","21.0","","6.1","","38","","0.0","","26","","24","","16.1","","98.15","","","","","","NA"
"-80.38","43.46","KITCHENER/WATERLOO","6144239","2025-08-27 16:00","2025","08","27","16:00","","20.4","","5.1","","36","","0.0","","24","","24","","16.1","","98.13","","","","","","NA"
"-80.38","43.46","KITCHENER/WATERLOO","6144239","2025-08-27 17:00","2025","08","27","17:00","","19.7","","3.5","","34","","0.0","","30","","15","","16.1","","98.14","","","","","","NA"
"-80.38","43.46","KITCHENER/WATERLOO","6144239","2025-08-27 18:00","2025","08","27","18:00","","18.9","","6.0","","43","","0.0","","29","","24","","16.1","","98.11","","","","","","NA"
"-80.38","43.46","KITCHENER/WATERLOO","6144239","2025-08-27 19:00","2025","08","27","19:00","","17.1","","7.8","","54","","0.0","","26","","15","","16.1","","98.12","","","","","","NA"
"-80.38","43.46","KITCHENER/WATERLOO","6144239","2025-08-27 20:00","2025","08","27","20:00","","14.4","","8.4","","67","","0.0","","20","","5","","14.5","","98.11","","","","","","NA"
"-80.38","43.46","KITCHENER/WATERLOO","6144239","2025-08-27 21:00","2025","08","27","21:00","","13.9","","9.4","","74","","0.0","","20","","11","","16.1","","98.10","","","","","","NA"
"-80.38","43.46","KITCHENER/WATERLOO","6144239","2025-08-27 22:00","2025","08","27","22:00","","14.5","","9.2","","70","","0.0","","21","","17","","16.1","","98.08","","","","","","NA"
"-80.38","43.46","KITCHENER/WATERLOO","6144239","2025-08-27 23:00","2025","08","27","23:00","","14.4","","9.5","","72","","0.0","","22","","21","","16.1","","98.04","","","","","","NA"
"-80.38","43.46","KITCHENER/WATERLOO","6144239","2025-08-28 00:00","2025","08","28","00:00","","14.1","","9.6","","74","","0.0","","23","","18","","16.1","","98.02","","","","","","NA"
"-80.38","43.46","KITCHENER/WATERLOO","6144239","2025-08-28 01:00","2025","08","28","01:00","","14.2","","10.1","","76","","0.0","","23","","22","","16.1","","98.01","","","","","","NA"
"-80.38","43.46","KITCHENER/WATERLOO","6144239","2025-08-28 02:00","2025","08","28","02:00","","14.0","","9.7","","75","","0.0","","24","","18","","16.1","","97.98","","","","","","NA"
"-80.38","43.46","KITCHENER/WATERLOO","6144239","2025-08-28 03:00","2025","08","28","03:00","","13.0","","9.5","","79","","0.0","","24","","13","","16.1","","97.94","","","","","","NA"
"-80.38","43.46","KITCHENER/WATERLOO","6144239","2025-08-28 04:00","2025","08","28","04:00","","13.6","","9.9","","78","","0.0","","23","","15","","16.1","","97.90","","","","","","NA"
"-80.38","43.46","KITCHENER/WATERLOO","6144239","2025-08-28 05:00","2025","08","28","05:00","","13.8","","9.8","","77","","0.0","","24","","13","","16.1","","97.85","","","","","","NA"
"-80.38","43.46","KITCHENER/WATERLOO","6144239","2025-08-28 06:00","2025","08","28","06:00","","13.7","","9.8","","77","","0.0","","23","","18","","16.1","","97.83","","","","","","NA"
"-80.38","43.46","KITCHENER/WATERLOO","6144239","2025-08-28 07:00","2025","08","28","07:00","","14.8","","10.1","","73","","0.0","","23","","21","","16.1","","97.82","","","","","","NA"
"-80.38","43.46","KITCHENER/WATERLOO","6144239","2025-08-28 08:00","2025","08","28","08:00","","15.8","","11.3","","74","","0.0","","24","","22","","16.1","","97.82","","","","","","NA"
"-80.38","43.46","KITCHENER/WATERLOO","6144239","2025-08-28 09:00","2025","08","28","09:00","","16.5","","12.7","","78","","0.0","","24","","21","","16.1","","97.80","","","","","","Rain"
"-80.38","43.46","KITCHENER/WATERLOO","6144239","2025-08-28 10:00","2025","08","28","10:00","","16.2","","14.3","","88","","0.0","","24","","15","","16.1","","97.80","","","","","","Rain"
"-80.38","43.46","KITCHENER/WATERLOO","6144239","2025-08-28 11:00","2025","08","28","11:00","","16.8","","14.1","","84","","0.0","","22","","22","","16.1","","97.74","","","","","","Rain"
"-80.38","43.46","KITCHENER/WATERLOO","6144239","2025-08-28 12:00","2025","08","28","12:00","","17.8","","14.3","","80","","0.2","","25","","17","","16.1","","97.71","","","","","","Rain"
"-80.38","43.46","KITCHENER/WATERLOO","6144239","2025-08-28 13:00","2025","08","28","13:00","","14.0","","12.9","","93","","2.0","","26","","21","","16.1","","97.80","","","","","","Moderate Rain"
"-80.38","43.46","KITCHENER/WATERLOO","6144239","2025-08-28 14:00","2025","08","28","14:00","","14.9","","13.0","","88","","0.8","","27","","11","","16.1","","97.73","","","","","","Rain"
"-80.38","43.46","KITCHENER/WATERLOO","6144239","2025-08-28 15:00","2025","08","28","15:00","","16.4","","14.7","","90","","0.0","","25","","13","","16.1","","97.68","","","","","","NA"
"-80.38","43.46","KITCHENER/WATERLOO","6144239","2025-08-28 16:00","2025","08","28","16:00","","17.9","","14.8","","82","","0.0","","24","","11","","16.1","","97.67","","","","","","NA"
"-80.38","43.46","KITCHENER/WATERLOO","6144239","2025-08-28 17:00","2025","08","28","17:00","","17.1","","14.6","","85","","2.3","","","","0","","16.1","","97.71","","","","","","NA"
"-80.38","43.46","KITCHENER/WATERLOO","6144239","2025-08-28 18:00","2025","08","28","18:00","","17.5","","13.7","","78","","0.0","","2","","8","","16.1","","97.76","","","","","","NA"
"-80.38","43.46","KITCHENER/WATERLOO","6144239","2025-08-28 19:00","2025","08","28","19:00","","14.9","","11.9","","82","","0.0","","35","","8","","16.1","","97.82","","","","","","NA"
"-80.38","43.46","KITCHENER/WATERLOO","6144239","2025-08-28 20:00","2025","08","28","20:00","","12.8","","11.0","","89","","0.0","","35","","8","","16.1","","97.88","","","","","","NA"
"-80.38","43.46","KITCHENER/WATERLOO","6144239","2025-08-28 21:00","2025","08","28","21:00","","11.7","","9.7","","87","","0.0","","35","","9","","16.1","","97.92","","","","","","NA"
"-80.38","43.46","KITCHENER/WATERLOO","6144239","2025-08-28 22:00","2025","08","28","22:00","","11.1","","9.4","","89","","0.0","","33","","13","","16.1","","97.93","","","","","","NA"
"-80.38","43.46","KITCHENER/WATERLOO","6144239","2025-08-28 23:00","2025","08","28","23:00","","9.1","","7.7","","91","","0.0","","32","","13","","16.1","","97.95","","","","","","NA"
"-80.38","43.46","KITCHENER/WATERLOO","6144239","2025-08-29 00:00","2025","08","29","00:00","","8.8","","7.3","","90","","0.0","","31","","15","","16.1","","97.96","","","","","","NA"
"-80.38","43.46","KITCHENER/WATERLOO","6144239","2025-08-29 01:00","2025","08","29","01:00","","7.9","","6.8","","93","","0.0","","31","","11","","16.1","","97.98","","","","","","NA"
"-80.38","43.46","KITCHENER/WATERLOO","6144239","2025-08-29 02:00","2025","08","29","02:00","","7.2","","6.5","","95","","0.0","","32","","11","","16.1","","97.96","","","","","","NA"
"-80.38","43.46","KITCHENER/WATERLOO","6144239","2025-08-29 03:00","2025","08","29","03:00","","6.7","","6.1","","96","","0.0","","32","","11","","16.1","","97.96","","","","","","NA"
"-80.38","43.46","KITCHENER/WATERLOO","6144239","2025-08-29 04:00","2025","08","29","04:00","","6.2","","5.6","","96","","0.0","","31","","8","","16.1","","97.99","","","","","","NA"
"-80.38","43.46","KITCHENER/WATERLOO","6144239","2025-08-29 05:00","2025","08","29","05:00","","5.3","","4.9","","97","","0.0","","30","","9","","16.1","","98.01","","","","","","NA"
"-80.38","43.46","KITCHENER/WATERLOO","6144239","2025-08-29 06:00","2025","08","29","06:00","","5.6","","5.3","","98","","0.0","","30","","5","","16.1","","98.06","","","","","","NA"
"-80.38","43.46","KITCHENER/WATERLOO","6144239","2025-08-29 07:00","2025","08","29","07:00","","8.9","","7.7","","92","","0.0","","31","","9","","16.1","","98.11","","","","","","NA"
"-80.38","43.46","KITCHENER/WATERLOO","6144239","2025-08-29 08:00","2025","08","29","08:00","","10.4","","8.1","","86","","0.0","","31","","15","","16.1","","98.14","","","","","","NA"
"-80.38","43.46","KITCHENER/WATERLOO","6144239","2025-08-29 09:00","2025","08","29","09:00","","12.7","","8.8","","77","","0.0","","31","","11","","16.1","","98.16","","","","","","NA"
"-80.38","43.46","KITCHENER/WATERLOO","6144239","2025-08-29 10:00","2025","08","29","10:00","","13.7","","6.4","","61","","0.0","","34","","13","","16.1","","98.17","","","","","","NA"
"-80.38","43.46","KITCHENER/WATERLOO","6144239","2025-08-29 11:00","2025","08","29","11:00","","14.5","","6.5","","58","","0.0","","32","","15","","16.1","","98.19","","","","","","NA"
"-80.38","43.46","KITCHENER/WATERLOO","6144239","2025-08-29 12:00","2025","08","29","12:00","","15.0","","6.1","","55","","0.0","","33","","22","","16.1","","98.17","","","","","","NA"
"-80.38","43.46","KITCHENER/WATERLOO","6144239","2025-08-29 13:00","2025","08","29","13:00","","15.2","","5.4","","52","","0.0","","34","","21","","16.1","","98.15","","","","","","NA"
"-80.38","43.46","KITCHENER/WATERLOO","6144239","2025-08-29 14:00","2025","08","29","14:00","","15.2","","4.5","","49","","0.0","","34","","15","","16.1","","98.14","","","","","","NA"
"-80.38","43.46","KITCHENER/WATERLOO","6144239","2025-08-29 15:00","2025","08","29","15:00","","15.6","","4.0","","46","","0.0","","31","","15","","16.1","","98.12","","","","","","NA"
"-80.38","43.46","KITCHENER/WATERLOO","6144239","2025-08-29 16:00","2025","08","29","16:00","","15.4","","5.2","","50","","0.0","","32","","17","","16.1","","98.11","","","","","","NA"
"-80.38","43.46","KITCHENER/WATERLOO","6144239","2025-08-29 17:00","2025","08","29","17:00","","15.4","","6.5","","55","","0.0","","31","","11","","16.1","","98.12","","","","","","NA"
"-80.38","43.46","KITCHENER/WATERLOO","6144239","2025-08-29 18:00","2025","08","29","18:00","","14.1","","7.0","","62","","0.0","","33","","15","","16.1","","98.11","","","","","","NA"
"-80.38","43.46","KITCHENER/WATERLOO","6144239","2025-08-29 19:00","2025","08","29","19:00","","13.6","","7.3","","66","","0.0","","32","","13","","16.1","","98.11","","","","","","NA"
"-80.38","43.46","KITCHENER/WATERLOO","6144239","2025-08-29 20:00","2025","08","29","20:00","","11.7","","7.1","","73","","0.0","","32","","11","","16.1","","98.14","","","","","","NA"
"-80.38","43.46","KITCHENER/WATERLOO","6144239","2025-08-29 21:00","2025","08","29","21:00","","9.8","","7.1","","83","","0.0","","32","","9","","16.1","","98.16","","","","","","NA"
"-80.38","43.46","KITCHENER/WATERLOO","6144239","2025-08-29 22:00","2025","08","29","22:00","","7.2","","6.4","","95","","0.0","","30","","8","","16.1","","98.16","","","","","","NA"
"-80.38","43.46","KITCHENER/WATERLOO","6144239","2025-08-29 23:00","2025","08","29","23:00","","8.1","","6.9","","92","","0.0","","30","","9","","16.1","","98.15","","","","","","NA"
"-80.38","43.46","KITCHENER/WATERLOO","6144239","2025-08-30 00:00","2025","08","30","00:00","","6.9","","6.3","","96","","0.0","","31","","8","","16.1","","98.14","","","","","","NA"
"-80.38","43.46","KITCHENER/WATERLOO","6144239","2025-08-30 01:00","2025","08","30","01:00","","6.3","","5.9","","97","","0.0","","30","","8","","16.1","","98.13","","","","","","NA"
"-80.38","43.46","KITCHENER/WATERLOO","6144239","2025-08-30 02:00","2025","08","30","02:00","","6.4","","6.1","","98","","0.0","","31","","8","","16.1","","98.11","","","","","","NA"
"-80.38","43.46","KITCHENER/WATERLOO","6144239","2025-08-30 03:00","2025","08","30","03:00","","6.4","","6.1","","98","","0.0","","33","","4","","16.1","","98.11","","","","","","NA"
"-80.38","43.46","KITCHENER/WATERLOO","6144239","2025-08-30 04:00","2025","08","30","04:00","","5.3","","5.0","","98","","0.0","","","","0","","1.6","","98.14","","","","","","Fog"
"-80.38","43.46","KITCHENER/WATERLOO","6144239","2025-08-30 05:00","2025","08","30","05:00","","6.2","","6.1","","99","","0.0","","30","","8","","16.1","","98.17","","","","","","NA"
"-80.38","43.46","KITCHENER/WATERLOO","6144239","2025-08-30 06:00","2025","08","30","06:00","","6.3","","6.0","","98","","0.0","","29","","11","","16.1","","98.24","","","","","","NA"
"-80.38","43.46","KITCHENER/WATERLOO","6144239","2025-08-30 07:00","2025","08","30","07:00","","9.0","","8.3","","95","","0.0","","31","","8","","16.1","","98.30","","","","","","NA"
"-80.38","43.46","KITCHENER/WATERLOO","6144239","2025-08-30 08:00","2025","08","30","08:00","","12.2","","10.2","","88","","0.0","","30","","11","","16.1","","98.34","","","","","","NA"
"-80.38","43.46","KITCHENER/WATERLOO","6144239","2025-08-30 09:00","2025","08","30","09:00","","15.5","","10.7","","73","","0.0","","34","","11","","16.1","","98.37","","","","","","NA"
"-80.38","43.46","KITCHENER/WATERLOO","6144239","2025-08-30 10:00","2025","08","30","10:00","","17.0","","6.8","","51","","0.0","","30","","17","","16.1","","98.39","","","","","","NA"
"-80.38","43.46","KITCHENER/WATERLOO","6144239","2025-08-30 11:00","2025","08","30","11:00","","18.4","","6.2","","45","","0.0","","29","","18","","16.1","","98.37","","","","","","NA"
"-80.38","43.46","KITCHENER/WATERLOO","6144239","2025-08-30 12:00","2025","08","30","12:00","","19.4","","6.1","","42","","0.0","","33","","22","","16.1","","98.33","","","","","","NA"
"-80.38","43.46","KITCHENER/WATERLOO","6144239","2025-08-30 13:00","2025","08","30","13:00","","19.0","","5.7","","41","","0.0","","35","","21","","16.1","","98.30","","","","","","NA"
"-80.38","43.46","KITCHENER/WATERLOO","6144239","2025-08-30 14:00","2025","08","30","14:00","","20.1","","6.4","","40","","0.0","","30","","13","","16.1","","98.27","","","","","","NA"
"-80.38","43.46","KITCHENER/WATERLOO","6144239","2025-08-30 15:00","2025","08","30","15:00","","20.2","","5.7","","38","","0.0","","29","","11","","16.1","","98.26","","","","","","NA"
"-80.38","43.46","KITCHENER/WATERLOO","6144239","2025-08-30 16:00","2025","08","30","16:00","","19.8","","7.1","","43","","0.0","","34","","15","","16.1","","98.26","","","","","","NA"
"-80.38","43.46","KITCHENER/WATERLOO","6144239","2025-08-30 17:00","2025","08","30","17:00","","18.9","","6.9","","45","","0.0","","32","","13","","16.1","","98.27","","","","","","NA"
"-80.38","43.46","KITCHENER/WATERLOO","6144239","2025-08-30 18:00","2025","08","30","18:00","","17.9","","6.5","","47","","0.0","","32","","15","","16.1","","98.30","","","","","","NA"
"-80.38","43.46","KITCHENER/WATERLOO","6144239","2025-08-30 19:00","2025","08","30","19:00","","15.0","","7.4","","60","","0.0","","32","","11","","16.1","","98.35","","","","","","NA"
"-80.38","43.46","KITCHENER/WATERLOO","6144239","2025-08-30 20:00","2025","08","30","20:00","","12.3","","8.3","","77","","0.0","","31","","9","","16.1","","98.40","","","","","","NA"
"-80.38","43.46","KITCHENER/WATERLOO","6144239","2025-08-30 21:00","2025","08","30","21:00","","10.2","","8.5","","89","","0.0","","31","","5","","16.1","","98.47","","","","","","NA"
"-80.38","43.46","KITCHENER/WATERLOO","6144239","2025-08-30 22:00","2025","08","30","22:00","","9.8","","8.9","","94","","0.0","","35","","4","","16.1","","98.47","","","","","","NA"
"-80.38","43.46","KITCHENER/WATERLOO","6144239","2025-08-30 23:00","2025","08","30","23:00","","7.8","","6.9","","94","","0.0","","30","","4","","16.1","","98.48","","","","","","NA"
"-80.38","43.46","KITCHENER/WATERLOO","6144239","2025-08-31 00:00","2025","08","31","00:00","","7.0","","6.7","","98","","0.0","","","","0","","8.1","","98.51","","","","","","Fog"
"-80.38","43.46","KITCHENER/WATERLOO","6144239","2025-08-31 01:00","2025","08","31","01:00","","6.0","","5.9","","99","","0.0","","33","","4","","1.0","","98.53","","","","","","Rain,Fog"
"-80.38","43.46","KITCHENER/WATERLOO","6144239","2025-08-31 02:00","2025","08","31","02:00","","5.5","","5.4","","99","","0.0","","33","","9","","16.1","","98.54","","","","","","NA"
"-80.38","43.46","KITCHENER/WATERLOO","6144239","2025-08-31 03:00","2025","08","31","03:00","","5.2","","5.1","","99","","0.0","","31","","5","","3.2","","98.56","","","","","","Fog"
"-80.38","43.46","KITCHENER/WATERLOO","6144239","2025-08-31 04:00","2025","08","31","04:00","","4.1","","4.0","","99","","0.0","","33","","5","","2.0","","98.58","","","","","","Fog"
"-80.38","43.46","KITCHENER/WATERLOO","6144239","2025-08-31 05:00","2025","08","31","05:00","","3.8","","3.7","","99","","0.0","","30","","4","","1.2","","98.63","","","","","","Fog"
"-80.38","43.46","KITCHENER/WATERLOO","6144239","2025-08-31 06:00","2025","08","31","06:00","","4.5","","4.4","","99","","0.0","","33","","4","","0.4","","98.70","","","","","","Fog"
"-80.38","43.46","KITCHENER/WATERLOO","6144239","2025-08-31 07:00","2025","08","31","07:00","","7.4","","7.3","","99","","0.0","","","","0","","16.1","","98.74","","","","","","NA"
"-80.38","43.46","KITCHENER/WATERLOO","6144239","2025-08-31 08:00","2025","08","31","08:00","","11.8","","10.9","","94","","0.0","","33","","5","","16.1","","98.76","","","","","","NA"
"-80.38","43.46","KITCHENER/WATERLOO","6144239","2025-08-31 09:00","2025","08","31","09:00","","15.5","","11.6","","77","","0.0","","","M","5","","16.1","","98.79","","","","","","NA"
"-80.38","43.46","KITCHENER/WATERLOO","6144239","2025-08-31 10:00","2025","08","31","10:00","","17.3","","7.6","","53","","0.0","","","M","8","","16.1","","98.81","","","","","","NA"
"-80.38","43.46","KITCHENER/WATERLOO","6144239","2025-08-31 11:00","2025","08","31","11:00","","18.8","","6.3","","44","","0.0","","","M","4","","16.1","","98.78","","","","","","NA"
"-80.38","43.46","KITCHENER/WATERLOO","6144239","2025-08-31 12:00","2025","08","31","12:00","","19.8","","6.8","","42","","0.0","","4","","5","","16.1","","98.77","","","","","","NA"
"-80.38","43.46","KITCHENER/WATERLOO","6144239","2025-08-31 13:00","2025","08","31","13:00","","20.8","","7.1","","41","","0.0","","","","0","","16.1","","98.73","","","","","","NA"
"-80.38","43.46","KITCHENER/WATERLOO","6144239","2025-08-31 14:00","2025","08","31","14:00","","21.9","","7.5","","39","","0.0","","","M","11","","14.5","","98.71","","","","","","Rain"
"-80.38","43.46","KITCHENER/WATERLOO","6144239","2025-08-31 15:00","2025","08","31","15:00","","22.6","","8.1","","39","","0.0","","2","","13","","14.5","","98.67","","","","","","NA"
"-80.38","43.46","KITCHENER/WATERLOO","6144239","2025-08-31 16:00","2025","08","31","16:00","","22.3","","7.8","","39","","0.0","","5","","8","","16.1","","98.66","","","","","","NA"
"-80.38","43.46","KITCHENER/WATERLOO","6144239","2025-08-31 17:00","2025","08","31","17:00","","22.4","","8.2","","40","","0.0","","","M","15","","16.1","","98.64","","","","","","NA"
"-80.38","43.46","KITCHENER/WATERLOO","6144239","2025-08-31 18:00","2025","08","31","18:00","","21.1","","9.8","","48","","0.0","","10","","11","","16.1","","98.66","","","","","","NA"
"-80.38","43.46","KITCHENER/WATERLOO","6144239","2025-08-31 19:00","2025","08","31","19:00","","16.8","","8.6","","58","","0.0","","14","","11","","16.1","","98.68","","","","","","NA"
"-80.38","43.46","KITCHENER/WATERLOO","6144239","2025-08-31 20:00","2025","08","31","20:00","","14.3","","8.5","","68","","0.0","","6","","4","","16.1","","98.74","","","","","","NA"
"-80.38","43.46","KITCHENER/WATERLOO","6144239","2025-08-31 21:00","2025","08","31","21:00","","11.4","","8.9","","84","","0.0","","9","","4","","16.1","","98.76","","","","","","NA"
"-80.38","43.46","KITCHENER/WATERLOO","6144239","2025-08-31 22:00","2025","08","31","22:00","","10.3","","9.1","","92","","0.0","","","M","4","","16.1","","98.76","","","","","","NA"
"-80.38","43.46","KITCHENER/WATERLOO","6144239","2025-08-31 23:00","2025","08","31","23:00","","9.6","","8.8","","95","","0.0","","35","","4","","16.1","","98.76","","","","","","NA"
