"Longitude (x)","Latitude (y)","Station Name","Climate ID","Date/Time (LST)","Year","Month","Day","Time (LST)","Flag","Temp (°C)","Temp Flag","Dew Point Temp (°C)","Dew Point Temp Flag","Rel Hum (%)","Rel Hum Flag","Precip. Amount (mm)","Precip. Amount Flag","Wind Dir (10s deg)","Wind Dir Flag","Wind Spd (km/h)","Wind Spd Flag","Visibility (km)","Visibility Flag","Stn Press (kPa)","Stn Press Flag","Hmdx","Hmdx Flag","Wind Chill","Wind Chill Flag","Weather"
"-80.38","43.46","KITCHENER/WATERLOO","6144239","2025-02-01 00:00","2025","02","01","00:00","","-7.9","","-11.6","","75","","0.0","","34","","26","","16.1","","97.63","","","","-16","","Snow"
"-80.38","43.46","KITCHENER/WATERLOO","6144239","2025-02-01 01:00","2025","02","01","01:00","","-9.2","","-12.9","","75","","0.0","","34","","18","","16.1","","97.74","","","","-16","","Snow"
"-80.38","43.46","KITCHENER/WATERLOO","6144239","2025-02-01 02:00","2025","02","01","02:00","","-10.8","","-14.9","","72","","0.0","","35","","21","","16.1","","97.83","","","","-19","","NA"
"-80.38","43.46","KITCHENER/WATERLOO","6144239","2025-02-01 03:00","2025","02","01","03:00","","-11.8","","-15.7","","73","","0.0","","36","","11","","16.1","","98.01","","","","-18","","NA"
"-80.38","43.46","KITCHENER/WATERLOO","6144239","2025-02-01 04:00","2025","02","01","04:00","","-12.4","","-16.1","","74","","0.0","","1","","9","","16.1","","98.11","","","","-18","","NA"
"-80.38","43.46","KITCHENER/WATERLOO","6144239","2025-02-01 05:00","2025","02","01","05:00","","-13.5","","-16.9","","76","","0.0","","1","","4","","16.1","","98.23","","","","-16","","NA"
"-80.38","43.46","KITCHENER/WATERLOO","6144239","2025-02-01 06:00","2025","02","01","06:00","","-16.1","","-18.1","","85","","0.0","","36","","4","","16.1","","98.36","","","","-19","","NA"
"-80.38","43.46","KITCHENER/WATERLOO","6144239","2025-02-01 07:00","2025","02","01","07:00","","-16.4","","-18.2","","87","","0.0","","35","","5","","16.1","","98.51","","","","-20","","NA"
"-80.38","43.46","KITCHENER/WATERLOO","6144239","2025-02-01 08:00","2025","02","01","08:00","","-17.0","","-18.9","","85","","0.0","","1","","4","","16.1","","98.63","","","","-20","","NA"
"-80.38","43.46","KITCHENER/WATERLOO","6144239","2025-02-01 09:00","2025","02","01","09:00","","-15.0","","-17.6","","81","","0.0","","","","0","","16.1","","98.75","","","","","","NA"
"-80.38","43.46","KITCHENER/WATERLOO","6144239","2025-02-01 10:00","2025","02","01","10:00","","-12.3","","-16.4","","72","","0.0","","34","","13","","16.1","","98.85","","","","-19","","NA"
"-80.38","43.46","KITCHENER/WATERLOO","6144239","2025-02-01 11:00","2025","02","01","11:00","","-11.6","","-16.8","","66","","0.0","","34","","17","","16.1","","98.99","","","","-19","","NA"
"-80.38","43.46","KITCHENER/WATERLOO","6144239","2025-02-01 12:00","2025","02","01","12:00","","-11.3","","-17.0","","63","","0.0","","34","","13","","16.1","","99.04","","","","-18","","NA"
"-80.38","43.46","KITCHENER/WATERLOO","6144239","2025-02-01 13:00","2025","02","01","13:00","","-11.1","","-17.5","","60","","0.0","","34","","11","","16.1","","99.08","","","","-17","","NA"
"-80.38","43.46","KITCHENER/WATERLOO","6144239","2025-02-01 14:00","2025","02","01","14:00","","-10.8","","-17.6","","58","","0.0","","35","","9","","16.1","","99.08","","","","-16","","NA"
"-80.38","43.46","KITCHENER/WATERLOO","6144239","2025-02-01 15:00","2025","02","01","15:00","","-10.5","","-17.3","","58","","0.0","","34","","11","","16.1","","99.09","","","","-16","","NA"
"-80.38","43.46","KITCHENER/WATERLOO","6144239","2025-02-01 16:00","2025","02","01","16:00","","-10.3","","-17.9","","54","","0.0","","34","","9","","16.1","","99.13","","","","-15","","NA"
"-80.38","43.46","KITCHENER/WATERLOO","6144239","2025-02-01 17:00","2025","02","01","17:00","","-10.7","","-17.9","","56","","0.0","","34","","5","","16.1","","99.17","","","","-14","","NA"
"-80.38","43.46","KITCHENER/WATERLOO","6144239","2025-02-01 18:00","2025","02","01","18:00","","-13.1","","-17.9","","68","","0.0","","31","","5","","16.1","","99.25","","","","-16","","NA"
"-80.38","43.46","KITCHENER/WATERLOO","6144239","2025-02-01 19:00","2025","02","01","19:00","","-14.0","","-18.2","","71","","0.0","","7","","4","","16.1","","99.26","","","","-17","","NA"
"-80.38","43.46","KITCHENER/WATERLOO","6144239","2025-02-01 20:00","2025","02","01","20:00","","-16.0","","-18.8","","79","","0.0","","5","","5","","16.1","","99.27","","","","-20","","NA"
"-80.38","43.46","KITCHENER/WATERLOO","6144239","2025-02-01 21:00","2025","02","01","21:00","","-15.8","","-18.3","","82","","0.0","","7","","8","","16.1","","99.23","","","","-21","","NA"
"-80.38","43.46","KITCHENER/WATERLOO","6144239","2025-02-01 22:00","2025","02","01","22:00","","-15.3","","-18.2","","79","","0.0","","7","","9","","16.1","","99.26","","","","-21","","NA"
"-80.38","43.46","KITCHENER/WATERLOO","6144239","2025-02-01 23:00","2025","02","01","23:00","","-15.4","","-18.2","","80","","0.0","","8","","5","","16.1","","99.20","","","","-19","","NA"
"-80.38","43.46","KITCHENER/WATERLOO","6144239","2025-02-02 00:00","2025","02","02","00:00","","-15.9","","-17.7","","86","","0.0","","","","0","","16.1","","99.17","","","","","","NA"
"-80.38","43.46","KITCHENER/WATERLOO","6144239","2025-02-02 01:00","2025","02","02","01:00","","-15.1","","-17.2","","84","","0.0","","4","","8","","16.1","","99.17","","","","-20","","NA"
"-80.38","43.46","KITCHENER/WATERLOO","6144239","2025-02-02 02:00","2025","02","02","02:00","","-13.1","","-16.0","","79","","0.0","","8","","11","","16.1","","99.05","","","","-19","","NA"
"-80.38","43.46","KITCHENER/WATERLOO","6144239","2025-02-02 03:00","2025","02","02","03:00","","-12.4","","-15.5","","78","","0.0","","10","","9","","16.1","","99.04","","","","-18","","NA"
"-80.38","43.46","KITCHENER/WATERLOO","6144239","2025-02-02 04:00","2025","02","02","04:00","","-11.3","","-13.8","","82","","0.0","","9","","13","","16.1","","98.92","","","","-18","","NA"
"-80.38","43.46","KITCHENER/WATERLOO","6144239","2025-02-02 05:00","2025","02","02","05:00","","-10.5","","-13.2","","81","","0.0","","9","","18","","16.1","","98.87","","","","-18","","NA"
"-80.38","43.46","KITCHENER/WATERLOO","6144239","2025-02-02 06:00","2025","02","02","06:00","","-10.2","","-13.7","","76","","0.0","","12","","17","","16.1","","98.80","","","","-17","","NA"
"-80.38","43.46","KITCHENER/WATERLOO","6144239","2025-02-02 07:00","2025","02","02","07:00","","-9.9","","-14.4","","70","","0.0","","9","","13","","16.1","","98.73","","","","-16","","NA"
"-80.38","43.46","KITCHENER/WATERLOO","6144239","2025-02-02 08:00","2025","02","02","08:00","","-9.6","","-13.6","","73","","0.0","","8","","21","","16.1","","98.53","","","","-18","","NA"
"-80.38","43.46","KITCHENER/WATERLOO","6144239","2025-02-02 09:00","2025","02","02","09:00","","-8.8","","-12.6","","74","","0.0","","10","","22","","16.1","","98.42","","","","-17","","NA"
"-80.38","43.46","KITCHENER/WATERLOO","6144239","2025-02-02 10:00","2025","02","02","10:00","","-8.2","","-11.5","","77","","0.0","","10","","18","","16.1","","98.34","","","","-15","","NA"
"-80.38","43.46","KITCHENER/WATERLOO","6144239","2025-02-02 11:00","2025","02","02","11:00","","-7.5","","-11.0","","76","","0.0","","10","","22","","16.1","","98.20","","","","-15","","NA"
"-80.38","43.46","KITCHENER/WATERLOO","6144239","2025-02-02 12:00","2025","02","02","12:00","","-6.9","","-11.1","","73","","0.0","","9","","18","","16.1","","98.10","","","","-14","","NA"
"-80.38","43.46","KITCHENER/WATERLOO","6144239","2025-02-02 13:00","2025","02","02","13:00","","-6.6","","-11.4","","69","","0.0","","10","","18","","16.1","","97.90","","","","-13","","NA"
"-80.38","43.46","KITCHENER/WATERLOO","6144239","2025-02-02 14:00","2025","02","02","14:00","","-7.0","","-9.0","","86","","0.0","","10","","11","","1.2","","97.87","","","","-12","","Snow"
"-80.38","43.46","KITCHENER/WATERLOO","6144239","2025-02-02 15:00","2025","02","02","15:00","","-7.0","","-8.8","","87","","0.8","","11","","15","","2.0","","97.76","","","","-13","","Snow"
"-80.38","43.46","KITCHENER/WATERLOO","6144239","2025-02-02 16:00","2025","02","02","16:00","","-6.6","","-8.9","","84","","0.2","","10","","11","","16.1","","97.75","","","","-12","","Snow"
"-80.38","43.46","KITCHENER/WATERLOO","6144239","2025-02-02 17:00","2025","02","02","17:00","","-6.5","","-8.6","","85","","0.0","","12","","8","","16.1","","97.75","","","","-10","","NA"
"-80.38","43.46","KITCHENER/WATERLOO","6144239","2025-02-02 18:00","2025","02","02","18:00","","-6.4","","-8.4","","86","","0.0","","10","","4","","16.1","","97.82","","","","-8","","NA"
"-80.38","43.46","KITCHENER/WATERLOO","6144239","2025-02-02 19:00","2025","02","02","19:00","","-6.5","","-8.3","","87","","0.0","","13","","5","","16.1","","97.82","","","","-9","","NA"
"-80.38","43.46","KITCHENER/WATERLOO","6144239","2025-02-02 20:00","2025","02","02","20:00","","-6.3","","-8.0","","88","","0.0","","","","0","","16.1","","97.87","","","","","","NA"
"-80.38","43.46","KITCHENER/WATERLOO","6144239","2025-02-02 21:00","2025","02","02","21:00","","-6.3","","-7.1","","94","","0.0","","22","","4","","8.1","","97.91","","","","-8","","Fog"
"-80.38","43.46","KITCHENER/WATERLOO","6144239","2025-02-02 22:00","2025","02","02","22:00","","-6.2","","-6.9","","95","","0.0","","20","","5","","4.0","","97.85","","","","-9","","Fog"
"-80.38","43.46","KITCHENER/WATERLOO","6144239","2025-02-02 23:00","2025","02","02","23:00","","-5.8","","-6.5","","95","","0.0","","19","","9","","4.8","","97.83","","","","-10","","Fog"
"-80.38","43.46","KITCHENER/WATERLOO","6144239","2025-02-03 00:00","2025","02","03","00:00","","-5.1","","-5.9","","94","","0.0","","","","0","","4.8","","97.84","","","","","","Fog"
"-80.38","43.46","KITCHENER/WATERLOO","6144239","2025-02-03 01:00","2025","02","03","01:00","","-4.8","","-5.3","","96","","0.0","","21","","11","","2.8","","97.78","","","","-9","","Fog"
"-80.38","43.46","KITCHENER/WATERLOO","6144239","2025-02-03 02:00","2025","02","03","02:00","","-4.8","","-5.2","","97","","0.0","","21","","5","","1.6","","97.78","","","","-7","","Fog"
"-80.38","43.46","KITCHENER/WATERLOO","6144239","2025-02-03 03:00","2025","02","03","03:00","","-4.5","","-4.9","","97","","0.0","","21","","8","","1.6","","97.77","","","","-8","","Fog"
"-80.38","43.46","KITCHENER/WATERLOO","6144239","2025-02-03 04:00","2025","02","03","04:00","","-3.0","","-3.6","","96","","0.0","","25","","9","","3.6","","97.82","","","","-7","","Fog"
"-80.38","43.46","KITCHENER/WATERLOO","6144239","2025-02-03 05:00","2025","02","03","05:00","","-2.3","","-3.1","","94","","0.0","","22","","8","","4.8","","97.78","","","","-5","","Fog"
"-80.38","43.46","KITCHENER/WATERLOO","6144239","2025-02-03 06:00","2025","02","03","06:00","","-2.3","","-3.0","","95","","0.0","","21","","5","","3.6","","97.74","","","","-4","","Fog"
"-80.38","43.46","KITCHENER/WATERLOO","6144239","2025-02-03 07:00","2025","02","03","07:00","","-2.1","","-2.5","","97","","0.0","","19","","8","","2.4","","97.66","","","","-5","","Fog"
"-80.38","43.46","KITCHENER/WATERLOO","6144239","2025-02-03 08:00","2025","02","03","08:00","","-1.9","","-2.2","","98","","0.0","","18","","9","","1.2","","97.66","","","","-5","","Fog"
"-80.38","43.46","KITCHENER/WATERLOO","6144239","2025-02-03 09:00","2025","02","03","09:00","","-1.4","","-1.7","","98","","0.0","","18","","9","","1.0","","97.59","","","","-5","","Fog"
"-80.38","43.46","KITCHENER/WATERLOO","6144239","2025-02-03 10:00","2025","02","03","10:00","","-0.7","","-1.0","","98","","0.0","","18","","9","","1.0","","97.53","","","","-4","","Fog"
"-80.38","43.46","KITCHENER/WATERLOO","6144239","2025-02-03 11:00","2025","02","03","11:00","","0.0","","-0.3","","98","","0.0","","22","","9","","0.6","","97.52","","","","-3","","Fog"
"-80.38","43.46","KITCHENER/WATERLOO","6144239","2025-02-03 12:00","2025","02","03","12:00","","0.4","","0.3","","99","","0.0","","21","","4","","0.4","","97.36","","","","","","Rain,Fog"
"-80.38","43.46","KITCHENER/WATERLOO","6144239","2025-02-03 13:00","2025","02","03","13:00","","0.4","","0.1","","98","","0.0","","27","","4","","0.8","","97.19","","","","","","Fog"
"-80.38","43.46","KITCHENER/WATERLOO","6144239","2025-02-03 14:00","2025","02","03","14:00","","1.0","","0.7","","98","","0.0","","31","","8","","2.4","","97.11","","","","","","Rain,Fog"
"-80.38","43.46","KITCHENER/WATERLOO","6144239","2025-02-03 15:00","2025","02","03","15:00","","0.9","","0.5","","97","","0.0","","32","","5","","2.4","","97.11","","","","","","Rain,Fog"
"-80.38","43.46","KITCHENER/WATERLOO","6144239","2025-02-03 16:00","2025","02","03","16:00","","1.0","","0.6","","97","","0.0","","33","","11","","3.2","","97.16","","","","","","Fog"
"-80.38","43.46","KITCHENER/WATERLOO","6144239","2025-02-03 17:00","2025","02","03","17:00","","0.8","","-1.1","","87","","0.0","","1","","13","","16.1","","97.17","","","","","","NA"
"-80.38","43.46","KITCHENER/WATERLOO","6144239","2025-02-03 18:00","2025","02","03","18:00","","0.1","","-1.5","","89","","0.0","","1","","17","","14.5","","97.25","","","","","","Rain"
"-80.38","43.46","KITCHENER/WATERLOO","6144239","2025-02-03 19:00","2025","02","03","19:00","","0.0","","-2.6","","83","","0.0","","36","","11","","16.1","","97.30","","","","-4","","NA"
"-80.38","43.46","KITCHENER/WATERLOO","6144239","2025-02-03 20:00","2025","02","03","20:00","","-0.2","","-2.1","","87","","0.0","","35","","5","","16.1","","97.34","","","","-2","","Snow"
"-80.38","43.46","KITCHENER/WATERLOO","6144239","2025-02-03 21:00","2025","02","03","21:00","","-0.2","","-2.7","","83","","0.0","","32","","15","","16.1","","97.46","","","","-5","","NA"
"-80.38","43.46","KITCHENER/WATERLOO","6144239","2025-02-03 22:00","2025","02","03","22:00","","-0.7","","-2.1","","90","","0.0","","30","","13","","16.1","","97.44","","","","-5","","NA"
"-80.38","43.46","KITCHENER/WATERLOO","6144239","2025-02-03 23:00","2025","02","03","23:00","","-1.1","","-2.8","","88","","0.0","","31","","17","","16.1","","97.50","","","","-6","","NA"
"-80.38","43.46","KITCHENER/WATERLOO","6144239","2025-02-04 00:00","2025","02","04","00:00","","-1.9","","-3.5","","89","","0.0","","31","","21","","16.1","","97.53","","","","-8","","NA"
"-80.38","43.46","KITCHENER/WATERLOO","6144239","2025-02-04 01:00","2025","02","04","01:00","","-1.9","","-3.9","","86","","0.0","","31","","21","","16.1","","97.60","","","","-8","","NA"
"-80.38","43.46","KITCHENER/WATERLOO","6144239","2025-02-04 02:00","2025","02","04","02:00","","-2.5","","-6.0","","77","","0.0","","32","","22","","16.1","","97.60","","","","-9","","NA"
"-80.38","43.46","KITCHENER/WATERLOO","6144239","2025-02-04 03:00","2025","02","04","03:00","","-2.8","","-6.5","","76","","0.0","","32","","26","","16.1","","97.64","","","","-10","","NA"
"-80.38","43.46","KITCHENER/WATERLOO","6144239","2025-02-04 04:00","2025","02","04","04:00","","-3.1","","-7.1","","74","","0.0","","30","","26","","16.1","","97.70","","","","-10","","NA"
"-80.38","43.46","KITCHENER/WATERLOO","6144239","2025-02-04 05:00","2025","02","04","05:00","","-3.6","","-7.8","","73","","0.0","","31","","17","","16.1","","97.79","","","","-9","","NA"
"-80.38","43.46","KITCHENER/WATERLOO","6144239","2025-02-04 06:00","2025","02","04","06:00","","-4.4","","-7.4","","80","","0.0","","30","","11","","16.1","","97.88","","","","-9","","NA"
"-80.38","43.46","KITCHENER/WATERLOO","6144239","2025-02-04 07:00","2025","02","04","07:00","","-3.8","","-6.4","","82","","0.0","","29","","17","","16.1","","97.96","","","","-10","","Snow"
"-80.38","43.46","KITCHENER/WATERLOO","6144239","2025-02-04 08:00","2025","02","04","08:00","","-3.6","","-6.2","","82","","0.0","","27","","15","","16.1","","98.07","","","","-9","","Snow"
"-80.38","43.46","KITCHENER/WATERLOO","6144239","2025-02-04 09:00","2025","02","04","09:00","","-3.2","","-7.0","","75","","0.0","","28","","26","","16.1","","98.19","","","","-10","","Snow"
"-80.38","43.46","KITCHENER/WATERLOO","6144239","2025-02-04 10:00","2025","02","04","10:00","","-3.4","","-6.8","","78","","0.0","","28","","28","","9.7","","98.29","","","","-11","","Snow"
"-80.38","43.46","KITCHENER/WATERLOO","6144239","2025-02-04 11:00","2025","02","04","11:00","","-3.7","","-8.4","","70","","0.0","","32","","22","","16.1","","98.42","","","","-10","","Snow"
"-80.38","43.46","KITCHENER/WATERLOO","6144239","2025-02-04 12:00","2025","02","04","12:00","","-4.3","","-9.2","","69","","0.0","","34","","24","","16.1","","98.50","","","","-11","","Snow"
"-80.38","43.46","KITCHENER/WATERLOO","6144239","2025-02-04 13:00","2025","02","04","13:00","","-4.7","","-10.4","","65","","0.0","","32","","24","","16.1","","98.53","","","","-12","","Snow"
"-80.38","43.46","KITCHENER/WATERLOO","6144239","2025-02-04 14:00","2025","02","04","14:00","","-5.3","","-9.6","","72","","0.0","","32","","18","","11.3","","98.59","","","","-12","","Snow"
"-80.38","43.46","KITCHENER/WATERLOO","6144239","2025-02-04 15:00","2025","02","04","15:00","","-6.0","","-10.1","","73","","0.0","","31","","21","","12.9","","98.63","","","","-13","","Snow"
"-80.38","43.46","KITCHENER/WATERLOO","6144239","2025-02-04 16:00","2025","02","04","16:00","","-6.9","","-11.9","","68","","0.0","","31","","26","","16.1","","98.75","","","","-15","","NA"
"-80.38","43.46","KITCHENER/WATERLOO","6144239","2025-02-04 17:00","2025","02","04","17:00","","-7.6","","-12.3","","69","","0.0","","32","","22","","16.1","","98.85","","","","-15","","Snow"
"-80.38","43.46","KITCHENER/WATERLOO","6144239","2025-02-04 18:00","2025","02","04","18:00","","-8.6","","-13.1","","70","","0.0","","32","","18","","16.1","","98.91","","","","-16","","Snow"
"-80.38","43.46","KITCHENER/WATERLOO","6144239","2025-02-04 19:00","2025","02","04","19:00","","-8.4","","-12.6","","72","","0.0","","32","","18","","16.1","","98.95","","","","-15","","Snow"
"-80.38","43.46","KITCHENER/WATERLOO","6144239","2025-02-04 20:00","2025","02","04","20:00","","-8.3","","-12.5","","72","","0.0","","31","","13","","16.1","","99.01","","","","-14","","Snow"
"-80.38","43.46","KITCHENER/WATERLOO","6144239","2025-02-04 21:00","2025","02","04","21:00","","-8.6","","-12.6","","73","","0.0","","32","","17","","16.1","","99.01","","","","-15","","Snow"
"-80.38","43.46","KITCHENER/WATERLOO","6144239","2025-02-04 22:00","2025","02","04","22:00","","-9.3","","-12.8","","76","","0.0","","30","","9","","16.1","","99.02","","","","-14","","NA"
"-80.38","43.46","KITCHENER/WATERLOO","6144239","2025-02-04 23:00","2025","02","04","23:00","","-10.3","","-13.1","","80","","0.0","","31","","5","","16.1","","99.00","","","","-13","","NA"
"-80.38","43.46","KITCHENER/WATERLOO","6144239","2025-02-05 00:00","2025","02","05","00:00","","-10.5","","-12.7","","84","","0.0","","28","","5","","16.1","","99.00","","","","-14","","NA"
"-80.38","43.46","KITCHENER/WATERLOO","6144239","2025-02-05 01:00","2025","02","05","01:00","","-9.6","","-12.1","","82","","0.0","","30","","8","","16.1","","98.98","","","","-14","","NA"
"-80.38","43.46","KITCHENER/WATERLOO","6144239","2025-02-05 02:00","2025","02","05","02:00","","-9.1","","-11.6","","82","","0.0","","29","","8","","16.1","","99.01","","","","-13","","Snow"
"-80.38","43.46","KITCHENER/WATERLOO","6144239","2025-02-05 03:00","2025","02","05","03:00","","-8.7","","-11.1","","83","","0.0","","25","","8","","16.1","","98.99","","","","-13","","Snow"
"-80.38","43.46","KITCHENER/WATERLOO","6144239","2025-02-05 04:00","2025","02","05","04:00","","-8.7","","-11.0","","84","","0.0","","","M","4","","16.1","","99.00","","","","-11","","NA"
"-80.38","43.46","KITCHENER/WATERLOO","6144239","2025-02-05 05:00","2025","02","05","05:00","","-9.4","","-11.3","","86","","0.0","","1","","5","","14.5","","99.01","","","","-12","","Snow"
"-80.38","43.46","KITCHENER/WATERLOO","6144239","2025-02-05 06:00","2025","02","05","06:00","","-11.0","","-12.1","","92","","0.0","","31","","5","","16.1","","99.07","","","","-14","","Snow"
"-80.38","43.46","KITCHENER/WATERLOO","6144239","2025-02-05 07:00","2025","02","05","07:00","","-12.3","","-13.8","","89","","0.0","","","","0","","16.1","","99.05","","","","","","NA"
"-80.38","43.46","KITCHENER/WATERLOO","6144239","2025-02-05 08:00","2025","02","05","08:00","","-13.4","","-14.9","","89","","0.0","","","","0","","16.1","","99.09","","","","","","NA"
"-80.38","43.46","KITCHENER/WATERLOO","6144239","2025-02-05 09:00","2025","02","05","09:00","","-11.9","","-13.5","","88","","0.0","","","","0","","16.1","","99.17","","","","","","NA"
"-80.38","43.46","KITCHENER/WATERLOO","6144239","2025-02-05 10:00","2025","02","05","10:00","","-8.7","","-11.5","","80","","0.0","","","","0","","16.1","","99.17","","","","","","NA"
"-80.38","43.46","KITCHENER/WATERLOO","6144239","2025-02-05 11:00","2025","02","05","11:00","","-7.8","","-12.0","","72","","0.0","","7","","5","","16.1","","99.13","","","","-10","","NA"
"-80.38","43.46","KITCHENER/WATERLOO","6144239","2025-02-05 12:00","2025","02","05","12:00","","-6.5","","-11.9","","66","","0.0","","7","","8","","16.1","","99.09","","","","-10","","NA"
"-80.38","43.46","KITCHENER/WATERLOO","6144239","2025-02-05 13:00","2025","02","05","13:00","","-5.8","","-12.6","","59","","0.0","","8","","8","","16.1","","98.99","","","","-10","","NA"
"-80.38","43.46","KITCHENER/WATERLOO","6144239","2025-02-05 14:00","2025","02","05","14:00","","-5.0","","-11.9","","59","","0.0","","6","","8","","16.1","","98.91","","","","-9","","NA"
"-80.38","43.46","KITCHENER/WATERLOO","6144239","2025-02-05 15:00","2025","02","05","15:00","","-5.2","","-11.0","","64","","0.0","","13","","8","","16.1","","98.80","","","","-9","","NA"
"-80.38","43.46","KITCHENER/WATERLOO","6144239","2025-02-05 16:00","2025","02","05","16:00","","-5.5","","-11.4","","63","","0.0","","19","","5","","16.1","","98.76","","","","-8","","NA"
"-80.38","43.46","KITCHENER/WATERLOO","6144239","2025-02-05 17:00","2025","02","05","17:00","","-6.1","","-11.5","","66","","0.0","","13","","9","","16.1","","98.68","","","","-10","","NA"
"-80.38","43.46","KITCHENER/WATERLOO","6144239","2025-02-05 18:00","2025","02","05","18:00","","-7.0","","-11.6","","70","","0.0","","13","","9","","16.1","","98.66","","","","-11","","NA"
"-80.38","43.46","KITCHENER/WATERLOO","6144239","2025-02-05 19:00","2025","02","05","19:00","","-8.0","","-10.7","","81","","0.0","","11","","11","","16.1","","98.65","","","","-13","","NA"
"-80.38","43.46","KITCHENER/WATERLOO","6144239","2025-02-05 20:00","2025","02","05","20:00","","-8.7","","-11.1","","83","","0.0","","9","","13","","16.1","","98.58","","","","-15","","NA"
"-80.38","43.46","KITCHENER/WATERLOO","6144239","2025-02-05 21:00","2025","02","05","21:00","","-8.9","","-11.3","","83","","0.0","","10","","13","","16.1","","98.47","","","","-15","","NA"
"-80.38","43.46","KITCHENER/WATERLOO","6144239","2025-02-05 22:00","2025","02","05","22:00","","-8.4","","-10.6","","85","","0.0","","10","","13","","16.1","","98.38","","","","-14","","NA"
"-80.38","43.46","KITCHENER/WATERLOO","6144239","2025-02-05 23:00","2025","02","05","23:00","","-8.1","","-10.2","","85","","0.0","","9","","17","","16.1","","98.20","","","","-15","","NA"
"-80.38","43.46","KITCHENER/WATERLOO","6144239","2025-02-06 00:00","2025","02","06","00:00","","-7.1","","-9.8","","81","","0.0","","9","","24","","16.1","","98.01","","","","-15","","NA"
"-80.38","43.46","KITCHENER/WATERLOO","6144239","2025-02-06 01:00","2025","02","06","01:00","","-6.8","","-9.6","","81","","0.0","","9","","21","","16.1","","97.88","","","","-14","","NA"
"-80.38","43.46","KITCHENER/WATERLOO","6144239","2025-02-06 02:00","2025","02","06","02:00","","-6.4","","-9.0","","82","","0.0","","9","","21","","16.1","","97.64","","","","-13","","NA"
"-80.38","43.46","KITCHENER/WATERLOO","6144239","2025-02-06 03:00","2025","02","06","03:00","","-5.8","","-8.2","","83","","0.0","","9","","26","","16.1","","97.50","","","","-14","","NA"
"-80.38","43.46","KITCHENER/WATERLOO","6144239","2025-02-06 04:00","2025","02","06","04:00","","-5.4","","-7.7","","84","","0.0","","8","","35","","16.1","","97.10","","","","-14","","NA"
"-80.38","43.46","KITCHENER/WATERLOO","6144239","2025-02-06 05:00","2025","02","06","05:00","","-5.4","","-7.0","","89","","0.2","","10","","18","","2.0","","97.20","","","","-12","","Snow"
"-80.38","43.46","KITCHENER/WATERLOO","6144239","2025-02-06 06:00","2025","02","06","06:00","","-5.6","","-7.0","","90","","0.5","","7","","21","","2.0","","97.00","","","","-12","","Snow"
"-80.38","43.46","KITCHENER/WATERLOO","6144239","2025-02-06 07:00","2025","02","06","07:00","","-5.3","","-6.5","","91","","0.5","","8","","15","","2.4","","96.82","","","","-11","","Snow"
"-80.38","43.46","KITCHENER/WATERLOO","6144239","2025-02-06 08:00","2025","02","06","08:00","","-5.1","","-6.1","","93","","0.0","","7","","21","","3.6","","96.72","","","","-12","","Freezing Rain,Fog"
"-80.38","43.46","KITCHENER/WATERLOO","6144239","2025-02-06 09:00","2025","02","06","09:00","","-5.1","","-5.8","","95","","0.2","","5","","5","","2.0","","96.74","","","","-7","","Freezing Rain,Fog"
"-80.38","43.46","KITCHENER/WATERLOO","6144239","2025-02-06 10:00","2025","02","06","10:00","","-4.5","","-5.2","","95","","0.0","","11","","5","","2.4","","96.66","","","","-7","","Freezing Rain,Fog"
"-80.38","43.46","KITCHENER/WATERLOO","6144239","2025-02-06 11:00","2025","02","06","11:00","","-3.6","","-4.3","","95","","0.2","","20","","11","","2.4","","96.68","","","","-8","","Snow"
"-80.38","43.46","KITCHENER/WATERLOO","6144239","2025-02-06 12:00","2025","02","06","12:00","","-2.7","","-3.7","","93","","0.0","","24","","24","","6.4","","96.68","","","","-9","","Fog"
"-80.38","43.46","KITCHENER/WATERLOO","6144239","2025-02-06 13:00","2025","02","06","13:00","","-2.1","","-4.0","","87","","0.0","","25","","32","","16.1","","96.61","","","","-9","","NA"
"-80.38","43.46","KITCHENER/WATERLOO","6144239","2025-02-06 14:00","2025","02","06","14:00","","-2.2","","-4.5","","84","","0.0","","24","","37","","16.1","","96.60","","","","-10","","NA"
"-80.38","43.46","KITCHENER/WATERLOO","6144239","2025-02-06 15:00","2025","02","06","15:00","","-2.1","","-4.6","","83","","0.0","","24","","32","","16.1","","96.64","","","","-9","","NA"
"-80.38","43.46","KITCHENER/WATERLOO","6144239","2025-02-06 16:00","2025","02","06","16:00","","-1.3","","-4.3","","80","","0.0","","24","","32","","16.1","","96.57","","","","-8","","NA"
"-80.38","43.46","KITCHENER/WATERLOO","6144239","2025-02-06 17:00","2025","02","06","17:00","","-1.2","","-3.4","","85","","0.0","","23","","37","","16.1","","96.64","","","","-9","","NA"
"-80.38","43.46","KITCHENER/WATERLOO","6144239","2025-02-06 18:00","2025","02","06","18:00","","-0.7","","-2.8","","86","","0.0","","23","","35","","16.1","","96.62","","","","-8","","NA"
"-80.38","43.46","KITCHENER/WATERLOO","6144239","2025-02-06 19:00","2025","02","06","19:00","","-0.6","","-3.8","","79","","0.0","","24","","35","","12.9","","96.58","","","","-8","","NA"
"-80.38","43.46","KITCHENER/WATERLOO","6144239","2025-02-06 20:00","2025","02","06","20:00","","-1.3","","-4.7","","78","","0.0","","23","","35","","16.1","","96.59","","","","-9","","NA"
"-80.38","43.46","KITCHENER/WATERLOO","6144239","2025-02-06 21:00","2025","02","06","21:00","","-1.7","","-5.0","","78","","0.0","","22","","34","","16.1","","96.59","","","","-9","","NA"
"-80.38","43.46","KITCHENER/WATERLOO","6144239","2025-02-06 22:00","2025","02","06","22:00","","-1.7","","-5.4","","76","","0.0","","23","","35","","16.1","","96.57","","","","-9","","NA"
"-80.38","43.46","KITCHENER/WATERLOO","6144239","2025-02-06 23:00","2025","02","06","23:00","","-1.3","","-5.3","","74","","0.0","","23","","43","","9.7","","96.56","","","","-9","","Snow"
"-80.38","43.46","KITCHENER/WATERLOO","6144239","2025-02-07 00:00","2025","02","07","00:00","","-2.8","","-5.4","","83","","0.0","","28","","39","","2.0","","96.72","","","","-11","","Snow"
"-80.38","43.46","KITCHENER/WATERLOO","6144239","2025-02-07 01:00","2025","02","07","01:00","","-4.4","","-9.0","","70","","0.0","","28","","37","","3.6","","96.90","","","","-13","","Snow"
"-80.38","43.46","KITCHENER/WATERLOO","6144239","2025-02-07 02:00","2025","02","07","02:00","","-5.8","","-13.7","","54","","0.0","","28","","35","","16.1","","97.03","","","","-15","","NA"
"-80.38","43.46","KITCHENER/WATERLOO","6144239","2025-02-07 03:00","2025","02","07","03:00","","-7.0","","-9.3","","84","","0.0","","28","","34","","1.6","","97.22","","","","-16","","Snow"
"-80.38","43.46","KITCHENER/WATERLOO","6144239","2025-02-07 04:00","2025","02","07","04:00","","-7.3","","-11.5","","72","","0.0","","29","","28","","16.1","","97.36","","","","-16","","NA"
"-80.38","43.46","KITCHENER/WATERLOO","6144239","2025-02-07 05:00","2025","02","07","05:00","","-8.3","","-13.0","","69","","0.0","","29","","28","","11.3","","97.52","","","","-17","","Snow"
"-80.38","43.46","KITCHENER/WATERLOO","6144239","2025-02-07 06:00","2025","02","07","06:00","","-8.9","","-14.4","","65","","0.0","","28","","26","","16.1","","97.67","","","","-18","","NA"
"-80.38","43.46","KITCHENER/WATERLOO","6144239","2025-02-07 07:00","2025","02","07","07:00","","-9.2","","-13.0","","74","","0.0","","28","","26","","16.1","","97.85","","","","-18","","Snow"
"-80.38","43.46","KITCHENER/WATERLOO","6144239","2025-02-07 08:00","2025","02","07","08:00","","-9.5","","-12.3","","80","","0.0","","27","","24","","4.0","","97.96","","","","-18","","Snow"
"-80.38","43.46","KITCHENER/WATERLOO","6144239","2025-02-07 09:00","2025","02","07","09:00","","-9.4","","-12.7","","77","","0.0","","25","","22","","6.4","","98.08","","","","-17","","Snow"
"-80.38","43.46","KITCHENER/WATERLOO","6144239","2025-02-07 10:00","2025","02","07","10:00","","-8.5","","-12.7","","72","","0.0","","26","","28","","16.1","","98.19","","","","-17","","Snow"
"-80.38","43.46","KITCHENER/WATERLOO","6144239","2025-02-07 11:00","2025","02","07","11:00","","-7.9","","-12.4","","70","","0.0","","26","","30","","16.1","","98.25","","","","-17","","Snow"
"-80.38","43.46","KITCHENER/WATERLOO","6144239","2025-02-07 12:00","2025","02","07","12:00","","-7.0","","-12.9","","63","","0.0","","27","","37","","16.1","","98.27","","","","-16","","NA"
"-80.38","43.46","KITCHENER/WATERLOO","6144239","2025-02-07 13:00","2025","02","07","13:00","","-7.0","","-12.5","","65","","0.0","","25","","32","","16.1","","98.29","","","","-16","","NA"
"-80.38","43.46","KITCHENER/WATERLOO","6144239","2025-02-07 14:00","2025","02","07","14:00","","-7.0","","-12.6","","65","","0.0","","25","","34","","16.1","","98.32","","","","-16","","NA"
"-80.38","43.46","KITCHENER/WATERLOO","6144239","2025-02-07 15:00","2025","02","07","15:00","","-7.1","","-11.5","","71","","0.0","","28","","28","","12.9","","98.34","","","","-15","","Snow"
"-80.38","43.46","KITCHENER/WATERLOO","6144239","2025-02-07 16:00","2025","02","07","16:00","","-7.2","","-12.5","","66","","0.0","","27","","24","","16.1","","98.39","","","","-15","","Snow"
"-80.38","43.46","KITCHENER/WATERLOO","6144239","2025-02-07 17:00","2025","02","07","17:00","","-7.5","","-13.0","","65","","0.0","","25","","24","","16.1","","98.40","","","","-15","","Snow"
"-80.38","43.46","KITCHENER/WATERLOO","6144239","2025-02-07 18:00","2025","02","07","18:00","","-8.2","","-13.1","","68","","0.0","","25","","22","","16.1","","98.44","","","","-16","","Snow"
"-80.38","43.46","KITCHENER/WATERLOO","6144239","2025-02-07 19:00","2025","02","07","19:00","","-8.3","","-13.0","","69","","0.0","","26","","18","","16.1","","98.45","","","","-15","","Snow"
"-80.38","43.46","KITCHENER/WATERLOO","6144239","2025-02-07 20:00","2025","02","07","20:00","","-8.5","","-12.9","","71","","0.0","","23","","13","","16.1","","98.50","","","","-14","","Snow"
"-80.38","43.46","KITCHENER/WATERLOO","6144239","2025-02-07 21:00","2025","02","07","21:00","","-9.8","","-13.9","","73","","0.0","","22","","8","","16.1","","98.47","","","","-14","","NA"
"-80.38","43.46","KITCHENER/WATERLOO","6144239","2025-02-07 22:00","2025","02","07","22:00","","-10.3","","-14.1","","74","","0.0","","","","0","","16.1","","98.50","","","","","","NA"
"-80.38","43.46","KITCHENER/WATERLOO","6144239","2025-02-07 23:00","2025","02","07","23:00","","-11.2","","-14.7","","75","","0.0","","23","","4","","16.1","","98.51","","","","-14","","NA"
"-80.38","43.46","KITCHENER/WATERLOO","6144239","2025-02-08 00:00","2025","02","08","00:00","","-9.8","","-14.1","","71","","0.0","","24","","5","","16.1","","98.50","","","","-13","","NA"
"-80.38","43.46","KITCHENER/WATERLOO","6144239","2025-02-08 01:00","2025","02","08","01:00","","-9.5","","-13.6","","72","","0.0","","24","","8","","16.1","","98.47","","","","-14","","NA"
"-80.38","43.46","KITCHENER/WATERLOO","6144239","2025-02-08 02:00","2025","02","08","02:00","","-8.9","","-13.1","","72","","0.0","","","","0","","16.1","","98.46","","","","","","NA"
"-80.38","43.46","KITCHENER/WATERLOO","6144239","2025-02-08 03:00","2025","02","08","03:00","","-9.5","","-12.8","","77","","0.0","","11","","4","","16.1","","98.53","","","","-12","","NA"
"-80.38","43.46","KITCHENER/WATERLOO","6144239","2025-02-08 04:00","2025","02","08","04:00","","-9.8","","-12.5","","81","","0.0","","7","","5","","16.1","","98.50","","","","-13","","NA"
"-80.38","43.46","KITCHENER/WATERLOO","6144239","2025-02-08 05:00","2025","02","08","05:00","","-9.8","","-12.3","","82","","0.0","","7","","5","","16.1","","98.49","","","","-13","","NA"
"-80.38","43.46","KITCHENER/WATERLOO","6144239","2025-02-08 06:00","2025","02","08","06:00","","-10.5","","-13.0","","82","","0.0","","11","","5","","16.1","","98.46","","","","-14","","NA"
"-80.38","43.46","KITCHENER/WATERLOO","6144239","2025-02-08 07:00","2025","02","08","07:00","","-12.7","","-13.8","","92","","0.0","","","","0","","16.1","","98.47","","","","","","NA"
"-80.38","43.46","KITCHENER/WATERLOO","6144239","2025-02-08 08:00","2025","02","08","08:00","","-12.3","","-13.7","","89","","0.0","","2","","4","","16.1","","98.46","","","","-15","","NA"
"-80.38","43.46","KITCHENER/WATERLOO","6144239","2025-02-08 09:00","2025","02","08","09:00","","-11.1","","-13.5","","83","","0.0","","8","","4","","16.1","","98.40","","","","-14","","NA"
"-80.38","43.46","KITCHENER/WATERLOO","6144239","2025-02-08 10:00","2025","02","08","10:00","","-8.5","","-12.2","","75","","0.0","","12","","5","","16.1","","98.33","","","","-11","","NA"
"-80.38","43.46","KITCHENER/WATERLOO","6144239","2025-02-08 11:00","2025","02","08","11:00","","-4.8","","-9.8","","68","","0.0","","14","","17","","16.1","","98.30","","","","-11","","NA"
"-80.38","43.46","KITCHENER/WATERLOO","6144239","2025-02-08 12:00","2025","02","08","12:00","","-4.6","","-10.0","","66","","0.0","","14","","22","","16.1","","98.13","","","","-11","","NA"
"-80.38","43.46","KITCHENER/WATERLOO","6144239","2025-02-08 13:00","2025","02","08","13:00","","-4.1","","-9.8","","65","","0.0","","13","","13","","16.1","","98.05","","","","-9","","NA"
"-80.38","43.46","KITCHENER/WATERLOO","6144239","2025-02-08 14:00","2025","02","08","14:00","","-3.8","","-9.7","","64","","0.0","","11","","11","","16.1","","97.96","","","","-8","","NA"
"-80.38","43.46","KITCHENER/WATERLOO","6144239","2025-02-08 15:00","2025","02","08","15:00","","-4.1","","-9.2","","68","","0.0","","9","","17","","16.1","","97.70","","","","-10","","NA"
"-80.38","43.46","KITCHENER/WATERLOO","6144239","2025-02-08 16:00","2025","02","08","16:00","","-4.1","","-8.3","","73","","0.0","","8","","17","","16.1","","97.69","","","","-10","","NA"
"-80.38","43.46","KITCHENER/WATERLOO","6144239","2025-02-08 17:00","2025","02","08","17:00","","-4.4","","-8.5","","73","","0.0","","5","","18","","16.1","","97.54","","","","-10","","Snow"
"-80.38","43.46","KITCHENER/WATERLOO","6144239","2025-02-08 18:00","2025","02","08","18:00","","-5.3","","-6.7","","90","","0.0","","8","","15","","1.6","","97.53","","","","-11","","Snow"
"-80.38","43.46","KITCHENER/WATERLOO","6144239","2025-02-08 19:00","2025","02","08","19:00","","-5.3","","-6.5","","91","","1.2","","6","","18","","2.0","","97.35","","","","-12","","Snow"
"-80.38","43.46","KITCHENER/WATERLOO","6144239","2025-02-08 20:00","2025","02","08","20:00","","-4.9","","-6.3","","90","","0.5","","6","","17","","2.8","","97.25","","","","-11","","Snow"
"-80.38","43.46","KITCHENER/WATERLOO","6144239","2025-02-08 21:00","2025","02","08","21:00","","-4.7","","-6.0","","91","","0.8","","4","","13","","1.6","","97.24","","","","-10","","Snow"
"-80.38","43.46","KITCHENER/WATERLOO","6144239","2025-02-08 22:00","2025","02","08","22:00","","-4.5","","-5.6","","92","","1.0","","5","","13","","1.6","","97.17","","","","-10","","Snow"
"-80.38","43.46","KITCHENER/WATERLOO","6144239","2025-02-08 23:00","2025","02","08","23:00","","-4.6","","-5.9","","91","","0.8","","4","","13","","3.2","","97.15","","","","-10","","Snow"
"-80.38","43.46","KITCHENER/WATERLOO","6144239","2025-02-09 00:00","2025","02","09","00:00","","-4.7","","-6.1","","90","","0.2","","3","","11","","4.0","","97.15","","","","-9","","Snow"
"-80.38","43.46","KITCHENER/WATERLOO","6144239","2025-02-09 01:00","2025","02","09","01:00","","-4.8","","-6.1","","91","","0.2","","34","","9","","4.0","","97.23","","","","-9","","Snow"
"-80.38","43.46","KITCHENER/WATERLOO","6144239","2025-02-09 02:00","2025","02","09","02:00","","-5.0","","-6.3","","91","","0.2","","32","","17","","2.0","","97.32","","","","-11","","Snow"
"-80.38","43.46","KITCHENER/WATERLOO","6144239","2025-02-09 03:00","2025","02","09","03:00","","-5.3","","-6.5","","91","","0.2","","31","","15","","2.8","","97.48","","","","-11","","Snow"
"-80.38","43.46","KITCHENER/WATERLOO","6144239","2025-02-09 04:00","2025","02","09","04:00","","-5.5","","-6.9","","90","","0.0","","30","","9","","6.4","","97.53","","","","-10","","Snow"
"-80.38","43.46","KITCHENER/WATERLOO","6144239","2025-02-09 05:00","2025","02","09","05:00","","-5.6","","-7.0","","90","","0.2","","30","","9","","4.0","","97.65","","","","-10","","Snow"
"-80.38","43.46","KITCHENER/WATERLOO","6144239","2025-02-09 06:00","2025","02","09","06:00","","-5.6","","-6.8","","91","","0.0","","29","","11","","4.8","","97.76","","","","-10","","Snow"
"-80.38","43.46","KITCHENER/WATERLOO","6144239","2025-02-09 07:00","2025","02","09","07:00","","-5.6","","-6.8","","91","","0.0","","27","","8","","6.4","","97.81","","","","-9","","Snow"
"-80.38","43.46","KITCHENER/WATERLOO","6144239","2025-02-09 08:00","2025","02","09","08:00","","-5.2","","-6.6","","90","","0.0","","25","","11","","16.1","","97.92","","","","-10","","Snow"
"-80.38","43.46","KITCHENER/WATERLOO","6144239","2025-02-09 09:00","2025","02","09","09:00","","-3.9","","-6.1","","85","","0.0","","25","","15","","16.1","","97.96","","","","-9","","Snow"
"-80.38","43.46","KITCHENER/WATERLOO","6144239","2025-02-09 10:00","2025","02","09","10:00","","-3.1","","-6.1","","80","","0.0","","26","","22","","16.1","","97.99","","","","-9","","NA"
"-80.38","43.46","KITCHENER/WATERLOO","6144239","2025-02-09 11:00","2025","02","09","11:00","","-3.1","","-6.6","","77","","0.0","","28","","32","","16.1","","98.11","","","","-11","","NA"
"-80.38","43.46","KITCHENER/WATERLOO","6144239","2025-02-09 12:00","2025","02","09","12:00","","-2.7","","-6.9","","73","","0.0","","27","","30","","16.1","","98.15","","","","-10","","NA"
"-80.38","43.46","KITCHENER/WATERLOO","6144239","2025-02-09 13:00","2025","02","09","13:00","","-2.6","","-6.9","","72","","0.0","","27","","32","","16.1","","98.16","","","","-10","","NA"
"-80.38","43.46","KITCHENER/WATERLOO","6144239","2025-02-09 14:00","2025","02","09","14:00","","-3.5","","-6.8","","78","","0.0","","27","","32","","16.1","","98.21","","","","-11","","Snow"
"-80.38","43.46","KITCHENER/WATERLOO","6144239","2025-02-09 15:00","2025","02","09","15:00","","-4.3","","-8.3","","74","","0.0","","28","","39","","16.1","","98.25","","","","-13","","Snow"
"-80.38","43.46","KITCHENER/WATERLOO","6144239","2025-02-09 16:00","2025","02","09","16:00","","-4.4","","-9.3","","69","","0.0","","27","","28","","16.1","","98.34","","","","-12","","Snow"
"-80.38","43.46","KITCHENER/WATERLOO","6144239","2025-02-09 17:00","2025","02","09","17:00","","-5.0","","-8.9","","74","","0.0","","26","","24","","16.1","","98.43","","","","-12","","Snow"
"-80.38","43.46","KITCHENER/WATERLOO","6144239","2025-02-09 18:00","2025","02","09","18:00","","-5.8","","-9.2","","77","","0.0","","29","","22","","16.1","","98.49","","","","-13","","Snow"
"-80.38","43.46","KITCHENER/WATERLOO","6144239","2025-02-09 19:00","2025","02","09","19:00","","-6.7","","-11.1","","71","","0.0","","29","","30","","16.1","","98.55","","","","-15","","Snow"
"-80.38","43.46","KITCHENER/WATERLOO","6144239","2025-02-09 20:00","2025","02","09","20:00","","-6.9","","-12.3","","66","","0.0","","28","","22","","16.1","","98.63","","","","-14","","Snow"
"-80.38","43.46","KITCHENER/WATERLOO","6144239","2025-02-09 21:00","2025","02","09","21:00","","-7.3","","-11.7","","71","","0.0","","26","","18","","16.1","","98.67","","","","-14","","Snow"
"-80.38","43.46","KITCHENER/WATERLOO","6144239","2025-02-09 22:00","2025","02","09","22:00","","-7.6","","-11.1","","76","","0.0","","27","","13","","16.1","","98.67","","","","-13","","Snow"
"-80.38","43.46","KITCHENER/WATERLOO","6144239","2025-02-09 23:00","2025","02","09","23:00","","-7.6","","-11.1","","76","","0.0","","27","","17","","16.1","","98.71","","","","-14","","Snow"
"-80.38","43.46","KITCHENER/WATERLOO","6144239","2025-02-10 00:00","2025","02","10","00:00","","-7.5","","-11.0","","76","","0.0","","27","","13","","16.1","","98.72","","","","-13","","Snow"
"-80.38","43.46","KITCHENER/WATERLOO","6144239","2025-02-10 01:00","2025","02","10","01:00","","-7.4","","-10.8","","77","","0.0","","27","","13","","16.1","","98.74","","","","-13","","Snow"
"-80.38","43.46","KITCHENER/WATERLOO","6144239","2025-02-10 02:00","2025","02","10","02:00","","-7.3","","-10.7","","77","","0.0","","26","","15","","16.1","","98.77","","","","-13","","Snow"
"-80.38","43.46","KITCHENER/WATERLOO","6144239","2025-02-10 03:00","2025","02","10","03:00","","-7.3","","-10.8","","76","","0.0","","27","","13","","16.1","","98.80","","","","-13","","Snow"
"-80.38","43.46","KITCHENER/WATERLOO","6144239","2025-02-10 04:00","2025","02","10","04:00","","-7.3","","-10.3","","79","","0.0","","25","","11","","16.1","","98.82","","","","-12","","Snow"
"-80.38","43.46","KITCHENER/WATERLOO","6144239","2025-02-10 05:00","2025","02","10","05:00","","-7.7","","-10.4","","81","","0.0","","25","","8","","14.5","","98.85","","","","-12","","Snow"
"-80.38","43.46","KITCHENER/WATERLOO","6144239","2025-02-10 06:00","2025","02","10","06:00","","-7.8","","-10.7","","80","","0.0","","23","","9","","16.1","","98.87","","","","-12","","Snow"
"-80.38","43.46","KITCHENER/WATERLOO","6144239","2025-02-10 07:00","2025","02","10","07:00","","-7.8","","-11.3","","76","","0.0","","23","","8","","16.1","","98.92","","","","-12","","Snow"
"-80.38","43.46","KITCHENER/WATERLOO","6144239","2025-02-10 08:00","2025","02","10","08:00","","-7.7","","-12.1","","71","","0.0","","23","","13","","16.1","","98.97","","","","-13","","Snow"
"-80.38","43.46","KITCHENER/WATERLOO","6144239","2025-02-10 09:00","2025","02","10","09:00","","-7.7","","-12.1","","71","","0.0","","23","","15","","16.1","","99.00","","","","-14","","NA"
"-80.38","43.46","KITCHENER/WATERLOO","6144239","2025-02-10 10:00","2025","02","10","10:00","","-7.2","","-12.2","","68","","0.0","","24","","18","","16.1","","99.01","","","","-14","","NA"
"-80.38","43.46","KITCHENER/WATERLOO","6144239","2025-02-10 11:00","2025","02","10","11:00","","-6.7","","-12.5","","64","","0.0","","23","","24","","16.1","","99.04","","","","-14","","Snow"
"-80.38","43.46","KITCHENER/WATERLOO","6144239","2025-02-10 12:00","2025","02","10","12:00","","-6.6","","-12.5","","63","","0.0","","25","","24","","11.3","","99.04","","","","-14","","Snow"
"-80.38","43.46","KITCHENER/WATERLOO","6144239","2025-02-10 13:00","2025","02","10","13:00","","-6.4","","-12.5","","62","","0.0","","26","","26","","16.1","","98.98","","","","-14","","Snow"
"-80.38","43.46","KITCHENER/WATERLOO","6144239","2025-02-10 14:00","2025","02","10","14:00","","-6.4","","-11.5","","67","","0.0","","26","","21","","16.1","","98.96","","","","-13","","Snow"
"-80.38","43.46","KITCHENER/WATERLOO","6144239","2025-02-10 15:00","2025","02","10","15:00","","-6.3","","-11.3","","68","","0.0","","25","","28","","16.1","","98.90","","","","-14","","Snow"
"-80.38","43.46","KITCHENER/WATERLOO","6144239","2025-02-10 16:00","2025","02","10","16:00","","-6.7","","-10.1","","77","","0.0","","26","","26","","6.4","","98.94","","","","-15","","Snow"
"-80.38","43.46","KITCHENER/WATERLOO","6144239","2025-02-10 17:00","2025","02","10","17:00","","-7.0","","-11.5","","71","","0.0","","25","","21","","16.1","","98.95","","","","-14","","Snow"
"-80.38","43.46","KITCHENER/WATERLOO","6144239","2025-02-10 18:00","2025","02","10","18:00","","-7.0","","-11.2","","72","","0.0","","23","","18","","16.1","","98.97","","","","-14","","Snow"
"-80.38","43.46","KITCHENER/WATERLOO","6144239","2025-02-10 19:00","2025","02","10","19:00","","-7.7","","-12.3","","70","","0.0","","24","","15","","16.1","","98.94","","","","-14","","NA"
"-80.38","43.46","KITCHENER/WATERLOO","6144239","2025-02-10 20:00","2025","02","10","20:00","","-9.4","","-13.1","","75","","0.0","","23","","11","","16.1","","98.93","","","","-15","","NA"
"-80.38","43.46","KITCHENER/WATERLOO","6144239","2025-02-10 21:00","2025","02","10","21:00","","-10.5","","-14.1","","75","","0.0","","24","","9","","16.1","","98.93","","","","-15","","NA"
"-80.38","43.46","KITCHENER/WATERLOO","6144239","2025-02-10 22:00","2025","02","10","22:00","","-10.2","","-13.7","","76","","0.0","","25","","9","","16.1","","98.90","","","","-15","","NA"
"-80.38","43.46","KITCHENER/WATERLOO","6144239","2025-02-10 23:00","2025","02","10","23:00","","-10.1","","-13.7","","75","","0.0","","24","","11","","16.1","","98.87","","","","-16","","NA"
"-80.38","43.46","KITCHENER/WATERLOO","6144239","2025-02-11 00:00","2025","02","11","00:00","","-12.3","","-15.3","","79","","0.0","","23","","5","","16.1","","98.86","","","","-16","","NA"
"-80.38","43.46","KITCHENER/WATERLOO","6144239","2025-02-11 01:00","2025","02","11","01:00","","-12.8","","-14.8","","85","","0.0","","23","","9","","16.1","","98.80","","","","-18","","NA"
"-80.38","43.46","KITCHENER/WATERLOO","6144239","2025-02-11 02:00","2025","02","11","02:00","","-11.1","","-13.5","","83","","0.0","","18","","8","","16.1","","98.80","","","","-16","","NA"
"-80.38","43.46","KITCHENER/WATERLOO","6144239","2025-02-11 03:00","2025","02","11","03:00","","-13.4","","-15.4","","85","","0.0","","24","","11","","16.1","","98.79","","","","-20","","NA"
"-80.38","43.46","KITCHENER/WATERLOO","6144239","2025-02-11 04:00","2025","02","11","04:00","","-11.9","","-14.2","","83","","0.0","","25","","15","","16.1","","98.76","","","","-19","","NA"
"-80.38","43.46","KITCHENER/WATERLOO","6144239","2025-02-11 05:00","2025","02","11","05:00","","-13.9","","-15.4","","89","","0.0","","23","","8","","16.1","","98.72","","","","-19","","NA"
"-80.38","43.46","KITCHENER/WATERLOO","6144239","2025-02-11 06:00","2025","02","11","06:00","","-13.9","","-15.7","","86","","0.0","","22","","5","","16.1","","98.72","","","","-17","","NA"
"-80.38","43.46","KITCHENER/WATERLOO","6144239","2025-02-11 07:00","2025","02","11","07:00","","-14.6","","-16.6","","85","","0.0","","25","","4","","16.1","","98.68","","","","-17","","NA"
"-80.38","43.46","KITCHENER/WATERLOO","6144239","2025-02-11 08:00","2025","02","11","08:00","","-14.8","","-15.9","","92","","0.0","","23","","4","","9.7","","98.65","","","","-18","","Fog"
"-80.38","43.46","KITCHENER/WATERLOO","6144239","2025-02-11 09:00","2025","02","11","09:00","","-10.9","","-13.0","","85","","0.0","","20","","5","","16.1","","98.67","","","","-14","","NA"
"-80.38","43.46","KITCHENER/WATERLOO","6144239","2025-02-11 10:00","2025","02","11","10:00","","-5.8","","-9.9","","73","","0.0","","28","","17","","16.1","","98.66","","","","-12","","NA"
"-80.38","43.46","KITCHENER/WATERLOO","6144239","2025-02-11 11:00","2025","02","11","11:00","","-4.8","","-9.3","","71","","0.0","","30","","15","","12.9","","98.67","","","","-10","","NA"
"-80.38","43.46","KITCHENER/WATERLOO","6144239","2025-02-11 12:00","2025","02","11","12:00","","-4.7","","-9.5","","69","","0.0","","30","","9","","16.1","","98.59","","","","-9","","NA"
"-80.38","43.46","KITCHENER/WATERLOO","6144239","2025-02-11 13:00","2025","02","11","13:00","","-4.5","","-9.5","","69","","0.0","","29","","8","","16.1","","98.47","","","","-8","","NA"
"-80.38","43.46","KITCHENER/WATERLOO","6144239","2025-02-11 14:00","2025","02","11","14:00","","-4.3","","-9.3","","68","","0.0","","33","","17","","16.1","","98.42","","","","-10","","NA"
"-80.38","43.46","KITCHENER/WATERLOO","6144239","2025-02-11 15:00","2025","02","11","15:00","","-4.4","","-9.0","","70","","0.0","","29","","13","","16.1","","98.38","","","","-9","","NA"
"-80.38","43.46","KITCHENER/WATERLOO","6144239","2025-02-11 16:00","2025","02","11","16:00","","-4.4","","-9.5","","68","","0.0","","30","","11","","16.1","","98.39","","","","-9","","NA"
"-80.38","43.46","KITCHENER/WATERLOO","6144239","2025-02-11 17:00","2025","02","11","17:00","","-4.7","","-9.9","","67","","0.0","","30","","11","","16.1","","98.43","","","","-9","","NA"
"-80.38","43.46","KITCHENER/WATERLOO","6144239","2025-02-11 18:00","2025","02","11","18:00","","-5.2","","-10.1","","69","","0.0","","28","","11","","16.1","","98.46","","","","-10","","Snow"
"-80.38","43.46","KITCHENER/WATERLOO","6144239","2025-02-11 19:00","2025","02","11","19:00","","-6.0","","-11.0","","68","","0.0","","32","","8","","16.1","","98.44","","","","-10","","NA"
"-80.38","43.46","KITCHENER/WATERLOO","6144239","2025-02-11 20:00","2025","02","11","20:00","","-7.9","","-10.8","","80","","0.0","","34","","4","","16.1","","98.47","","","","-10","","NA"
"-80.38","43.46","KITCHENER/WATERLOO","6144239","2025-02-11 21:00","2025","02","11","21:00","","-9.0","","-12.0","","79","","0.0","","5","","9","","16.1","","98.54","","","","-14","","NA"
"-80.38","43.46","KITCHENER/WATERLOO","6144239","2025-02-11 22:00","2025","02","11","22:00","","-9.5","","-12.5","","79","","0.0","","3","","5","","16.1","","98.53","","","","-12","","Snow"
"-80.38","43.46","KITCHENER/WATERLOO","6144239","2025-02-11 23:00","2025","02","11","23:00","","-10.1","","-13.2","","78","","0.0","","3","","8","","16.1","","98.49","","","","-15","","NA"
"-80.38","43.46","KITCHENER/WATERLOO","6144239","2025-02-12 00:00","2025","02","12","00:00","","-10.1","","-14.8","","69","","0.0","","6","","13","","16.1","","98.43","","","","-16","","NA"
"-80.38","43.46","KITCHENER/WATERLOO","6144239","2025-02-12 01:00","2025","02","12","01:00","","-9.8","","-15.0","","66","","0.0","","5","","11","","16.1","","98.47","","","","-15","","NA"
"-80.38","43.46","KITCHENER/WATERLOO","6144239","2025-02-12 02:00","2025","02","12","02:00","","-9.7","","-15.5","","63","","0.0","","6","","13","","16.1","","98.49","","","","-16","","NA"
"-80.38","43.46","KITCHENER/WATERLOO","6144239","2025-02-12 03:00","2025","02","12","03:00","","-10.0","","-16.0","","62","","0.0","","5","","15","","16.1","","98.49","","","","-17","","NA"
"-80.38","43.46","KITCHENER/WATERLOO","6144239","2025-02-12 04:00","2025","02","12","04:00","","-10.3","","-16.1","","63","","0.0","","6","","13","","16.1","","98.54","","","","-17","","NA"
"-80.38","43.46","KITCHENER/WATERLOO","6144239","2025-02-12 05:00","2025","02","12","05:00","","-9.8","","-15.4","","64","","0.0","","5","","15","","16.1","","98.52","","","","-16","","NA"
"-80.38","43.46","KITCHENER/WATERLOO","6144239","2025-02-12 06:00","2025","02","12","06:00","","-9.6","","-15.4","","63","","0.0","","5","","17","","16.1","","98.47","","","","-17","","NA"
"-80.38","43.46","KITCHENER/WATERLOO","6144239","2025-02-12 07:00","2025","02","12","07:00","","-9.7","","-15.9","","61","","0.0","","5","","18","","16.1","","98.46","","","","-17","","NA"
"-80.38","43.46","KITCHENER/WATERLOO","6144239","2025-02-12 08:00","2025","02","12","08:00","","-10.1","","-15.8","","63","","0.0","","6","","22","","16.1","","98.56","","","","-18","","NA"
"-80.38","43.46","KITCHENER/WATERLOO","6144239","2025-02-12 09:00","2025","02","12","09:00","","-10.0","","-14.9","","68","","0.0","","6","","24","","16.1","","98.47","","","","-19","","NA"
"-80.38","43.46","KITCHENER/WATERLOO","6144239","2025-02-12 10:00","2025","02","12","10:00","","-9.0","","-12.9","","74","","0.0","","7","","22","","16.1","","98.42","","","","-17","","NA"
"-80.38","43.46","KITCHENER/WATERLOO","6144239","2025-02-12 11:00","2025","02","12","11:00","","-7.8","","-11.2","","77","","0.0","","8","","30","","16.1","","98.32","","","","-17","","NA"
"-80.38","43.46","KITCHENER/WATERLOO","6144239","2025-02-12 12:00","2025","02","12","12:00","","-6.8","","-9.5","","81","","0.0","","7","","28","","16.1","","98.31","","","","-15","","NA"
"-80.38","43.46","KITCHENER/WATERLOO","6144239","2025-02-12 13:00","2025","02","12","13:00","","-6.6","","-8.9","","84","","0.0","","8","","39","","14.5","","98.18","","","","-16","","NA"
"-80.38","43.46","KITCHENER/WATERLOO","6144239","2025-02-12 14:00","2025","02","12","14:00","","-7.0","","-9.3","","84","","0.0","","7","","35","","16.1","","98.14","","","","-16","","NA"
"-80.38","43.46","KITCHENER/WATERLOO","6144239","2025-02-12 15:00","2025","02","12","15:00","","-7.2","","-9.2","","86","","0.0","","8","","35","","11.3","","97.96","","","","-16","","Snow"
"-80.38","43.46","KITCHENER/WATERLOO","6144239","2025-02-12 16:00","2025","02","12","16:00","","-7.1","","-9.4","","84","","0.0","","7","","37","","4.0","","97.89","","","","-17","","Snow"
"-80.38","43.46","KITCHENER/WATERLOO","6144239","2025-02-12 17:00","2025","02","12","17:00","","-7.6","","-9.7","","85","","0.0","","7","","35","","2.4","","97.76","","","","-17","","Snow"
"-80.38","43.46","KITCHENER/WATERLOO","6144239","2025-02-12 18:00","2025","02","12","18:00","","-8.2","","-10.4","","84","","0.0","","6","","28","","4.0","","97.72","","","","-17","","Snow"
"-80.38","43.46","KITCHENER/WATERLOO","6144239","2025-02-12 19:00","2025","02","12","19:00","","-8.0","","-9.8","","87","","0.0","","6","","34","","2.0","","97.55","","","","-17","","Snow"
"-80.38","43.46","KITCHENER/WATERLOO","6144239","2025-02-12 20:00","2025","02","12","20:00","","-7.2","","-8.7","","89","","0.0","","6","","26","","1.6","","97.37","","","","-15","","Snow"
"-80.38","43.46","KITCHENER/WATERLOO","6144239","2025-02-12 21:00","2025","02","12","21:00","","-5.9","","-7.1","","91","","0.2","","7","","32","","1.2","","97.21","","","","-14","","Snow"
"-80.38","43.46","KITCHENER/WATERLOO","6144239","2025-02-12 22:00","2025","02","12","22:00","","-4.4","","-5.5","","92","","0.5","","8","","21","","1.6","","97.11","","","","-11","","Snow"
"-80.38","43.46","KITCHENER/WATERLOO","6144239","2025-02-12 23:00","2025","02","12","23:00","","-7.3","","-8.8","","89","","32.0","","4","","18","","1.2","","96.98","","","","-14","","Snow"
"-80.38","43.46","KITCHENER/WATERLOO","6144239","2025-02-13 00:00","2025","02","13","00:00","","-7.9","","-9.3","","90","","1.2","","6","","17","","1.0","","96.90","","","","-15","","Snow"
"-80.38","43.46","KITCHENER/WATERLOO","6144239","2025-02-13 01:00","2025","02","13","01:00","","-7.6","","-9.0","","90","","1.8","","6","","17","","1.6","","96.74","","","","-14","","Snow"
"-80.38","43.46","KITCHENER/WATERLOO","6144239","2025-02-13 02:00","2025","02","13","02:00","","-7.8","","-9.2","","90","","2.2","","3","","5","","1.2","","96.73","","","","-10","","Snow"
"-80.38","43.46","KITCHENER/WATERLOO","6144239","2025-02-13 03:00","2025","02","13","03:00","","-8.0","","-9.5","","89","","3.0","","5","","9","","1.2","","96.62","","","","-13","","Snow"
"-80.38","43.46","KITCHENER/WATERLOO","6144239","2025-02-13 04:00","2025","02","13","04:00","","-7.7","","-8.9","","91","","2.8","","6","","8","","1.2","","96.48","","","","-12","","Snow"
"-80.38","43.46","KITCHENER/WATERLOO","6144239","2025-02-13 05:00","2025","02","13","05:00","","-6.4","","-7.8","","90","","2.5","","","M","8","","2.4","","96.44","","","","-10","","Snow"
"-80.38","43.46","KITCHENER/WATERLOO","6144239","2025-02-13 06:00","2025","02","13","06:00","","-6.4","","-7.6","","91","","0.5","","32","","8","","4.8","","96.43","","","","-10","","Snow"
"-80.38","43.46","KITCHENER/WATERLOO","6144239","2025-02-13 07:00","2025","02","13","07:00","","-6.2","","-7.3","","92","","0.0","","29","","11","","2.4","","96.48","","","","-11","","Snow"
"-80.38","43.46","KITCHENER/WATERLOO","6144239","2025-02-13 08:00","2025","02","13","08:00","","-5.8","","-7.0","","91","","0.0","","28","","17","","4.0","","96.57","","","","-12","","Snow"
"-80.38","43.46","KITCHENER/WATERLOO","6144239","2025-02-13 09:00","2025","02","13","09:00","","-6.2","","-8.3","","85","","0.0","","29","","30","","16.1","","96.69","","","","-15","","Snow"
"-80.38","43.46","KITCHENER/WATERLOO","6144239","2025-02-13 10:00","2025","02","13","10:00","","-7.0","","-9.6","","82","","0.0","","30","","26","","16.1","","96.81","","","","-15","","NA"
"-80.38","43.46","KITCHENER/WATERLOO","6144239","2025-02-13 11:00","2025","02","13","11:00","","-6.5","","-9.4","","80","","0.0","","29","","34","","16.1","","97.06","","","","-15","","Snow"
"-80.38","43.46","KITCHENER/WATERLOO","6144239","2025-02-13 12:00","2025","02","13","12:00","","-5.3","","-8.6","","78","","0.0","","28","","30","","16.1","","97.19","","","","-13","","Snow"
"-80.38","43.46","KITCHENER/WATERLOO","6144239","2025-02-13 13:00","2025","02","13","13:00","","-4.8","","-8.6","","75","","0.0","","28","","28","","12.9","","97.30","","","","-12","","Snow"
"-80.38","43.46","KITCHENER/WATERLOO","6144239","2025-02-13 14:00","2025","02","13","14:00","","-4.5","","-8.4","","75","","0.0","","28","","35","","11.3","","97.42","","","","-13","","Snow"
"-80.38","43.46","KITCHENER/WATERLOO","6144239","2025-02-13 15:00","2025","02","13","15:00","","-4.6","","-8.2","","76","","0.0","","26","","39","","9.7","","97.58","","","","-13","","Snow"
"-80.38","43.46","KITCHENER/WATERLOO","6144239","2025-02-13 16:00","2025","02","13","16:00","","-5.4","","-8.8","","77","","0.0","","27","","34","","9.7","","97.76","","","","-14","","Snow"
"-80.38","43.46","KITCHENER/WATERLOO","6144239","2025-02-13 17:00","2025","02","13","17:00","","-5.6","","-9.8","","73","","0.0","","27","","34","","16.1","","97.92","","","","-14","","NA"
"-80.38","43.46","KITCHENER/WATERLOO","6144239","2025-02-13 18:00","2025","02","13","18:00","","-6.0","","-9.9","","74","","0.0","","27","","26","","16.1","","98.10","","","","-14","","Snow"
"-80.38","43.46","KITCHENER/WATERLOO","6144239","2025-02-13 19:00","2025","02","13","19:00","","-6.0","","-10.3","","72","","0.0","","26","","21","","16.1","","98.23","","","","-13","","NA"
"-80.38","43.46","KITCHENER/WATERLOO","6144239","2025-02-13 20:00","2025","02","13","20:00","","-6.4","","-11.0","","70","","0.0","","24","","17","","14.5","","98.29","","","","-13","","NA"
"-80.38","43.46","KITCHENER/WATERLOO","6144239","2025-02-13 21:00","2025","02","13","21:00","","-6.2","","-10.8","","70","","0.0","","25","","17","","16.1","","98.36","","","","-12","","NA"
"-80.38","43.46","KITCHENER/WATERLOO","6144239","2025-02-13 22:00","2025","02","13","22:00","","-6.5","","-8.3","","87","","0.0","","24","","24","","4.0","","98.45","","","","-14","","Snow"
"-80.38","43.46","KITCHENER/WATERLOO","6144239","2025-02-13 23:00","2025","02","13","23:00","","-6.2","","-9.1","","80","","0.0","","27","","37","","11.3","","98.54","","","","-15","","Snow"
"-80.38","43.46","KITCHENER/WATERLOO","6144239","2025-02-14 00:00","2025","02","14","00:00","","-6.6","","-10.2","","76","","0.0","","27","","28","","12.9","","98.66","","","","-15","","Snow"
"-80.38","43.46","KITCHENER/WATERLOO","6144239","2025-02-14 01:00","2025","02","14","01:00","","-7.1","","-11.4","","72","","0.0","","27","","34","","16.1","","98.79","","","","-16","","NA"
"-80.38","43.46","KITCHENER/WATERLOO","6144239","2025-02-14 02:00","2025","02","14","02:00"
"-80.38","43.46","KITCHENER/WATERLOO","6144239","2025-02-14 03:00","2025","02","14","03:00"
"-80.38","43.46","KITCHENER/WATERLOO","6144239","2025-02-14 04:00","2025","02","14","04:00"
"-80.38","43.46","KITCHENER/WATERLOO","6144239","2025-02-14 05:00","2025","02","14","05:00"
"-80.38","43.46","KITCHENER/WATERLOO","6144239","2025-02-14 06:00","2025","02","14","06:00"
"-80.38","43.46","KITCHENER/WATERLOO","6144239","2025-02-14 07:00","2025","02","14","07:00"
"-80.38","43.46","KITCHENER/WATERLOO","6144239","2025-02-14 08:00","2025","02","14","08:00"
"-80.38","43.46","KITCHENER/WATERLOO","6144239","2025-02-14 09:00","2025","02","14","09:00"
"-80.38","43.46","KITCHENER/WATERLOO","6144239","2025-02-14 10:00","2025","02","14","10:00","","-9.5","","-13.2","","75","","0.0","","24","","17","","8.1","","99.64","","","","-17","","Snow"
"-80.38","43.46","KITCHENER/WATERLOO","6144239","2025-02-14 11:00","2025","02","14","11:00","","-8.3","","-14.0","","64","","0.0","","26","","22","","16.1","","99.65","","","","-16","","NA"
"-80.38","43.46","KITCHENER/WATERLOO","6144239","2025-02-14 12:00","2025","02","14","12:00","","-7.8","","-14.2","","60","","0.0","","27","","26","","16.1","","99.67","","","","-16","","NA"
"-80.38","43.46","KITCHENER/WATERLOO","6144239","2025-02-14 13:00","2025","02","14","13:00","","-7.3","","-13.6","","61","","0.0","","27","","17","","16.1","","99.64","","","","-14","","NA"
"-80.38","43.46","KITCHENER/WATERLOO","6144239","2025-02-14 14:00","2025","02","14","14:00","","-7.5","","-14.0","","60","","0.0","","25","","26","","16.1","","99.66","","","","-16","","NA"
"-80.38","43.46","KITCHENER/WATERLOO","6144239","2025-02-14 15:00","2025","02","14","15:00","","-7.5","","-13.6","","62","","0.0","","26","","17","","16.1","","99.66","","","","-14","","NA"
"-80.38","43.46","KITCHENER/WATERLOO","6144239","2025-02-14 16:00","2025","02","14","16:00","","-8.0","","-14.4","","60","","0.0","","26","","13","","16.1","","99.62","","","","-14","","NA"
"-80.38","43.46","KITCHENER/WATERLOO","6144239","2025-02-14 17:00","2025","02","14","17:00","","-8.3","","-14.0","","64","","0.0","","20","","11","","11.3","","99.54","","","","-14","","Snow"
"-80.38","43.46","KITCHENER/WATERLOO","6144239","2025-02-14 18:00","2025","02","14","18:00","","-8.6","","-14.8","","61","","0.0","","18","","8","","16.1","","99.49","","","","-13","","NA"
"-80.38","43.46","KITCHENER/WATERLOO","6144239","2025-02-14 19:00","2025","02","14","19:00","","-8.7","","-14.3","","64","","0.0","","20","","9","","16.1","","99.47","","","","-13","","NA"
"-80.38","43.46","KITCHENER/WATERLOO","6144239","2025-02-14 20:00","2025","02","14","20:00","","-8.7","","-14.9","","61","","0.0","","18","","11","","16.1","","99.42","","","","-14","","NA"
"-80.38","43.46","KITCHENER/WATERLOO","6144239","2025-02-14 21:00","2025","02","14","21:00","","-8.7","","-14.7","","62","","0.0","","17","","13","","16.1","","99.33","","","","-15","","NA"
"-80.38","43.46","KITCHENER/WATERLOO","6144239","2025-02-14 22:00","2025","02","14","22:00","","-8.9","","-14.5","","64","","0.0","","17","","8","","16.1","","99.27","","","","-13","","NA"
"-80.38","43.46","KITCHENER/WATERLOO","6144239","2025-02-14 23:00","2025","02","14","23:00","","-9.1","","-14.0","","68","","0.0","","11","","8","","16.1","","99.17","","","","-13","","NA"
"-80.38","43.46","KITCHENER/WATERLOO","6144239","2025-02-15 00:00","2025","02","15","00:00","","-8.9","","-13.5","","70","","0.0","","","","0","","16.1","","99.19","","","","","","NA"
"-80.38","43.46","KITCHENER/WATERLOO","6144239","2025-02-15 01:00","2025","02","15","01:00","","-9.4","","-13.3","","74","","0.0","","8","","8","","16.1","","99.09","","","","-14","","NA"
"-80.38","43.46","KITCHENER/WATERLOO","6144239","2025-02-15 02:00","2025","02","15","02:00","","-9.4","","-13.2","","74","","0.0","","8","","13","","16.1","","98.94","","","","-15","","NA"
"-80.38","43.46","KITCHENER/WATERLOO","6144239","2025-02-15 03:00","2025","02","15","03:00","","-9.3","","-12.5","","78","","0.0","","8","","11","","16.1","","98.85","","","","-15","","NA"
"-80.38","43.46","KITCHENER/WATERLOO","6144239","2025-02-15 04:00","2025","02","15","04:00","","-8.3","","-11.5","","78","","0.0","","8","","21","","16.1","","98.70","","","","-16","","NA"
"-80.38","43.46","KITCHENER/WATERLOO","6144239","2025-02-15 05:00","2025","02","15","05:00","","-7.6","","-10.6","","79","","0.0","","8","","18","","16.1","","98.65","","","","-14","","NA"
"-80.38","43.46","KITCHENER/WATERLOO","6144239","2025-02-15 06:00","2025","02","15","06:00","","-7.0","","-10.1","","79","","0.0","","8","","17","","16.1","","98.57","","","","-13","","Snow"
"-80.38","43.46","KITCHENER/WATERLOO","6144239","2025-02-15 07:00","2025","02","15","07:00","","-6.8","","-9.4","","82","","0.0","","9","","18","","16.1","","98.44","","","","-13","","Snow"
"-80.38","43.46","KITCHENER/WATERLOO","6144239","2025-02-15 08:00","2025","02","15","08:00","","-6.3","","-9.1","","81","","0.0","","10","","17","","16.1","","98.38","","","","-13","","Snow"
"-80.38","43.46","KITCHENER/WATERLOO","6144239","2025-02-15 09:00","2025","02","15","09:00","","-6.0","","-8.8","","81","","0.0","","8","","22","","16.1","","98.21","","","","-13","","Snow"
"-80.38","43.46","KITCHENER/WATERLOO","6144239","2025-02-15 10:00","2025","02","15","10:00","","-5.2","","-8.3","","79","","0.0","","9","","21","","16.1","","98.08","","","","-12","","Snow"
"-80.38","43.46","KITCHENER/WATERLOO","6144239","2025-02-15 11:00","2025","02","15","11:00","","-5.2","","-7.0","","87","","0.0","","9","","21","","2.8","","98.01","","","","-12","","Snow"
"-80.38","43.46","KITCHENER/WATERLOO","6144239","2025-02-15 12:00","2025","02","15","12:00","","-5.1","","-7.2","","85","","0.2","","9","","22","","3.2","","97.89","","","","-12","","Snow"
"-80.38","43.46","KITCHENER/WATERLOO","6144239","2025-02-15 13:00","2025","02","15","13:00","","-4.8","","-6.6","","87","","0.2","","9","","22","","2.0","","97.70","","","","-12","","Snow"
"-80.38","43.46","KITCHENER/WATERLOO","6144239","2025-02-15 14:00","2025","02","15","14:00","","-4.5","","-5.8","","91","","0.2","","8","","13","","1.6","","97.64","","","","-10","","Snow"
"-80.38","43.46","KITCHENER/WATERLOO","6144239","2025-02-15 15:00","2025","02","15","15:00","","-4.2","","-5.6","","90","","0.5","","7","","24","","2.8","","97.51","","","","-11","","Snow"
"-80.38","43.46","KITCHENER/WATERLOO","6144239","2025-02-15 16:00","2025","02","15","16:00","","-4.0","","-5.1","","92","","0.5","","8","","24","","1.6","","97.38","","","","-11","","Snow"
"-80.38","43.46","KITCHENER/WATERLOO","6144239","2025-02-15 17:00","2025","02","15","17:00","","-3.7","","-5.0","","91","","0.2","","8","","24","","2.0","","97.31","","","","-11","","Snow"
"-80.38","43.46","KITCHENER/WATERLOO","6144239","2025-02-15 18:00","2025","02","15","18:00","","-3.2","","-4.5","","91","","0.2","","8","","18","","4.0","","97.32","","","","-9","","Snow"
"-80.38","43.46","KITCHENER/WATERLOO","6144239","2025-02-15 19:00","2025","02","15","19:00","","-2.9","","-3.9","","93","","0.0","","7","","18","","8.1","","97.23","","","","-9","","Snow"
"-80.38","43.46","KITCHENER/WATERLOO","6144239","2025-02-15 20:00","2025","02","15","20:00","","-2.5","","-3.6","","92","","0.0","","6","","21","","6.4","","97.19","","","","-9","","Snow"
"-80.38","43.46","KITCHENER/WATERLOO","6144239","2025-02-15 21:00","2025","02","15","21:00","","-3.8","","-4.9","","92","","0.2","","6","","18","","2.0","","97.15","","","","-10","","Snow"
"-80.38","43.46","KITCHENER/WATERLOO","6144239","2025-02-15 22:00","2025","02","15","22:00","","-4.0","","-5.4","","90","","0.0","","6","","21","","4.8","","97.14","","","","-10","","Snow"
"-80.38","43.46","KITCHENER/WATERLOO","6144239","2025-02-15 23:00","2025","02","15","23:00","","-4.2","","-5.8","","89","","0.2","","6","","22","","6.4","","96.93","","","","-11","","Snow"
"-80.38","43.46","KITCHENER/WATERLOO","6144239","2025-02-16 00:00","2025","02","16","00:00","","-4.3","","-6.0","","88","","0.0","","6","","21","","16.1","","96.93","","","","-11","","Snow"
"-80.38","43.46","KITCHENER/WATERLOO","6144239","2025-02-16 01:00","2025","02","16","01:00","","-4.6","","-6.4","","88","","0.0","","6","","26","","12.9","","96.82","","","","-12","","Snow"
"-80.38","43.46","KITCHENER/WATERLOO","6144239","2025-02-16 02:00","2025","02","16","02:00","","-5.1","","-6.6","","89","","0.0","","6","","21","","4.8","","96.67","","","","-12","","Snow"
"-80.38","43.46","KITCHENER/WATERLOO","6144239","2025-02-16 03:00","2025","02","16","03:00","","-5.6","","-7.0","","90","","0.0","","5","","21","","2.8","","96.60","","","","-12","","Freezing Rain,Fog"
"-80.38","43.46","KITCHENER/WATERLOO","6144239","2025-02-16 04:00","2025","02","16","04:00","","-6.3","","-7.7","","90","","0.2","","5","","15","","4.8","","96.41","","","","-12","","Freezing Rain,Fog"
"-80.38","43.46","KITCHENER/WATERLOO","6144239","2025-02-16 05:00","2025","02","16","05:00","","-6.6","","-8.4","","87","","0.2","","5","","18","","4.8","","96.23","","","","-13","","Snow"
"-80.38","43.46","KITCHENER/WATERLOO","6144239","2025-02-16 06:00","2025","02","16","06:00","","-7.0","","-8.7","","88","","0.2","","6","","22","","2.8","","96.09","","","","-14","","Snow"
"-80.38","43.46","KITCHENER/WATERLOO","6144239","2025-02-16 07:00","2025","02","16","07:00","","-7.4","","-8.9","","89","","0.5","","5","","21","","2.0","","95.92","","","","-15","","Snow"
"-80.38","43.46","KITCHENER/WATERLOO","6144239","2025-02-16 08:00","2025","02","16","08:00","","-7.6","","-9.1","","89","","1.0","","3","","15","","1.0","","95.77","","","","-14","","Snow"
"-80.38","43.46","KITCHENER/WATERLOO","6144239","2025-02-16 09:00","2025","02","16","09:00","","-7.7","","-9.2","","89","","1.8","","3","","17","","0.8","","95.72","","","","-14","","Moderate Snow"
"-80.38","43.46","KITCHENER/WATERLOO","6144239","2025-02-16 10:00","2025","02","16","10:00","","-7.7","","-9.2","","89","","2.0","","36","","13","","1.2","","95.69","","","","-13","","Snow"
"-80.38","43.46","KITCHENER/WATERLOO","6144239","2025-02-16 11:00","2025","02","16","11:00","","-8.4","","-10.3","","87","","1.5","","36","","18","","1.2","","95.59","","","","-15","","Snow"
"-80.38","43.46","KITCHENER/WATERLOO","6144239","2025-02-16 12:00","2025","02","16","12:00","","-8.2","","-10.1","","86","","0.8","","1","","17","","1.2","","95.57","","","","-15","","Snow"
"-80.38","43.46","KITCHENER/WATERLOO","6144239","2025-02-16 13:00","2025","02","16","13:00","","-7.7","","-10.3","","82","","0.5","","34","","22","","1.6","","95.50","","","","-15","","Snow"
"-80.38","43.46","KITCHENER/WATERLOO","6144239","2025-02-16 14:00","2025","02","16","14:00","","-7.6","","-10.5","","80","","0.2","","33","","21","","3.2","","95.55","","","","-15","","Snow"
"-80.38","43.46","KITCHENER/WATERLOO","6144239","2025-02-16 15:00","2025","02","16","15:00","","-7.4","","-10.0","","82","","0.2","","31","","22","","2.0","","95.63","","","","-15","","Snow"
"-80.38","43.46","KITCHENER/WATERLOO","6144239","2025-02-16 16:00","2025","02","16","16:00","","-7.1","","-10.6","","76","","0.0","","32","","24","","16.1","","95.76","","","","-15","","Snow"
"-80.38","43.46","KITCHENER/WATERLOO","6144239","2025-02-16 17:00","2025","02","16","17:00","","-7.3","","-10.5","","78","","0.0","","30","","24","","16.1","","95.90","","","","-15","","Snow"
"-80.38","43.46","KITCHENER/WATERLOO","6144239","2025-02-16 18:00","2025","02","16","18:00","","-7.3","","-10.2","","80","","0.0","","30","","26","","16.1","","96.00","","","","-15","","Snow"
"-80.38","43.46","KITCHENER/WATERLOO","6144239","2025-02-16 19:00","2025","02","16","19:00","","-7.9","","-10.6","","81","","0.0","","30","","26","","9.7","","96.10","","","","-16","","Snow"
"-80.38","43.46","KITCHENER/WATERLOO","6144239","2025-02-16 20:00","2025","02","16","20:00","","-8.2","","-10.9","","81","","0.0","","29","","22","","16.1","","96.24","","","","-16","","Snow"
"-80.38","43.46","KITCHENER/WATERLOO","6144239","2025-02-16 21:00","2025","02","16","21:00","","-8.7","","-11.7","","79","","0.0","","30","","24","","16.1","","96.35","","","","-17","","Snow"
"-80.38","43.46","KITCHENER/WATERLOO","6144239","2025-02-16 22:00","2025","02","16","22:00","","-9.4","","-11.8","","83","","0.0","","30","","15","","6.4","","96.42","","","","-16","","Snow"
"-80.38","43.46","KITCHENER/WATERLOO","6144239","2025-02-16 23:00","2025","02","16","23:00","","-10.1","","-12.3","","84","","0.0","","31","","13","","16.1","","96.52","","","","-16","","Snow"
"-80.38","43.46","KITCHENER/WATERLOO","6144239","2025-02-17 00:00","2025","02","17","00:00","","-10.7","","-13.2","","82","","0.0","","30","","13","","8.1","","96.57","","","","-17","","Snow"
"-80.38","43.46","KITCHENER/WATERLOO","6144239","2025-02-17 01:00","2025","02","17","01:00","","-11.5","","-14.1","","82","","0.0","","30","","17","","14.5","","96.67","","","","-19","","Snow"
"-80.38","43.46","KITCHENER/WATERLOO","6144239","2025-02-17 02:00","2025","02","17","02:00","","-11.1","","-13.4","","83","","0.0","","30","","17","","16.1","","96.78","","","","-19","","Snow"
"-80.38","43.46","KITCHENER/WATERLOO","6144239","2025-02-17 03:00","2025","02","17","03:00","","-10.4","","-12.6","","84","","0.0","","28","","15","","16.1","","96.87","","","","-17","","Snow"
"-80.38","43.46","KITCHENER/WATERLOO","6144239","2025-02-17 04:00","2025","02","17","04:00","","-9.2","","-11.3","","85","","0.0","","28","","17","","4.8","","96.95","","","","-16","","Snow"
"-80.38","43.46","KITCHENER/WATERLOO","6144239","2025-02-17 05:00","2025","02","17","05:00","","-8.7","","-11.2","","82","","0.0","","28","","39","","2.0","","97.04","","","","-19","","Snow"
"-80.38","43.46","KITCHENER/WATERLOO","6144239","2025-02-17 06:00","2025","02","17","06:00","","-9.1","","-11.8","","81","","0.0","","28","","41","","4.8","","97.16","","","","-20","","Snow"
"-80.38","43.46","KITCHENER/WATERLOO","6144239","2025-02-17 07:00","2025","02","17","07:00","","-9.7","","-12.7","","79","","0.0","","27","","30","","11.3","","97.24","","","","-19","","Snow"
"-80.38","43.46","KITCHENER/WATERLOO","6144239","2025-02-17 08:00","2025","02","17","08:00","","-9.5","","-11.3","","87","","0.0","","27","","22","","1.0","","97.37","","","","-18","","Snow"
"-80.38","43.46","KITCHENER/WATERLOO","6144239","2025-02-17 09:00","2025","02","17","09:00","","-9.8","","-13.1","","77","","0.0","","27","","35","","2.0","","97.42","","","","-20","","Snow"
"-80.38","43.46","KITCHENER/WATERLOO","6144239","2025-02-17 10:00","2025","02","17","10:00","","-9.7","","-13.6","","73","","0.0","","26","","46","","2.4","","97.45","","","","-21","","Snow"
"-80.38","43.46","KITCHENER/WATERLOO","6144239","2025-02-17 11:00","2025","02","17","11:00","","-10.5","","-14.9","","71","","0.0","","27","","46","","1.6","","97.52","","","","-22","","Snow"
"-80.38","43.46","KITCHENER/WATERLOO","6144239","2025-02-17 12:00","2025","02","17","12:00","","-10.5","","-14.8","","71","","0.0","","26","","34","","1.2","","97.57","","","","-21","","Snow"
"-80.38","43.46","KITCHENER/WATERLOO","6144239","2025-02-17 13:00","2025","02","17","13:00","","-10.6","","-13.9","","77","","0.0","","26","","30","","1.2","","97.58","","","","-20","","Snow"
"-80.38","43.46","KITCHENER/WATERLOO","6144239","2025-02-17 14:00","2025","02","17","14:00","","-10.5","","-13.2","","81","","0.0","","26","","32","","1.2","","97.59","","","","-20","","Snow"
"-80.38","43.46","KITCHENER/WATERLOO","6144239","2025-02-17 15:00","2025","02","17","15:00","","-10.8","","-13.8","","79","","0.0","","27","","35","","1.2","","97.63","","","","-21","","Snow"
"-80.38","43.46","KITCHENER/WATERLOO","6144239","2025-02-17 16:00","2025","02","17","16:00","","-11.2","","-15.0","","74","","0.0","","27","","39","","3.6","","97.67","","","","-22","","Snow"
"-80.38","43.46","KITCHENER/WATERLOO","6144239","2025-02-17 17:00","2025","02","17","17:00","","-11.3","","-16.5","","66","","0.0","","26","","39","","4.8","","97.72","","","","-22","","Haze"
"-80.38","43.46","KITCHENER/WATERLOO","6144239","2025-02-17 18:00","2025","02","17","18:00","","-12.2","","-16.8","","69","","0.0","","25","","32","","16.1","","97.78","","","","-23","","NA"
"-80.38","43.46","KITCHENER/WATERLOO","6144239","2025-02-17 19:00","2025","02","17","19:00","","-12.7","","-16.4","","74","","0.0","","25","","26","","16.1","","97.85","","","","-22","","NA"
"-80.38","43.46","KITCHENER/WATERLOO","6144239","2025-02-17 20:00","2025","02","17","20:00","","-13.1","","-16.5","","76","","0.0","","25","","26","","16.1","","97.89","","","","-23","","NA"
"-80.38","43.46","KITCHENER/WATERLOO","6144239","2025-02-17 21:00","2025","02","17","21:00","","-13.2","","-16.4","","77","","0.0","","26","","24","","16.1","","97.90","","","","-23","","NA"
"-80.38","43.46","KITCHENER/WATERLOO","6144239","2025-02-17 22:00","2025","02","17","22:00","","-13.4","","-16.8","","76","","0.0","","26","","24","","16.1","","97.95","","","","-23","","NA"
"-80.38","43.46","KITCHENER/WATERLOO","6144239","2025-02-17 23:00","2025","02","17","23:00","","-13.4","","-17.3","","73","","0.0","","25","","30","","9.7","","97.96","","","","-24","","Haze"
"-80.38","43.46","KITCHENER/WATERLOO","6144239","2025-02-18 00:00","2025","02","18","00:00","","-14.1","","-18.3","","71","","0.0","","24","","22","","12.9","","97.99","","","","-23","","Snow"
"-80.38","43.46","KITCHENER/WATERLOO","6144239","2025-02-18 01:00","2025","02","18","01:00","","-13.8","","-17.8","","72","","0.0","","25","","30","","8.1","","98.01","","","","-24","","Snow"
"-80.38","43.46","KITCHENER/WATERLOO","6144239","2025-02-18 02:00","2025","02","18","02:00","","-15.1","","-18.0","","79","","0.0","","23","","24","","8.1","","98.04","","","","-25","","Snow"
"-80.38","43.46","KITCHENER/WATERLOO","6144239","2025-02-18 03:00","2025","02","18","03:00","","-15.7","","-18.4","","80","","0.0","","23","","32","","14.5","","98.10","","","","-27","","Snow"
"-80.38","43.46","KITCHENER/WATERLOO","6144239","2025-02-18 04:00","2025","02","18","04:00","","-15.4","","-18.3","","79","","0.0","","24","","26","","12.9","","98.15","","","","-26","","Snow"
"-80.38","43.46","KITCHENER/WATERLOO","6144239","2025-02-18 05:00","2025","02","18","05:00","","-15.5","","-18.4","","79","","0.0","","24","","30","","16.1","","98.17","","","","-27","","Snow"
"-80.38","43.46","KITCHENER/WATERLOO","6144239","2025-02-18 06:00","2025","02","18","06:00","","-15.1","","-18.0","","79","","0.0","","25","","30","","16.1","","98.17","","","","-26","","Snow"
"-80.38","43.46","KITCHENER/WATERLOO","6144239","2025-02-18 07:00","2025","02","18","07:00","","-15.6","","-18.6","","78","","0.0","","25","","21","","16.1","","98.21","","","","-25","","NA"
"-80.38","43.46","KITCHENER/WATERLOO","6144239","2025-02-18 08:00","2025","02","18","08:00","","-14.7","","-17.7","","78","","0.0","","25","","28","","16.1","","98.28","","","","-25","","Snow"
"-80.38","43.46","KITCHENER/WATERLOO","6144239","2025-02-18 09:00","2025","02","18","09:00","","-13.5","","-16.9","","76","","0.0","","24","","28","","6.4","","98.34","","","","-24","","Haze"
"-80.38","43.46","KITCHENER/WATERLOO","6144239","2025-02-18 10:00","2025","02","18","10:00","","-11.4","","-15.6","","72","","0.0","","26","","37","","9.7","","98.33","","","","-22","","Haze"
"-80.38","43.46","KITCHENER/WATERLOO","6144239","2025-02-18 11:00","2025","02","18","11:00","","-10.8","","-15.2","","71","","0.0","","27","","43","","6.4","","98.37","","","","-22","","Snow"
"-80.38","43.46","KITCHENER/WATERLOO","6144239","2025-02-18 12:00","2025","02","18","12:00","","-10.4","","-15.0","","69","","0.0","","27","","39","","6.4","","98.42","","","","-21","","Snow"
"-80.38","43.46","KITCHENER/WATERLOO","6144239","2025-02-18 13:00","2025","02","18","13:00","","-10.0","","-14.9","","68","","0.0","","27","","35","","11.3","","98.42","","","","-20","","Snow"
"-80.38","43.46","KITCHENER/WATERLOO","6144239","2025-02-18 14:00","2025","02","18","14:00","","-10.2","","-15.0","","68","","0.0","","28","","43","","6.4","","98.45","","","","-21","","Haze"
"-80.38","43.46","KITCHENER/WATERLOO","6144239","2025-02-18 15:00","2025","02","18","15:00","","-10.3","","-15.3","","67","","0.0","","26","","35","","9.7","","98.48","","","","-21","","Haze"
"-80.38","43.46","KITCHENER/WATERLOO","6144239","2025-02-18 16:00","2025","02","18","16:00","","-10.6","","-15.9","","65","","0.0","","26","","43","","8.1","","98.56","","","","-22","","Haze"
"-80.38","43.46","KITCHENER/WATERLOO","6144239","2025-02-18 17:00","2025","02","18","17:00","","-11.3","","-15.9","","69","","0.0","","25","","34","","9.7","","98.60","","","","-22","","Snow"
"-80.38","43.46","KITCHENER/WATERLOO","6144239","2025-02-18 18:00","2025","02","18","18:00","","-11.5","","-15.7","","72","","0.0","","24","","28","","16.1","","98.61","","","","-21","","Snow"
"-80.38","43.46","KITCHENER/WATERLOO","6144239","2025-02-18 19:00","2025","02","18","19:00","","-11.6","","-15.4","","74","","0.0","","24","","24","","11.3","","98.70","","","","-21","","Snow"
"-80.38","43.46","KITCHENER/WATERLOO","6144239","2025-02-18 20:00","2025","02","18","20:00","","-11.6","","-15.5","","73","","0.0","","25","","28","","14.5","","98.76","","","","-21","","Snow"
"-80.38","43.46","KITCHENER/WATERLOO","6144239","2025-02-18 21:00","2025","02","18","21:00","","-11.6","","-15.4","","74","","0.0","","24","","24","","14.5","","98.75","","","","-21","","Snow"
"-80.38","43.46","KITCHENER/WATERLOO","6144239","2025-02-18 22:00","2025","02","18","22:00","","-11.4","","-15.2","","74","","0.0","","25","","26","","16.1","","98.75","","","","-21","","Snow"
"-80.38","43.46","KITCHENER/WATERLOO","6144239","2025-02-18 23:00","2025","02","18","23:00","","-10.9","","-14.5","","75","","0.0","","25","","26","","16.1","","98.75","","","","-20","","NA"
"-80.38","43.46","KITCHENER/WATERLOO","6144239","2025-02-19 00:00","2025","02","19","00:00","","-10.4","","-14.4","","73","","0.0","","26","","30","","16.1","","98.78","","","","-20","","NA"
"-80.38","43.46","KITCHENER/WATERLOO","6144239","2025-02-19 01:00","2025","02","19","01:00","","-10.0","","-14.3","","71","","0.0","","26","","22","","16.1","","98.80","","","","-18","","NA"
"-80.38","43.46","KITCHENER/WATERLOO","6144239","2025-02-19 02:00","2025","02","19","02:00","","-10.2","","-14.0","","74","","0.0","","25","","24","","16.1","","98.80","","","","-19","","NA"
"-80.38","43.46","KITCHENER/WATERLOO","6144239","2025-02-19 03:00","2025","02","19","03:00","","-10.3","","-13.9","","75","","0.0","","25","","21","","16.1","","98.78","","","","-18","","Snow"
"-80.38","43.46","KITCHENER/WATERLOO","6144239","2025-02-19 04:00","2025","02","19","04:00","","-11.5","","-14.8","","77","","0.0","","23","","24","","16.1","","98.73","","","","-21","","Snow"
"-80.38","43.46","KITCHENER/WATERLOO","6144239","2025-02-19 05:00","2025","02","19","05:00","","-11.1","","-14.4","","77","","0.0","","25","","17","","16.1","","98.76","","","","-19","","NA"
"-80.38","43.46","KITCHENER/WATERLOO","6144239","2025-02-19 06:00","2025","02","19","06:00","","-11.1","","-14.3","","77","","0.0","","22","","15","","16.1","","98.77","","","","-18","","NA"
"-80.38","43.46","KITCHENER/WATERLOO","6144239","2025-02-19 07:00","2025","02","19","07:00","","-11.3","","-14.4","","78","","0.0","","25","","15","","16.1","","98.79","","","","-18","","Snow"
"-80.38","43.46","KITCHENER/WATERLOO","6144239","2025-02-19 08:00","2025","02","19","08:00","","-11.1","","-13.8","","81","","0.0","","24","","15","","16.1","","98.85","","","","-18","","Snow"
"-80.38","43.46","KITCHENER/WATERLOO","6144239","2025-02-19 09:00","2025","02","19","09:00","","-10.6","","-13.0","","83","","0.0","","26","","11","","2.8","","98.90","","","","-16","","Snow"
"-80.38","43.46","KITCHENER/WATERLOO","6144239","2025-02-19 10:00","2025","02","19","10:00","","-10.2","","-13.0","","80","","0.0","","22","","15","","4.8","","98.91","","","","-17","","Snow"
"-80.38","43.46","KITCHENER/WATERLOO","6144239","2025-02-19 11:00","2025","02","19","11:00","","-9.9","","-13.1","","78","","0.0","","24","","15","","9.7","","98.88","","","","-17","","Snow"
"-80.38","43.46","KITCHENER/WATERLOO","6144239","2025-02-19 12:00","2025","02","19","12:00","","-9.7","","-13.3","","75","","0.0","","23","","11","","16.1","","98.84","","","","-15","","Snow"
"-80.38","43.46","KITCHENER/WATERLOO","6144239","2025-02-19 13:00","2025","02","19","13:00","","-9.4","","-13.1","","75","","0.0","","26","","15","","16.1","","98.74","","","","-16","","Snow"
"-80.38","43.46","KITCHENER/WATERLOO","6144239","2025-02-19 14:00","2025","02","19","14:00","","-9.0","","-12.3","","77","","0.0","","25","","13","","16.1","","98.70","","","","-15","","Snow"
"-80.38","43.46","KITCHENER/WATERLOO","6144239","2025-02-19 15:00","2025","02","19","15:00","","-8.6","","-12.1","","76","","0.0","","26","","17","","16.1","","98.68","","","","-15","","Snow"
"-80.38","43.46","KITCHENER/WATERLOO","6144239","2025-02-19 16:00","2025","02","19","16:00","","-8.9","","-12.1","","78","","0.0","","25","","21","","14.5","","98.64","","","","-17","","Snow"
"-80.38","43.46","KITCHENER/WATERLOO","6144239","2025-02-19 17:00","2025","02","19","17:00","","-9.1","","-12.0","","80","","0.0","","25","","18","","11.3","","98.60","","","","-16","","Snow"
"-80.38","43.46","KITCHENER/WATERLOO","6144239","2025-02-19 18:00","2025","02","19","18:00","","-9.0","","-12.3","","77","","0.0","","32","","17","","16.1","","98.59","","","","-16","","Snow"
"-80.38","43.46","KITCHENER/WATERLOO","6144239","2025-02-19 19:00","2025","02","19","19:00","","-9.5","","-13.2","","75","","0.0","","31","","13","","16.1","","98.60","","","","-16","","Snow"
"-80.38","43.46","KITCHENER/WATERLOO","6144239","2025-02-19 20:00","2025","02","19","20:00","","-9.8","","-13.0","","78","","0.0","","30","","11","","16.1","","98.56","","","","-15","","Snow"
"-80.38","43.46","KITCHENER/WATERLOO","6144239","2025-02-19 21:00","2025","02","19","21:00","","-10.0","","-12.7","","81","","0.0","","31","","5","","16.1","","98.53","","","","-13","","Snow"
"-80.38","43.46","KITCHENER/WATERLOO","6144239","2025-02-19 22:00","2025","02","19","22:00","","-9.9","","-12.6","","81","","0.0","","30","","11","","16.1","","98.51","","","","-15","","Snow"
"-80.38","43.46","KITCHENER/WATERLOO","6144239","2025-02-19 23:00","2025","02","19","23:00","","-9.9","","-12.7","","80","","0.0","","29","","8","","16.1","","98.47","","","","-14","","Snow"
"-80.38","43.46","KITCHENER/WATERLOO","6144239","2025-02-20 00:00","2025","02","20","00:00","","-9.9","","-13.1","","78","","0.0","","29","","5","","16.1","","98.42","","","","-13","","NA"
"-80.38","43.46","KITCHENER/WATERLOO","6144239","2025-02-20 01:00","2025","02","20","01:00","","-9.9","","-13.1","","78","","0.0","","","M","4","","16.1","","98.36","","","","-12","","Snow"
"-80.38","43.46","KITCHENER/WATERLOO","6144239","2025-02-20 02:00","2025","02","20","02:00","","-10.3","","-12.1","","87","","0.0","","25","","8","","2.8","","98.29","","","","-15","","Snow"
"-80.38","43.46","KITCHENER/WATERLOO","6144239","2025-02-20 03:00","2025","02","20","03:00","","-10.5","","-12.1","","88","","0.2","","23","","5","","1.6","","98.23","","","","-14","","Snow"
"-80.38","43.46","KITCHENER/WATERLOO","6144239","2025-02-20 04:00","2025","02","20","04:00","","-10.6","","-12.1","","89","","0.2","","26","","4","","2.0","","98.17","","","","-13","","Snow"
"-80.38","43.46","KITCHENER/WATERLOO","6144239","2025-02-20 05:00","2025","02","20","05:00","","-10.6","","-12.2","","88","","0.0","","28","","5","","2.0","","98.14","","","","-14","","Snow"
"-80.38","43.46","KITCHENER/WATERLOO","6144239","2025-02-20 06:00","2025","02","20","06:00","","-10.7","","-12.3","","88","","0.2","","32","","5","","2.4","","98.11","","","","-14","","Snow"
"-80.38","43.46","KITCHENER/WATERLOO","6144239","2025-02-20 07:00","2025","02","20","07:00","","-11.0","","-12.6","","88","","0.2","","31","","5","","2.4","","98.08","","","","-14","","Snow"
"-80.38","43.46","KITCHENER/WATERLOO","6144239","2025-02-20 08:00","2025","02","20","08:00","","-10.9","","-12.8","","86","","0.0","","34","","11","","2.0","","98.10","","","","-17","","Snow"
"-80.38","43.46","KITCHENER/WATERLOO","6144239","2025-02-20 09:00","2025","02","20","09:00","","-11.1","","-14.2","","78","","0.0","","35","","11","","16.1","","98.12","","","","-17","","Snow"
"-80.38","43.46","KITCHENER/WATERLOO","6144239","2025-02-20 10:00","2025","02","20","10:00","","-10.7","","-14.5","","74","","0.0","","31","","11","","16.1","","98.10","","","","-16","","Snow"
"-80.38","43.46","KITCHENER/WATERLOO","6144239","2025-02-20 11:00","2025","02","20","11:00","","-10.6","","-15.3","","69","","0.0","","35","","15","","16.1","","98.12","","","","-17","","Snow"
"-80.38","43.46","KITCHENER/WATERLOO","6144239","2025-02-20 12:00","2025","02","20","12:00","","-10.1","","-14.3","","72","","0.0","","33","","15","","11.3","","98.12","","","","-17","","Snow"
"-80.38","43.46","KITCHENER/WATERLOO","6144239","2025-02-20 13:00","2025","02","20","13:00","","-9.7","","-14.4","","69","","0.0","","32","","18","","16.1","","98.09","","","","-17","","Snow"
"-80.38","43.46","KITCHENER/WATERLOO","6144239","2025-02-20 14:00","2025","02","20","14:00","","-9.1","","-13.8","","69","","0.0","","28","","22","","16.1","","98.06","","","","-17","","Snow"
"-80.38","43.46","KITCHENER/WATERLOO","6144239","2025-02-20 15:00","2025","02","20","15:00","","-9.0","","-14.3","","66","","0.0","","32","","22","","16.1","","98.09","","","","-17","","Snow"
"-80.38","43.46","KITCHENER/WATERLOO","6144239","2025-02-20 16:00","2025","02","20","16:00","","-9.2","","-13.5","","72","","0.0","","29","","28","","16.1","","98.13","","","","-18","","Snow"
"-80.38","43.46","KITCHENER/WATERLOO","6144239","2025-02-20 17:00","2025","02","20","17:00","","-9.8","","-14.4","","70","","0.0","","31","","24","","16.1","","98.17","","","","-18","","Snow"
"-80.38","43.46","KITCHENER/WATERLOO","6144239","2025-02-20 18:00","2025","02","20","18:00","","-10.7","","-13.8","","78","","0.0","","30","","17","","8.1","","98.24","","","","-18","","Snow"
"-80.38","43.46","KITCHENER/WATERLOO","6144239","2025-02-20 19:00","2025","02","20","19:00","","-11.0","","-14.1","","78","","0.0","","31","","18","","16.1","","98.29","","","","-19","","NA"
"-80.38","43.46","KITCHENER/WATERLOO","6144239","2025-02-20 20:00","2025","02","20","20:00","","-11.0","","-14.0","","79","","0.0","","31","","15","","16.1","","98.36","","","","-18","","Snow"
"-80.38","43.46","KITCHENER/WATERLOO","6144239","2025-02-20 21:00","2025","02","20","21:00","","-9.9","","-12.6","","81","","0.0","","32","","15","","16.1","","98.40","","","","-17","","Snow"
"-80.38","43.46","KITCHENER/WATERLOO","6144239","2025-02-20 22:00","2025","02","20","22:00","","-9.5","","-11.7","","84","","0.0","","32","","22","","16.1","","98.45","","","","-18","","Snow"
"-80.38","43.46","KITCHENER/WATERLOO","6144239","2025-02-20 23:00","2025","02","20","23:00","","-9.6","","-12.8","","78","","0.0","","33","","17","","16.1","","98.48","","","","-17","","NA"
"-80.38","43.46","KITCHENER/WATERLOO","6144239","2025-02-21 00:00","2025","02","21","00:00","","-10.0","","-14.0","","73","","0.0","","31","","9","","16.1","","98.49","","","","-15","","Snow"
"-80.38","43.46","KITCHENER/WATERLOO","6144239","2025-02-21 01:00","2025","02","21","01:00","","-9.9","","-13.2","","77","","0.0","","29","","11","","16.1","","98.52","","","","-15","","Snow"
"-80.38","43.46","KITCHENER/WATERLOO","6144239","2025-02-21 02:00","2025","02","21","02:00","","-9.8","","-13.1","","77","","0.0","","30","","15","","16.1","","98.56","","","","-16","","Snow"
"-80.38","43.46","KITCHENER/WATERLOO","6144239","2025-02-21 03:00","2025","02","21","03:00","","-9.7","","-13.1","","77","","0.0","","30","","15","","16.1","","98.61","","","","-16","","Snow"
"-80.38","43.46","KITCHENER/WATERLOO","6144239","2025-02-21 04:00","2025","02","21","04:00","","-9.8","","-13.3","","76","","0.0","","32","","21","","16.1","","98.65","","","","-18","","Snow"
"-80.38","43.46","KITCHENER/WATERLOO","6144239","2025-02-21 05:00","2025","02","21","05:00","","-10.3","","-13.4","","78","","0.0","","32","","15","","16.1","","98.76","","","","-17","","Snow"
"-80.38","43.46","KITCHENER/WATERLOO","6144239","2025-02-21 06:00","2025","02","21","06:00","","-10.6","","-13.5","","79","","0.0","","32","","17","","16.1","","98.82","","","","-18","","Snow"
"-80.38","43.46","KITCHENER/WATERLOO","6144239","2025-02-21 07:00","2025","02","21","07:00","","-10.9","","-13.3","","83","","0.0","","33","","22","","16.1","","98.88","","","","-19","","Snow"
"-80.38","43.46","KITCHENER/WATERLOO","6144239","2025-02-21 08:00","2025","02","21","08:00","","-11.0","","-13.5","","82","","0.0","","32","","18","","12.9","","98.97","","","","-19","","Snow"
"-80.38","43.46","KITCHENER/WATERLOO","6144239","2025-02-21 09:00","2025","02","21","09:00","","-11.0","","-13.7","","81","","0.0","","31","","28","","6.4","","99.03","","","","-21","","Snow"
"-80.38","43.46","KITCHENER/WATERLOO","6144239","2025-02-21 10:00","2025","02","21","10:00","","-10.6","","-13.6","","79","","0.0","","33","","22","","16.1","","99.11","","","","-19","","Snow"
"-80.38","43.46","KITCHENER/WATERLOO","6144239","2025-02-21 11:00","2025","02","21","11:00","","-9.6","","-12.9","","77","","0.0","","33","","18","","16.1","","99.13","","","","-17","","Snow"
"-80.38","43.46","KITCHENER/WATERLOO","6144239","2025-02-21 12:00","2025","02","21","12:00","","-8.8","","-12.6","","74","","0.0","","33","","21","","16.1","","99.13","","","","-17","","Snow"
"-80.38","43.46","KITCHENER/WATERLOO","6144239","2025-02-21 13:00","2025","02","21","13:00","","-8.0","","-11.9","","74","","0.0","","30","","17","","16.1","","99.08","","","","-15","","Snow"
"-80.38","43.46","KITCHENER/WATERLOO","6144239","2025-02-21 14:00","2025","02","21","14:00","","-7.8","","-11.7","","74","","0.0","","30","","18","","16.1","","99.08","","","","-15","","Snow"
"-80.38","43.46","KITCHENER/WATERLOO","6144239","2025-02-21 15:00","2025","02","21","15:00","","-7.8","","-11.4","","76","","0.0","","29","","22","","16.1","","99.08","","","","-15","","Snow"
"-80.38","43.46","KITCHENER/WATERLOO","6144239","2025-02-21 16:00","2025","02","21","16:00","","-7.5","","-11.4","","74","","0.0","","30","","21","","16.1","","99.07","","","","-15","","Snow"
"-80.38","43.46","KITCHENER/WATERLOO","6144239","2025-02-21 17:00","2025","02","21","17:00","","-7.1","","-10.6","","76","","0.0","","29","","21","","16.1","","99.07","","","","-14","","Snow"
"-80.38","43.46","KITCHENER/WATERLOO","6144239","2025-02-21 18:00","2025","02","21","18:00","","-7.3","","-10.8","","76","","0.0","","29","","24","","16.1","","99.07","","","","-15","","Snow"
"-80.38","43.46","KITCHENER/WATERLOO","6144239","2025-02-21 19:00","2025","02","21","19:00","","-7.7","","-10.9","","78","","0.0","","30","","18","","16.1","","99.06","","","","-15","","NA"
"-80.38","43.46","KITCHENER/WATERLOO","6144239","2025-02-21 20:00","2025","02","21","20:00","","-7.3","","-9.9","","82","","0.0","","26","","15","","16.1","","99.08","","","","-13","","NA"
"-80.38","43.46","KITCHENER/WATERLOO","6144239","2025-02-21 21:00","2025","02","21","21:00","","-9.0","","-11.2","","84","","0.0","","23","","9","","16.1","","99.04","","","","-14","","NA"
"-80.38","43.46","KITCHENER/WATERLOO","6144239","2025-02-21 22:00","2025","02","21","22:00","","-9.5","","-11.1","","88","","0.0","","20","","8","","16.1","","99.01","","","","-14","","NA"
"-80.38","43.46","KITCHENER/WATERLOO","6144239","2025-02-21 23:00","2025","02","21","23:00","","-9.9","","-11.8","","87","","0.0","","20","","8","","16.1","","98.97","","","","-14","","NA"
"-80.38","43.46","KITCHENER/WATERLOO","6144239","2025-02-22 00:00","2025","02","22","00:00","","-9.6","","-11.7","","85","","0.0","","20","","8","","16.1","","98.90","","","","-14","","NA"
"-80.38","43.46","KITCHENER/WATERLOO","6144239","2025-02-22 01:00","2025","02","22","01:00","","-9.9","","-11.8","","86","","0.0","","19","","13","","16.1","","98.83","","","","-16","","NA"
"-80.38","43.46","KITCHENER/WATERLOO","6144239","2025-02-22 02:00","2025","02","22","02:00","","-10.1","","-11.7","","88","","0.0","","19","","8","","16.1","","98.80","","","","-15","","NA"
"-80.38","43.46","KITCHENER/WATERLOO","6144239","2025-02-22 03:00","2025","02","22","03:00","","-10.8","","-12.1","","90","","0.0","","18","","9","","16.1","","98.72","","","","-16","","NA"
"-80.38","43.46","KITCHENER/WATERLOO","6144239","2025-02-22 04:00","2025","02","22","04:00","","-10.9","","-12.0","","92","","0.0","","21","","13","","11.3","","98.66","","","","-17","","NA"
"-80.38","43.46","KITCHENER/WATERLOO","6144239","2025-02-22 05:00","2025","02","22","05:00","","-9.6","","-11.3","","87","","0.0","","23","","18","","16.1","","98.65","","","","-17","","NA"
"-80.38","43.46","KITCHENER/WATERLOO","6144239","2025-02-22 06:00","2025","02","22","06:00","","-9.7","","-11.7","","86","","0.0","","21","","15","","16.1","","98.62","","","","-16","","NA"
"-80.38","43.46","KITCHENER/WATERLOO","6144239","2025-02-22 07:00","2025","02","22","07:00","","-9.6","","-11.5","","86","","0.0","","22","","18","","16.1","","98.59","","","","-17","","NA"
"-80.38","43.46","KITCHENER/WATERLOO","6144239","2025-02-22 08:00","2025","02","22","08:00","","-8.9","","-11.0","","85","","0.0","","22","","22","","16.1","","98.53","","","","-17","","NA"
"-80.38","43.46","KITCHENER/WATERLOO","6144239","2025-02-22 09:00","2025","02","22","09:00","","-7.5","","-10.5","","79","","0.0","","22","","22","","16.1","","98.47","","","","-15","","NA"
"-80.38","43.46","KITCHENER/WATERLOO","6144239","2025-02-22 10:00","2025","02","22","10:00","","-6.1","","-9.5","","77","","0.0","","22","","24","","16.1","","98.41","","","","-14","","Snow"
"-80.38","43.46","KITCHENER/WATERLOO","6144239","2025-02-22 11:00","2025","02","22","11:00","","-5.5","","-9.1","","76","","0.0","","21","","37","","16.1","","98.34","","","","-14","","NA"
"-80.38","43.46","KITCHENER/WATERLOO","6144239","2025-02-22 12:00","2025","02","22","12:00","","-4.4","","-9.0","","70","","0.0","","23","","34","","16.1","","98.23","","","","-13","","NA"
"-80.38","43.46","KITCHENER/WATERLOO","6144239","2025-02-22 13:00","2025","02","22","13:00","","-3.5","","-8.5","","69","","0.0","","22","","28","","16.1","","98.09","","","","-11","","NA"
"-80.38","43.46","KITCHENER/WATERLOO","6144239","2025-02-22 14:00","2025","02","22","14:00","","-3.4","","-8.3","","69","","0.0","","21","","22","","16.1","","97.99","","","","-10","","NA"
"-80.38","43.46","KITCHENER/WATERLOO","6144239","2025-02-22 15:00","2025","02","22","15:00","","-3.5","","-8.8","","67","","0.0","","21","","32","","16.1","","97.95","","","","-11","","NA"
"-80.38","43.46","KITCHENER/WATERLOO","6144239","2025-02-22 16:00","2025","02","22","16:00","","-4.0","","-8.4","","72","","0.0","","22","","28","","16.1","","97.92","","","","-11","","NA"
"-80.38","43.46","KITCHENER/WATERLOO","6144239","2025-02-22 17:00","2025","02","22","17:00","","-4.3","","-8.8","","71","","0.0","","22","","28","","16.1","","97.92","","","","-12","","NA"
"-80.38","43.46","KITCHENER/WATERLOO","6144239","2025-02-22 18:00","2025","02","22","18:00","","-4.4","","-9.3","","69","","0.0","","22","","28","","16.1","","97.94","","","","-12","","NA"
"-80.38","43.46","KITCHENER/WATERLOO","6144239","2025-02-22 19:00","2025","02","22","19:00","","-4.7","","-9.2","","71","","0.0","","23","","18","","16.1","","97.97","","","","-11","","NA"
"-80.38","43.46","KITCHENER/WATERLOO","6144239","2025-02-22 20:00","2025","02","22","20:00","","-5.0","","-9.7","","70","","0.0","","22","","21","","16.1","","97.95","","","","-12","","NA"
"-80.38","43.46","KITCHENER/WATERLOO","6144239","2025-02-22 21:00","2025","02","22","21:00","","-5.1","","-9.8","","70","","0.0","","23","","21","","16.1","","97.95","","","","-12","","NA"
"-80.38","43.46","KITCHENER/WATERLOO","6144239","2025-02-22 22:00","2025","02","22","22:00","","-4.7","","-9.9","","67","","0.0","","24","","24","","16.1","","97.94","","","","-12","","NA"
"-80.38","43.46","KITCHENER/WATERLOO","6144239","2025-02-22 23:00","2025","02","22","23:00","","-4.6","","-10.0","","66","","0.0","","24","","18","","16.1","","97.90","","","","-11","","NA"
"-80.38","43.46","KITCHENER/WATERLOO","6144239","2025-02-23 00:00","2025","02","23","00:00","","-4.8","","-10.2","","66","","0.0","","25","","15","","16.1","","97.91","","","","-10","","NA"
"-80.38","43.46","KITCHENER/WATERLOO","6144239","2025-02-23 01:00","2025","02","23","01:00","","-5.0","","-10.3","","67","","0.0","","24","","13","","16.1","","97.93","","","","-10","","NA"
"-80.38","43.46","KITCHENER/WATERLOO","6144239","2025-02-23 02:00","2025","02","23","02:00","","-4.9","","-10.1","","67","","0.0","","24","","15","","16.1","","97.90","","","","-10","","NA"
"-80.38","43.46","KITCHENER/WATERLOO","6144239","2025-02-23 03:00","2025","02","23","03:00","","-4.3","","-9.8","","66","","0.0","","24","","18","","16.1","","97.87","","","","-10","","NA"
"-80.38","43.46","KITCHENER/WATERLOO","6144239","2025-02-23 04:00","2025","02","23","04:00","","-4.0","","-9.5","","66","","0.0","","24","","15","","16.1","","97.83","","","","-9","","NA"
"-80.38","43.46","KITCHENER/WATERLOO","6144239","2025-02-23 05:00","2025","02","23","05:00","","-4.0","","-9.3","","67","","0.0","","25","","13","","16.1","","97.85","","","","-9","","NA"
"-80.38","43.46","KITCHENER/WATERLOO","6144239","2025-02-23 06:00","2025","02","23","06:00","","-4.0","","-8.5","","71","","0.0","","26","","13","","16.1","","97.84","","","","-9","","NA"
"-80.38","43.46","KITCHENER/WATERLOO","6144239","2025-02-23 07:00","2025","02","23","07:00","","-4.2","","-8.7","","71","","0.0","","26","","15","","16.1","","97.92","","","","-10","","NA"
"-80.38","43.46","KITCHENER/WATERLOO","6144239","2025-02-23 08:00","2025","02","23","08:00","","-4.1","","-8.4","","72","","0.0","","25","","9","","16.1","","97.98","","","","-8","","NA"
"-80.38","43.46","KITCHENER/WATERLOO","6144239","2025-02-23 09:00","2025","02","23","09:00","","-3.7","","-7.8","","73","","0.0","","25","","15","","16.1","","98.00","","","","-9","","NA"
"-80.38","43.46","KITCHENER/WATERLOO","6144239","2025-02-23 10:00","2025","02","23","10:00","","-3.0","","-7.0","","74","","0.0","","26","","13","","16.1","","98.03","","","","-8","","NA"
"-80.38","43.46","KITCHENER/WATERLOO","6144239","2025-02-23 11:00","2025","02","23","11:00","","-2.5","","-6.8","","72","","0.0","","23","","13","","16.1","","98.03","","","","-7","","NA"
"-80.38","43.46","KITCHENER/WATERLOO","6144239","2025-02-23 12:00","2025","02","23","12:00","","-2.3","","-6.5","","73","","0.0","","25","","18","","16.1","","98.07","","","","-8","","NA"
"-80.38","43.46","KITCHENER/WATERLOO","6144239","2025-02-23 13:00","2025","02","23","13:00","","-1.6","","-6.4","","70","","0.0","","24","","13","","16.1","","97.98","","","","-6","","NA"
"-80.38","43.46","KITCHENER/WATERLOO","6144239","2025-02-23 14:00","2025","02","23","14:00","","-1.2","","-6.0","","70","","0.0","","22","","15","","16.1","","97.91","","","","-6","","NA"
"-80.38","43.46","KITCHENER/WATERLOO","6144239","2025-02-23 15:00","2025","02","23","15:00","","-1.2","","-6.2","","69","","0.0","","24","","21","","16.1","","97.90","","","","-7","","NA"
"-80.38","43.46","KITCHENER/WATERLOO","6144239","2025-02-23 16:00","2025","02","23","16:00","","-1.0","","-5.8","","70","","0.0","","22","","13","","16.1","","97.87","","","","-5","","NA"
"-80.38","43.46","KITCHENER/WATERLOO","6144239","2025-02-23 17:00","2025","02","23","17:00","","-1.6","","-5.0","","78","","0.0","","23","","13","","12.9","","97.89","","","","-6","","Snow"
"-80.38","43.46","KITCHENER/WATERLOO","6144239","2025-02-23 18:00","2025","02","23","18:00","","-2.0","","-4.5","","83","","0.0","","20","","8","","6.4","","97.89","","","","-5","","Snow"
"-80.38","43.46","KITCHENER/WATERLOO","6144239","2025-02-23 19:00","2025","02","23","19:00","","-2.4","","-4.9","","83","","0.0","","19","","8","","14.5","","97.89","","","","-6","","Snow"
"-80.38","43.46","KITCHENER/WATERLOO","6144239","2025-02-23 20:00","2025","02","23","20:00","","-2.8","","-5.5","","82","","0.0","","19","","9","","16.1","","97.87","","","","-6","","NA"
"-80.38","43.46","KITCHENER/WATERLOO","6144239","2025-02-23 21:00","2025","02","23","21:00","","-2.5","","-4.1","","89","","0.0","","18","","9","","11.3","","97.85","","","","-6","","Snow"
"-80.38","43.46","KITCHENER/WATERLOO","6144239","2025-02-23 22:00","2025","02","23","22:00","","-2.6","","-4.5","","87","","0.0","","20","","11","","11.3","","97.85","","","","-7","","NA"
"-80.38","43.46","KITCHENER/WATERLOO","6144239","2025-02-23 23:00","2025","02","23","23:00","","-2.5","","-4.7","","85","","0.0","","18","","11","","14.5","","97.78","","","","-7","","NA"
"-80.38","43.46","KITCHENER/WATERLOO","6144239","2025-02-24 00:00","2025","02","24","00:00","","-2.3","","-5.0","","82","","0.0","","19","","8","","16.1","","97.73","","","","-5","","NA"
"-80.38","43.46","KITCHENER/WATERLOO","6144239","2025-02-24 01:00","2025","02","24","01:00","","-2.0","","-5.0","","80","","0.0","","18","","9","","16.1","","97.64","","","","-5","","NA"
"-80.38","43.46","KITCHENER/WATERLOO","6144239","2025-02-24 02:00","2025","02","24","02:00","","-1.9","","-5.1","","79","","0.0","","17","","9","","16.1","","97.54","","","","-5","","NA"
"-80.38","43.46","KITCHENER/WATERLOO","6144239","2025-02-24 03:00","2025","02","24","03:00","","-2.8","","-5.8","","80","","0.0","","18","","11","","16.1","","97.45","","","","-7","","NA"
"-80.38","43.46","KITCHENER/WATERLOO","6144239","2025-02-24 04:00","2025","02","24","04:00","","-3.6","","-6.4","","81","","0.0","","18","","9","","16.1","","97.40","","","","-7","","NA"
"-80.38","43.46","KITCHENER/WATERLOO","6144239","2025-02-24 05:00","2025","02","24","05:00","","-3.6","","-6.2","","82","","0.0","","18","","13","","16.1","","97.29","","","","-8","","NA"
"-80.38","43.46","KITCHENER/WATERLOO","6144239","2025-02-24 06:00","2025","02","24","06:00","","-2.6","","-5.9","","78","","0.0","","18","","15","","16.1","","97.20","","","","-8","","NA"
"-80.38","43.46","KITCHENER/WATERLOO","6144239","2025-02-24 07:00","2025","02","24","07:00","","-2.1","","-5.6","","77","","0.0","","18","","18","","16.1","","97.14","","","","-8","","NA"
"-80.38","43.46","KITCHENER/WATERLOO","6144239","2025-02-24 08:00","2025","02","24","08:00","","-0.9","","-5.2","","73","","0.0","","18","","22","","16.1","","97.05","","","","-7","","NA"
"-80.38","43.46","KITCHENER/WATERLOO","6144239","2025-02-24 09:00","2025","02","24","09:00","","0.8","","-4.3","","69","","0.0","","20","","28","","16.1","","96.93","","","","","","NA"
"-80.38","43.46","KITCHENER/WATERLOO","6144239","2025-02-24 10:00","2025","02","24","10:00","","2.0","","-3.9","","65","","0.0","","19","","35","","16.1","","96.78","","","","","","NA"
"-80.38","43.46","KITCHENER/WATERLOO","6144239","2025-02-24 11:00","2025","02","24","11:00","","2.8","","-3.8","","62","","0.0","","19","","37","","16.1","","96.56","","","","","","NA"
"-80.38","43.46","KITCHENER/WATERLOO","6144239","2025-02-24 12:00","2025","02","24","12:00","","4.2","","-3.5","","58","","0.0","","19","","39","","16.1","","96.41","","","","","","NA"
"-80.38","43.46","KITCHENER/WATERLOO","6144239","2025-02-24 13:00","2025","02","24","13:00","","4.8","","-3.2","","56","","0.0","","20","","52","","16.1","","96.30","","","","","","NA"
"-80.38","43.46","KITCHENER/WATERLOO","6144239","2025-02-24 14:00","2025","02","24","14:00","","4.3","","-2.4","","62","","0.0","","22","","39","","16.1","","96.32","","","","","","NA"
"-80.38","43.46","KITCHENER/WATERLOO","6144239","2025-02-24 15:00","2025","02","24","15:00","","4.6","","-2.0","","62","","0.0","","22","","46","","16.1","","96.30","","","","","","NA"
"-80.38","43.46","KITCHENER/WATERLOO","6144239","2025-02-24 16:00","2025","02","24","16:00","","4.6","","-1.6","","64","","0.0","","22","","39","","16.1","","96.32","","","","","","NA"
"-80.38","43.46","KITCHENER/WATERLOO","6144239","2025-02-24 17:00","2025","02","24","17:00","","4.4","","-1.2","","67","","0.0","","22","","34","","16.1","","96.37","","","","","","NA"
"-80.38","43.46","KITCHENER/WATERLOO","6144239","2025-02-24 18:00","2025","02","24","18:00","","3.6","","-0.9","","72","","0.0","","22","","30","","16.1","","96.44","","","","","","NA"
"-80.38","43.46","KITCHENER/WATERLOO","6144239","2025-02-24 19:00","2025","02","24","19:00","","3.3","","-0.5","","76","","0.0","","22","","22","","16.1","","96.51","","","","","","NA"
"-80.38","43.46","KITCHENER/WATERLOO","6144239","2025-02-24 20:00","2025","02","24","20:00","","3.2","","-0.4","","77","","0.0","","22","","21","","16.1","","96.58","","","","","","NA"
"-80.38","43.46","KITCHENER/WATERLOO","6144239","2025-02-24 21:00","2025","02","24","21:00","","3.4","","-0.2","","77","","0.0","","22","","26","","16.1","","96.62","","","","","","NA"
"-80.38","43.46","KITCHENER/WATERLOO","6144239","2025-02-24 22:00","2025","02","24","22:00","","3.5","","0.0","","78","","0.0","","22","","26","","16.1","","96.68","","","","","","NA"
"-80.38","43.46","KITCHENER/WATERLOO","6144239","2025-02-24 23:00","2025","02","24","23:00","","3.5","","0.2","","79","","0.0","","23","","18","","16.1","","96.70","","","","","","NA"
"-80.38","43.46","KITCHENER/WATERLOO","6144239","2025-02-25 00:00","2025","02","25","00:00","","3.3","","0.3","","80","","0.0","","27","","8","","16.1","","96.68","","","","","","NA"
"-80.38","43.46","KITCHENER/WATERLOO","6144239","2025-02-25 01:00","2025","02","25","01:00","","3.0","","0.2","","82","","0.0","","22","","8","","16.1","","96.71","","","","","","NA"
"-80.38","43.46","KITCHENER/WATERLOO","6144239","2025-02-25 02:00","2025","02","25","02:00","","3.6","","0.3","","79","","0.0","","26","","11","","16.1","","96.66","","","","","","NA"
"-80.38","43.46","KITCHENER/WATERLOO","6144239","2025-02-25 03:00","2025","02","25","03:00","","2.8","","0.3","","84","","0.0","","","","0","","16.1","","96.64","","","","","","NA"
"-80.38","43.46","KITCHENER/WATERLOO","6144239","2025-02-25 04:00","2025","02","25","04:00","","2.7","","0.3","","84","","0.0","","19","","11","","16.1","","96.59","","","","","","NA"
"-80.38","43.46","KITCHENER/WATERLOO","6144239","2025-02-25 05:00","2025","02","25","05:00","","2.6","","0.3","","85","","0.0","","","M","4","","16.1","","96.63","","","","","","NA"
"-80.38","43.46","KITCHENER/WATERLOO","6144239","2025-02-25 06:00","2025","02","25","06:00","","2.2","","0.4","","88","","0.0","","20","","9","","16.1","","96.61","","","","","","NA"
"-80.38","43.46","KITCHENER/WATERLOO","6144239","2025-02-25 07:00","2025","02","25","07:00","","2.2","","0.6","","89","","0.0","","16","","5","","9.7","","96.62","","","","","","Fog"
"-80.38","43.46","KITCHENER/WATERLOO","6144239","2025-02-25 08:00","2025","02","25","08:00","","1.6","","0.3","","91","","0.0","","19","","8","","9.7","","96.70","","","","","","Fog"
"-80.38","43.46","KITCHENER/WATERLOO","6144239","2025-02-25 09:00","2025","02","25","09:00","","2.2","","0.6","","89","","0.0","","18","","5","","11.3","","96.72","","","","","","Rain"
"-80.38","43.46","KITCHENER/WATERLOO","6144239","2025-02-25 10:00","2025","02","25","10:00","","4.1","","1.0","","80","","0.0","","25","","11","","16.1","","96.70","","","","","","NA"
"-80.38","43.46","KITCHENER/WATERLOO","6144239","2025-02-25 11:00","2025","02","25","11:00","","5.0","","0.8","","74","","0.0","","26","","18","","16.1","","96.69","","","","","","NA"
"-80.38","43.46","KITCHENER/WATERLOO","6144239","2025-02-25 12:00","2025","02","25","12:00","","5.3","","0.7","","72","","0.0","","27","","13","","16.1","","96.71","","","","","","NA"
"-80.38","43.46","KITCHENER/WATERLOO","6144239","2025-02-25 13:00","2025","02","25","13:00","","5.4","","0.6","","71","","0.0","","29","","17","","16.1","","96.69","","","","","","NA"
"-80.38","43.46","KITCHENER/WATERLOO","6144239","2025-02-25 14:00","2025","02","25","14:00","","5.7","","0.3","","68","","0.0","","30","","18","","16.1","","96.67","","","","","","NA"
"-80.38","43.46","KITCHENER/WATERLOO","6144239","2025-02-25 15:00","2025","02","25","15:00","","4.6","","0.2","","73","","0.0","","29","","26","","16.1","","96.75","","","","","","NA"
"-80.38","43.46","KITCHENER/WATERLOO","6144239","2025-02-25 16:00","2025","02","25","16:00","","4.4","","0.4","","75","","0.0","","29","","17","","16.1","","96.81","","","","","","NA"
"-80.38","43.46","KITCHENER/WATERLOO","6144239","2025-02-25 17:00","2025","02","25","17:00","","4.7","","0.4","","74","","0.0","","30","","11","","16.1","","96.89","","","","","","NA"
"-80.38","43.46","KITCHENER/WATERLOO","6144239","2025-02-25 18:00","2025","02","25","18:00","","3.6","","0.1","","78","","0.0","","28","","9","","16.1","","96.97","","","","","","NA"
"-80.38","43.46","KITCHENER/WATERLOO","6144239","2025-02-25 19:00","2025","02","25","19:00","","2.6","","-0.1","","82","","0.0","","25","","9","","16.1","","97.06","","","","","","NA"
"-80.38","43.46","KITCHENER/WATERLOO","6144239","2025-02-25 20:00","2025","02","25","20:00","","1.6","","-0.3","","87","","0.0","","26","","9","","16.1","","97.10","","","","","","NA"
"-80.38","43.46","KITCHENER/WATERLOO","6144239","2025-02-25 21:00","2025","02","25","21:00","","0.6","","-1.2","","88","","0.0","","28","","9","","16.1","","97.18","","","","","","NA"
"-80.38","43.46","KITCHENER/WATERLOO","6144239","2025-02-25 22:00","2025","02","25","22:00","","1.4","","-0.5","","87","","0.0","","29","","9","","16.1","","97.20","","","","","","NA"
"-80.38","43.46","KITCHENER/WATERLOO","6144239","2025-02-25 23:00","2025","02","25","23:00","","1.1","","-0.6","","89","","0.0","","30","","8","","16.1","","97.24","","","","","","NA"
"-80.38","43.46","KITCHENER/WATERLOO","6144239","2025-02-26 00:00","2025","02","26","00:00","","0.5","","-1.0","","90","","0.0","","30","","11","","16.1","","97.23","","","","","","NA"
"-80.38","43.46","KITCHENER/WATERLOO","6144239","2025-02-26 01:00","2025","02","26","01:00","","-0.6","","-1.5","","94","","0.0","","29","","9","","16.1","","97.28","","","","-4","","NA"
"-80.38","43.46","KITCHENER/WATERLOO","6144239","2025-02-26 02:00","2025","02","26","02:00","","-2.3","","-2.7","","97","","0.0","","31","","9","","9.7","","97.30","","","","-6","","Fog"
"-80.38","43.46","KITCHENER/WATERLOO","6144239","2025-02-26 03:00","2025","02","26","03:00","","-2.0","","-2.7","","95","","0.0","","31","","9","","16.1","","97.31","","","","-5","","NA"
"-80.38","43.46","KITCHENER/WATERLOO","6144239","2025-02-26 04:00","2025","02","26","04:00","","-2.7","","-3.1","","97","","0.0","","31","","5","","11.3","","97.36","","","","-5","","NA"
"-80.38","43.46","KITCHENER/WATERLOO","6144239","2025-02-26 05:00","2025","02","26","05:00","","-4.5","","-4.8","","98","","0.0","","31","","4","","1.6","","97.38","","","","-6","","Fog"
"-80.38","43.46","KITCHENER/WATERLOO","6144239","2025-02-26 06:00","2025","02","26","06:00","","-6.3","","-6.7","","97","","0.0","","29","","4","","1.2","","97.47","","","","-8","","Fog"
"-80.38","43.46","KITCHENER/WATERLOO","6144239","2025-02-26 07:00","2025","02","26","07:00","","-6.7","","-7.1","","97","","0.0","","27","","4","","0.2","","97.49","","","","-9","","Freezing Fog"
"-80.38","43.46","KITCHENER/WATERLOO","6144239","2025-02-26 08:00","2025","02","26","08:00","","-7.1","","-7.6","","96","","0.0","","","","0","","1.6","","97.55","","","","","","Fog"
"-80.38","43.46","KITCHENER/WATERLOO","6144239","2025-02-26 09:00","2025","02","26","09:00","","-3.2","","-3.7","","96","","0.0","","","M","4","","6.4","","97.55","","","","-5","","Fog"
"-80.38","43.46","KITCHENER/WATERLOO","6144239","2025-02-26 10:00","2025","02","26","10:00","","-0.8","","-1.7","","94","","0.0","","10","","5","","16.1","","97.60","","","","-2","","NA"
"-80.38","43.46","KITCHENER/WATERLOO","6144239","2025-02-26 11:00","2025","02","26","11:00","","2.9","","-2.2","","69","","0.0","","","","0","","16.1","","97.63","","","","","","NA"
"-80.38","43.46","KITCHENER/WATERLOO","6144239","2025-02-26 12:00","2025","02","26","12:00","","2.8","","-3.6","","63","","0.0","","35","","8","","16.1","","97.60","","","","","","NA"
"-80.38","43.46","KITCHENER/WATERLOO","6144239","2025-02-26 13:00","2025","02","26","13:00","","3.6","","-4.8","","54","","0.0","","","","0","","16.1","","97.55","","","","","","NA"
"-80.38","43.46","KITCHENER/WATERLOO","6144239","2025-02-26 14:00","2025","02","26","14:00","","3.6","","-4.3","","56","","0.0","","36","","9","","16.1","","97.50","","","","","","NA"
"-80.38","43.46","KITCHENER/WATERLOO","6144239","2025-02-26 15:00","2025","02","26","15:00","","3.7","","-4.2","","56","","0.0","","7","","5","","16.1","","97.45","","","","","","NA"
"-80.38","43.46","KITCHENER/WATERLOO","6144239","2025-02-26 16:00","2025","02","26","16:00","","3.3","","-4.5","","57","","0.0","","7","","8","","16.1","","97.47","","","","","","NA"
"-80.38","43.46","KITCHENER/WATERLOO","6144239","2025-02-26 17:00","2025","02","26","17:00","","3.5","","-4.3","","57","","0.0","","15","","5","","16.1","","97.46","","","","","","NA"
"-80.38","43.46","KITCHENER/WATERLOO","6144239","2025-02-26 18:00","2025","02","26","18:00","","2.8","","-4.7","","58","","0.0","","9","","5","","16.1","","97.43","","","","","","NA"
"-80.38","43.46","KITCHENER/WATERLOO","6144239","2025-02-26 19:00","2025","02","26","19:00","","0.5","","-3.1","","77","","0.0","","13","","4","","16.1","","97.44","","","","","","NA"
"-80.38","43.46","KITCHENER/WATERLOO","6144239","2025-02-26 20:00","2025","02","26","20:00","","0.9","","-3.8","","71","","0.0","","15","","8","","16.1","","97.42","","","","","","NA"
"-80.38","43.46","KITCHENER/WATERLOO","6144239","2025-02-26 21:00","2025","02","26","21:00","","0.7","","-3.8","","72","","0.0","","16","","9","","16.1","","97.40","","","","","","NA"
"-80.38","43.46","KITCHENER/WATERLOO","6144239","2025-02-26 22:00","2025","02","26","22:00","","1.1","","-3.1","","74","","0.0","","11","","5","","16.1","","97.35","","","","","","NA"
"-80.38","43.46","KITCHENER/WATERLOO","6144239","2025-02-26 23:00","2025","02","26","23:00","","0.7","","-3.4","","74","","0.0","","6","","11","","16.1","","97.25","","","","","","NA"
"-80.38","43.46","KITCHENER/WATERLOO","6144239","2025-02-27 00:00","2025","02","27","00:00","","0.4","","-2.9","","78","","0.0","","7","","8","","16.1","","97.15","","","","","","NA"
"-80.38","43.46","KITCHENER/WATERLOO","6144239","2025-02-27 01:00","2025","02","27","01:00","","0.5","","-2.8","","79","","0.0","","8","","5","","16.1","","97.11","","","","","","NA"
"-80.38","43.46","KITCHENER/WATERLOO","6144239","2025-02-27 02:00","2025","02","27","02:00","","0.4","","-2.7","","80","","0.0","","8","","13","","16.1","","96.96","","","","","","NA"
"-80.38","43.46","KITCHENER/WATERLOO","6144239","2025-02-27 03:00","2025","02","27","03:00","","1.0","","-3.2","","74","","0.0","","9","","11","","16.1","","96.87","","","","","","Rain"
"-80.38","43.46","KITCHENER/WATERLOO","6144239","2025-02-27 04:00","2025","02","27","04:00","","0.0","","-2.1","","86","","0.0","","7","","11","","8.1","","96.70","","","","-4","","Snow"
"-80.38","43.46","KITCHENER/WATERLOO","6144239","2025-02-27 05:00","2025","02","27","05:00","","-0.3","","-1.4","","92","","0.0","","5","","9","","9.7","","96.62","","","","-3","","Snow"
"-80.38","43.46","KITCHENER/WATERLOO","6144239","2025-02-27 06:00","2025","02","27","06:00","","-0.3","","-1.1","","95","","0.5","","35","","8","","3.6","","96.55","","","","-3","","Snow"
"-80.38","43.46","KITCHENER/WATERLOO","6144239","2025-02-27 07:00","2025","02","27","07:00","","-0.5","","-0.9","","97","","2.2","","33","","5","","1.2","","96.50","","","","-2","","Snow"
"-80.38","43.46","KITCHENER/WATERLOO","6144239","2025-02-27 08:00","2025","02","27","08:00","","-0.4","","-0.9","","97","","0.5","","35","","9","","1.6","","96.44","","","","-4","","Snow"
"-80.38","43.46","KITCHENER/WATERLOO","6144239","2025-02-27 09:00","2025","02","27","09:00","","0.1","","-0.6","","95","","1.2","","33","","9","","2.0","","96.42","","","","","","Snow"
"-80.38","43.46","KITCHENER/WATERLOO","6144239","2025-02-27 10:00","2025","02","27","10:00","","0.8","","-0.2","","93","","0.0","","30","","9","","6.4","","96.41","","","","","","Rain,Fog"
"-80.38","43.46","KITCHENER/WATERLOO","6144239","2025-02-27 11:00","2025","02","27","11:00","","1.0","","-0.3","","91","","0.0","","29","","13","","9.7","","96.42","","","","","","Rain,Fog"
"-80.38","43.46","KITCHENER/WATERLOO","6144239","2025-02-27 12:00","2025","02","27","12:00","","1.7","","-0.1","","88","","0.0","","27","","21","","16.1","","96.43","","","","","","Rain"
"-80.38","43.46","KITCHENER/WATERLOO","6144239","2025-02-27 13:00","2025","02","27","13:00","","2.4","","0.0","","84","","0.0","","28","","24","","16.1","","96.40","","","","","","NA"
"-80.38","43.46","KITCHENER/WATERLOO","6144239","2025-02-27 14:00","2025","02","27","14:00","","1.8","","0.3","","90","","0.0","","26","","24","","6.4","","96.40","","","","","","Fog"
"-80.38","43.46","KITCHENER/WATERLOO","6144239","2025-02-27 15:00","2025","02","27","15:00","","2.0","","0.1","","87","","0.0","","26","","26","","16.1","","96.43","","","","","","NA"
"-80.38","43.46","KITCHENER/WATERLOO","6144239","2025-02-27 16:00","2025","02","27","16:00","","1.3","","0.6","","95","","0.0","","26","","18","","2.4","","96.50","","","","","","Fog"
"-80.38","43.46","KITCHENER/WATERLOO","6144239","2025-02-27 17:00","2025","02","27","17:00","","1.6","","0.4","","92","","0.0","","27","","22","","12.9","","96.53","","","","","","Rain"
"-80.38","43.46","KITCHENER/WATERLOO","6144239","2025-02-27 18:00","2025","02","27","18:00","","1.6","","0.0","","89","","0.0","","27","","17","","12.9","","96.58","","","","","","NA"
"-80.38","43.46","KITCHENER/WATERLOO","6144239","2025-02-27 19:00","2025","02","27","19:00","","1.6","","0.2","","90","","0.0","","25","","18","","8.1","","96.61","","","","","","Rain,Fog"
"-80.38","43.46","KITCHENER/WATERLOO","6144239","2025-02-27 20:00","2025","02","27","20:00","","1.3","","0.1","","92","","0.2","","26","","24","","12.9","","96.63","","","","","","Rain"
"-80.38","43.46","KITCHENER/WATERLOO","6144239","2025-02-27 21:00","2025","02","27","21:00","","1.0","","-0.2","","92","","0.0","","29","","22","","16.1","","96.65","","","","","","Rain"
"-80.38","43.46","KITCHENER/WATERLOO","6144239","2025-02-27 22:00","2025","02","27","22:00","","0.8","","-1.0","","88","","0.0","","30","","26","","16.1","","96.66","","","","","","Rain"
"-80.38","43.46","KITCHENER/WATERLOO","6144239","2025-02-27 23:00","2025","02","27","23:00","","0.1","","-2.3","","84","","0.0","","30","","22","","16.1","","96.65","","","","","","NA"
"-80.38","43.46","KITCHENER/WATERLOO","6144239","2025-02-28 00:00","2025","02","28","00:00","","-0.3","","-3.2","","81","","0.0","","31","","13","","16.1","","96.66","","","","-4","","NA"
"-80.38","43.46","KITCHENER/WATERLOO","6144239","2025-02-28 01:00","2025","02","28","01:00","","-1.2","","-5.8","","71","","0.0","","32","","30","","16.1","","96.77","","","","-8","","NA"
"-80.38","43.46","KITCHENER/WATERLOO","6144239","2025-02-28 02:00","2025","02","28","02:00","","-1.5","","-5.6","","74","","0.0","","31","","13","","16.1","","96.86","","","","-6","","NA"
"-80.38","43.46","KITCHENER/WATERLOO","6144239","2025-02-28 03:00","2025","02","28","03:00","","-1.6","","-5.0","","78","","0.0","","31","","11","","16.1","","96.93","","","","-5","","NA"
"-80.38","43.46","KITCHENER/WATERLOO","6144239","2025-02-28 04:00","2025","02","28","04:00","","-2.2","","-6.6","","72","","0.0","","31","","13","","16.1","","96.97","","","","-7","","NA"
"-80.38","43.46","KITCHENER/WATERLOO","6144239","2025-02-28 05:00","2025","02","28","05:00","","-2.5","","-6.7","","73","","0.0","","29","","4","","16.1","","96.99","","","","-4","","NA"
"-80.38","43.46","KITCHENER/WATERLOO","6144239","2025-02-28 06:00","2025","02","28","06:00","","-2.4","","-6.8","","72","","0.0","","","M","4","","16.1","","97.02","","","","-4","","NA"
"-80.38","43.46","KITCHENER/WATERLOO","6144239","2025-02-28 07:00","2025","02","28","07:00","","-2.8","","-6.8","","74","","0.0","","","M","4","","16.1","","97.01","","","","-4","","NA"
"-80.38","43.46","KITCHENER/WATERLOO","6144239","2025-02-28 08:00","2025","02","28","08:00","","-2.3","","-6.0","","76","","0.0","","23","","13","","16.1","","96.99","","","","-7","","NA"
"-80.38","43.46","KITCHENER/WATERLOO","6144239","2025-02-28 09:00","2025","02","28","09:00","","-1.8","","-5.2","","77","","0.0","","21","","17","","16.1","","96.95","","","","-7","","NA"
"-80.38","43.46","KITCHENER/WATERLOO","6144239","2025-02-28 10:00","2025","02","28","10:00","","-1.3","","-5.2","","75","","0.0","","22","","22","","16.1","","96.86","","","","-7","","NA"
"-80.38","43.46","KITCHENER/WATERLOO","6144239","2025-02-28 11:00","2025","02","28","11:00","","-0.8","","-4.3","","77","","0.0","","20","","21","","16.1","","96.74","","","","-6","","NA"
"-80.38","43.46","KITCHENER/WATERLOO","6144239","2025-02-28 12:00","2025","02","28","12:00","","-0.2","","-3.8","","77","","0.0","","17","","28","","16.1","","96.50","","","","-7","","NA"
"-80.38","43.46","KITCHENER/WATERLOO","6144239","2025-02-28 13:00","2025","02","28","13:00","","-0.3","","-3.3","","81","","0.0","","20","","30","","3.6","","96.40","","","","-7","","Snow"
"-80.38","43.46","KITCHENER/WATERLOO","6144239","2025-02-28 14:00","2025","02","28","14:00","","0.1","","-2.9","","80","","0.0","","18","","32","","4.8","","96.13","","","","","","Snow"
"-80.38","43.46","KITCHENER/WATERLOO","6144239","2025-02-28 15:00","2025","02","28","15:00","","1.3","","-3.0","","73","","0.0","","16","","28","","16.1","","95.85","","","","","","NA"
"-80.38","43.46","KITCHENER/WATERLOO","6144239","2025-02-28 16:00","2025","02","28","16:00","","1.8","","-2.5","","73","","0.0","","16","","30","","16.1","","95.74","","","","","","NA"
"-80.38","43.46","KITCHENER/WATERLOO","6144239","2025-02-28 17:00","2025","02","28","17:00","","2.2","","-2.1","","73","","0.0","","16","","24","","16.1","","95.63","","","","","","NA"
"-80.38","43.46","KITCHENER/WATERLOO","6144239","2025-02-28 18:00","2025","02","28","18:00","","2.5","","-1.9","","73","","0.0","","16","","21","","16.1","","95.55","","","","","","NA"
"-80.38","43.46","KITCHENER/WATERLOO","6144239","2025-02-28 19:00","2025","02","28","19:00","","3.2","","-1.6","","71","","0.0","","18","","17","","16.1","","95.50","","","","","","NA"
"-80.38","43.46","KITCHENER/WATERLOO","6144239","2025-02-28 20:00","2025","02","28","20:00","","4.6","","-0.3","","71","","0.0","","21","","26","","16.1","","95.47","","","","","","Rain"
"-80.38","43.46","KITCHENER/WATERLOO","6144239","2025-02-28 21:00","2025","02","28","21:00","","4.1","","0.1","","75","","0.0","","23","","21","","16.1","","95.42","","","","","","NA"
"-80.38","43.46","KITCHENER/WATERLOO","6144239","2025-02-28 22:00","2025","02","28","22:00","","4.0","","0.3","","77","","0.2","","25","","26","","16.1","","95.45","","","","","","Rain"
"-80.38","43.46","KITCHENER/WATERLOO","6144239","2025-02-28 23:00","2025","02","28","23:00","","3.5","","0.5","","81","","0.0","","25","","26","","16.1","","95.46","","","","","","Rain"
