"Longitude (x)","Latitude (y)","Station Name","Climate ID","Date/Time (LST)","Year","Month","Day","Time (LST)","Flag","Temp (°C)","Temp Flag","Dew Point Temp (°C)","Dew Point Temp Flag","Rel Hum (%)","Rel Hum Flag","Precip. Amount (mm)","Precip. Amount Flag","Wind Dir (10s deg)","Wind Dir Flag","Wind Spd (km/h)","Wind Spd Flag","Visibility (km)","Visibility Flag","Stn Press (kPa)","Stn Press Flag","Hmdx","Hmdx Flag","Wind Chill","Wind Chill Flag","Weather"
"-80.38","43.46","KITCHENER/WATERLOO","6144239","2025-01-01 00:00","2025","01","01","00:00","","0.6","","0.0","","96","","0.2","","34","","17","","14.5","","96.25","","","","","","Snow"
"-80.38","43.46","KITCHENER/WATERLOO","6144239","2025-01-01 01:00","2025","01","01","01:00","","0.5","","-0.1","","96","","0.2","","34","","21","","4.8","","96.26","","","","","","Snow"
"-80.38","43.46","KITCHENER/WATERLOO","6144239","2025-01-01 02:00","2025","01","01","02:00","","0.8","","-0.2","","93","","0.0","","34","","26","","12.9","","96.28","","","","","","Snow"
"-80.38","43.46","KITCHENER/WATERLOO","6144239","2025-01-01 03:00","2025","01","01","03:00","","0.9","","-0.2","","93","","0.2","","33","","26","","14.5","","96.37","","","","","","Snow"
"-80.38","43.46","KITCHENER/WATERLOO","6144239","2025-01-01 04:00","2025","01","01","04:00","","0.7","","-0.3","","93","","0.0","","32","","21","","6.4","","96.46","","","","","","Snow"
"-80.38","43.46","KITCHENER/WATERLOO","6144239","2025-01-01 05:00","2025","01","01","05:00","","0.7","","-0.5","","92","","0.2","","31","","18","","16.1","","96.50","","","","","","Snow"
"-80.38","43.46","KITCHENER/WATERLOO","6144239","2025-01-01 06:00","2025","01","01","06:00","","0.4","","-0.6","","93","","0.0","","31","","21","","6.4","","96.56","","","","","","Snow"
"-80.38","43.46","KITCHENER/WATERLOO","6144239","2025-01-01 07:00","2025","01","01","07:00","","0.4","","-0.8","","92","","0.0","","30","","22","","4.8","","96.65","","","","","","Snow"
"-80.38","43.46","KITCHENER/WATERLOO","6144239","2025-01-01 08:00","2025","01","01","08:00","","0.4","","-0.9","","91","","0.0","","30","","28","","8.1","","96.75","","","","","","Snow"
"-80.38","43.46","KITCHENER/WATERLOO","6144239","2025-01-01 09:00","2025","01","01","09:00","","0.3","","-1.3","","89","","0.0","","30","","24","","14.5","","96.84","","","","","","Snow"
"-80.38","43.46","KITCHENER/WATERLOO","6144239","2025-01-01 10:00","2025","01","01","10:00","","0.3","","-1.0","","91","","0.0","","30","","30","","6.4","","96.92","","","","","","Snow"
"-80.38","43.46","KITCHENER/WATERLOO","6144239","2025-01-01 11:00","2025","01","01","11:00","","0.7","","-2.6","","79","","0.0","","29","","32","","16.1","","97.01","","","","","","NA"
"-80.38","43.46","KITCHENER/WATERLOO","6144239","2025-01-01 12:00","2025","01","01","12:00","","0.6","","-2.1","","82","","0.0","","30","","30","","16.1","","97.02","","","","","","NA"
"-80.38","43.46","KITCHENER/WATERLOO","6144239","2025-01-01 13:00","2025","01","01","13:00","","1.7","","-1.8","","78","","0.0","","31","","21","","16.1","","96.99","","","","","","NA"
"-80.38","43.46","KITCHENER/WATERLOO","6144239","2025-01-01 14:00","2025","01","01","14:00","","1.1","","-2.1","","79","","0.0","","29","","22","","16.1","","97.02","","","","","","NA"
"-80.38","43.46","KITCHENER/WATERLOO","6144239","2025-01-01 15:00","2025","01","01","15:00","","0.6","","-1.1","","89","","","M","29","","21","","12.9","","97.09","","","","","","Rain"
"-80.38","43.46","KITCHENER/WATERLOO","6144239","2025-01-01 16:00","2025","01","01","16:00","","1.1","","-2.8","","75","","0.0","","28","","22","","16.1","","97.12","","","","","","NA"
"-80.38","43.46","KITCHENER/WATERLOO","6144239","2025-01-01 17:00","2025","01","01","17:00","","0.5","","-2.7","","79","","0.0","","28","","18","","16.1","","97.18","","","","","","NA"
"-80.38","43.46","KITCHENER/WATERLOO","6144239","2025-01-01 18:00","2025","01","01","18:00","","0.2","","-2.9","","80","","0.0","","28","","17","","16.1","","97.20","","","","","","NA"
"-80.38","43.46","KITCHENER/WATERLOO","6144239","2025-01-01 19:00","2025","01","01","19:00","","0.3","","-3.1","","78","","0.0","","26","","17","","16.1","","97.24","","","","","","NA"
"-80.38","43.46","KITCHENER/WATERLOO","6144239","2025-01-01 20:00","2025","01","01","20:00","","0.0","","-2.4","","84","","0.0","","27","","21","","16.1","","97.28","","","","-5","","Rain"
"-80.38","43.46","KITCHENER/WATERLOO","6144239","2025-01-01 21:00","2025","01","01","21:00","","-0.6","","-1.7","","92","","0.0","","27","","13","","8.1","","97.30","","","","-5","","Snow"
"-80.38","43.46","KITCHENER/WATERLOO","6144239","2025-01-01 22:00","2025","01","01","22:00","","-0.9","","-1.3","","97","","1.0","","25","","15","","1.0","","97.28","","","","-6","","Snow"
"-80.38","43.46","KITCHENER/WATERLOO","6144239","2025-01-01 23:00","2025","01","01","23:00","","-0.8","","-1.7","","94","","0.8","","27","","26","","2.8","","97.31","","","","-7","","Snow"
"-80.38","43.46","KITCHENER/WATERLOO","6144239","2025-01-02 00:00","2025","01","02","00:00","","-1.1","","-2.4","","91","","0.5","","25","","15","","14.5","","97.30","","","","-6","","Snow"
"-80.38","43.46","KITCHENER/WATERLOO","6144239","2025-01-02 01:00","2025","01","02","01:00","","-1.2","","-2.6","","90","","0.0","","26","","17","","16.1","","97.32","","","","-6","","Snow"
"-80.38","43.46","KITCHENER/WATERLOO","6144239","2025-01-02 02:00","2025","01","02","02:00","","-1.4","","-3.0","","89","","0.0","","26","","18","","16.1","","97.36","","","","-7","","NA"
"-80.38","43.46","KITCHENER/WATERLOO","6144239","2025-01-02 03:00","2025","01","02","03:00","","-1.0","","-2.7","","88","","0.0","","28","","24","","6.4","","97.46","","","","-7","","Snow"
"-80.38","43.46","KITCHENER/WATERLOO","6144239","2025-01-02 04:00","2025","01","02","04:00","","-1.8","","-3.1","","91","","0.0","","27","","26","","4.8","","97.49","","","","-8","","Snow"
"-80.38","43.46","KITCHENER/WATERLOO","6144239","2025-01-02 05:00","2025","01","02","05:00","","-1.7","","-4.1","","84","","0.0","","26","","24","","16.1","","97.51","","","","-8","","Snow"
"-80.38","43.46","KITCHENER/WATERLOO","6144239","2025-01-02 06:00","2025","01","02","06:00","","-2.4","","-3.8","","90","","0.0","","29","","26","","4.8","","97.55","","","","-9","","Snow"
"-80.38","43.46","KITCHENER/WATERLOO","6144239","2025-01-02 07:00","2025","01","02","07:00","","-1.8","","-4.3","","83","","0.2","","27","","28","","16.1","","97.61","","","","-9","","Snow"
"-80.38","43.46","KITCHENER/WATERLOO","6144239","2025-01-02 08:00","2025","01","02","08:00","","-1.9","","-4.8","","81","","0.0","","27","","30","","16.1","","97.65","","","","-9","","Snow"
"-80.38","43.46","KITCHENER/WATERLOO","6144239","2025-01-02 09:00","2025","01","02","09:00","","-2.5","","-6.0","","77","","0.0","","26","","34","","16.1","","97.70","","","","-10","","Snow"
"-80.38","43.46","KITCHENER/WATERLOO","6144239","2025-01-02 10:00","2025","01","02","10:00","","-2.4","","-6.4","","74","","0.0","","26","","34","","16.1","","97.78","","","","-10","","NA"
"-80.38","43.46","KITCHENER/WATERLOO","6144239","2025-01-02 11:00","2025","01","02","11:00","","-2.3","","-6.9","","71","","0.0","","26","","34","","16.1","","97.79","","","","-10","","NA"
"-80.38","43.46","KITCHENER/WATERLOO","6144239","2025-01-02 12:00","2025","01","02","12:00","","-2.4","","-6.6","","73","","0.0","","26","","28","","16.1","","97.74","","","","-9","","NA"
"-80.38","43.46","KITCHENER/WATERLOO","6144239","2025-01-02 13:00","2025","01","02","13:00","","-2.9","","-6.8","","75","","0.0","","26","","37","","16.1","","97.71","","","","-11","","Snow"
"-80.38","43.46","KITCHENER/WATERLOO","6144239","2025-01-02 14:00","2025","01","02","14:00","","-3.2","","-7.2","","74","","0.0","","27","","37","","11.3","","97.71","","","","-11","","Snow"
"-80.38","43.46","KITCHENER/WATERLOO","6144239","2025-01-02 15:00","2025","01","02","15:00","","-3.4","","-8.1","","70","","0.0","","26","","30","","16.1","","97.72","","","","-11","","Snow"
"-80.38","43.46","KITCHENER/WATERLOO","6144239","2025-01-02 16:00","2025","01","02","16:00","","-3.5","","-7.7","","73","","0.0","","27","","28","","14.5","","97.75","","","","-11","","Snow"
"-80.38","43.46","KITCHENER/WATERLOO","6144239","2025-01-02 17:00","2025","01","02","17:00","","-3.8","","-7.1","","78","","0.0","","26","","26","","6.4","","97.80","","","","-11","","Snow"
"-80.38","43.46","KITCHENER/WATERLOO","6144239","2025-01-02 18:00","2025","01","02","18:00","","-3.8","","-7.6","","75","","0.0","","26","","30","","16.1","","97.83","","","","-11","","Snow"
"-80.38","43.46","KITCHENER/WATERLOO","6144239","2025-01-02 19:00","2025","01","02","19:00","","-3.7","","-8.0","","72","","0.0","","26","","26","","16.1","","97.86","","","","-11","","Snow"
"-80.38","43.46","KITCHENER/WATERLOO","6144239","2025-01-02 20:00","2025","01","02","20:00","","-3.8","","-7.4","","76","","0.0","","26","","26","","16.1","","97.84","","","","-11","","Snow"
"-80.38","43.46","KITCHENER/WATERLOO","6144239","2025-01-02 21:00","2025","01","02","21:00","","-4.0","","-7.0","","80","","0.0","","25","","30","","16.1","","97.80","","","","-12","","Snow"
"-80.38","43.46","KITCHENER/WATERLOO","6144239","2025-01-02 22:00","2025","01","02","22:00","","-3.9","","-7.3","","77","","0.0","","25","","21","","16.1","","97.78","","","","-10","","Snow"
"-80.38","43.46","KITCHENER/WATERLOO","6144239","2025-01-02 23:00","2025","01","02","23:00","","-3.8","","-7.8","","74","","0.0","","26","","28","","16.1","","97.76","","","","-11","","Snow"
"-80.38","43.46","KITCHENER/WATERLOO","6144239","2025-01-03 00:00","2025","01","03","00:00","","-3.9","","-7.4","","77","","0.0","","26","","30","","16.1","","97.76","","","","-12","","Snow"
"-80.38","43.46","KITCHENER/WATERLOO","6144239","2025-01-03 01:00","2025","01","03","01:00","","-4.1","","-7.3","","79","","0.0","","26","","21","","16.1","","97.73","","","","-11","","Snow"
"-80.38","43.46","KITCHENER/WATERLOO","6144239","2025-01-03 02:00","2025","01","03","02:00","","-4.2","","-7.4","","79","","0.0","","26","","21","","16.1","","97.70","","","","-11","","Snow"
"-80.38","43.46","KITCHENER/WATERLOO","6144239","2025-01-03 03:00","2025","01","03","03:00","","-4.3","","-7.8","","77","","0.0","","27","","15","","16.1","","97.68","","","","-10","","Snow"
"-80.38","43.46","KITCHENER/WATERLOO","6144239","2025-01-03 04:00","2025","01","03","04:00","","-4.4","","-8.0","","76","","0.0","","24","","22","","16.1","","97.62","","","","-11","","Snow"
"-80.38","43.46","KITCHENER/WATERLOO","6144239","2025-01-03 05:00","2025","01","03","05:00","","-4.5","","-8.1","","76","","0.0","","26","","18","","16.1","","97.55","","","","-11","","Snow"
"-80.38","43.46","KITCHENER/WATERLOO","6144239","2025-01-03 06:00","2025","01","03","06:00","","-4.5","","-8.0","","77","","0.0","","27","","21","","16.1","","97.48","","","","-11","","Snow"
"-80.38","43.46","KITCHENER/WATERLOO","6144239","2025-01-03 07:00","2025","01","03","07:00","","-4.6","","-7.6","","80","","0.0","","27","","18","","16.1","","97.45","","","","-11","","Snow"
"-80.38","43.46","KITCHENER/WATERLOO","6144239","2025-01-03 08:00","2025","01","03","08:00","","-4.7","","-7.5","","81","","0.0","","24","","22","","16.1","","97.38","","","","-12","","Snow"
"-80.38","43.46","KITCHENER/WATERLOO","6144239","2025-01-03 09:00","2025","01","03","09:00","","-4.8","","-7.4","","82","","0.0","","26","","21","","16.1","","97.36","","","","-11","","Snow"
"-80.38","43.46","KITCHENER/WATERLOO","6144239","2025-01-03 10:00","2025","01","03","10:00","","-4.4","","-7.0","","82","","0.0","","26","","18","","16.1","","97.34","","","","-10","","Snow"
"-80.38","43.46","KITCHENER/WATERLOO","6144239","2025-01-03 11:00","2025","01","03","11:00","","-3.8","","-7.3","","77","","0.0","","26","","22","","16.1","","97.27","","","","-10","","NA"
"-80.38","43.46","KITCHENER/WATERLOO","6144239","2025-01-03 12:00","2025","01","03","12:00","","-2.8","","-7.8","","69","","0.0","","26","","22","","16.1","","97.18","","","","-9","","NA"
"-80.38","43.46","KITCHENER/WATERLOO","6144239","2025-01-03 13:00","2025","01","03","13:00","","-2.9","","-7.0","","74","","0.0","","27","","26","","16.1","","97.14","","","","-10","","Snow"
"-80.38","43.46","KITCHENER/WATERLOO","6144239","2025-01-03 14:00","2025","01","03","14:00","","-3.5","","-8.1","","71","","0.0","","32","","22","","16.1","","97.17","","","","-10","","Snow"
"-80.38","43.46","KITCHENER/WATERLOO","6144239","2025-01-03 15:00","2025","01","03","15:00","","-4.2","","-9.3","","68","","0.0","","30","","26","","16.1","","97.20","","","","-11","","NA"
"-80.38","43.46","KITCHENER/WATERLOO","6144239","2025-01-03 16:00","2025","01","03","16:00","","-4.6","","-6.6","","86","","0.0","","29","","18","","4.8","","97.27","","","","-11","","Snow"
"-80.38","43.46","KITCHENER/WATERLOO","6144239","2025-01-03 17:00","2025","01","03","17:00","","-4.4","","-6.6","","85","","0.5","","29","","24","","6.4","","97.30","","","","-11","","Snow"
"-80.38","43.46","KITCHENER/WATERLOO","6144239","2025-01-03 18:00","2025","01","03","18:00","","-5.3","","-8.8","","76","","0.5","","30","","30","","11.3","","97.35","","","","-13","","Snow"
"-80.38","43.46","KITCHENER/WATERLOO","6144239","2025-01-03 19:00","2025","01","03","19:00","","-5.7","","-8.0","","84","","0.0","","29","","24","","16.1","","97.38","","","","-13","","Snow"
"-80.38","43.46","KITCHENER/WATERLOO","6144239","2025-01-03 20:00","2025","01","03","20:00","","-5.3","","-6.8","","89","","0.0","","29","","26","","3.2","","97.39","","","","-13","","Snow"
"-80.38","43.46","KITCHENER/WATERLOO","6144239","2025-01-03 21:00","2025","01","03","21:00","","-6.1","","-9.8","","75","","0.0","","27","","22","","16.1","","97.40","","","","-13","","NA"
"-80.38","43.46","KITCHENER/WATERLOO","6144239","2025-01-03 22:00","2025","01","03","22:00","","-6.1","","-9.7","","76","","0.0","","28","","28","","16.1","","97.41","","","","-14","","NA"
"-80.38","43.46","KITCHENER/WATERLOO","6144239","2025-01-03 23:00","2025","01","03","23:00","","-6.4","","-10.7","","72","","0.0","","29","","26","","16.1","","97.43","","","","-14","","Snow"
"-80.38","43.46","KITCHENER/WATERLOO","6144239","2025-01-04 00:00","2025","01","04","00:00","","-6.7","","-9.8","","79","","0.0","","27","","24","","16.1","","97.42","","","","-14","","NA"
"-80.38","43.46","KITCHENER/WATERLOO","6144239","2025-01-04 01:00","2025","01","04","01:00","","-7.1","","-10.6","","76","","0.0","","28","","26","","16.1","","97.37","","","","-15","","NA"
"-80.38","43.46","KITCHENER/WATERLOO","6144239","2025-01-04 02:00","2025","01","04","02:00","","-7.3","","-10.7","","77","","0.0","","28","","30","","16.1","","97.41","","","","-16","","Snow"
"-80.38","43.46","KITCHENER/WATERLOO","6144239","2025-01-04 03:00","2025","01","04","03:00","","-7.0","","-10.5","","77","","0.0","","27","","34","","16.1","","97.43","","","","-16","","NA"
"-80.38","43.46","KITCHENER/WATERLOO","6144239","2025-01-04 04:00","2025","01","04","04:00","","-7.1","","-10.4","","77","","0.0","","27","","28","","16.1","","97.45","","","","-15","","NA"
"-80.38","43.46","KITCHENER/WATERLOO","6144239","2025-01-04 05:00","2025","01","04","05:00","","-7.4","","-10.8","","77","","0.0","","27","","28","","16.1","","97.46","","","","-16","","NA"
"-80.38","43.46","KITCHENER/WATERLOO","6144239","2025-01-04 06:00","2025","01","04","06:00","","-7.7","","-10.6","","80","","0.0","","26","","26","","16.1","","97.50","","","","-16","","NA"
"-80.38","43.46","KITCHENER/WATERLOO","6144239","2025-01-04 07:00","2025","01","04","07:00","","-7.7","","-10.6","","80","","0.0","","26","","28","","16.1","","97.52","","","","-16","","Snow"
"-80.38","43.46","KITCHENER/WATERLOO","6144239","2025-01-04 08:00","2025","01","04","08:00","","-7.4","","-10.0","","82","","0.0","","26","","28","","16.1","","97.51","","","","-16","","Snow"
"-80.38","43.46","KITCHENER/WATERLOO","6144239","2025-01-04 09:00","2025","01","04","09:00","","-7.0","","-10.2","","78","","0.0","","26","","32","","16.1","","97.53","","","","-16","","NA"
"-80.38","43.46","KITCHENER/WATERLOO","6144239","2025-01-04 10:00","2025","01","04","10:00","","-6.2","","-9.4","","78","","0.0","","25","","34","","16.1","","97.57","","","","-15","","NA"
"-80.38","43.46","KITCHENER/WATERLOO","6144239","2025-01-04 11:00","2025","01","04","11:00","","-5.4","","-8.8","","77","","0.0","","26","","32","","16.1","","97.58","","","","-14","","NA"
"-80.38","43.46","KITCHENER/WATERLOO","6144239","2025-01-04 12:00","2025","01","04","12:00","","-5.2","","-9.1","","74","","0.0","","26","","37","","16.1","","97.55","","","","-14","","Snow"
"-80.38","43.46","KITCHENER/WATERLOO","6144239","2025-01-04 13:00","2025","01","04","13:00","","-5.6","","-8.5","","80","","0.0","","27","","35","","6.4","","97.53","","","","-14","","Snow"
"-80.38","43.46","KITCHENER/WATERLOO","6144239","2025-01-04 14:00","2025","01","04","14:00","","-6.1","","-8.8","","81","","0.0","","26","","35","","3.2","","97.57","","","","-15","","Snow"
"-80.38","43.46","KITCHENER/WATERLOO","6144239","2025-01-04 15:00","2025","01","04","15:00","","-6.3","","-9.3","","79","","0.0","","26","","32","","4.8","","97.61","","","","-15","","Snow"
"-80.38","43.46","KITCHENER/WATERLOO","6144239","2025-01-04 16:00","2025","01","04","16:00","","-6.6","","-9.5","","80","","0.0","","26","","37","","4.8","","97.64","","","","-16","","Snow"
"-80.38","43.46","KITCHENER/WATERLOO","6144239","2025-01-04 17:00","2025","01","04","17:00","","-6.7","","-9.8","","79","","0.0","","26","","28","","14.5","","97.67","","","","-15","","Snow"
"-80.38","43.46","KITCHENER/WATERLOO","6144239","2025-01-04 18:00","2025","01","04","18:00","","-6.7","","-10.0","","77","","0.0","","26","","35","","9.7","","97.68","","","","-16","","Snow"
"-80.38","43.46","KITCHENER/WATERLOO","6144239","2025-01-04 19:00","2025","01","04","19:00","","-6.5","","-10.2","","75","","0.0","","26","","34","","12.9","","97.67","","","","-15","","Snow"
"-80.38","43.46","KITCHENER/WATERLOO","6144239","2025-01-04 20:00","2025","01","04","20:00","","-6.6","","-10.3","","75","","0.0","","25","","37","","14.5","","97.67","","","","-16","","Snow"
"-80.38","43.46","KITCHENER/WATERLOO","6144239","2025-01-04 21:00","2025","01","04","21:00","","-6.7","","-10.6","","74","","0.0","","26","","35","","16.1","","97.68","","","","-16","","Snow"
"-80.38","43.46","KITCHENER/WATERLOO","6144239","2025-01-04 22:00","2025","01","04","22:00","","-6.7","","-11.5","","69","","0.0","","26","","35","","16.1","","97.69","","","","-16","","Snow"
"-80.38","43.46","KITCHENER/WATERLOO","6144239","2025-01-04 23:00","2025","01","04","23:00","","-7.0","","-11.3","","72","","0.0","","25","","39","","16.1","","97.72","","","","-17","","Snow"
"-80.38","43.46","KITCHENER/WATERLOO","6144239","2025-01-05 00:00","2025","01","05","00:00","","-7.3","","-11.3","","73","","0.0","","26","","37","","16.1","","97.73","","","","-17","","Snow"
"-80.38","43.46","KITCHENER/WATERLOO","6144239","2025-01-05 01:00","2025","01","05","01:00","","-7.4","","-11.1","","75","","0.0","","26","","37","","16.1","","97.69","","","","-17","","Snow"
"-80.38","43.46","KITCHENER/WATERLOO","6144239","2025-01-05 02:00","2025","01","05","02:00","","-7.5","","-11.4","","74","","0.0","","27","","30","","16.1","","97.69","","","","-16","","Snow"
"-80.38","43.46","KITCHENER/WATERLOO","6144239","2025-01-05 03:00","2025","01","05","03:00","","-7.5","","-11.4","","74","","0.0","","26","","34","","16.1","","97.73","","","","-17","","Snow"
"-80.38","43.46","KITCHENER/WATERLOO","6144239","2025-01-05 04:00","2025","01","05","04:00","","-7.5","","-11.0","","76","","0.0","","26","","28","","16.1","","97.75","","","","-16","","Snow"
"-80.38","43.46","KITCHENER/WATERLOO","6144239","2025-01-05 05:00","2025","01","05","05:00","","-7.4","","-10.6","","78","","0.0","","26","","24","","16.1","","97.76","","","","-15","","Snow"
"-80.38","43.46","KITCHENER/WATERLOO","6144239","2025-01-05 06:00","2025","01","05","06:00","","-7.4","","-10.3","","80","","0.0","","25","","24","","11.3","","97.82","","","","-15","","Snow"
"-80.38","43.46","KITCHENER/WATERLOO","6144239","2025-01-05 07:00","2025","01","05","07:00","","-7.1","","-9.8","","81","","0.0","","25","","21","","16.1","","97.83","","","","-14","","Snow"
"-80.38","43.46","KITCHENER/WATERLOO","6144239","2025-01-05 08:00","2025","01","05","08:00","","-6.8","","-9.4","","82","","0.0","","24","","15","","11.3","","97.85","","","","-13","","Snow"
"-80.38","43.46","KITCHENER/WATERLOO","6144239","2025-01-05 09:00","2025","01","05","09:00","","-7.0","","-9.0","","86","","0.0","","23","","18","","4.8","","97.87","","","","-14","","Snow"
"-80.38","43.46","KITCHENER/WATERLOO","6144239","2025-01-05 10:00","2025","01","05","10:00","","-6.5","","-8.6","","85","","0.0","","22","","18","","12.9","","97.93","","","","-13","","Snow"
"-80.38","43.46","KITCHENER/WATERLOO","6144239","2025-01-05 11:00","2025","01","05","11:00","","-6.4","","-9.1","","81","","0.0","","23","","24","","16.1","","97.98","","","","-14","","Snow"
"-80.38","43.46","KITCHENER/WATERLOO","6144239","2025-01-05 12:00","2025","01","05","12:00","","-5.9","","-8.7","","81","","0.0","","24","","18","","16.1","","97.93","","","","-12","","Snow"
"-80.38","43.46","KITCHENER/WATERLOO","6144239","2025-01-05 13:00","2025","01","05","13:00","","-5.5","","-8.1","","82","","0.0","","24","","22","","16.1","","97.91","","","","-13","","NA"
"-80.38","43.46","KITCHENER/WATERLOO","6144239","2025-01-05 14:00","2025","01","05","14:00","","-6.8","","-9.1","","84","","0.0","","23","","26","","16.1","","97.95","","","","-15","","Snow"
"-80.38","43.46","KITCHENER/WATERLOO","6144239","2025-01-05 15:00","2025","01","05","15:00","","-6.1","","-7.9","","87","","0.0","","26","","24","","12.9","","97.95","","","","-14","","Rain"
"-80.38","43.46","KITCHENER/WATERLOO","6144239","2025-01-05 16:00","2025","01","05","16:00","","-5.5","","-7.9","","83","","0.0","","27","","22","","16.1","","97.97","","","","-13","","Snow"
"-80.38","43.46","KITCHENER/WATERLOO","6144239","2025-01-05 17:00","2025","01","05","17:00","","-5.9","","-8.2","","84","","0.0","","26","","18","","16.1","","97.97","","","","-12","","NA"
"-80.38","43.46","KITCHENER/WATERLOO","6144239","2025-01-05 18:00","2025","01","05","18:00","","-7.2","","-9.0","","87","","0.0","","26","","13","","16.1","","97.98","","","","-13","","NA"
"-80.38","43.46","KITCHENER/WATERLOO","6144239","2025-01-05 19:00","2025","01","05","19:00","","-7.3","","-8.7","","90","","0.0","","29","","13","","16.1","","97.95","","","","-13","","NA"
"-80.38","43.46","KITCHENER/WATERLOO","6144239","2025-01-05 20:00","2025","01","05","20:00","","-7.9","","-9.1","","91","","0.0","","21","","9","","16.1","","97.97","","","","-12","","NA"
"-80.38","43.46","KITCHENER/WATERLOO","6144239","2025-01-05 21:00","2025","01","05","21:00","","-7.2","","-8.4","","91","","0.0","","29","","5","","16.1","","97.95","","","","-10","","NA"
"-80.38","43.46","KITCHENER/WATERLOO","6144239","2025-01-05 22:00","2025","01","05","22:00","","-6.5","","-7.7","","91","","0.0","","24","","8","","16.1","","97.95","","","","-10","","NA"
"-80.38","43.46","KITCHENER/WATERLOO","6144239","2025-01-05 23:00","2025","01","05","23:00","","-6.2","","-7.4","","91","","0.0","","","M","4","","16.1","","97.95","","","","-8","","NA"
"-80.38","43.46","KITCHENER/WATERLOO","6144239","2025-01-06 00:00","2025","01","06","00:00","","-6.0","","-6.7","","95","","0.0","","22","","5","","4.0","","97.91","","","","-8","","Freezing Rain,Snow"
"-80.38","43.46","KITCHENER/WATERLOO","6144239","2025-01-06 01:00","2025","01","06","01:00","","-6.2","","-6.9","","95","","0.0","","22","","5","","4.0","","97.85","","","","-9","","Freezing Rain,Snow"
"-80.38","43.46","KITCHENER/WATERLOO","6144239","2025-01-06 02:00","2025","01","06","02:00","","-6.3","","-7.1","","94","","0.0","","","","0","","9.7","","97.75","","","","","","Fog"
"-80.38","43.46","KITCHENER/WATERLOO","6144239","2025-01-06 03:00","2025","01","06","03:00","","-6.1","","-6.8","","95","","0.0","","","","0","","8.1","","97.75","","","","","","Fog"
"-80.38","43.46","KITCHENER/WATERLOO","6144239","2025-01-06 04:00","2025","01","06","04:00","","-6.1","","-6.8","","95","","0.0","","","","0","","2.8","","97.75","","","","","","Snow"
"-80.38","43.46","KITCHENER/WATERLOO","6144239","2025-01-06 05:00","2025","01","06","05:00","","-5.8","","-6.6","","94","","0.0","","","M","4","","4.8","","97.73","","","","-8","","Snow"
"-80.38","43.46","KITCHENER/WATERLOO","6144239","2025-01-06 06:00","2025","01","06","06:00","","-6.7","","-7.9","","91","","0.0","","3","","9","","16.1","","97.66","","","","-11","","NA"
"-80.38","43.46","KITCHENER/WATERLOO","6144239","2025-01-06 07:00","2025","01","06","07:00","","-7.7","","-9.4","","88","","0.0","","1","","13","","16.1","","97.64","","","","-13","","NA"
"-80.38","43.46","KITCHENER/WATERLOO","6144239","2025-01-06 08:00","2025","01","06","08:00","","-8.4","","-10.5","","85","","0.0","","36","","15","","16.1","","97.65","","","","-15","","NA"
"-80.38","43.46","KITCHENER/WATERLOO","6144239","2025-01-06 09:00","2025","01","06","09:00","","-9.3","","-12.0","","81","","0.0","","1","","13","","16.1","","97.70","","","","-15","","NA"
"-80.38","43.46","KITCHENER/WATERLOO","6144239","2025-01-06 10:00","2025","01","06","10:00","","-9.6","","-12.7","","78","","0.0","","3","","15","","16.1","","97.71","","","","-16","","Snow"
"-80.38","43.46","KITCHENER/WATERLOO","6144239","2025-01-06 11:00","2025","01","06","11:00","","-10.0","","-13.1","","78","","0.0","","3","","13","","16.1","","97.73","","","","-16","","Snow"
"-80.38","43.46","KITCHENER/WATERLOO","6144239","2025-01-06 12:00","2025","01","06","12:00","","-9.5","","-12.8","","77","","0.0","","1","","17","","16.1","","97.67","","","","-17","","Snow"
"-80.38","43.46","KITCHENER/WATERLOO","6144239","2025-01-06 13:00","2025","01","06","13:00","","-10.1","","-13.9","","74","","0.0","","36","","18","","16.1","","97.57","","","","-18","","Snow"
"-80.38","43.46","KITCHENER/WATERLOO","6144239","2025-01-06 14:00","2025","01","06","14:00","","-9.9","","-14.3","","71","","0.0","","36","","22","","16.1","","97.54","","","","-18","","NA"
"-80.38","43.46","KITCHENER/WATERLOO","6144239","2025-01-06 15:00","2025","01","06","15:00","","-9.5","","-14.4","","68","","0.0","","36","","22","","16.1","","97.54","","","","-18","","NA"
"-80.38","43.46","KITCHENER/WATERLOO","6144239","2025-01-06 16:00","2025","01","06","16:00","","-9.7","","-14.9","","66","","0.0","","36","","22","","16.1","","97.61","","","","-18","","NA"
"-80.38","43.46","KITCHENER/WATERLOO","6144239","2025-01-06 17:00","2025","01","06","17:00","","-10.7","","-15.2","","70","","0.0","","35","","15","","16.1","","97.68","","","","-18","","NA"
"-80.38","43.46","KITCHENER/WATERLOO","6144239","2025-01-06 18:00","2025","01","06","18:00","","-10.1","","-13.6","","76","","0.0","","36","","8","","16.1","","97.72","","","","-15","","Snow"
"-80.38","43.46","KITCHENER/WATERLOO","6144239","2025-01-06 19:00","2025","01","06","19:00","","-8.8","","-12.0","","78","","0.0","","35","","22","","16.1","","97.76","","","","-17","","Snow"
"-80.38","43.46","KITCHENER/WATERLOO","6144239","2025-01-06 20:00","2025","01","06","20:00","","-8.2","","-11.4","","78","","0.0","","34","","28","","16.1","","97.79","","","","-17","","Snow"
"-80.38","43.46","KITCHENER/WATERLOO","6144239","2025-01-06 21:00","2025","01","06","21:00","","-7.7","","-11.4","","75","","0.0","","33","","17","","16.1","","97.85","","","","-14","","Snow"
"-80.38","43.46","KITCHENER/WATERLOO","6144239","2025-01-06 22:00","2025","01","06","22:00","","-9.2","","-11.6","","83","","0.0","","30","","15","","16.1","","97.85","","","","-16","","Snow"
"-80.38","43.46","KITCHENER/WATERLOO","6144239","2025-01-06 23:00","2025","01","06","23:00","","-9.7","","-11.8","","85","","0.0","","29","","18","","16.1","","97.87","","","","-17","","Snow"
"-80.38","43.46","KITCHENER/WATERLOO","6144239","2025-01-07 00:00","2025","01","07","00:00","","-8.9","","-11.1","","84","","0.0","","30","","18","","12.9","","97.86","","","","-16","","Snow"
"-80.38","43.46","KITCHENER/WATERLOO","6144239","2025-01-07 01:00","2025","01","07","01:00","","-7.8","","-11.3","","76","","0.0","","32","","22","","16.1","","97.83","","","","-15","","Snow"
"-80.38","43.46","KITCHENER/WATERLOO","6144239","2025-01-07 02:00","2025","01","07","02:00","","-7.9","","-11.4","","76","","0.0","","32","","24","","16.1","","97.85","","","","-16","","Snow"
"-80.38","43.46","KITCHENER/WATERLOO","6144239","2025-01-07 03:00","2025","01","07","03:00","","-7.5","","-11.3","","74","","0.0","","32","","34","","16.1","","97.92","","","","-17","","Snow"
"-80.38","43.46","KITCHENER/WATERLOO","6144239","2025-01-07 04:00","2025","01","07","04:00","","-7.4","","-11.1","","75","","0.0","","32","","37","","16.1","","97.93","","","","-17","","Snow"
"-80.38","43.46","KITCHENER/WATERLOO","6144239","2025-01-07 05:00","2025","01","07","05:00","","-7.4","","-10.8","","77","","0.0","","32","","21","","16.1","","97.98","","","","-15","","Snow"
"-80.38","43.46","KITCHENER/WATERLOO","6144239","2025-01-07 06:00","2025","01","07","06:00","","-7.8","","-11.0","","78","","0.0","","32","","28","","8.1","","98.01","","","","-16","","Snow"
"-80.38","43.46","KITCHENER/WATERLOO","6144239","2025-01-07 07:00","2025","01","07","07:00","","-8.0","","-10.7","","81","","0.0","","31","","26","","4.8","","98.08","","","","-16","","Snow"
"-80.38","43.46","KITCHENER/WATERLOO","6144239","2025-01-07 08:00","2025","01","07","08:00","","-7.8","","-11.3","","76","","0.0","","32","","34","","16.1","","98.12","","","","-17","","Snow"
"-80.38","43.46","KITCHENER/WATERLOO","6144239","2025-01-07 09:00","2025","01","07","09:00","","-7.7","","-10.6","","80","","0.0","","32","","21","","14.5","","98.13","","","","-15","","Snow"
"-80.38","43.46","KITCHENER/WATERLOO","6144239","2025-01-07 10:00","2025","01","07","10:00","","-7.4","","-10.3","","80","","0.0","","33","","21","","4.8","","98.23","","","","-15","","Snow"
"-80.38","43.46","KITCHENER/WATERLOO","6144239","2025-01-07 11:00","2025","01","07","11:00","","-6.8","","-10.9","","73","","0.0","","31","","21","","16.1","","98.26","","","","-14","","Snow"
"-80.38","43.46","KITCHENER/WATERLOO","6144239","2025-01-07 12:00","2025","01","07","12:00","","-6.2","","-10.6","","71","","0.0","","30","","24","","16.1","","98.24","","","","-14","","Snow"
"-80.38","43.46","KITCHENER/WATERLOO","6144239","2025-01-07 13:00","2025","01","07","13:00","","-6.2","","-11.5","","66","","0.0","","32","","28","","16.1","","98.19","","","","-14","","Snow"
"-80.38","43.46","KITCHENER/WATERLOO","6144239","2025-01-07 14:00","2025","01","07","14:00","","-6.1","","-12.3","","62","","0.0","","31","","22","","16.1","","98.19","","","","-13","","NA"
"-80.38","43.46","KITCHENER/WATERLOO","6144239","2025-01-07 15:00","2025","01","07","15:00","","-6.3","","-11.5","","67","","0.0","","33","","28","","16.1","","98.23","","","","-14","","Snow"
"-80.38","43.46","KITCHENER/WATERLOO","6144239","2025-01-07 16:00","2025","01","07","16:00","","-6.5","","-11.5","","68","","0.0","","31","","21","","16.1","","98.26","","","","-14","","Snow"
"-80.38","43.46","KITCHENER/WATERLOO","6144239","2025-01-07 17:00","2025","01","07","17:00","","-6.8","","-11.0","","72","","0.0","","31","","21","","16.1","","98.30","","","","-14","","Snow"
"-80.38","43.46","KITCHENER/WATERLOO","6144239","2025-01-07 18:00","2025","01","07","18:00","","-7.0","","-12.3","","66","","0.0","","31","","24","","16.1","","98.34","","","","-15","","Snow"
"-80.38","43.46","KITCHENER/WATERLOO","6144239","2025-01-07 19:00","2025","01","07","19:00","","-7.2","","-11.8","","70","","0.0","","30","","22","","16.1","","98.39","","","","-15","","Snow"
"-80.38","43.46","KITCHENER/WATERLOO","6144239","2025-01-07 20:00","2025","01","07","20:00","","-7.4","","-11.6","","72","","0.0","","31","","15","","16.1","","98.41","","","","-14","","Snow"
"-80.38","43.46","KITCHENER/WATERLOO","6144239","2025-01-07 21:00","2025","01","07","21:00","","-7.5","","-11.6","","73","","0.0","","30","","22","","16.1","","98.42","","","","-15","","Snow"
"-80.38","43.46","KITCHENER/WATERLOO","6144239","2025-01-07 22:00","2025","01","07","22:00","","-8.1","","-12.3","","72","","0.0","","31","","17","","16.1","","98.42","","","","-15","","Snow"
"-80.38","43.46","KITCHENER/WATERLOO","6144239","2025-01-07 23:00","2025","01","07","23:00","","-8.5","","-12.5","","73","","0.0","","32","","15","","16.1","","98.40","","","","-15","","Snow"
"-80.38","43.46","KITCHENER/WATERLOO","6144239","2025-01-08 00:00","2025","01","08","00:00","","-9.4","","-13.3","","73","","0.0","","31","","11","","16.1","","98.37","","","","-15","","NA"
"-80.38","43.46","KITCHENER/WATERLOO","6144239","2025-01-08 01:00","2025","01","08","01:00","","-9.9","","-13.2","","77","","0.0","","30","","13","","16.1","","98.33","","","","-16","","Snow"
"-80.38","43.46","KITCHENER/WATERLOO","6144239","2025-01-08 02:00","2025","01","08","02:00","","-10.1","","-13.4","","77","","0.0","","29","","18","","16.1","","98.31","","","","-18","","Snow"
"-80.38","43.46","KITCHENER/WATERLOO","6144239","2025-01-08 03:00","2025","01","08","03:00","","-10.8","","-14.0","","78","","0.0","","32","","11","","16.1","","98.32","","","","-17","","Snow"
"-80.38","43.46","KITCHENER/WATERLOO","6144239","2025-01-08 04:00","2025","01","08","04:00","","-10.5","","-13.8","","77","","0.0","","31","","13","","16.1","","98.30","","","","-17","","NA"
"-80.38","43.46","KITCHENER/WATERLOO","6144239","2025-01-08 05:00","2025","01","08","05:00","","-11.0","","-14.9","","73","","0.0","","34","","24","","16.1","","98.27","","","","-20","","NA"
"-80.38","43.46","KITCHENER/WATERLOO","6144239","2025-01-08 06:00","2025","01","08","06:00","","-11.5","","-15.6","","72","","0.0","","35","","18","","16.1","","98.27","","","","-19","","NA"
"-80.38","43.46","KITCHENER/WATERLOO","6144239","2025-01-08 07:00","2025","01","08","07:00","","-11.6","","-15.9","","71","","0.0","","33","","11","","16.1","","98.30","","","","-18","","NA"
"-80.38","43.46","KITCHENER/WATERLOO","6144239","2025-01-08 08:00","2025","01","08","08:00","","-13.3","","-16.7","","76","","0.0","","31","","9","","16.1","","98.29","","","","-19","","NA"
"-80.38","43.46","KITCHENER/WATERLOO","6144239","2025-01-08 09:00","2025","01","08","09:00","","-12.6","","-16.2","","75","","0.0","","30","","18","","16.1","","98.29","","","","-21","","NA"
"-80.38","43.46","KITCHENER/WATERLOO","6144239","2025-01-08 10:00","2025","01","08","10:00","","-12.0","","-16.3","","71","","0.0","","30","","13","","16.1","","98.30","","","","-19","","NA"
"-80.38","43.46","KITCHENER/WATERLOO","6144239","2025-01-08 11:00","2025","01","08","11:00","","-11.0","","-16.0","","67","","0.0","","29","","18","","16.1","","98.28","","","","-19","","NA"
"-80.38","43.46","KITCHENER/WATERLOO","6144239","2025-01-08 12:00","2025","01","08","12:00","","-10.2","","-15.5","","66","","0.0","","30","","21","","16.1","","98.18","","","","-18","","NA"
"-80.38","43.46","KITCHENER/WATERLOO","6144239","2025-01-08 13:00","2025","01","08","13:00","","-9.4","","-15.7","","61","","0.0","","31","","26","","16.1","","98.10","","","","-18","","NA"
"-80.38","43.46","KITCHENER/WATERLOO","6144239","2025-01-08 14:00","2025","01","08","14:00","","-9.8","","-16.2","","60","","0.0","","32","","22","","16.1","","98.02","","","","-18","","NA"
"-80.38","43.46","KITCHENER/WATERLOO","6144239","2025-01-08 15:00","2025","01","08","15:00","","-9.8","","-15.5","","63","","0.0","","31","","21","","16.1","","98.01","","","","-18","","Snow"
"-80.38","43.46","KITCHENER/WATERLOO","6144239","2025-01-08 16:00","2025","01","08","16:00","","-10.0","","-15.6","","64","","0.0","","33","","18","","16.1","","98.01","","","","-17","","Snow"
"-80.38","43.46","KITCHENER/WATERLOO","6144239","2025-01-08 17:00","2025","01","08","17:00","","-11.7","","-16.7","","67","","0.0","","32","","13","","16.1","","98.01","","","","-18","","NA"
"-80.38","43.46","KITCHENER/WATERLOO","6144239","2025-01-08 18:00","2025","01","08","18:00","","-12.0","","-16.6","","69","","0.0","","32","","9","","16.1","","98.04","","","","-17","","NA"
"-80.38","43.46","KITCHENER/WATERLOO","6144239","2025-01-08 19:00","2025","01","08","19:00","","-12.1","","-16.5","","70","","0.0","","30","","9","","16.1","","98.04","","","","-17","","NA"
"-80.38","43.46","KITCHENER/WATERLOO","6144239","2025-01-08 20:00","2025","01","08","20:00","","-11.9","","-15.8","","73","","0.0","","31","","8","","16.1","","98.04","","","","-17","","NA"
"-80.38","43.46","KITCHENER/WATERLOO","6144239","2025-01-08 21:00","2025","01","08","21:00","","-11.6","","-15.0","","76","","0.0","","31","","8","","16.1","","98.02","","","","-16","","NA"
"-80.38","43.46","KITCHENER/WATERLOO","6144239","2025-01-08 22:00","2025","01","08","22:00","","-10.9","","-15.9","","67","","0.0","","33","","18","","16.1","","97.99","","","","-19","","Snow"
"-80.38","43.46","KITCHENER/WATERLOO","6144239","2025-01-08 23:00","2025","01","08","23:00","","-11.0","","-15.8","","68","","0.0","","33","","18","","16.1","","97.99","","","","-19","","Snow"
"-80.38","43.46","KITCHENER/WATERLOO","6144239","2025-01-09 00:00","2025","01","09","00:00","","-11.2","","-15.7","","70","","0.0","","32","","11","","16.1","","97.97","","","","-17","","NA"
"-80.38","43.46","KITCHENER/WATERLOO","6144239","2025-01-09 01:00","2025","01","09","01:00","","-12.4","","-15.8","","76","","0.0","","29","","9","","16.1","","97.93","","","","-18","","NA"
"-80.38","43.46","KITCHENER/WATERLOO","6144239","2025-01-09 02:00","2025","01","09","02:00","","-12.4","","-14.9","","82","","0.0","","32","","9","","16.1","","97.96","","","","-18","","NA"
"-80.38","43.46","KITCHENER/WATERLOO","6144239","2025-01-09 03:00","2025","01","09","03:00","","-11.9","","-14.4","","82","","0.0","","29","","13","","16.1","","98.00","","","","-19","","NA"
"-80.38","43.46","KITCHENER/WATERLOO","6144239","2025-01-09 04:00","2025","01","09","04:00","","-11.2","","-15.1","","73","","0.0","","32","","24","","16.1","","98.02","","","","-20","","Snow"
"-80.38","43.46","KITCHENER/WATERLOO","6144239","2025-01-09 05:00","2025","01","09","05:00","","-11.3","","-15.5","","71","","0.0","","32","","22","","16.1","","98.05","","","","-20","","Snow"
"-80.38","43.46","KITCHENER/WATERLOO","6144239","2025-01-09 06:00","2025","01","09","06:00","","-12.4","","-15.8","","76","","0.0","","32","","17","","16.1","","98.12","","","","-20","","NA"
"-80.38","43.46","KITCHENER/WATERLOO","6144239","2025-01-09 07:00","2025","01","09","07:00","","-13.1","","-16.8","","74","","0.0","","31","","17","","16.1","","98.18","","","","-21","","NA"
"-80.38","43.46","KITCHENER/WATERLOO","6144239","2025-01-09 08:00","2025","01","09","08:00","","-13.6","","-18.3","","68","","0.0","","31","","15","","16.1","","98.20","","","","-21","","NA"
"-80.38","43.46","KITCHENER/WATERLOO","6144239","2025-01-09 09:00","2025","01","09","09:00","","-13.4","","-18.0","","69","","0.0","","29","","21","","16.1","","98.27","","","","-22","","NA"
"-80.38","43.46","KITCHENER/WATERLOO","6144239","2025-01-09 10:00","2025","01","09","10:00","","-12.0","","-18.4","","60","","0.0","","30","","18","","16.1","","98.34","","","","-20","","NA"
"-80.38","43.46","KITCHENER/WATERLOO","6144239","2025-01-09 11:00","2025","01","09","11:00","","-10.8","","-17.3","","59","","0.0","","31","","22","","16.1","","98.38","","","","-19","","NA"
"-80.38","43.46","KITCHENER/WATERLOO","6144239","2025-01-09 12:00","2025","01","09","12:00","","-9.9","","-16.3","","60","","0.0","","32","","22","","16.1","","98.31","","","","-18","","NA"
"-80.38","43.46","KITCHENER/WATERLOO","6144239","2025-01-09 13:00","2025","01","09","13:00","","-9.1","","-15.1","","62","","0.0","","31","","34","","16.1","","98.26","","","","-19","","NA"
"-80.38","43.46","KITCHENER/WATERLOO","6144239","2025-01-09 14:00","2025","01","09","14:00","","-8.2","","-16.1","","54","","0.0","","31","","22","","16.1","","98.28","","","","-16","","NA"
"-80.38","43.46","KITCHENER/WATERLOO","6144239","2025-01-09 15:00","2025","01","09","15:00","","-8.0","","-16.1","","53","","0.0","","31","","22","","16.1","","98.27","","","","-16","","NA"
"-80.38","43.46","KITCHENER/WATERLOO","6144239","2025-01-09 16:00","2025","01","09","16:00","","-8.1","","-14.8","","59","","0.0","","30","","24","","16.1","","98.27","","","","-16","","NA"
"-80.38","43.46","KITCHENER/WATERLOO","6144239","2025-01-09 17:00","2025","01","09","17:00","","-9.1","","-14.6","","65","","0.0","","29","","21","","16.1","","98.31","","","","-17","","NA"
"-80.38","43.46","KITCHENER/WATERLOO","6144239","2025-01-09 18:00","2025","01","09","18:00","","-10.4","","-14.5","","72","","0.0","","30","","9","","16.1","","98.29","","","","-15","","NA"
"-80.38","43.46","KITCHENER/WATERLOO","6144239","2025-01-09 19:00","2025","01","09","19:00","","-11.2","","-14.7","","76","","0.0","","30","","9","","16.1","","98.36","","","","-16","","NA"
"-80.38","43.46","KITCHENER/WATERLOO","6144239","2025-01-09 20:00","2025","01","09","20:00","","-12.5","","-15.1","","81","","0.0","","32","","8","","16.1","","98.35","","","","-17","","NA"
"-80.38","43.46","KITCHENER/WATERLOO","6144239","2025-01-09 21:00","2025","01","09","21:00","","-12.3","","-15.1","","80","","0.0","","30","","9","","16.1","","98.38","","","","-18","","NA"
"-80.38","43.46","KITCHENER/WATERLOO","6144239","2025-01-09 22:00","2025","01","09","22:00","","-13.1","","-15.1","","85","","0.0","","29","","8","","16.1","","98.39","","","","-18","","NA"
"-80.38","43.46","KITCHENER/WATERLOO","6144239","2025-01-09 23:00","2025","01","09","23:00","","-12.6","","-14.8","","84","","0.0","","31","","5","","16.1","","98.34","","","","-16","","NA"
"-80.38","43.46","KITCHENER/WATERLOO","6144239","2025-01-10 00:00","2025","01","10","00:00","","-15.4","","-16.8","","89","","0.0","","30","","8","","16.1","","98.30","","","","-21","","NA"
"-80.38","43.46","KITCHENER/WATERLOO","6144239","2025-01-10 01:00","2025","01","10","01:00","","-16.5","","-18.4","","86","","0.0","","9","","5","","16.1","","98.22","","","","-20","","NA"
"-80.38","43.46","KITCHENER/WATERLOO","6144239","2025-01-10 02:00","2025","01","10","02:00","","-17.7","","-19.5","","86","","0.0","","24","","5","","16.1","","98.19","","","","-22","","NA"
"-80.38","43.46","KITCHENER/WATERLOO","6144239","2025-01-10 03:00","2025","01","10","03:00","","-17.1","","-19.2","","84","","0.0","","","","0","","16.1","","98.27","","","","","","NA"
"-80.38","43.46","KITCHENER/WATERLOO","6144239","2025-01-10 04:00","2025","01","10","04:00","","-18.5","","-20.7","","83","","0.0","","","","0","","16.1","","98.27","","","","","","NA"
"-80.38","43.46","KITCHENER/WATERLOO","6144239","2025-01-10 05:00","2025","01","10","05:00","","-18.0","","-19.9","","85","","0.0","","","","0","","16.1","","98.17","","","","","","NA"
"-80.38","43.46","KITCHENER/WATERLOO","6144239","2025-01-10 06:00","2025","01","10","06:00","","-18.0","","-20.1","","84","","0.0","","","","0","","16.1","","98.17","","","","","","NA"
"-80.38","43.46","KITCHENER/WATERLOO","6144239","2025-01-10 07:00","2025","01","10","07:00","","-16.8","","-18.8","","85","","0.0","","24","","4","","16.1","","98.19","","","","-20","","NA"
"-80.38","43.46","KITCHENER/WATERLOO","6144239","2025-01-10 08:00","2025","01","10","08:00","","-15.6","","-17.6","","85","","0.0","","","","0","","16.1","","98.13","","","","","","NA"
"-80.38","43.46","KITCHENER/WATERLOO","6144239","2025-01-10 09:00","2025","01","10","09:00","","-14.3","","-16.2","","86","","0.0","","","","0","","16.1","","98.04","","","","","","NA"
"-80.38","43.46","KITCHENER/WATERLOO","6144239","2025-01-10 10:00","2025","01","10","10:00","","-12.1","","-14.0","","86","","0.0","","7","","8","","16.1","","97.99","","","","-17","","NA"
"-80.38","43.46","KITCHENER/WATERLOO","6144239","2025-01-10 11:00","2025","01","10","11:00","","-9.3","","-11.5","","84","","0.0","","","","0","","16.1","","98.00","","","","","","NA"
"-80.38","43.46","KITCHENER/WATERLOO","6144239","2025-01-10 12:00","2025","01","10","12:00","","-6.2","","-9.3","","79","","0.0","","18","","13","","16.1","","97.79","","","","-12","","NA"
"-80.38","43.46","KITCHENER/WATERLOO","6144239","2025-01-10 13:00","2025","01","10","13:00","","-5.1","","-9.1","","74","","0.0","","18","","13","","16.1","","97.65","","","","-10","","NA"
"-80.38","43.46","KITCHENER/WATERLOO","6144239","2025-01-10 14:00","2025","01","10","14:00","","-4.8","","-8.8","","74","","0.0","","19","","13","","16.1","","97.52","","","","-10","","NA"
"-80.38","43.46","KITCHENER/WATERLOO","6144239","2025-01-10 15:00","2025","01","10","15:00","","-4.3","","-8.3","","74","","0.0","","19","","17","","16.1","","97.39","","","","-10","","NA"
"-80.38","43.46","KITCHENER/WATERLOO","6144239","2025-01-10 16:00","2025","01","10","16:00","","-4.2","","-8.2","","74","","0.0","","20","","17","","16.1","","97.32","","","","-10","","NA"
"-80.38","43.46","KITCHENER/WATERLOO","6144239","2025-01-10 17:00","2025","01","10","17:00","","-4.4","","-8.2","","75","","0.0","","19","","17","","16.1","","97.29","","","","-10","","NA"
"-80.38","43.46","KITCHENER/WATERLOO","6144239","2025-01-10 18:00","2025","01","10","18:00","","-4.5","","-8.3","","75","","0.0","","18","","15","","16.1","","97.20","","","","-10","","NA"
"-80.38","43.46","KITCHENER/WATERLOO","6144239","2025-01-10 19:00","2025","01","10","19:00","","-4.7","","-8.1","","77","","0.0","","19","","11","","16.1","","97.11","","","","-9","","Snow"
"-80.38","43.46","KITCHENER/WATERLOO","6144239","2025-01-10 20:00","2025","01","10","20:00","","-5.3","","-8.1","","81","","0.0","","19","","17","","2.8","","97.00","","","","-11","","Snow"
"-80.38","43.46","KITCHENER/WATERLOO","6144239","2025-01-10 21:00","2025","01","10","21:00","","-6.0","","-7.8","","87","","0.0","","18","","11","","3.2","","96.89","","","","-11","","Snow"
"-80.38","43.46","KITCHENER/WATERLOO","6144239","2025-01-10 22:00","2025","01","10","22:00","","-5.8","","-7.8","","86","","0.2","","16","","5","","11.3","","96.83","","","","-8","","Snow"
"-80.38","43.46","KITCHENER/WATERLOO","6144239","2025-01-10 23:00","2025","01","10","23:00","","-6.0","","-8.4","","83","","0.0","","17","","9","","4.8","","96.73","","","","-10","","Snow"
"-80.38","43.46","KITCHENER/WATERLOO","6144239","2025-01-11 00:00","2025","01","11","00:00","","-6.1","","-8.2","","85","","0.0","","18","","9","","6.4","","96.63","","","","-10","","Snow"
"-80.38","43.46","KITCHENER/WATERLOO","6144239","2025-01-11 01:00","2025","01","11","01:00","","-6.3","","-7.8","","89","","0.0","","18","","8","","2.0","","96.55","","","","-10","","Snow"
"-80.38","43.46","KITCHENER/WATERLOO","6144239","2025-01-11 02:00","2025","01","11","02:00","","-6.4","","-7.5","","92","","0.2","","13","","5","","1.6","","96.48","","","","-9","","Snow"
"-80.38","43.46","KITCHENER/WATERLOO","6144239","2025-01-11 03:00","2025","01","11","03:00","","-6.3","","-7.4","","92","","0.5","","13","","4","","2.0","","96.43","","","","-8","","Snow"
"-80.38","43.46","KITCHENER/WATERLOO","6144239","2025-01-11 04:00","2025","01","11","04:00","","-6.2","","-7.3","","92","","0.2","","17","","4","","2.4","","96.37","","","","-8","","Snow"
"-80.38","43.46","KITCHENER/WATERLOO","6144239","2025-01-11 05:00","2025","01","11","05:00","","-6.6","","-7.5","","94","","0.2","","10","","4","","2.4","","96.33","","","","-9","","Snow"
"-80.38","43.46","KITCHENER/WATERLOO","6144239","2025-01-11 06:00","2025","01","11","06:00","","-7.0","","-7.9","","94","","0.0","","","","0","","4.8","","96.33","","","","","","Snow"
"-80.38","43.46","KITCHENER/WATERLOO","6144239","2025-01-11 07:00","2025","01","11","07:00","","-8.4","","-9.1","","95","","0.0","","","","0","","4.0","","96.32","","","","","","Rain,Snow"
"-80.38","43.46","KITCHENER/WATERLOO","6144239","2025-01-11 08:00","2025","01","11","08:00","","-8.1","","-8.9","","94","","0.0","","","","0","","3.2","","96.37","","","","","","Snow"
"-80.38","43.46","KITCHENER/WATERLOO","6144239","2025-01-11 09:00","2025","01","11","09:00","","-8.1","","-9.1","","93","","0.0","","","","0","","4.8","","96.44","","","","","","Fog"
"-80.38","43.46","KITCHENER/WATERLOO","6144239","2025-01-11 10:00","2025","01","11","10:00","","-5.8","","-7.3","","89","","0.0","","27","","11","","4.8","","96.51","","","","-11","","Snow"
"-80.38","43.46","KITCHENER/WATERLOO","6144239","2025-01-11 11:00","2025","01","11","11:00","","-4.8","","-7.0","","85","","0.0","","29","","17","","4.8","","96.54","","","","-11","","Snow"
"-80.38","43.46","KITCHENER/WATERLOO","6144239","2025-01-11 12:00","2025","01","11","12:00","","-4.2","","-6.7","","83","","0.0","","29","","17","","12.9","","96.54","","","","-10","","Snow"
"-80.38","43.46","KITCHENER/WATERLOO","6144239","2025-01-11 13:00","2025","01","11","13:00","","-3.1","","-6.4","","78","","0.0","","28","","18","","12.9","","96.54","","","","-9","","NA"
"-80.38","43.46","KITCHENER/WATERLOO","6144239","2025-01-11 14:00","2025","01","11","14:00","","-2.7","","-6.5","","75","","0.0","","29","","21","","16.1","","96.62","","","","-9","","NA"
"-80.38","43.46","KITCHENER/WATERLOO","6144239","2025-01-11 15:00","2025","01","11","15:00","","-2.9","","-5.9","","80","","0.0","","29","","15","","12.9","","96.71","","","","-8","","Snow"
"-80.38","43.46","KITCHENER/WATERLOO","6144239","2025-01-11 16:00","2025","01","11","16:00","","-2.8","","-5.5","","82","","0.0","","26","","13","","12.9","","96.82","","","","-7","","Snow"
"-80.38","43.46","KITCHENER/WATERLOO","6144239","2025-01-11 17:00","2025","01","11","17:00","","-2.9","","-5.2","","84","","0.0","","24","","11","","11.3","","96.91","","","","-7","","Snow"
"-80.38","43.46","KITCHENER/WATERLOO","6144239","2025-01-11 18:00","2025","01","11","18:00","","-3.2","","-4.9","","88","","0.0","","25","","13","","8.1","","97.03","","","","-8","","Snow"
"-80.38","43.46","KITCHENER/WATERLOO","6144239","2025-01-11 19:00","2025","01","11","19:00","","-2.8","","-4.4","","89","","0.0","","24","","13","","4.8","","97.07","","","","-7","","Snow"
"-80.38","43.46","KITCHENER/WATERLOO","6144239","2025-01-11 20:00","2025","01","11","20:00","","-2.7","","-4.1","","90","","0.0","","24","","15","","4.8","","97.12","","","","-8","","Snow"
"-80.38","43.46","KITCHENER/WATERLOO","6144239","2025-01-11 21:00","2025","01","11","21:00","","-1.9","","-3.6","","89","","0.0","","26","","17","","12.9","","97.19","","","","-7","","Snow"
"-80.38","43.46","KITCHENER/WATERLOO","6144239","2025-01-11 22:00","2025","01","11","22:00","","-2.0","","-4.8","","81","","0.0","","26","","15","","16.1","","97.26","","","","-7","","NA"
"-80.38","43.46","KITCHENER/WATERLOO","6144239","2025-01-11 23:00","2025","01","11","23:00","","-4.8","","-6.1","","91","","0.0","","24","","8","","16.1","","97.30","","","","-8","","NA"
"-80.38","43.46","KITCHENER/WATERLOO","6144239","2025-01-12 00:00","2025","01","12","00:00","","-4.4","","-5.5","","92","","0.0","","24","","9","","14.5","","97.33","","","","-8","","NA"
"-80.38","43.46","KITCHENER/WATERLOO","6144239","2025-01-12 01:00","2025","01","12","01:00","","-3.3","","-4.7","","90","","0.0","","25","","9","","16.1","","97.35","","","","-7","","NA"
"-80.38","43.46","KITCHENER/WATERLOO","6144239","2025-01-12 02:00","2025","01","12","02:00","","-2.8","","-4.5","","88","","0.0","","24","","5","","16.1","","97.39","","","","-5","","Snow"
"-80.38","43.46","KITCHENER/WATERLOO","6144239","2025-01-12 03:00","2025","01","12","03:00","","-2.7","","-4.3","","89","","0.0","","24","","9","","16.1","","97.44","","","","-6","","Snow"
"-80.38","43.46","KITCHENER/WATERLOO","6144239","2025-01-12 04:00","2025","01","12","04:00","","-2.8","","-4.4","","89","","0.0","","25","","11","","16.1","","97.49","","","","-7","","NA"
"-80.38","43.46","KITCHENER/WATERLOO","6144239","2025-01-12 05:00","2025","01","12","05:00","","-2.7","","-4.3","","89","","0.0","","24","","5","","16.1","","97.47","","","","-5","","Snow"
"-80.38","43.46","KITCHENER/WATERLOO","6144239","2025-01-12 06:00","2025","01","12","06:00","","-3.0","","-5.0","","86","","0.0","","25","","8","","16.1","","97.48","","","","-6","","NA"
"-80.38","43.46","KITCHENER/WATERLOO","6144239","2025-01-12 07:00","2025","01","12","07:00","","-3.8","","-5.5","","88","","0.0","","21","","5","","16.1","","97.53","","","","-6","","NA"
"-80.38","43.46","KITCHENER/WATERLOO","6144239","2025-01-12 08:00","2025","01","12","08:00","","-4.2","","-5.9","","88","","0.0","","18","","8","","16.1","","97.53","","","","-8","","NA"
"-80.38","43.46","KITCHENER/WATERLOO","6144239","2025-01-12 09:00","2025","01","12","09:00","","-4.3","","-6.0","","88","","0.0","","18","","9","","16.1","","97.60","","","","-8","","NA"
"-80.38","43.46","KITCHENER/WATERLOO","6144239","2025-01-12 10:00","2025","01","12","10:00","","-3.4","","-5.9","","83","","0.0","","19","","8","","16.1","","97.66","","","","-7","","NA"
"-80.38","43.46","KITCHENER/WATERLOO","6144239","2025-01-12 11:00","2025","01","12","11:00","","-2.2","","-5.6","","78","","0.0","","19","","15","","16.1","","97.67","","","","-7","","NA"
"-80.38","43.46","KITCHENER/WATERLOO","6144239","2025-01-12 12:00","2025","01","12","12:00","","-1.6","","-6.0","","72","","0.0","","19","","18","","16.1","","97.60","","","","-7","","NA"
"-80.38","43.46","KITCHENER/WATERLOO","6144239","2025-01-12 13:00","2025","01","12","13:00","","-0.9","","-5.5","","71","","0.0","","20","","17","","16.1","","97.49","","","","-6","","NA"
"-80.38","43.46","KITCHENER/WATERLOO","6144239","2025-01-12 14:00","2025","01","12","14:00","","-1.3","","-4.6","","78","","0.0","","20","","24","","16.1","","97.41","","","","-7","","Snow"
"-80.38","43.46","KITCHENER/WATERLOO","6144239","2025-01-12 15:00","2025","01","12","15:00","","-1.4","","-5.3","","75","","0.0","","18","","22","","16.1","","97.38","","","","-7","","Snow"
"-80.38","43.46","KITCHENER/WATERLOO","6144239","2025-01-12 16:00","2025","01","12","16:00","","-1.7","","-4.5","","81","","0.0","","17","","17","","12.9","","97.34","","","","-7","","Snow"
"-80.38","43.46","KITCHENER/WATERLOO","6144239","2025-01-12 17:00","2025","01","12","17:00","","-2.3","","-4.2","","87","","0.0","","16","","17","","11.3","","97.33","","","","-8","","Snow"
"-80.38","43.46","KITCHENER/WATERLOO","6144239","2025-01-12 18:00","2025","01","12","18:00","","-2.2","","-4.4","","85","","0.0","","16","","11","","16.1","","97.34","","","","-6","","NA"
"-80.38","43.46","KITCHENER/WATERLOO","6144239","2025-01-12 19:00","2025","01","12","19:00","","-2.0","","-5.0","","80","","0.0","","16","","15","","16.1","","97.31","","","","-7","","NA"
"-80.38","43.46","KITCHENER/WATERLOO","6144239","2025-01-12 20:00","2025","01","12","20:00","","-1.9","","-4.5","","82","","0.0","","17","","21","","4.0","","97.27","","","","-8","","Snow"
"-80.38","43.46","KITCHENER/WATERLOO","6144239","2025-01-12 21:00","2025","01","12","21:00","","-2.3","","-3.5","","92","","0.0","","17","","18","","2.4","","97.22","","","","-8","","Snow"
"-80.38","43.46","KITCHENER/WATERLOO","6144239","2025-01-12 22:00","2025","01","12","22:00","","-2.2","","-3.5","","91","","0.0","","18","","21","","9.7","","97.16","","","","-8","","Snow"
"-80.38","43.46","KITCHENER/WATERLOO","6144239","2025-01-12 23:00","2025","01","12","23:00","","-1.8","","-2.6","","94","","0.0","","19","","17","","2.8","","97.13","","","","-7","","Snow"
"-80.38","43.46","KITCHENER/WATERLOO","6144239","2025-01-13 00:00","2025","01","13","00:00","","-0.7","","-1.6","","94","","0.0","","21","","18","","3.6","","97.08","","","","-6","","Snow"
"-80.38","43.46","KITCHENER/WATERLOO","6144239","2025-01-13 01:00","2025","01","13","01:00","","-0.3","","-1.6","","91","","0.0","","21","","17","","9.7","","97.03","","","","-5","","Fog"
"-80.38","43.46","KITCHENER/WATERLOO","6144239","2025-01-13 02:00","2025","01","13","02:00","","-0.2","","-1.6","","90","","0.0","","21","","17","","11.3","","97.04","","","","-5","","NA"
"-80.38","43.46","KITCHENER/WATERLOO","6144239","2025-01-13 03:00","2025","01","13","03:00","","0.0","","-2.0","","86","","0.0","","22","","22","","14.5","","97.03","","","","-6","","NA"
"-80.38","43.46","KITCHENER/WATERLOO","6144239","2025-01-13 04:00","2025","01","13","04:00","","-0.1","","-2.5","","84","","0.0","","21","","21","","16.1","","97.00","","","","-6","","NA"
"-80.38","43.46","KITCHENER/WATERLOO","6144239","2025-01-13 05:00","2025","01","13","05:00","","-0.3","","-2.5","","85","","0.0","","21","","18","","16.1","","96.95","","","","-5","","Snow"
"-80.38","43.46","KITCHENER/WATERLOO","6144239","2025-01-13 06:00","2025","01","13","06:00","","-0.5","","-2.3","","88","","0.0","","20","","17","","11.3","","96.94","","","","-5","","Snow"
"-80.38","43.46","KITCHENER/WATERLOO","6144239","2025-01-13 07:00","2025","01","13","07:00","","-1.9","","-4.3","","84","","0.8","","25","","24","","4.8","","97.03","","","","-8","","Snow"
"-80.38","43.46","KITCHENER/WATERLOO","6144239","2025-01-13 08:00","2025","01","13","08:00","","-2.4","","-5.1","","82","","0.0","","24","","30","","12.9","","97.09","","","","-10","","Snow"
"-80.38","43.46","KITCHENER/WATERLOO","6144239","2025-01-13 09:00","2025","01","13","09:00","","-2.9","","-5.6","","82","","0.0","","24","","32","","11.3","","97.17","","","","-10","","Snow"
"-80.38","43.46","KITCHENER/WATERLOO","6144239","2025-01-13 10:00","2025","01","13","10:00","","-3.4","","-6.0","","82","","0.0","","23","","34","","11.3","","97.23","","","","-11","","Snow"
"-80.38","43.46","KITCHENER/WATERLOO","6144239","2025-01-13 11:00","2025","01","13","11:00","","-3.7","","-6.2","","83","","0.0","","23","","24","","14.5","","97.30","","","","-11","","Snow"
"-80.38","43.46","KITCHENER/WATERLOO","6144239","2025-01-13 12:00","2025","01","13","12:00","","-3.8","","-6.4","","82","","0.0","","23","","30","","12.9","","97.26","","","","-11","","Snow"
"-80.38","43.46","KITCHENER/WATERLOO","6144239","2025-01-13 13:00","2025","01","13","13:00","","-3.8","","-6.8","","80","","0.0","","24","","26","","12.9","","97.26","","","","-11","","Snow"
"-80.38","43.46","KITCHENER/WATERLOO","6144239","2025-01-13 14:00","2025","01","13","14:00","","-3.8","","-7.3","","77","","0.0","","25","","26","","16.1","","97.27","","","","-11","","Snow"
"-80.38","43.46","KITCHENER/WATERLOO","6144239","2025-01-13 15:00","2025","01","13","15:00","","-4.2","","-7.4","","79","","0.0","","24","","26","","16.1","","97.32","","","","-11","","Snow"
"-80.38","43.46","KITCHENER/WATERLOO","6144239","2025-01-13 16:00","2025","01","13","16:00","","-4.7","","-8.1","","77","","0.0","","25","","26","","16.1","","97.35","","","","-12","","Snow"
"-80.38","43.46","KITCHENER/WATERLOO","6144239","2025-01-13 17:00","2025","01","13","17:00","","-5.4","","-8.3","","80","","0.0","","24","","34","","11.3","","97.41","","","","-14","","Snow"
"-80.38","43.46","KITCHENER/WATERLOO","6144239","2025-01-13 18:00","2025","01","13","18:00","","-5.8","","-8.4","","82","","0.0","","24","","26","","9.7","","97.47","","","","-14","","Snow"
"-80.38","43.46","KITCHENER/WATERLOO","6144239","2025-01-13 19:00","2025","01","13","19:00","","-6.3","","-8.5","","84","","0.0","","24","","24","","6.4","","97.53","","","","-14","","Snow"
"-80.38","43.46","KITCHENER/WATERLOO","6144239","2025-01-13 20:00","2025","01","13","20:00","","-6.4","","-9.0","","82","","0.0","","25","","24","","16.1","","97.56","","","","-14","","Snow"
"-80.38","43.46","KITCHENER/WATERLOO","6144239","2025-01-13 21:00","2025","01","13","21:00","","-6.8","","-11.0","","72","","0.0","","26","","28","","6.4","","97.60","","","","-15","","Snow"
"-80.38","43.46","KITCHENER/WATERLOO","6144239","2025-01-13 22:00","2025","01","13","22:00","","-7.9","","-10.9","","79","","0.0","","27","","35","","2.0","","97.64","","","","-17","","Snow"
"-80.38","43.46","KITCHENER/WATERLOO","6144239","2025-01-13 23:00","2025","01","13","23:00","","-8.6","","-11.0","","83","","0.0","","28","","30","","2.4","","97.68","","","","-18","","Snow"
"-80.38","43.46","KITCHENER/WATERLOO","6144239","2025-01-14 00:00","2025","01","14","00:00","","-8.9","","-13.3","","71","","0.0","","27","","34","","4.8","","97.70","","","","-19","","Snow"
"-80.38","43.46","KITCHENER/WATERLOO","6144239","2025-01-14 01:00","2025","01","14","01:00","","-9.4","","-13.2","","74","","0.0","","27","","34","","4.0","","97.72","","","","-19","","Snow"
"-80.38","43.46","KITCHENER/WATERLOO","6144239","2025-01-14 02:00","2025","01","14","02:00","","-9.3","","-12.5","","78","","0.0","","26","","28","","6.4","","97.75","","","","-18","","Snow"
"-80.38","43.46","KITCHENER/WATERLOO","6144239","2025-01-14 03:00","2025","01","14","03:00","","-9.3","","-12.5","","78","","0.0","","26","","24","","11.3","","97.81","","","","-18","","Snow"
"-80.38","43.46","KITCHENER/WATERLOO","6144239","2025-01-14 04:00","2025","01","14","04:00","","-9.3","","-12.3","","79","","0.0","","26","","22","","9.7","","97.83","","","","-17","","Snow"
"-80.38","43.46","KITCHENER/WATERLOO","6144239","2025-01-14 05:00","2025","01","14","05:00","","-9.3","","-12.5","","78","","0.0","","26","","18","","12.9","","97.79","","","","-17","","Snow"
"-80.38","43.46","KITCHENER/WATERLOO","6144239","2025-01-14 06:00","2025","01","14","06:00","","-9.2","","-12.7","","76","","0.0","","26","","21","","16.1","","97.79","","","","-17","","Snow"
"-80.38","43.46","KITCHENER/WATERLOO","6144239","2025-01-14 07:00","2025","01","14","07:00","","-9.2","","-12.2","","79","","0.0","","26","","18","","11.3","","97.82","","","","-16","","Snow"
"-80.38","43.46","KITCHENER/WATERLOO","6144239","2025-01-14 08:00","2025","01","14","08:00","","-9.2","","-12.5","","77","","0.0","","26","","22","","14.5","","97.83","","","","-17","","Snow"
"-80.38","43.46","KITCHENER/WATERLOO","6144239","2025-01-14 09:00","2025","01","14","09:00","","-9.3","","-12.5","","78","","0.0","","26","","26","","6.4","","97.88","","","","-18","","Snow"
"-80.38","43.46","KITCHENER/WATERLOO","6144239","2025-01-14 10:00","2025","01","14","10:00","","-9.2","","-11.9","","81","","0.0","","26","","17","","4.0","","97.92","","","","-16","","Snow"
"-80.38","43.46","KITCHENER/WATERLOO","6144239","2025-01-14 11:00","2025","01","14","11:00","","-9.0","","-12.1","","79","","0.0","","27","","17","","3.2","","97.94","","","","-16","","Snow"
"-80.38","43.46","KITCHENER/WATERLOO","6144239","2025-01-14 12:00","2025","01","14","12:00","","-8.9","","-13.1","","72","","0.0","","27","","34","","8.1","","97.85","","","","-19","","Snow"
"-80.38","43.46","KITCHENER/WATERLOO","6144239","2025-01-14 13:00","2025","01","14","13:00","","-8.4","","-13.1","","69","","0.0","","27","","24","","16.1","","97.80","","","","-17","","Snow"
"-80.38","43.46","KITCHENER/WATERLOO","6144239","2025-01-14 14:00","2025","01","14","14:00","","-9.0","","-14.4","","65","","0.0","","28","","34","","16.1","","97.79","","","","-19","","NA"
"-80.38","43.46","KITCHENER/WATERLOO","6144239","2025-01-14 15:00","2025","01","14","15:00","","-8.9","","-14.7","","63","","0.0","","27","","26","","16.1","","97.81","","","","-18","","NA"
"-80.38","43.46","KITCHENER/WATERLOO","6144239","2025-01-14 16:00","2025","01","14","16:00","","-9.3","","-15.9","","59","","0.0","","27","","32","","16.1","","97.86","","","","-19","","NA"
"-80.38","43.46","KITCHENER/WATERLOO","6144239","2025-01-14 17:00","2025","01","14","17:00","","-9.8","","-14.7","","68","","0.0","","26","","22","","16.1","","97.94","","","","-18","","NA"
"-80.38","43.46","KITCHENER/WATERLOO","6144239","2025-01-14 18:00","2025","01","14","18:00","","-10.1","","-14.6","","70","","0.0","","26","","22","","16.1","","97.99","","","","-18","","NA"
"-80.38","43.46","KITCHENER/WATERLOO","6144239","2025-01-14 19:00","2025","01","14","19:00","","-9.7","","-13.3","","75","","0.0","","26","","21","","16.1","","98.03","","","","-18","","NA"
"-80.38","43.46","KITCHENER/WATERLOO","6144239","2025-01-14 20:00","2025","01","14","20:00","","-9.5","","-12.5","","79","","0.0","","26","","24","","16.1","","98.11","","","","-18","","Snow"
"-80.38","43.46","KITCHENER/WATERLOO","6144239","2025-01-14 21:00","2025","01","14","21:00","","-9.2","","-11.7","","82","","0.0","","26","","18","","4.8","","98.16","","","","-16","","Snow"
"-80.38","43.46","KITCHENER/WATERLOO","6144239","2025-01-14 22:00","2025","01","14","22:00","","-8.4","","-10.5","","85","","0.0","","28","","17","","6.4","","98.21","","","","-15","","Snow"
"-80.38","43.46","KITCHENER/WATERLOO","6144239","2025-01-14 23:00","2025","01","14","23:00","","-7.8","","-9.8","","86","","0.0","","26","","13","","16.1","","98.24","","","","-14","","Snow"
"-80.38","43.46","KITCHENER/WATERLOO","6144239","2025-01-15 00:00","2025","01","15","00:00","","-9.4","","-10.9","","89","","0.0","","28","","13","","16.1","","98.30","","","","-15","","Snow"
"-80.38","43.46","KITCHENER/WATERLOO","6144239","2025-01-15 01:00","2025","01","15","01:00","","-9.8","","-11.7","","86","","0.0","","29","","11","","16.1","","98.33","","","","-15","","Snow"
"-80.38","43.46","KITCHENER/WATERLOO","6144239","2025-01-15 02:00","2025","01","15","02:00","","-10.6","","-12.2","","88","","0.0","","29","","11","","16.1","","98.39","","","","-16","","NA"
"-80.38","43.46","KITCHENER/WATERLOO","6144239","2025-01-15 03:00","2025","01","15","03:00","","-10.6","","-12.1","","89","","0.0","","30","","11","","16.1","","98.49","","","","-16","","Snow"
"-80.38","43.46","KITCHENER/WATERLOO","6144239","2025-01-15 04:00","2025","01","15","04:00","","-10.7","","-12.2","","89","","0.0","","30","","11","","16.1","","98.50","","","","-16","","Snow"
"-80.38","43.46","KITCHENER/WATERLOO","6144239","2025-01-15 05:00","2025","01","15","05:00","","-10.7","","-11.9","","91","","0.0","","29","","9","","16.1","","98.49","","","","-16","","Snow"
"-80.38","43.46","KITCHENER/WATERLOO","6144239","2025-01-15 06:00","2025","01","15","06:00","","-11.3","","-12.2","","93","","0.0","","24","","5","","16.1","","98.52","","","","-14","","NA"
"-80.38","43.46","KITCHENER/WATERLOO","6144239","2025-01-15 07:00","2025","01","15","07:00","","-10.4","","-11.5","","92","","0.0","","26","","5","","6.4","","98.55","","","","-13","","Snow"
"-80.38","43.46","KITCHENER/WATERLOO","6144239","2025-01-15 08:00","2025","01","15","08:00","","-7.8","","-9.2","","90","","0.0","","25","","5","","3.2","","98.57","","","","-10","","Snow"
"-80.38","43.46","KITCHENER/WATERLOO","6144239","2025-01-15 09:00","2025","01","15","09:00","","-7.6","","-9.0","","90","","0.0","","21","","5","","9.7","","98.60","","","","-10","","Snow"
"-80.38","43.46","KITCHENER/WATERLOO","6144239","2025-01-15 10:00","2025","01","15","10:00","","-6.0","","-8.1","","85","","0.0","","27","","17","","8.1","","98.59","","","","-12","","Snow"
"-80.38","43.46","KITCHENER/WATERLOO","6144239","2025-01-15 11:00","2025","01","15","11:00","","-5.8","","-9.0","","78","","0.0","","26","","24","","16.1","","98.56","","","","-13","","Snow"
"-80.38","43.46","KITCHENER/WATERLOO","6144239","2025-01-15 12:00","2025","01","15","12:00","","-6.1","","-9.0","","80","","0.0","","24","","18","","9.7","","98.47","","","","-13","","Snow"
"-80.38","43.46","KITCHENER/WATERLOO","6144239","2025-01-15 13:00","2025","01","15","13:00","","-6.1","","-9.5","","77","","0.0","","26","","26","","16.1","","98.35","","","","-14","","Snow"
"-80.38","43.46","KITCHENER/WATERLOO","6144239","2025-01-15 14:00","2025","01","15","14:00","","-6.1","","-9.5","","77","","0.0","","25","","24","","16.1","","98.28","","","","-14","","Snow"
"-80.38","43.46","KITCHENER/WATERLOO","6144239","2025-01-15 15:00","2025","01","15","15:00","","-6.3","","-10.3","","74","","0.0","","25","","22","","11.3","","98.29","","","","-14","","Snow"
"-80.38","43.46","KITCHENER/WATERLOO","6144239","2025-01-15 16:00","2025","01","15","16:00","","-6.8","","-10.0","","78","","0.0","","25","","28","","9.7","","98.31","","","","-15","","Snow"
"-80.38","43.46","KITCHENER/WATERLOO","6144239","2025-01-15 17:00","2025","01","15","17:00","","-7.5","","-11.2","","75","","0.0","","24","","22","","14.5","","98.27","","","","-15","","Snow"
"-80.38","43.46","KITCHENER/WATERLOO","6144239","2025-01-15 18:00","2025","01","15","18:00","","-8.0","","-11.9","","74","","0.0","","24","","22","","16.1","","98.24","","","","-16","","Snow"
"-80.38","43.46","KITCHENER/WATERLOO","6144239","2025-01-15 19:00","2025","01","15","19:00","","-8.2","","-11.7","","76","","0.0","","23","","17","","16.1","","98.19","","","","-15","","Snow"
"-80.38","43.46","KITCHENER/WATERLOO","6144239","2025-01-15 20:00","2025","01","15","20:00","","-8.4","","-11.8","","77","","0.0","","22","","18","","16.1","","98.08","","","","-15","","Snow"
"-80.38","43.46","KITCHENER/WATERLOO","6144239","2025-01-15 21:00","2025","01","15","21:00","","-8.2","","-11.1","","80","","0.0","","23","","22","","16.1","","98.01","","","","-16","","Snow"
"-80.38","43.46","KITCHENER/WATERLOO","6144239","2025-01-15 22:00","2025","01","15","22:00","","-9.0","","-11.9","","80","","0.0","","22","","21","","16.1","","97.95","","","","-17","","Snow"
"-80.38","43.46","KITCHENER/WATERLOO","6144239","2025-01-15 23:00","2025","01","15","23:00","","-10.3","","-13.1","","80","","0.0","","22","","21","","16.1","","97.88","","","","-18","","NA"
"-80.38","43.46","KITCHENER/WATERLOO","6144239","2025-01-16 00:00","2025","01","16","00:00","","-10.8","","-13.8","","79","","0.0","","21","","11","","16.1","","97.76","","","","-17","","NA"
"-80.38","43.46","KITCHENER/WATERLOO","6144239","2025-01-16 01:00","2025","01","16","01:00","","-10.4","","-14.2","","74","","0.0","","20","","17","","16.1","","97.60","","","","-18","","NA"
"-80.38","43.46","KITCHENER/WATERLOO","6144239","2025-01-16 02:00","2025","01","16","02:00","","-9.4","","-15.2","","63","","0.0","","21","","21","","16.1","","97.47","","","","-17","","NA"
"-80.38","43.46","KITCHENER/WATERLOO","6144239","2025-01-16 03:00","2025","01","16","03:00","","-8.5","","-12.3","","74","","0.0","","21","","18","","16.1","","97.39","","","","-16","","NA"
"-80.38","43.46","KITCHENER/WATERLOO","6144239","2025-01-16 04:00","2025","01","16","04:00","","-7.9","","-11.4","","76","","0.0","","22","","21","","16.1","","97.29","","","","-15","","Snow"
"-80.38","43.46","KITCHENER/WATERLOO","6144239","2025-01-16 05:00","2025","01","16","05:00","","-7.6","","-11.1","","76","","0.0","","22","","21","","16.1","","97.15","","","","-15","","Snow"
"-80.38","43.46","KITCHENER/WATERLOO","6144239","2025-01-16 06:00","2025","01","16","06:00","","-7.8","","-12.2","","71","","0.0","","23","","18","","16.1","","97.04","","","","-15","","NA"
"-80.38","43.46","KITCHENER/WATERLOO","6144239","2025-01-16 07:00","2025","01","16","07:00","","-8.0","","-11.5","","76","","0.0","","22","","22","","8.1","","96.97","","","","-16","","Snow"
"-80.38","43.46","KITCHENER/WATERLOO","6144239","2025-01-16 08:00","2025","01","16","08:00","","-8.6","","-10.7","","85","","0.0","","21","","15","","3.2","","96.89","","","","-15","","Snow"
"-80.38","43.46","KITCHENER/WATERLOO","6144239","2025-01-16 09:00","2025","01","16","09:00","","-8.3","","-10.5","","84","","0.0","","22","","17","","4.0","","96.88","","","","-15","","Snow"
"-80.38","43.46","KITCHENER/WATERLOO","6144239","2025-01-16 10:00","2025","01","16","10:00","","-7.8","","-10.4","","82","","0.0","","23","","18","","4.8","","96.82","","","","-15","","Snow"
"-80.38","43.46","KITCHENER/WATERLOO","6144239","2025-01-16 11:00","2025","01","16","11:00","","-7.5","","-10.4","","80","","0.0","","23","","18","","3.6","","96.78","","","","-14","","Snow"
"-80.38","43.46","KITCHENER/WATERLOO","6144239","2025-01-16 12:00","2025","01","16","12:00","","-7.0","","-10.1","","79","","0.0","","23","","17","","16.1","","96.69","","","","-13","","Snow"
"-80.38","43.46","KITCHENER/WATERLOO","6144239","2025-01-16 13:00","2025","01","16","13:00","","-6.8","","-10.0","","78","","0.0","","25","","18","","6.4","","96.63","","","","-13","","Snow"
"-80.38","43.46","KITCHENER/WATERLOO","6144239","2025-01-16 14:00","2025","01","16","14:00","","-6.1","","-8.9","","81","","0.0","","24","","15","","3.6","","96.62","","","","-12","","Snow"
"-80.38","43.46","KITCHENER/WATERLOO","6144239","2025-01-16 15:00","2025","01","16","15:00","","-5.8","","-8.9","","79","","0.0","","24","","17","","4.8","","96.63","","","","-12","","Snow"
"-80.38","43.46","KITCHENER/WATERLOO","6144239","2025-01-16 16:00","2025","01","16","16:00","","-5.8","","-8.1","","84","","0.0","","24","","15","","6.4","","96.69","","","","-12","","Snow"
"-80.38","43.46","KITCHENER/WATERLOO","6144239","2025-01-16 17:00","2025","01","16","17:00","","-5.8","","-7.9","","85","","0.0","","24","","11","","8.1","","96.77","","","","-11","","Snow"
"-80.38","43.46","KITCHENER/WATERLOO","6144239","2025-01-16 18:00","2025","01","16","18:00","","-5.7","","-7.4","","88","","0.0","","24","","15","","2.8","","96.87","","","","-11","","Snow"
"-80.38","43.46","KITCHENER/WATERLOO","6144239","2025-01-16 19:00","2025","01","16","19:00","","-5.0","","-6.8","","87","","0.0","","24","","13","","6.4","","96.95","","","","-10","","Snow"
"-80.38","43.46","KITCHENER/WATERLOO","6144239","2025-01-16 20:00","2025","01","16","20:00","","-4.5","","-6.2","","88","","0.0","","24","","8","","6.4","","96.99","","","","-8","","Snow"
"-80.38","43.46","KITCHENER/WATERLOO","6144239","2025-01-16 21:00","2025","01","16","21:00","","-3.9","","-5.5","","89","","0.0","","22","","11","","8.1","","97.02","","","","-8","","Snow"
"-80.38","43.46","KITCHENER/WATERLOO","6144239","2025-01-16 22:00","2025","01","16","22:00","","-3.2","","-4.6","","90","","0.0","","22","","17","","8.1","","97.06","","","","-9","","Snow"
"-80.38","43.46","KITCHENER/WATERLOO","6144239","2025-01-16 23:00","2025","01","16","23:00","","-3.2","","-4.6","","90","","0.0","","22","","17","","8.1","","97.10","","","","-9","","Snow"
"-80.38","43.46","KITCHENER/WATERLOO","6144239","2025-01-17 00:00","2025","01","17","00:00","","-2.7","","-4.3","","89","","0.0","","25","","18","","9.7","","97.15","","","","-8","","Snow"
"-80.38","43.46","KITCHENER/WATERLOO","6144239","2025-01-17 01:00","2025","01","17","01:00","","-2.3","","-3.9","","89","","0.0","","23","","21","","11.3","","97.18","","","","-8","","Snow"
"-80.38","43.46","KITCHENER/WATERLOO","6144239","2025-01-17 02:00","2025","01","17","02:00","","-2.0","","-3.3","","91","","0.0","","25","","13","","3.2","","97.23","","","","-6","","Snow"
"-80.38","43.46","KITCHENER/WATERLOO","6144239","2025-01-17 03:00","2025","01","17","03:00","","-2.0","","-4.2","","85","","0.0","","28","","17","","16.1","","97.32","","","","-7","","Snow"
"-80.38","43.46","KITCHENER/WATERLOO","6144239","2025-01-17 04:00","2025","01","17","04:00","","-2.6","","-4.2","","89","","0.0","","29","","15","","6.4","","97.36","","","","-8","","Snow"
"-80.38","43.46","KITCHENER/WATERLOO","6144239","2025-01-17 05:00","2025","01","17","05:00","","-2.8","","-4.8","","86","","0.0","","29","","15","","16.1","","97.40","","","","-8","","Snow"
"-80.38","43.46","KITCHENER/WATERLOO","6144239","2025-01-17 06:00","2025","01","17","06:00","","-3.0","","-4.7","","88","","0.0","","28","","13","","16.1","","97.49","","","","-8","","NA"
"-80.38","43.46","KITCHENER/WATERLOO","6144239","2025-01-17 07:00","2025","01","17","07:00","","-3.1","","-5.3","","85","","0.0","","29","","15","","16.1","","97.51","","","","-8","","NA"
"-80.38","43.46","KITCHENER/WATERLOO","6144239","2025-01-17 08:00","2025","01","17","08:00","","-3.0","","-5.7","","82","","0.0","","27","","11","","16.1","","97.57","","","","-7","","NA"
"-80.38","43.46","KITCHENER/WATERLOO","6144239","2025-01-17 09:00","2025","01","17","09:00","","-2.8","","-5.5","","82","","0.0","","22","","13","","16.1","","97.60","","","","-7","","NA"
"-80.38","43.46","KITCHENER/WATERLOO","6144239","2025-01-17 10:00","2025","01","17","10:00","","-2.4","","-6.2","","75","","0.0","","22","","15","","16.1","","97.60","","","","-7","","NA"
"-80.38","43.46","KITCHENER/WATERLOO","6144239","2025-01-17 11:00","2025","01","17","11:00","","-2.0","","-6.0","","74","","0.0","","22","","15","","16.1","","97.58","","","","-7","","NA"
"-80.38","43.46","KITCHENER/WATERLOO","6144239","2025-01-17 12:00","2025","01","17","12:00","","-1.2","","-5.0","","75","","0.0","","22","","21","","16.1","","97.48","","","","-7","","NA"
"-80.38","43.46","KITCHENER/WATERLOO","6144239","2025-01-17 13:00","2025","01","17","13:00","","0.1","","-4.6","","71","","0.0","","18","","21","","16.1","","97.37","","","","","","NA"
"-80.38","43.46","KITCHENER/WATERLOO","6144239","2025-01-17 14:00","2025","01","17","14:00","","0.2","","-4.3","","72","","0.0","","20","","26","","16.1","","97.27","","","","","","NA"
"-80.38","43.46","KITCHENER/WATERLOO","6144239","2025-01-17 15:00","2025","01","17","15:00","","1.0","","-4.3","","68","","0.0","","20","","24","","16.1","","97.20","","","","","","NA"
"-80.38","43.46","KITCHENER/WATERLOO","6144239","2025-01-17 16:00","2025","01","17","16:00","","0.5","","-5.1","","66","","0.0","","20","","28","","16.1","","97.17","","","","","","NA"
"-80.38","43.46","KITCHENER/WATERLOO","6144239","2025-01-17 17:00","2025","01","17","17:00","","0.3","","-4.4","","71","","0.0","","19","","24","","16.1","","97.10","","","","","","NA"
"-80.38","43.46","KITCHENER/WATERLOO","6144239","2025-01-17 18:00","2025","01","17","18:00","","0.3","","-4.2","","72","","0.0","","18","","24","","16.1","","97.01","","","","","","NA"
"-80.38","43.46","KITCHENER/WATERLOO","6144239","2025-01-17 19:00","2025","01","17","19:00","","0.4","","-4.3","","71","","0.0","","18","","26","","16.1","","96.94","","","","","","NA"
"-80.38","43.46","KITCHENER/WATERLOO","6144239","2025-01-17 20:00","2025","01","17","20:00","","0.8","","-4.1","","70","","0.0","","18","","34","","16.1","","96.88","","","","","","NA"
"-80.38","43.46","KITCHENER/WATERLOO","6144239","2025-01-17 21:00","2025","01","17","21:00","","0.9","","-4.2","","69","","0.0","","18","","28","","16.1","","96.78","","","","","","NA"
"-80.38","43.46","KITCHENER/WATERLOO","6144239","2025-01-17 22:00","2025","01","17","22:00","","1.1","","-4.4","","67","","0.0","","19","","28","","16.1","","96.72","","","","","","NA"
"-80.38","43.46","KITCHENER/WATERLOO","6144239","2025-01-17 23:00","2025","01","17","23:00","","0.6","","-4.5","","69","","0.0","","19","","26","","16.1","","96.67","","","","","","NA"
"-80.38","43.46","KITCHENER/WATERLOO","6144239","2025-01-18 00:00","2025","01","18","00:00","","1.0","","-4.6","","66","","0.0","","19","","37","","16.1","","96.62","","","","","","NA"
"-80.38","43.46","KITCHENER/WATERLOO","6144239","2025-01-18 01:00","2025","01","18","01:00","","0.5","","-4.5","","69","","0.0","","19","","21","","16.1","","96.52","","","","","","NA"
"-80.38","43.46","KITCHENER/WATERLOO","6144239","2025-01-18 02:00","2025","01","18","02:00","","0.6","","-4.6","","68","","0.0","","19","","21","","16.1","","96.47","","","","","","NA"
"-80.38","43.46","KITCHENER/WATERLOO","6144239","2025-01-18 03:00","2025","01","18","03:00","","1.0","","-4.4","","67","","0.0","","20","","15","","16.1","","96.42","","","","","","NA"
"-80.38","43.46","KITCHENER/WATERLOO","6144239","2025-01-18 04:00","2025","01","18","04:00","","2.1","","-3.8","","65","","0.0","","21","","18","","16.1","","96.37","","","","","","NA"
"-80.38","43.46","KITCHENER/WATERLOO","6144239","2025-01-18 05:00","2025","01","18","05:00","","2.8","","-2.5","","68","","0.0","","22","","24","","16.1","","96.32","","","","","","NA"
"-80.38","43.46","KITCHENER/WATERLOO","6144239","2025-01-18 06:00","2025","01","18","06:00","","1.4","","-0.5","","87","","0.0","","21","","18","","16.1","","96.36","","","","","","Rain"
"-80.38","43.46","KITCHENER/WATERLOO","6144239","2025-01-18 07:00","2025","01","18","07:00","","0.5","","-0.2","","95","","0.2","","21","","17","","4.8","","96.40","","","","","","Snow"
"-80.38","43.46","KITCHENER/WATERLOO","6144239","2025-01-18 08:00","2025","01","18","08:00","","0.6","","0.0","","96","","0.5","","21","","18","","4.8","","96.38","","","","","","Snow"
"-80.38","43.46","KITCHENER/WATERLOO","6144239","2025-01-18 09:00","2025","01","18","09:00","","0.8","","0.2","","96","","0.5","","21","","18","","8.1","","96.41","","","","","","Fog"
"-80.38","43.46","KITCHENER/WATERLOO","6144239","2025-01-18 10:00","2025","01","18","10:00","","0.6","","0.0","","96","","0.8","","21","","11","","4.0","","96.47","","","","","","Snow"
"-80.38","43.46","KITCHENER/WATERLOO","6144239","2025-01-18 11:00","2025","01","18","11:00","","0.9","","0.2","","95","","0.5","","24","","17","","11.3","","96.51","","","","","","Rain"
"-80.38","43.46","KITCHENER/WATERLOO","6144239","2025-01-18 12:00","2025","01","18","12:00","","-0.5","","-2.3","","88","","0.2","","31","","18","","4.8","","96.55","","","","-6","","Snow"
"-80.38","43.46","KITCHENER/WATERLOO","6144239","2025-01-18 13:00","2025","01","18","13:00","","-1.2","","-4.2","","80","","0.0","","32","","22","","16.1","","96.60","","","","-7","","Snow"
"-80.38","43.46","KITCHENER/WATERLOO","6144239","2025-01-18 14:00","2025","01","18","14:00","","-2.5","","-5.1","","82","","0.0","","32","","26","","4.8","","96.68","","","","-9","","Snow"
"-80.38","43.46","KITCHENER/WATERLOO","6144239","2025-01-18 15:00","2025","01","18","15:00","","-2.8","","-6.8","","74","","0.0","","33","","18","","16.1","","96.73","","","","-8","","NA"
"-80.38","43.46","KITCHENER/WATERLOO","6144239","2025-01-18 16:00","2025","01","18","16:00","","-3.5","","-8.0","","71","","0.0","","31","","32","","16.1","","96.86","","","","-11","","NA"
"-80.38","43.46","KITCHENER/WATERLOO","6144239","2025-01-18 17:00","2025","01","18","17:00","","-4.1","","-8.8","","70","","0.0","","32","","22","","16.1","","97.04","","","","-11","","NA"
"-80.38","43.46","KITCHENER/WATERLOO","6144239","2025-01-18 18:00","2025","01","18","18:00","","-4.6","","-9.3","","70","","0.0","","32","","22","","16.1","","97.16","","","","-11","","NA"
"-80.38","43.46","KITCHENER/WATERLOO","6144239","2025-01-18 19:00","2025","01","18","19:00","","-5.3","","-10.5","","67","","0.0","","32","","28","","16.1","","97.24","","","","-13","","NA"
"-80.38","43.46","KITCHENER/WATERLOO","6144239","2025-01-18 20:00","2025","01","18","20:00","","-5.5","","-10.9","","66","","0.0","","32","","24","","16.1","","97.33","","","","-13","","NA"
"-80.38","43.46","KITCHENER/WATERLOO","6144239","2025-01-18 21:00","2025","01","18","21:00","","-5.9","","-11.3","","66","","0.0","","32","","30","","16.1","","97.40","","","","-14","","Snow"
"-80.38","43.46","KITCHENER/WATERLOO","6144239","2025-01-18 22:00","2025","01","18","22:00","","-6.2","","-11.0","","69","","0.0","","33","","22","","16.1","","97.49","","","","-13","","Snow"
"-80.38","43.46","KITCHENER/WATERLOO","6144239","2025-01-18 23:00","2025","01","18","23:00","","-8.4","","-11.8","","77","","0.0","","34","","8","","16.1","","97.56","","","","-13","","NA"
"-80.38","43.46","KITCHENER/WATERLOO","6144239","2025-01-19 00:00","2025","01","19","00:00","","-8.7","","-11.6","","80","","0.0","","29","","5","","16.1","","97.59","","","","-11","","NA"
"-80.38","43.46","KITCHENER/WATERLOO","6144239","2025-01-19 01:00","2025","01","19","01:00","","-8.2","","-11.2","","79","","0.0","","29","","8","","16.1","","97.57","","","","-12","","NA"
"-80.38","43.46","KITCHENER/WATERLOO","6144239","2025-01-19 02:00","2025","01","19","02:00","","-8.2","","-11.4","","78","","0.0","","29","","9","","16.1","","97.57","","","","-13","","Snow"
"-80.38","43.46","KITCHENER/WATERLOO","6144239","2025-01-19 03:00","2025","01","19","03:00","","-8.2","","-11.2","","79","","0.0","","29","","9","","16.1","","97.62","","","","-13","","NA"
"-80.38","43.46","KITCHENER/WATERLOO","6144239","2025-01-19 04:00","2025","01","19","04:00","","-8.0","","-11.4","","77","","0.0","","28","","11","","16.1","","97.64","","","","-13","","NA"
"-80.38","43.46","KITCHENER/WATERLOO","6144239","2025-01-19 05:00","2025","01","19","05:00","","-8.1","","-11.5","","77","","0.0","","30","","9","","16.1","","97.62","","","","-13","","Snow"
"-80.38","43.46","KITCHENER/WATERLOO","6144239","2025-01-19 06:00","2025","01","19","06:00","","-8.2","","-11.2","","79","","0.0","","29","","8","","16.1","","97.62","","","","-12","","Snow"
"-80.38","43.46","KITCHENER/WATERLOO","6144239","2025-01-19 07:00","2025","01","19","07:00","","-8.4","","-11.4","","79","","0.0","","30","","5","","16.1","","97.64","","","","-11","","Snow"
"-80.38","43.46","KITCHENER/WATERLOO","6144239","2025-01-19 08:00","2025","01","19","08:00","","-8.5","","-11.5","","79","","0.0","","36","","5","","16.1","","97.62","","","","-11","","NA"
"-80.38","43.46","KITCHENER/WATERLOO","6144239","2025-01-19 09:00","2025","01","19","09:00","","-8.4","","-11.4","","79","","0.0","","2","","4","","16.1","","97.65","","","","-11","","NA"
"-80.38","43.46","KITCHENER/WATERLOO","6144239","2025-01-19 10:00","2025","01","19","10:00","","-7.8","","-11.7","","74","","0.0","","27","","8","","16.1","","97.72","","","","-12","","NA"
"-80.38","43.46","KITCHENER/WATERLOO","6144239","2025-01-19 11:00","2025","01","19","11:00","","-7.3","","-12.7","","66","","0.0","","33","","13","","16.1","","97.71","","","","-13","","NA"
"-80.38","43.46","KITCHENER/WATERLOO","6144239","2025-01-19 12:00","2025","01","19","12:00","","-7.1","","-14.2","","57","","0.0","","36","","13","","16.1","","97.61","","","","-13","","NA"
"-80.38","43.46","KITCHENER/WATERLOO","6144239","2025-01-19 13:00","2025","01","19","13:00","","-7.1","","-15.2","","53","","0.0","","34","","8","","16.1","","97.51","","","","-11","","NA"
"-80.38","43.46","KITCHENER/WATERLOO","6144239","2025-01-19 14:00","2025","01","19","14:00","","-7.0","","-14.7","","55","","0.0","","","M","4","","16.1","","97.49","","","","-9","","NA"
"-80.38","43.46","KITCHENER/WATERLOO","6144239","2025-01-19 15:00","2025","01","19","15:00","","-7.4","","-13.1","","64","","0.0","","33","","15","","16.1","","97.48","","","","-14","","NA"
"-80.38","43.46","KITCHENER/WATERLOO","6144239","2025-01-19 16:00","2025","01","19","16:00","","-7.7","","-13.8","","62","","0.0","","33","","13","","16.1","","97.52","","","","-13","","NA"
"-80.38","43.46","KITCHENER/WATERLOO","6144239","2025-01-19 17:00","2025","01","19","17:00","","-7.9","","-13.2","","66","","0.0","","30","","8","","16.1","","97.57","","","","-12","","NA"
"-80.38","43.46","KITCHENER/WATERLOO","6144239","2025-01-19 18:00","2025","01","19","18:00","","-8.4","","-13.3","","68","","0.0","","31","","8","","16.1","","97.60","","","","-13","","NA"
"-80.38","43.46","KITCHENER/WATERLOO","6144239","2025-01-19 19:00","2025","01","19","19:00","","-9.0","","-13.4","","71","","0.0","","30","","9","","16.1","","97.63","","","","-14","","NA"
"-80.38","43.46","KITCHENER/WATERLOO","6144239","2025-01-19 20:00","2025","01","19","20:00","","-10.4","","-13.1","","81","","0.0","","27","","9","","16.1","","97.67","","","","-15","","NA"
"-80.38","43.46","KITCHENER/WATERLOO","6144239","2025-01-19 21:00","2025","01","19","21:00","","-11.4","","-13.8","","83","","0.0","","26","","9","","16.1","","97.69","","","","-17","","NA"
"-80.38","43.46","KITCHENER/WATERLOO","6144239","2025-01-19 22:00","2025","01","19","22:00","","-10.4","","-12.9","","82","","0.0","","25","","18","","6.4","","97.70","","","","-18","","Snow"
"-80.38","43.46","KITCHENER/WATERLOO","6144239","2025-01-19 23:00","2025","01","19","23:00","","-10.3","","-12.8","","82","","0.0","","24","","13","","4.8","","97.71","","","","-17","","Snow"
"-80.38","43.46","KITCHENER/WATERLOO","6144239","2025-01-20 00:00","2025","01","20","00:00","","-10.6","","-13.3","","81","","0.0","","23","","21","","9.7","","97.72","","","","-19","","Snow"
"-80.38","43.46","KITCHENER/WATERLOO","6144239","2025-01-20 01:00","2025","01","20","01:00","","-11.6","","-14.4","","80","","0.0","","25","","15","","16.1","","97.72","","","","-19","","Snow"
"-80.38","43.46","KITCHENER/WATERLOO","6144239","2025-01-20 02:00","2025","01","20","02:00","","-12.9","","-15.8","","79","","0.0","","1","","17","","16.1","","97.83","","","","-21","","Snow"
"-80.38","43.46","KITCHENER/WATERLOO","6144239","2025-01-20 03:00","2025","01","20","03:00","","-14.4","","-17.3","","79","","0.0","","31","","8","","16.1","","97.94","","","","-20","","NA"
"-80.38","43.46","KITCHENER/WATERLOO","6144239","2025-01-20 04:00","2025","01","20","04:00","","-15.6","","-18.5","","79","","0.0","","30","","8","","16.1","","98.01","","","","-21","","NA"
"-80.38","43.46","KITCHENER/WATERLOO","6144239","2025-01-20 05:00","2025","01","20","05:00","","-17.8","","-19.5","","87","","0.0","","30","","4","","16.1","","98.06","","","","-21","","NA"
"-80.38","43.46","KITCHENER/WATERLOO","6144239","2025-01-20 06:00","2025","01","20","06:00","","-18.1","","-20.5","","82","","0.0","","","","0","","16.1","","98.13","","","","","","NA"
"-80.38","43.46","KITCHENER/WATERLOO","6144239","2025-01-20 07:00","2025","01","20","07:00","","-18.0","","-20.2","","83","","0.0","","","","0","","14.5","","98.19","","","","","","Snow"
"-80.38","43.46","KITCHENER/WATERLOO","6144239","2025-01-20 08:00","2025","01","20","08:00","","-16.4","","-19.0","","80","","0.0","","22","","11","","16.1","","98.26","","","","-23","","Snow"
"-80.38","43.46","KITCHENER/WATERLOO","6144239","2025-01-20 09:00","2025","01","20","09:00","","-15.2","","-19.0","","73","","0.0","","24","","22","","9.7","","98.33","","","","-25","","Snow"
"-80.38","43.46","KITCHENER/WATERLOO","6144239","2025-01-20 10:00","2025","01","20","10:00","","-14.4","","-18.7","","70","","0.0","","23","","26","","16.1","","98.44","","","","-25","","Snow"
"-80.38","43.46","KITCHENER/WATERLOO","6144239","2025-01-20 11:00","2025","01","20","11:00","","-13.7","","-18.2","","70","","0.0","","24","","24","","16.1","","98.52","","","","-23","","NA"
"-80.38","43.46","KITCHENER/WATERLOO","6144239","2025-01-20 12:00","2025","01","20","12:00","","-12.8","","-17.6","","68","","0.0","","24","","32","","12.9","","98.51","","","","-23","","NA"
"-80.38","43.46","KITCHENER/WATERLOO","6144239","2025-01-20 13:00","2025","01","20","13:00","","-13.3","","-18.8","","64","","0.0","","24","","39","","4.8","","98.51","","","","-25","","Snow"
"-80.38","43.46","KITCHENER/WATERLOO","6144239","2025-01-20 14:00","2025","01","20","14:00","","-13.3","","-18.9","","63","","0.0","","27","","39","","14.5","","98.51","","","","-25","","Snow"
"-80.38","43.46","KITCHENER/WATERLOO","6144239","2025-01-20 15:00","2025","01","20","15:00","","-13.9","","-18.9","","67","","0.0","","23","","32","","4.0","","98.56","","","","-25","","Snow"
"-80.38","43.46","KITCHENER/WATERLOO","6144239","2025-01-20 16:00","2025","01","20","16:00","","-14.0","","-20.2","","60","","0.0","","25","","35","","16.1","","98.58","","","","-25","","NA"
"-80.38","43.46","KITCHENER/WATERLOO","6144239","2025-01-20 17:00","2025","01","20","17:00","","-14.4","","-20.0","","63","","0.0","","24","","28","","16.1","","98.62","","","","-25","","NA"
"-80.38","43.46","KITCHENER/WATERLOO","6144239","2025-01-20 18:00","2025","01","20","18:00","","-14.9","","-20.7","","62","","0.0","","23","","28","","16.1","","98.67","","","","-26","","NA"
"-80.38","43.46","KITCHENER/WATERLOO","6144239","2025-01-20 19:00","2025","01","20","19:00","","-15.3","","-20.0","","68","","0.0","","23","","18","","16.1","","98.72","","","","-24","","NA"
"-80.38","43.46","KITCHENER/WATERLOO","6144239","2025-01-20 20:00","2025","01","20","20:00","","-15.3","","-19.8","","69","","0.0","","23","","21","","16.1","","98.77","","","","-25","","NA"
"-80.38","43.46","KITCHENER/WATERLOO","6144239","2025-01-20 21:00","2025","01","20","21:00","","-15.0","","-18.7","","74","","0.0","","23","","39","","2.8","","98.78","","","","-27","","Snow"
"-80.38","43.46","KITCHENER/WATERLOO","6144239","2025-01-20 22:00","2025","01","20","22:00","","-15.1","","-18.1","","78","","0.0","","23","","26","","2.8","","98.79","","","","-25","","Snow"
"-80.38","43.46","KITCHENER/WATERLOO","6144239","2025-01-20 23:00","2025","01","20","23:00","","-14.9","","-17.5","","81","","0.0","","24","","21","","1.6","","98.81","","","","-24","","Snow"
"-80.38","43.46","KITCHENER/WATERLOO","6144239","2025-01-21 00:00","2025","01","21","00:00","","-15.0","","-17.6","","81","","0.0","","22","","22","","1.6","","98.82","","","","-25","","Snow"
"-80.38","43.46","KITCHENER/WATERLOO","6144239","2025-01-21 01:00","2025","01","21","01:00","","-15.2","","-18.0","","79","","0.0","","23","","24","","1.2","","98.83","","","","-25","","Snow"
"-80.38","43.46","KITCHENER/WATERLOO","6144239","2025-01-21 02:00","2025","01","21","02:00","","-16.3","","-19.5","","77","","0.0","","23","","21","","8.1","","98.84","","","","-26","","Snow"
"-80.38","43.46","KITCHENER/WATERLOO","6144239","2025-01-21 03:00","2025","01","21","03:00","","-17.0","","-20.9","","72","","0.0","","23","","21","","16.1","","98.88","","","","-27","","NA"
"-80.38","43.46","KITCHENER/WATERLOO","6144239","2025-01-21 04:00","2025","01","21","04:00","","-17.9","","-22.1","","70","","0.0","","22","","17","","16.1","","98.87","","","","-27","","NA"
"-80.38","43.46","KITCHENER/WATERLOO","6144239","2025-01-21 05:00","2025","01","21","05:00","","-18.4","","-22.8","","69","","0.0","","23","","17","","16.1","","98.87","","","","-28","","NA"
"-80.38","43.46","KITCHENER/WATERLOO","6144239","2025-01-21 06:00","2025","01","21","06:00","","-18.7","","-23.2","","68","","0.0","","22","","21","","16.1","","98.88","","","","-29","","NA"
"-80.38","43.46","KITCHENER/WATERLOO","6144239","2025-01-21 07:00","2025","01","21","07:00","","-18.4","","-23.5","","65","","0.0","","24","","21","","16.1","","98.91","","","","-29","","NA"
"-80.38","43.46","KITCHENER/WATERLOO","6144239","2025-01-21 08:00","2025","01","21","08:00","","-18.7","","-23.9","","64","","0.0","","24","","21","","16.1","","98.96","","","","-29","","NA"
"-80.38","43.46","KITCHENER/WATERLOO","6144239","2025-01-21 09:00","2025","01","21","09:00","","-17.4","","-23.6","","59","","0.0","","25","","15","","16.1","","98.96","","","","-26","","NA"
"-80.38","43.46","KITCHENER/WATERLOO","6144239","2025-01-21 10:00","2025","01","21","10:00","","-15.8","","-22.9","","55","","0.0","","24","","18","","16.1","","98.95","","","","-25","","NA"
"-80.38","43.46","KITCHENER/WATERLOO","6144239","2025-01-21 11:00","2025","01","21","11:00","","-15.3","","-21.8","","58","","0.0","","22","","22","","16.1","","98.95","","","","-25","","NA"
"-80.38","43.46","KITCHENER/WATERLOO","6144239","2025-01-21 12:00","2025","01","21","12:00","","-14.1","","-21.5","","54","","0.0","","27","","17","","16.1","","98.84","","","","-22","","NA"
"-80.38","43.46","KITCHENER/WATERLOO","6144239","2025-01-21 13:00","2025","01","21","13:00","","-13.7","","-23.0","","46","","0.0","","29","","30","","16.1","","98.67","","","","-24","","NA"
"-80.38","43.46","KITCHENER/WATERLOO","6144239","2025-01-21 14:00","2025","01","21","14:00","","-13.3","","-22.8","","45","","0.0","","26","","24","","16.1","","98.62","","","","-23","","NA"
"-80.38","43.46","KITCHENER/WATERLOO","6144239","2025-01-21 15:00","2025","01","21","15:00","","-13.7","","-22.2","","50","","0.0","","23","","28","","16.1","","98.63","","","","-24","","NA"
"-80.38","43.46","KITCHENER/WATERLOO","6144239","2025-01-21 16:00","2025","01","21","16:00","","-14.1","","-20.9","","57","","0.0","","26","","28","","16.1","","98.67","","","","-25","","NA"
"-80.38","43.46","KITCHENER/WATERLOO","6144239","2025-01-21 17:00","2025","01","21","17:00","","-15.2","","-20.8","","63","","0.0","","27","","22","","16.1","","98.75","","","","-25","","NA"
"-80.38","43.46","KITCHENER/WATERLOO","6144239","2025-01-21 18:00","2025","01","21","18:00","","-16.1","","-20.9","","67","","0.0","","27","","22","","16.1","","98.82","","","","-26","","NA"
"-80.38","43.46","KITCHENER/WATERLOO","6144239","2025-01-21 19:00","2025","01","21","19:00","","-16.6","","-20.5","","72","","0.0","","26","","18","","16.1","","98.88","","","","-26","","NA"
"-80.38","43.46","KITCHENER/WATERLOO","6144239","2025-01-21 20:00","2025","01","21","20:00","","-17.3","","-21.4","","71","","0.0","","24","","17","","16.1","","98.91","","","","-26","","NA"
"-80.38","43.46","KITCHENER/WATERLOO","6144239","2025-01-21 21:00","2025","01","21","21:00","","-17.6","","-22.1","","68","","0.0","","25","","22","","16.1","","98.96","","","","-28","","NA"
"-80.38","43.46","KITCHENER/WATERLOO","6144239","2025-01-21 22:00","2025","01","21","22:00","","-17.9","","-22.5","","68","","0.0","","24","","22","","16.1","","98.98","","","","-28","","NA"
"-80.38","43.46","KITCHENER/WATERLOO","6144239","2025-01-21 23:00","2025","01","21","23:00","","-18.5","","-22.5","","71","","0.0","","24","","21","","16.1","","99.02","","","","-29","","NA"
"-80.38","43.46","KITCHENER/WATERLOO","6144239","2025-01-22 00:00","2025","01","22","00:00","","-18.6","","-22.6","","71","","0.0","","23","","22","","16.1","","99.03","","","","-29","","NA"
"-80.38","43.46","KITCHENER/WATERLOO","6144239","2025-01-22 01:00","2025","01","22","01:00","","-18.9","","-22.9","","71","","0.0","","24","","17","","16.1","","99.02","","","","-28","","NA"
"-80.38","43.46","KITCHENER/WATERLOO","6144239","2025-01-22 02:00","2025","01","22","02:00","","-19.5","","-23.7","","70","","0.0","","23","","15","","16.1","","99.01","","","","-28","","NA"
"-80.38","43.46","KITCHENER/WATERLOO","6144239","2025-01-22 03:00","2025","01","22","03:00","","-20.3","","-24.4","","70","","0.0","","22","","13","","16.1","","99.01","","","","-29","","NA"
"-80.38","43.46","KITCHENER/WATERLOO","6144239","2025-01-22 04:00","2025","01","22","04:00","","-20.5","","-24.5","","71","","0.0","","25","","9","","16.1","","98.96","","","","-27","","NA"
"-80.38","43.46","KITCHENER/WATERLOO","6144239","2025-01-22 05:00","2025","01","22","05:00","","-20.5","","-24.5","","71","","0.0","","23","","11","","16.1","","98.94","","","","-28","","NA"
"-80.38","43.46","KITCHENER/WATERLOO","6144239","2025-01-22 06:00","2025","01","22","06:00","","-20.2","","-24.7","","68","","0.0","","22","","15","","16.1","","98.97","","","","-29","","NA"
"-80.38","43.46","KITCHENER/WATERLOO","6144239","2025-01-22 07:00","2025","01","22","07:00","","-20.6","","-24.6","","71","","0.0","","19","","11","","16.1","","98.99","","","","-28","","NA"
"-80.38","43.46","KITCHENER/WATERLOO","6144239","2025-01-22 08:00","2025","01","22","08:00","","-21.1","","-24.7","","73","","0.0","","21","","5","","16.1","","98.97","","","","-26","","NA"
"-80.38","43.46","KITCHENER/WATERLOO","6144239","2025-01-22 09:00","2025","01","22","09:00","","-19.0","","-23.2","","70","","0.0","","19","","8","","16.1","","98.95","","","","-25","","NA"
"-80.38","43.46","KITCHENER/WATERLOO","6144239","2025-01-22 10:00","2025","01","22","10:00","","-18.0","","-22.1","","71","","0.0","","18","","13","","16.1","","98.95","","","","-26","","NA"
"-80.38","43.46","KITCHENER/WATERLOO","6144239","2025-01-22 11:00","2025","01","22","11:00","","-16.4","","-20.3","","72","","0.0","","19","","21","","16.1","","98.96","","","","-26","","NA"
"-80.38","43.46","KITCHENER/WATERLOO","6144239","2025-01-22 12:00","2025","01","22","12:00","","-14.2","","-19.5","","65","","0.0","","18","","28","","16.1","","98.83","","","","-25","","NA"
"-80.38","43.46","KITCHENER/WATERLOO","6144239","2025-01-22 13:00","2025","01","22","13:00","","-14.6","","-19.3","","68","","0.0","","19","","24","","16.1","","98.75","","","","-24","","NA"
"-80.38","43.46","KITCHENER/WATERLOO","6144239","2025-01-22 14:00","2025","01","22","14:00","","-14.7","","-19.4","","68","","0.0","","19","","28","","16.1","","98.65","","","","-25","","NA"
"-80.38","43.46","KITCHENER/WATERLOO","6144239","2025-01-22 15:00","2025","01","22","15:00","","-14.5","","-19.8","","64","","0.0","","17","","24","","16.1","","98.54","","","","-24","","NA"
"-80.38","43.46","KITCHENER/WATERLOO","6144239","2025-01-22 16:00","2025","01","22","16:00","","-14.1","","-19.7","","63","","0.0","","19","","18","","16.1","","98.51","","","","-23","","NA"
"-80.38","43.46","KITCHENER/WATERLOO","6144239","2025-01-22 17:00","2025","01","22","17:00","","-13.9","","-19.7","","62","","0.0","","17","","26","","16.1","","98.44","","","","-24","","NA"
"-80.38","43.46","KITCHENER/WATERLOO","6144239","2025-01-22 18:00","2025","01","22","18:00","","-13.7","","-18.1","","70","","0.0","","17","","24","","9.7","","98.39","","","","-23","","Snow"
"-80.38","43.46","KITCHENER/WATERLOO","6144239","2025-01-22 19:00","2025","01","22","19:00","","-13.4","","-17.4","","72","","0.0","","17","","18","","8.1","","98.33","","","","-22","","Snow"
"-80.38","43.46","KITCHENER/WATERLOO","6144239","2025-01-22 20:00","2025","01","22","20:00","","-13.1","","-16.7","","75","","0.0","","18","","22","","11.3","","98.24","","","","-22","","Snow"
"-80.38","43.46","KITCHENER/WATERLOO","6144239","2025-01-22 21:00","2025","01","22","21:00","","-13.1","","-16.3","","77","","0.0","","18","","17","","16.1","","98.24","","","","-21","","NA"
"-80.38","43.46","KITCHENER/WATERLOO","6144239","2025-01-22 22:00","2025","01","22","22:00","","-13.1","","-16.8","","74","","0.0","","19","","9","","16.1","","98.18","","","","-19","","NA"
"-80.38","43.46","KITCHENER/WATERLOO","6144239","2025-01-22 23:00","2025","01","22","23:00","","-12.4","","-17.5","","66","","0.0","","20","","13","","16.1","","98.16","","","","-19","","NA"
"-80.38","43.46","KITCHENER/WATERLOO","6144239","2025-01-23 00:00","2025","01","23","00:00","","-12.5","","-17.4","","67","","0.0","","20","","13","","16.1","","98.11","","","","-19","","Snow"
"-80.38","43.46","KITCHENER/WATERLOO","6144239","2025-01-23 01:00","2025","01","23","01:00","","-12.6","","-17.2","","69","","0.0","","19","","11","","16.1","","98.05","","","","-19","","Snow"
"-80.38","43.46","KITCHENER/WATERLOO","6144239","2025-01-23 02:00","2025","01","23","02:00","","-12.5","","-16.2","","74","","0.0","","19","","17","","16.1","","97.98","","","","-20","","Snow"
"-80.38","43.46","KITCHENER/WATERLOO","6144239","2025-01-23 03:00","2025","01","23","03:00","","-11.3","","-13.8","","82","","0.0","","20","","17","","4.8","","97.94","","","","-19","","Snow"
"-80.38","43.46","KITCHENER/WATERLOO","6144239","2025-01-23 04:00","2025","01","23","04:00","","-10.9","","-13.1","","84","","0.0","","19","","13","","4.8","","97.87","","","","-17","","Snow"
"-80.38","43.46","KITCHENER/WATERLOO","6144239","2025-01-23 05:00","2025","01","23","05:00","","-10.7","","-12.6","","86","","0.0","","19","","11","","4.0","","97.81","","","","-16","","Snow"
"-80.38","43.46","KITCHENER/WATERLOO","6144239","2025-01-23 06:00","2025","01","23","06:00","","-10.3","","-12.2","","86","","0.0","","19","","8","","11.3","","97.74","","","","-15","","Snow"
"-80.38","43.46","KITCHENER/WATERLOO","6144239","2025-01-23 07:00","2025","01","23","07:00","","-9.5","","-11.5","","86","","0.0","","20","","15","","4.8","","97.74","","","","-16","","Snow"
"-80.38","43.46","KITCHENER/WATERLOO","6144239","2025-01-23 08:00","2025","01","23","08:00","","-8.9","","-11.8","","80","","0.0","","21","","18","","12.9","","97.74","","","","-16","","Snow"
"-80.38","43.46","KITCHENER/WATERLOO","6144239","2025-01-23 09:00","2025","01","23","09:00","","-8.7","","-11.2","","82","","0.0","","21","","15","","4.8","","97.75","","","","-15","","Snow"
"-80.38","43.46","KITCHENER/WATERLOO","6144239","2025-01-23 10:00","2025","01","23","10:00","","-7.9","","-11.4","","76","","0.0","","22","","24","","6.4","","97.77","","","","-16","","Snow"
"-80.38","43.46","KITCHENER/WATERLOO","6144239","2025-01-23 11:00","2025","01","23","11:00","","-7.8","","-11.2","","77","","0.0","","23","","26","","4.8","","97.78","","","","-16","","Snow"
"-80.38","43.46","KITCHENER/WATERLOO","6144239","2025-01-23 12:00","2025","01","23","12:00","","-7.3","","-10.8","","76","","0.0","","23","","26","","6.4","","97.74","","","","-15","","Snow"
"-80.38","43.46","KITCHENER/WATERLOO","6144239","2025-01-23 13:00","2025","01","23","13:00","","-7.0","","-10.6","","76","","0.0","","22","","21","","9.7","","97.71","","","","-14","","Snow"
"-80.38","43.46","KITCHENER/WATERLOO","6144239","2025-01-23 14:00","2025","01","23","14:00","","-6.7","","-10.2","","76","","0.0","","22","","18","","16.1","","97.69","","","","-13","","Snow"
"-80.38","43.46","KITCHENER/WATERLOO","6144239","2025-01-23 15:00","2025","01","23","15:00","","-6.9","","-10.0","","79","","0.0","","22","","18","","4.8","","97.69","","","","-14","","Snow"
"-80.38","43.46","KITCHENER/WATERLOO","6144239","2025-01-23 16:00","2025","01","23","16:00","","-6.8","","-9.5","","81","","0.0","","23","","18","","4.8","","97.74","","","","-13","","Snow"
"-80.38","43.46","KITCHENER/WATERLOO","6144239","2025-01-23 17:00","2025","01","23","17:00","","-7.0","","-9.4","","83","","0.0","","23","","17","","3.6","","97.79","","","","-13","","Snow"
"-80.38","43.46","KITCHENER/WATERLOO","6144239","2025-01-23 18:00","2025","01","23","18:00","","-7.2","","-9.3","","85","","0.0","","21","","11","","4.8","","97.85","","","","-12","","Snow"
"-80.38","43.46","KITCHENER/WATERLOO","6144239","2025-01-23 19:00","2025","01","23","19:00","","-7.3","","-9.4","","85","","0.0","","23","","15","","4.8","","97.87","","","","-13","","Snow"
"-80.38","43.46","KITCHENER/WATERLOO","6144239","2025-01-23 20:00","2025","01","23","20:00","","-7.1","","-8.9","","87","","0.0","","24","","18","","4.8","","97.89","","","","-14","","Snow"
"-80.38","43.46","KITCHENER/WATERLOO","6144239","2025-01-23 21:00","2025","01","23","21:00","","-7.0","","-9.3","","84","","0.0","","26","","17","","16.1","","97.90","","","","-13","","Snow"
"-80.38","43.46","KITCHENER/WATERLOO","6144239","2025-01-23 22:00","2025","01","23","22:00","","-7.8","","-10.4","","82","","0.0","","25","","22","","16.1","","97.90","","","","-15","","NA"
"-80.38","43.46","KITCHENER/WATERLOO","6144239","2025-01-23 23:00","2025","01","23","23:00","","-8.3","","-10.4","","85","","0.0","","25","","17","","16.1","","97.88","","","","-15","","Snow"
"-80.38","43.46","KITCHENER/WATERLOO","6144239","2025-01-24 00:00","2025","01","24","00:00","","-7.7","","-9.8","","85","","0.0","","26","","18","","16.1","","97.89","","","","-15","","Snow"
"-80.38","43.46","KITCHENER/WATERLOO","6144239","2025-01-24 01:00","2025","01","24","01:00","","-7.3","","-10.5","","78","","0.0","","28","","24","","16.1","","97.91","","","","-15","","NA"
"-80.38","43.46","KITCHENER/WATERLOO","6144239","2025-01-24 02:00","2025","01","24","02:00","","-7.8","","-10.2","","83","","0.0","","28","","21","","9.7","","97.97","","","","-15","","Snow"
"-80.38","43.46","KITCHENER/WATERLOO","6144239","2025-01-24 03:00","2025","01","24","03:00","","-8.6","","-10.8","","84","","0.0","","29","","17","","16.1","","98.04","","","","-15","","Snow"
"-80.38","43.46","KITCHENER/WATERLOO","6144239","2025-01-24 04:00","2025","01","24","04:00","","-9.9","","-12.3","","83","","0.0","","28","","18","","16.1","","98.06","","","","-17","","NA"
"-80.38","43.46","KITCHENER/WATERLOO","6144239","2025-01-24 05:00","2025","01","24","05:00","","-11.1","","-14.6","","76","","0.0","","27","","11","","16.1","","98.10","","","","-17","","NA"
"-80.38","43.46","KITCHENER/WATERLOO","6144239","2025-01-24 06:00","2025","01","24","06:00","","-10.8","","-14.5","","75","","0.0","","28","","5","","16.1","","98.12","","","","-14","","NA"
"-80.38","43.46","KITCHENER/WATERLOO","6144239","2025-01-24 07:00","2025","01","24","07:00","","-15.6","","-17.2","","88","","0.0","","25","","4","","16.1","","98.16","","","","-19","","NA"
"-80.38","43.46","KITCHENER/WATERLOO","6144239","2025-01-24 08:00","2025","01","24","08:00","","-14.4","","-16.0","","88","","0.0","","21","","8","","16.1","","98.19","","","","-20","","NA"
"-80.38","43.46","KITCHENER/WATERLOO","6144239","2025-01-24 09:00","2025","01","24","09:00","","-10.4","","-13.0","","81","","0.0","","26","","13","","16.1","","98.20","","","","-17","","NA"
"-80.38","43.46","KITCHENER/WATERLOO","6144239","2025-01-24 10:00","2025","01","24","10:00","","-7.9","","-13.4","","65","","0.0","","27","","22","","11.3","","98.23","","","","-16","","Snow"
"-80.38","43.46","KITCHENER/WATERLOO","6144239","2025-01-24 11:00","2025","01","24","11:00","","-7.6","","-12.9","","66","","0.0","","26","","15","","16.1","","98.30","","","","-14","","NA"
"-80.38","43.46","KITCHENER/WATERLOO","6144239","2025-01-24 12:00","2025","01","24","12:00","","-7.5","","-12.3","","69","","0.0","","23","","21","","16.1","","98.29","","","","-15","","NA"
"-80.38","43.46","KITCHENER/WATERLOO","6144239","2025-01-24 13:00","2025","01","24","13:00","","-7.6","","-12.9","","66","","0.0","","25","","22","","16.1","","98.25","","","","-15","","NA"
"-80.38","43.46","KITCHENER/WATERLOO","6144239","2025-01-24 14:00","2025","01","24","14:00","","-8.0","","-12.4","","71","","0.0","","23","","21","","16.1","","98.22","","","","-16","","Snow"
"-80.38","43.46","KITCHENER/WATERLOO","6144239","2025-01-24 15:00","2025","01","24","15:00","","-8.2","","-11.9","","75","","0.0","","23","","21","","16.1","","98.24","","","","-16","","Snow"
"-80.38","43.46","KITCHENER/WATERLOO","6144239","2025-01-24 16:00","2025","01","24","16:00","","-8.6","","-12.8","","72","","0.0","","25","","18","","16.1","","98.28","","","","-16","","Snow"
"-80.38","43.46","KITCHENER/WATERLOO","6144239","2025-01-24 17:00","2025","01","24","17:00","","-8.9","","-13.8","","68","","0.0","","25","","22","","16.1","","98.32","","","","-17","","Snow"
"-80.38","43.46","KITCHENER/WATERLOO","6144239","2025-01-24 18:00","2025","01","24","18:00","","-9.2","","-13.8","","70","","0.0","","24","","17","","16.1","","98.37","","","","-16","","Snow"
"-80.38","43.46","KITCHENER/WATERLOO","6144239","2025-01-24 19:00","2025","01","24","19:00","","-9.4","","-15.2","","63","","0.0","","24","","15","","16.1","","98.40","","","","-16","","NA"
"-80.38","43.46","KITCHENER/WATERLOO","6144239","2025-01-24 20:00","2025","01","24","20:00","","-9.3","","-15.7","","60","","0.0","","24","","5","","16.1","","98.39","","","","-12","","NA"
"-80.38","43.46","KITCHENER/WATERLOO","6144239","2025-01-24 21:00","2025","01","24","21:00","","-9.6","","-15.4","","63","","0.0","","20","","11","","16.1","","98.41","","","","-15","","NA"
"-80.38","43.46","KITCHENER/WATERLOO","6144239","2025-01-24 22:00","2025","01","24","22:00","","-9.7","","-14.9","","66","","0.0","","19","","13","","16.1","","98.39","","","","-16","","NA"
"-80.38","43.46","KITCHENER/WATERLOO","6144239","2025-01-24 23:00","2025","01","24","23:00","","-9.9","","-14.8","","68","","0.0","","20","","9","","16.1","","98.38","","","","-15","","NA"
"-80.38","43.46","KITCHENER/WATERLOO","6144239","2025-01-25 00:00","2025","01","25","00:00","","-9.8","","-14.1","","71","","0.0","","20","","9","","16.1","","98.38","","","","-15","","Snow"
"-80.38","43.46","KITCHENER/WATERLOO","6144239","2025-01-25 01:00","2025","01","25","01:00","","-9.8","","-14.1","","71","","0.0","","20","","8","","16.1","","98.35","","","","-14","","Snow"
"-80.38","43.46","KITCHENER/WATERLOO","6144239","2025-01-25 02:00","2025","01","25","02:00","","-9.8","","-13.6","","74","","0.0","","21","","9","","16.1","","98.34","","","","-15","","Snow"
"-80.38","43.46","KITCHENER/WATERLOO","6144239","2025-01-25 03:00","2025","01","25","03:00","","-9.8","","-14.8","","67","","0.0","","22","","18","","16.1","","98.33","","","","-17","","Snow"
"-80.38","43.46","KITCHENER/WATERLOO","6144239","2025-01-25 04:00","2025","01","25","04:00","","-11.5","","-15.3","","74","","0.0","","19","","9","","16.1","","98.27","","","","-17","","NA"
"-80.38","43.46","KITCHENER/WATERLOO","6144239","2025-01-25 05:00","2025","01","25","05:00","","-12.8","","-16.0","","77","","0.0","","19","","9","","16.1","","98.21","","","","-18","","NA"
"-80.38","43.46","KITCHENER/WATERLOO","6144239","2025-01-25 06:00","2025","01","25","06:00","","-11.8","","-15.7","","73","","0.0","","18","","11","","16.1","","98.14","","","","-18","","NA"
"-80.38","43.46","KITCHENER/WATERLOO","6144239","2025-01-25 07:00","2025","01","25","07:00","","-11.0","","-14.3","","77","","0.0","","18","","9","","16.1","","98.12","","","","-16","","NA"
"-80.38","43.46","KITCHENER/WATERLOO","6144239","2025-01-25 08:00","2025","01","25","08:00","","-10.3","","-12.5","","84","","0.0","","18","","15","","16.1","","98.06","","","","-17","","NA"
"-80.38","43.46","KITCHENER/WATERLOO","6144239","2025-01-25 09:00","2025","01","25","09:00","","-9.5","","-12.0","","82","","0.0","","18","","18","","16.1","","98.00","","","","-17","","Snow"
"-80.38","43.46","KITCHENER/WATERLOO","6144239","2025-01-25 10:00","2025","01","25","10:00","","-8.4","","-11.4","","79","","0.0","","20","","18","","14.5","","97.99","","","","-15","","Snow"
"-80.38","43.46","KITCHENER/WATERLOO","6144239","2025-01-25 11:00","2025","01","25","11:00","","-6.6","","-10.3","","75","","0.0","","21","","17","","16.1","","98.01","","","","-13","","Snow"
"-80.38","43.46","KITCHENER/WATERLOO","6144239","2025-01-25 12:00","2025","01","25","12:00","","-5.6","","-8.9","","78","","0.0","","21","","28","","11.3","","97.92","","","","-14","","Snow"
"-80.38","43.46","KITCHENER/WATERLOO","6144239","2025-01-25 13:00","2025","01","25","13:00","","-4.7","","-8.4","","75","","0.0","","22","","26","","16.1","","97.83","","","","-12","","Snow"
"-80.38","43.46","KITCHENER/WATERLOO","6144239","2025-01-25 14:00","2025","01","25","14:00","","-4.6","","-9.0","","72","","0.0","","23","","34","","16.1","","97.79","","","","-13","","NA"
"-80.38","43.46","KITCHENER/WATERLOO","6144239","2025-01-25 15:00","2025","01","25","15:00","","-4.1","","-8.2","","73","","0.0","","22","","24","","16.1","","97.77","","","","-11","","NA"
"-80.38","43.46","KITCHENER/WATERLOO","6144239","2025-01-25 16:00","2025","01","25","16:00","","-3.9","","-7.9","","74","","0.0","","22","","30","","16.1","","97.78","","","","-12","","NA"
"-80.38","43.46","KITCHENER/WATERLOO","6144239","2025-01-25 17:00","2025","01","25","17:00","","-4.2","","-8.2","","74","","0.0","","21","","21","","16.1","","97.79","","","","-11","","NA"
"-80.38","43.46","KITCHENER/WATERLOO","6144239","2025-01-25 18:00","2025","01","25","18:00","","-5.4","","-9.0","","76","","0.0","","21","","22","","16.1","","97.77","","","","-12","","NA"
"-80.38","43.46","KITCHENER/WATERLOO","6144239","2025-01-25 19:00","2025","01","25","19:00","","-5.7","","-8.4","","81","","0.0","","20","","21","","16.1","","97.73","","","","-13","","NA"
"-80.38","43.46","KITCHENER/WATERLOO","6144239","2025-01-25 20:00","2025","01","25","20:00","","-5.0","","-7.3","","84","","0.0","","20","","21","","16.1","","97.68","","","","-12","","NA"
"-80.38","43.46","KITCHENER/WATERLOO","6144239","2025-01-25 21:00","2025","01","25","21:00","","-3.3","","-6.4","","79","","0.0","","21","","28","","16.1","","97.66","","","","-11","","Snow"
"-80.38","43.46","KITCHENER/WATERLOO","6144239","2025-01-25 22:00","2025","01","25","22:00","","-2.5","","-5.6","","80","","0.0","","21","","26","","12.9","","97.55","","","","-9","","Snow"
"-80.38","43.46","KITCHENER/WATERLOO","6144239","2025-01-25 23:00","2025","01","25","23:00","","-2.3","","-5.0","","82","","0.0","","23","","30","","8.1","","97.53","","","","-9","","Snow"
"-80.38","43.46","KITCHENER/WATERLOO","6144239","2025-01-26 00:00","2025","01","26","00:00","","-2.3","","-4.2","","87","","0.0","","24","","30","","2.4","","97.55","","","","-9","","Snow"
"-80.38","43.46","KITCHENER/WATERLOO","6144239","2025-01-26 01:00","2025","01","26","01:00","","-2.4","","-4.6","","85","","0.0","","25","","26","","4.8","","97.54","","","","-9","","Snow"
"-80.38","43.46","KITCHENER/WATERLOO","6144239","2025-01-26 02:00","2025","01","26","02:00","","-2.1","","-4.6","","83","","0.0","","24","","26","","8.1","","97.56","","","","-9","","Snow"
"-80.38","43.46","KITCHENER/WATERLOO","6144239","2025-01-26 03:00","2025","01","26","03:00","","-2.0","","-5.7","","76","","0.0","","25","","28","","9.7","","97.61","","","","-9","","Snow"
"-80.38","43.46","KITCHENER/WATERLOO","6144239","2025-01-26 04:00","2025","01","26","04:00","","-2.2","","-7.0","","70","","0.0","","26","","30","","16.1","","97.68","","","","-9","","Snow"
"-80.38","43.46","KITCHENER/WATERLOO","6144239","2025-01-26 05:00","2025","01","26","05:00","","-2.9","","-7.3","","72","","0.0","","25","","30","","9.7","","97.75","","","","-10","","Snow"
"-80.38","43.46","KITCHENER/WATERLOO","6144239","2025-01-26 06:00","2025","01","26","06:00","","-2.9","","-7.1","","73","","0.0","","26","","34","","12.9","","97.82","","","","-11","","Snow"
"-80.38","43.46","KITCHENER/WATERLOO","6144239","2025-01-26 07:00","2025","01","26","07:00","","-3.2","","-7.9","","70","","0.0","","27","","30","","16.1","","97.91","","","","-11","","Snow"
"-80.38","43.46","KITCHENER/WATERLOO","6144239","2025-01-26 08:00","2025","01","26","08:00","","-3.5","","-7.8","","72","","0.0","","26","","30","","14.5","","98.03","","","","-11","","Snow"
"-80.38","43.46","KITCHENER/WATERLOO","6144239","2025-01-26 09:00","2025","01","26","09:00","","-3.4","","-7.5","","73","","0.0","","25","","26","","16.1","","98.11","","","","-10","","Snow"
"-80.38","43.46","KITCHENER/WATERLOO","6144239","2025-01-26 10:00","2025","01","26","10:00","","-3.4","","-7.1","","76","","0.0","","25","","28","","16.1","","98.17","","","","-11","","Snow"
"-80.38","43.46","KITCHENER/WATERLOO","6144239","2025-01-26 11:00","2025","01","26","11:00","","-2.7","","-7.8","","68","","0.0","","26","","26","","16.1","","98.22","","","","-10","","Snow"
"-80.38","43.46","KITCHENER/WATERLOO","6144239","2025-01-26 12:00","2025","01","26","12:00","","-2.7","","-9.0","","62","","0.0","","28","","28","","16.1","","98.21","","","","-10","","NA"
"-80.38","43.46","KITCHENER/WATERLOO","6144239","2025-01-26 13:00","2025","01","26","13:00","","-2.4","","-9.0","","61","","0.0","","25","","28","","16.1","","98.19","","","","-9","","NA"
"-80.38","43.46","KITCHENER/WATERLOO","6144239","2025-01-26 14:00","2025","01","26","14:00","","-2.8","","-9.4","","61","","0.0","","26","","32","","16.1","","98.17","","","","-10","","NA"
"-80.38","43.46","KITCHENER/WATERLOO","6144239","2025-01-26 15:00","2025","01","26","15:00","","-3.0","","-10.4","","57","","0.0","","25","","32","","16.1","","98.11","","","","-11","","NA"
"-80.38","43.46","KITCHENER/WATERLOO","6144239","2025-01-26 16:00","2025","01","26","16:00","","-3.7","","-10.0","","62","","0.0","","24","","32","","16.1","","98.11","","","","-12","","NA"
"-80.38","43.46","KITCHENER/WATERLOO","6144239","2025-01-26 17:00","2025","01","26","17:00","","-4.0","","-10.3","","62","","0.0","","25","","22","","16.1","","98.07","","","","-11","","NA"
"-80.38","43.46","KITCHENER/WATERLOO","6144239","2025-01-26 18:00","2025","01","26","18:00","","-4.1","","-9.8","","65","","0.0","","24","","18","","16.1","","98.04","","","","-10","","NA"
"-80.38","43.46","KITCHENER/WATERLOO","6144239","2025-01-26 19:00","2025","01","26","19:00","","-4.3","","-9.6","","67","","0.0","","24","","21","","16.1","","98.02","","","","-11","","NA"
"-80.38","43.46","KITCHENER/WATERLOO","6144239","2025-01-26 20:00","2025","01","26","20:00","","-5.8","","-10.3","","71","","0.0","","24","","17","","16.1","","97.99","","","","-12","","NA"
"-80.38","43.46","KITCHENER/WATERLOO","6144239","2025-01-26 21:00","2025","01","26","21:00","","-6.7","","-10.6","","74","","0.0","","23","","11","","16.1","","97.93","","","","-12","","NA"
"-80.38","43.46","KITCHENER/WATERLOO","6144239","2025-01-26 22:00","2025","01","26","22:00","","-7.1","","-10.8","","75","","0.0","","24","","17","","16.1","","97.87","","","","-14","","NA"
"-80.38","43.46","KITCHENER/WATERLOO","6144239","2025-01-26 23:00","2025","01","26","23:00","","-7.3","","-11.2","","74","","0.0","","24","","21","","16.1","","97.82","","","","-15","","NA"
"-80.38","43.46","KITCHENER/WATERLOO","6144239","2025-01-27 00:00","2025","01","27","00:00","","-7.5","","-11.5","","73","","0.0","","24","","24","","16.1","","97.76","","","","-15","","NA"
"-80.38","43.46","KITCHENER/WATERLOO","6144239","2025-01-27 01:00","2025","01","27","01:00","","-7.7","","-11.4","","75","","0.0","","23","","22","","16.1","","97.68","","","","-15","","NA"
"-80.38","43.46","KITCHENER/WATERLOO","6144239","2025-01-27 02:00","2025","01","27","02:00","","-6.6","","-11.1","","71","","0.0","","23","","22","","16.1","","97.62","","","","-14","","NA"
"-80.38","43.46","KITCHENER/WATERLOO","6144239","2025-01-27 03:00","2025","01","27","03:00","","-6.4","","-11.6","","67","","0.0","","23","","24","","16.1","","97.53","","","","-14","","NA"
"-80.38","43.46","KITCHENER/WATERLOO","6144239","2025-01-27 04:00","2025","01","27","04:00","","-5.9","","-10.7","","69","","0.0","","24","","28","","16.1","","97.43","","","","-14","","NA"
"-80.38","43.46","KITCHENER/WATERLOO","6144239","2025-01-27 05:00","2025","01","27","05:00","","-6.2","","-11.0","","69","","0.0","","23","","34","","16.1","","97.29","","","","-15","","NA"
"-80.38","43.46","KITCHENER/WATERLOO","6144239","2025-01-27 06:00","2025","01","27","06:00","","-6.4","","-11.2","","69","","0.0","","24","","28","","16.1","","97.23","","","","-15","","NA"
"-80.38","43.46","KITCHENER/WATERLOO","6144239","2025-01-27 07:00","2025","01","27","07:00","","-6.3","","-11.5","","67","","0.0","","23","","34","","16.1","","97.18","","","","-15","","NA"
"-80.38","43.46","KITCHENER/WATERLOO","6144239","2025-01-27 08:00","2025","01","27","08:00","","-6.8","","-11.6","","69","","0.0","","23","","30","","16.1","","97.11","","","","-15","","NA"
"-80.38","43.46","KITCHENER/WATERLOO","6144239","2025-01-27 09:00","2025","01","27","09:00","","-6.0","","-11.7","","64","","0.0","","23","","32","","16.1","","97.04","","","","-15","","NA"
"-80.38","43.46","KITCHENER/WATERLOO","6144239","2025-01-27 10:00","2025","01","27","10:00","","-3.9","","-11.8","","54","","0.0","","23","","37","","16.1","","96.97","","","","-12","","NA"
"-80.38","43.46","KITCHENER/WATERLOO","6144239","2025-01-27 11:00","2025","01","27","11:00","","-3.7","","-11.0","","57","","0.0","","22","","39","","16.1","","96.89","","","","-12","","NA"
"-80.38","43.46","KITCHENER/WATERLOO","6144239","2025-01-27 12:00","2025","01","27","12:00","","-3.2","","-11.1","","55","","0.0","","23","","48","","14.5","","96.71","","","","-12","","NA"
"-80.38","43.46","KITCHENER/WATERLOO","6144239","2025-01-27 13:00","2025","01","27","13:00","","-2.3","","-11.0","","52","","0.0","","22","","41","","16.1","","96.57","","","","-11","","NA"
"-80.38","43.46","KITCHENER/WATERLOO","6144239","2025-01-27 14:00","2025","01","27","14:00","","-2.5","","-10.8","","53","","0.0","","22","","50","","16.1","","96.36","","","","-12","","NA"
"-80.38","43.46","KITCHENER/WATERLOO","6144239","2025-01-27 15:00","2025","01","27","15:00","","-3.0","","-11.0","","54","","0.0","","22","","45","","12.9","","96.23","","","","-12","","NA"
"-80.38","43.46","KITCHENER/WATERLOO","6144239","2025-01-27 16:00","2025","01","27","16:00","","-3.3","","-10.7","","57","","0.0","","22","","50","","16.1","","96.14","","","","-13","","NA"
"-80.38","43.46","KITCHENER/WATERLOO","6144239","2025-01-27 17:00","2025","01","27","17:00","","-3.0","","-9.9","","59","","0.0","","22","","39","","16.1","","96.08","","","","-11","","NA"
"-80.38","43.46","KITCHENER/WATERLOO","6144239","2025-01-27 18:00","2025","01","27","18:00","","-2.7","","-9.3","","61","","0.0","","22","","45","","16.1","","96.00","","","","-11","","NA"
"-80.38","43.46","KITCHENER/WATERLOO","6144239","2025-01-27 19:00","2025","01","27","19:00","","-2.1","","-8.7","","61","","0.0","","23","","46","","16.1","","95.97","","","","-11","","NA"
"-80.38","43.46","KITCHENER/WATERLOO","6144239","2025-01-27 20:00","2025","01","27","20:00","","-3.0","","-4.6","","89","","0.0","","23","","37","","1.2","","96.03","","","","-11","","Snow"
"-80.38","43.46","KITCHENER/WATERLOO","6144239","2025-01-27 21:00","2025","01","27","21:00","","-2.7","","-4.4","","88","","0.0","","24","","41","","2.0","","96.00","","","","-11","","Snow"
"-80.38","43.46","KITCHENER/WATERLOO","6144239","2025-01-27 22:00","2025","01","27","22:00","","-2.7","","-4.1","","90","","0.0","","23","","39","","2.0","","95.91","","","","-11","","Snow"
"-80.38","43.46","KITCHENER/WATERLOO","6144239","2025-01-27 23:00","2025","01","27","23:00","","-2.5","","-3.9","","90","","0.0","","23","","35","","2.0","","95.84","","","","-10","","Snow"
"-80.38","43.46","KITCHENER/WATERLOO","6144239","2025-01-28 00:00","2025","01","28","00:00","","-1.9","","-3.3","","90","","0.0","","24","","35","","2.8","","95.81","","","","-9","","Snow"
"-80.38","43.46","KITCHENER/WATERLOO","6144239","2025-01-28 01:00","2025","01","28","01:00","","-3.0","","-4.7","","88","","0.0","","31","","30","","1.0","","95.93","","","","-10","","Moderate Snow"
"-80.38","43.46","KITCHENER/WATERLOO","6144239","2025-01-28 02:00","2025","01","28","02:00","","-4.1","","-6.3","","85","","0.0","","31","","28","","4.0","","96.03","","","","-12","","Snow"
"-80.38","43.46","KITCHENER/WATERLOO","6144239","2025-01-28 03:00","2025","01","28","03:00","","-4.5","","-9.0","","71","","0.0","","30","","39","","16.1","","96.16","","","","-13","","Snow"
"-80.38","43.46","KITCHENER/WATERLOO","6144239","2025-01-28 04:00","2025","01","28","04:00","","-6.4","","-10.7","","72","","0.0","","31","","32","","16.1","","96.30","","","","-15","","NA"
"-80.38","43.46","KITCHENER/WATERLOO","6144239","2025-01-28 05:00","2025","01","28","05:00","","-7.5","","-11.5","","73","","0.0","","31","","22","","16.1","","96.45","","","","-15","","Snow"
"-80.38","43.46","KITCHENER/WATERLOO","6144239","2025-01-28 06:00","2025","01","28","06:00","","-8.8","","-12.5","","75","","0.0","","32","","18","","16.1","","96.58","","","","-16","","Snow"
"-80.38","43.46","KITCHENER/WATERLOO","6144239","2025-01-28 07:00","2025","01","28","07:00","","-10.7","","-15.2","","70","","0.0","","33","","15","","16.1","","96.76","","","","-18","","NA"
"-80.38","43.46","KITCHENER/WATERLOO","6144239","2025-01-28 08:00","2025","01","28","08:00","","-11.1","","-16.0","","68","","0.0","","31","","9","","16.1","","96.92","","","","-16","","NA"
"-80.38","43.46","KITCHENER/WATERLOO","6144239","2025-01-28 09:00","2025","01","28","09:00","","-11.1","","-16.3","","66","","0.0","","33","","8","","16.1","","96.98","","","","-16","","NA"
"-80.38","43.46","KITCHENER/WATERLOO","6144239","2025-01-28 10:00","2025","01","28","10:00","","-10.2","","-14.9","","69","","0.0","","27","","5","","16.1","","97.00","","","","-13","","NA"
"-80.38","43.46","KITCHENER/WATERLOO","6144239","2025-01-28 11:00","2025","01","28","11:00","","-8.9","","-13.3","","71","","0.0","","19","","11","","16.1","","96.95","","","","-14","","NA"
"-80.38","43.46","KITCHENER/WATERLOO","6144239","2025-01-28 12:00","2025","01","28","12:00","","-7.9","","-12.6","","69","","0.0","","22","","11","","16.1","","96.83","","","","-13","","NA"
"-80.38","43.46","KITCHENER/WATERLOO","6144239","2025-01-28 13:00","2025","01","28","13:00","","-6.9","","-12.7","","64","","0.0","","22","","17","","16.1","","96.71","","","","-13","","NA"
"-80.38","43.46","KITCHENER/WATERLOO","6144239","2025-01-28 14:00","2025","01","28","14:00","","-6.3","","-13.1","","59","","0.0","","22","","26","","16.1","","96.57","","","","-14","","NA"
"-80.38","43.46","KITCHENER/WATERLOO","6144239","2025-01-28 15:00","2025","01","28","15:00","","-6.1","","-12.2","","62","","0.0","","22","","21","","16.1","","96.41","","","","-13","","NA"
"-80.38","43.46","KITCHENER/WATERLOO","6144239","2025-01-28 16:00","2025","01","28","16:00","","-6.8","","-9.7","","80","","0.0","","19","","17","","4.8","","96.22","","","","-13","","Snow"
"-80.38","43.46","KITCHENER/WATERLOO","6144239","2025-01-28 17:00","2025","01","28","17:00","","-7.1","","-8.9","","87","","0.0","","18","","21","","1.6","","95.97","","","","-14","","Snow"
"-80.38","43.46","KITCHENER/WATERLOO","6144239","2025-01-28 18:00","2025","01","28","18:00","","-6.4","","-7.8","","90","","0.2","","18","","22","","1.2","","95.74","","","","-14","","Snow"
"-80.38","43.46","KITCHENER/WATERLOO","6144239","2025-01-28 19:00","2025","01","28","19:00","","-4.9","","-6.4","","89","","0.0","","18","","22","","14.5","","95.62","","","","-12","","Snow"
"-80.38","43.46","KITCHENER/WATERLOO","6144239","2025-01-28 20:00","2025","01","28","20:00","","-2.8","","-5.1","","84","","0.0","","21","","13","","16.1","","95.57","","","","-7","","Snow"
"-80.38","43.46","KITCHENER/WATERLOO","6144239","2025-01-28 21:00","2025","01","28","21:00","","0.2","","-2.7","","81","","0.0","","23","","32","","4.8","","95.44","","","","","","Snow"
"-80.38","43.46","KITCHENER/WATERLOO","6144239","2025-01-28 22:00","2025","01","28","22:00","","0.9","","-2.9","","76","","0.0","","22","","35","","16.1","","95.37","","","","","","Rain"
"-80.38","43.46","KITCHENER/WATERLOO","6144239","2025-01-28 23:00","2025","01","28","23:00","","1.2","","-2.8","","75","","0.0","","23","","28","","16.1","","95.34","","","","","","Rain"
"-80.38","43.46","KITCHENER/WATERLOO","6144239","2025-01-29 00:00","2025","01","29","00:00","","1.9","","-2.8","","71","","0.0","","24","","30","","16.1","","95.34","","","","","","Rain"
"-80.38","43.46","KITCHENER/WATERLOO","6144239","2025-01-29 01:00","2025","01","29","01:00","","1.8","","-2.3","","74","","0.0","","24","","24","","16.1","","95.41","","","","","","Rain"
"-80.38","43.46","KITCHENER/WATERLOO","6144239","2025-01-29 02:00","2025","01","29","02:00","","1.6","","-1.8","","78","","0.0","","24","","22","","16.1","","95.39","","","","","","Rain"
"-80.38","43.46","KITCHENER/WATERLOO","6144239","2025-01-29 03:00","2025","01","29","03:00","","2.1","","-2.4","","72","","0.2","","25","","22","","16.1","","95.38","","","","","","NA"
"-80.38","43.46","KITCHENER/WATERLOO","6144239","2025-01-29 04:00","2025","01","29","04:00","","1.9","","-2.5","","73","","0.0","","24","","26","","16.1","","95.37","","","","","","Rain"
"-80.38","43.46","KITCHENER/WATERLOO","6144239","2025-01-29 05:00","2025","01","29","05:00","","0.8","","-1.1","","87","","0.0","","25","","24","","3.6","","95.40","","","","","","Snow"
"-80.38","43.46","KITCHENER/WATERLOO","6144239","2025-01-29 06:00","2025","01","29","06:00","","-0.5","","-1.9","","90","","0.2","","29","","37","","3.6","","95.55","","","","-8","","Snow"
"-80.38","43.46","KITCHENER/WATERLOO","6144239","2025-01-29 07:00","2025","01","29","07:00","","-1.4","","-2.4","","93","","0.0","","29","","28","","1.6","","95.67","","","","-8","","Snow"
"-80.38","43.46","KITCHENER/WATERLOO","6144239","2025-01-29 08:00","2025","01","29","08:00","","-1.7","","-4.5","","81","","0.0","","30","","35","","16.1","","95.83","","","","-9","","Snow"
"-80.38","43.46","KITCHENER/WATERLOO","6144239","2025-01-29 09:00","2025","01","29","09:00","","-2.4","","-6.2","","75","","0.0","","29","","39","","8.1","","95.98","","","","-11","","Haze"
"-80.38","43.46","KITCHENER/WATERLOO","6144239","2025-01-29 10:00","2025","01","29","10:00","","-2.6","","-7.1","","71","","0.0","","29","","34","","16.1","","96.12","","","","-10","","Snow"
"-80.38","43.46","KITCHENER/WATERLOO","6144239","2025-01-29 11:00","2025","01","29","11:00","","-2.5","","-7.4","","69","","0.0","","29","","37","","6.4","","96.22","","","","-10","","Snow"
"-80.38","43.46","KITCHENER/WATERLOO","6144239","2025-01-29 12:00","2025","01","29","12:00","","-2.9","","-6.4","","77","","0.0","","28","","39","","4.8","","96.35","","","","-11","","Snow"
"-80.38","43.46","KITCHENER/WATERLOO","6144239","2025-01-29 13:00","2025","01","29","13:00","","-4.5","","-8.8","","72","","0.0","","31","","32","","12.9","","96.50","","","","-13","","Snow"
"-80.38","43.46","KITCHENER/WATERLOO","6144239","2025-01-29 14:00","2025","01","29","14:00","","-5.0","","-9.3","","72","","0.0","","29","","32","","14.5","","96.64","","","","-13","","Snow"
"-80.38","43.46","KITCHENER/WATERLOO","6144239","2025-01-29 15:00","2025","01","29","15:00","","-5.5","","-9.3","","75","","0.0","","30","","22","","16.1","","96.80","","","","-13","","Snow"
"-80.38","43.46","KITCHENER/WATERLOO","6144239","2025-01-29 16:00","2025","01","29","16:00","","-6.4","","-10.5","","73","","0.0","","30","","30","","6.4","","96.98","","","","-15","","Snow"
"-80.38","43.46","KITCHENER/WATERLOO","6144239","2025-01-29 17:00","2025","01","29","17:00","","-7.1","","-11.2","","73","","0.0","","30","","30","","16.1","","97.11","","","","-16","","Snow"
"-80.38","43.46","KITCHENER/WATERLOO","6144239","2025-01-29 18:00","2025","01","29","18:00","","-7.4","","-10.7","","78","","0.0","","30","","28","","16.1","","97.25","","","","-16","","Snow"
"-80.38","43.46","KITCHENER/WATERLOO","6144239","2025-01-29 19:00","2025","01","29","19:00","","-7.6","","-12.0","","71","","0.0","","32","","18","","16.1","","97.39","","","","-14","","NA"
"-80.38","43.46","KITCHENER/WATERLOO","6144239","2025-01-29 20:00","2025","01","29","20:00","","-8.4","","-12.2","","74","","0.0","","30","","18","","16.1","","97.52","","","","-15","","NA"
"-80.38","43.46","KITCHENER/WATERLOO","6144239","2025-01-29 21:00","2025","01","29","21:00","","-8.7","","-12.4","","75","","0.0","","31","","15","","16.1","","97.58","","","","-15","","NA"
"-80.38","43.46","KITCHENER/WATERLOO","6144239","2025-01-29 22:00","2025","01","29","22:00","","-7.8","","-11.7","","74","","0.0","","29","","15","","16.1","","97.66","","","","-14","","NA"
"-80.38","43.46","KITCHENER/WATERLOO","6144239","2025-01-29 23:00","2025","01","29","23:00","","-7.5","","-12.4","","68","","0.0","","30","","18","","16.1","","97.72","","","","-14","","NA"
"-80.38","43.46","KITCHENER/WATERLOO","6144239","2025-01-30 00:00","2025","01","30","00:00","","-8.4","","-12.4","","73","","0.0","","26","","13","","16.1","","97.80","","","","-14","","NA"
"-80.38","43.46","KITCHENER/WATERLOO","6144239","2025-01-30 01:00","2025","01","30","01:00","","-9.1","","-12.8","","75","","0.0","","25","","11","","16.1","","97.83","","","","-15","","NA"
"-80.38","43.46","KITCHENER/WATERLOO","6144239","2025-01-30 02:00","2025","01","30","02:00","","-9.5","","-13.1","","75","","0.0","","35","","8","","16.1","","97.87","","","","-14","","NA"
"-80.38","43.46","KITCHENER/WATERLOO","6144239","2025-01-30 03:00","2025","01","30","03:00","","-10.6","","-13.4","","80","","0.0","","8","","5","","16.1","","97.92","","","","-14","","NA"
"-80.38","43.46","KITCHENER/WATERLOO","6144239","2025-01-30 04:00","2025","01","30","04:00","","-14.0","","-15.4","","89","","0.0","","","","0","","16.1","","97.99","","","","","","NA"
"-80.38","43.46","KITCHENER/WATERLOO","6144239","2025-01-30 05:00","2025","01","30","05:00","","-14.4","","-15.6","","91","","0.0","","","M","4","","16.1","","98.05","","","","-17","","NA"
"-80.38","43.46","KITCHENER/WATERLOO","6144239","2025-01-30 06:00","2025","01","30","06:00","","-13.8","","-15.5","","87","","0.0","","15","","5","","16.1","","98.04","","","","-17","","NA"
"-80.38","43.46","KITCHENER/WATERLOO","6144239","2025-01-30 07:00","2025","01","30","07:00","","-10.9","","-13.3","","83","","0.0","","19","","11","","16.1","","98.11","","","","-17","","NA"
"-80.38","43.46","KITCHENER/WATERLOO","6144239","2025-01-30 08:00","2025","01","30","08:00","","-10.5","","-12.9","","83","","0.0","","20","","8","","16.1","","98.13","","","","-15","","NA"
"-80.38","43.46","KITCHENER/WATERLOO","6144239","2025-01-30 09:00","2025","01","30","09:00","","-8.6","","-11.6","","79","","0.0","","20","","5","","16.1","","98.20","","","","-11","","NA"
"-80.38","43.46","KITCHENER/WATERLOO","6144239","2025-01-30 10:00","2025","01","30","10:00","","-6.8","","-11.0","","72","","0.0","","19","","11","","16.1","","98.17","","","","-12","","NA"
"-80.38","43.46","KITCHENER/WATERLOO","6144239","2025-01-30 11:00","2025","01","30","11:00","","-5.2","","-10.2","","68","","0.0","","18","","13","","16.1","","98.17","","","","-10","","NA"
"-80.38","43.46","KITCHENER/WATERLOO","6144239","2025-01-30 12:00","2025","01","30","12:00","","-4.5","","-9.7","","67","","0.0","","17","","11","","16.1","","98.04","","","","-9","","NA"
"-80.38","43.46","KITCHENER/WATERLOO","6144239","2025-01-30 13:00","2025","01","30","13:00","","-3.1","","-8.8","","65","","0.0","","15","","15","","16.1","","97.77","","","","-8","","NA"
"-80.38","43.46","KITCHENER/WATERLOO","6144239","2025-01-30 14:00","2025","01","30","14:00","","-2.9","","-8.0","","68","","0.0","","17","","18","","16.1","","97.77","","","","-9","","NA"
"-80.38","43.46","KITCHENER/WATERLOO","6144239","2025-01-30 15:00","2025","01","30","15:00","","-2.2","","-7.2","","69","","0.0","","17","","17","","16.1","","97.78","","","","-8","","NA"
"-80.38","43.46","KITCHENER/WATERLOO","6144239","2025-01-30 16:00","2025","01","30","16:00","","-1.0","","-6.2","","68","","0.0","","17","","17","","16.1","","97.69","","","","-6","","NA"
"-80.38","43.46","KITCHENER/WATERLOO","6144239","2025-01-30 17:00","2025","01","30","17:00","","-1.4","","-6.4","","69","","0.0","","18","","15","","16.1","","97.59","","","","-6","","NA"
"-80.38","43.46","KITCHENER/WATERLOO","6144239","2025-01-30 18:00","2025","01","30","18:00","","-2.3","","-6.5","","73","","0.0","","18","","15","","16.1","","97.56","","","","-7","","NA"
"-80.38","43.46","KITCHENER/WATERLOO","6144239","2025-01-30 19:00","2025","01","30","19:00","","-2.8","","-6.5","","76","","0.0","","17","","11","","16.1","","97.49","","","","-7","","NA"
"-80.38","43.46","KITCHENER/WATERLOO","6144239","2025-01-30 20:00","2025","01","30","20:00","","-4.1","","-7.2","","79","","0.0","","15","","9","","16.1","","97.47","","","","-8","","NA"
"-80.38","43.46","KITCHENER/WATERLOO","6144239","2025-01-30 21:00","2025","01","30","21:00","","-3.1","","-6.2","","79","","0.0","","19","","8","","16.1","","97.38","","","","-6","","NA"
"-80.38","43.46","KITCHENER/WATERLOO","6144239","2025-01-30 22:00","2025","01","30","22:00","","-1.8","","-5.1","","78","","0.0","","21","","15","","16.1","","97.40","","","","-7","","NA"
"-80.38","43.46","KITCHENER/WATERLOO","6144239","2025-01-30 23:00","2025","01","30","23:00","","1.0","","-3.5","","72","","0.0","","24","","21","","16.1","","97.37","","","","","","NA"
"-80.38","43.46","KITCHENER/WATERLOO","6144239","2025-01-31 00:00","2025","01","31","00:00","","0.6","","-3.5","","74","","0.0","","23","","15","","16.1","","97.32","","","","","","NA"
"-80.38","43.46","KITCHENER/WATERLOO","6144239","2025-01-31 01:00","2025","01","31","01:00","","-0.3","","-3.9","","77","","0.0","","23","","15","","16.1","","97.30","","","","-5","","NA"
"-80.38","43.46","KITCHENER/WATERLOO","6144239","2025-01-31 02:00","2025","01","31","02:00","","-0.4","","-4.1","","76","","0.0","","24","","9","","16.1","","97.28","","","","-4","","NA"
"-80.38","43.46","KITCHENER/WATERLOO","6144239","2025-01-31 03:00","2025","01","31","03:00","","0.5","","-2.9","","78","","0.0","","23","","8","","16.1","","97.28","","","","","","NA"
"-80.38","43.46","KITCHENER/WATERLOO","6144239","2025-01-31 04:00","2025","01","31","04:00","","1.2","","-1.7","","81","","0.0","","30","","5","","16.1","","97.23","","","","","","NA"
"-80.38","43.46","KITCHENER/WATERLOO","6144239","2025-01-31 05:00","2025","01","31","05:00","","-1.4","","-2.7","","91","","0.0","","14","","4","","16.1","","97.20","","","","-3","","NA"
"-80.38","43.46","KITCHENER/WATERLOO","6144239","2025-01-31 06:00","2025","01","31","06:00","","-1.9","","-3.2","","91","","0.0","","9","","5","","14.5","","97.15","","","","-4","","NA"
"-80.38","43.46","KITCHENER/WATERLOO","6144239","2025-01-31 07:00","2025","01","31","07:00","","-2.0","","-3.3","","91","","0.0","","","","0","","14.5","","97.14","","","","","","NA"
"-80.38","43.46","KITCHENER/WATERLOO","6144239","2025-01-31 08:00","2025","01","31","08:00","","-0.7","","-1.8","","92","","0.0","","1","","4","","12.9","","97.18","","","","-2","","Snow"
"-80.38","43.46","KITCHENER/WATERLOO","6144239","2025-01-31 09:00","2025","01","31","09:00","","-0.2","","-1.8","","89","","0.0","","","M","4","","11.3","","97.17","","","","-1","","Snow"
"-80.38","43.46","KITCHENER/WATERLOO","6144239","2025-01-31 10:00","2025","01","31","10:00","","0.0","","-1.0","","93","","0.2","","5","","8","","6.4","","97.13","","","","-3","","Rain,Fog"
"-80.38","43.46","KITCHENER/WATERLOO","6144239","2025-01-31 11:00","2025","01","31","11:00","","0.5","","-1.0","","90","","0.2","","8","","11","","8.1","","97.05","","","","","","Rain,Fog"
"-80.38","43.46","KITCHENER/WATERLOO","6144239","2025-01-31 12:00","2025","01","31","12:00","","0.6","","-0.9","","90","","0.0","","7","","13","","9.7","","97.01","","","","","","Fog"
"-80.38","43.46","KITCHENER/WATERLOO","6144239","2025-01-31 13:00","2025","01","31","13:00","","0.5","","-1.1","","89","","0.2","","4","","11","","6.4","","96.86","","","","","","Rain,Fog"
"-80.38","43.46","KITCHENER/WATERLOO","6144239","2025-01-31 14:00","2025","01","31","14:00","","0.7","","-1.4","","86","","0.2","","3","","11","","9.7","","96.82","","","","","","Rain,Fog"
"-80.38","43.46","KITCHENER/WATERLOO","6144239","2025-01-31 15:00","2025","01","31","15:00","","0.4","","-0.8","","92","","0.8","","2","","8","","1.2","","96.79","","","","","","Snow"
"-80.38","43.46","KITCHENER/WATERLOO","6144239","2025-01-31 16:00","2025","01","31","16:00","","0.1","","-0.4","","97","","0.5","","4","","5","","1.2","","96.80","","","","","","Snow"
"-80.38","43.46","KITCHENER/WATERLOO","6144239","2025-01-31 17:00","2025","01","31","17:00","","0.5","","-1.6","","86","","0.0","","2","","9","","8.1","","96.83","","","","","","Haze"
"-80.38","43.46","KITCHENER/WATERLOO","6144239","2025-01-31 18:00","2025","01","31","18:00","","0.1","","-2.8","","81","","0.0","","1","","18","","12.9","","96.94","","","","","","NA"
"-80.38","43.46","KITCHENER/WATERLOO","6144239","2025-01-31 19:00","2025","01","31","19:00","","-0.6","","-3.3","","82","","0.0","","36","","22","","14.5","","97.00","","","","-6","","NA"
"-80.38","43.46","KITCHENER/WATERLOO","6144239","2025-01-31 20:00","2025","01","31","20:00","","-1.2","","-4.1","","81","","0.0","","35","","24","","16.1","","97.16","","","","-7","","NA"
"-80.38","43.46","KITCHENER/WATERLOO","6144239","2025-01-31 21:00","2025","01","31","21:00","","-2.0","","-5.3","","79","","0.0","","34","","26","","16.1","","97.28","","","","-9","","NA"
"-80.38","43.46","KITCHENER/WATERLOO","6144239","2025-01-31 22:00","2025","01","31","22:00","","-4.0","","-7.3","","78","","0.0","","35","","18","","16.1","","97.39","","","","-10","","NA"
"-80.38","43.46","KITCHENER/WATERLOO","6144239","2025-01-31 23:00","2025","01","31","23:00","","-6.4","","-9.6","","78","","0.0","","33","","32","","16.1","","97.50","","","","-15","","NA"
