"Longitude (x)","Latitude (y)","Station Name","Climate ID","Date/Time (LST)","Year","Month","Day","Time (LST)","Flag","Temp (°C)","Temp Flag","Dew Point Temp (°C)","Dew Point Temp Flag","Rel Hum (%)","Rel Hum Flag","Precip. Amount (mm)","Precip. Amount Flag","Wind Dir (10s deg)","Wind Dir Flag","Wind Spd (km/h)","Wind Spd Flag","Visibility (km)","Visibility Flag","Stn Press (kPa)","Stn Press Flag","Hmdx","Hmdx Flag","Wind Chill","Wind Chill Flag","Weather"
"-80.38","43.46","KITCHENER/WATERLOO","6144239","2024-05-01 00:00","2024","05","01","00:00","","9.8","","7.9","","88","","0.0","","30","","8","","16.1","","97.55","","","","","","NA"
"-80.38","43.46","KITCHENER/WATERLOO","6144239","2024-05-01 01:00","2024","05","01","01:00","","9.3","","7.9","","91","","0.0","","30","","8","","16.1","","97.53","","","","","","NA"
"-80.38","43.46","KITCHENER/WATERLOO","6144239","2024-05-01 02:00","2024","05","01","02:00","","6.2","","6.1","","99","","0.0","","30","","5","","16.1","","97.52","","","","","","NA"
"-80.38","43.46","KITCHENER/WATERLOO","6144239","2024-05-01 03:00","2024","05","01","03:00","","5.6","","5.6","","100","","0.0","","32","","4","","1.6","","97.54","","","","","","Rain,Fog"
"-80.38","43.46","KITCHENER/WATERLOO","6144239","2024-05-01 04:00","2024","05","01","04:00","","5.5","","5.5","","100","","0.0","","","","0","","1.6","","97.57","","","","","","Fog"
"-80.38","43.46","KITCHENER/WATERLOO","6144239","2024-05-01 05:00","2024","05","01","05:00","","4.6","","4.6","","100","","0.0","","","","0","","0.8","","97.63","","","","","","Rain,Fog"
"-80.38","43.46","KITCHENER/WATERLOO","6144239","2024-05-01 06:00","2024","05","01","06:00","","5.2","","5.2","","100","","0.0","","8","","5","","1.6","","97.61","","","","","","Fog"
"-80.38","43.46","KITCHENER/WATERLOO","6144239","2024-05-01 07:00","2024","05","01","07:00","","8.8","","8.8","","100","","0.0","","","M","4","","16.1","","97.66","","","","","","NA"
"-80.38","43.46","KITCHENER/WATERLOO","6144239","2024-05-01 08:00","2024","05","01","08:00","","11.6","","8.3","","80","","0.0","","20","","11","","16.1","","97.65","","","","","","NA"
"-80.38","43.46","KITCHENER/WATERLOO","6144239","2024-05-01 09:00","2024","05","01","09:00","","13.8","","7.6","","66","","0.0","","19","","11","","16.1","","97.58","","","","","","NA"
"-80.38","43.46","KITCHENER/WATERLOO","6144239","2024-05-01 10:00","2024","05","01","10:00","","16.0","","8.3","","60","","0.0","","17","","17","","16.1","","97.52","","","","","","NA"
"-80.38","43.46","KITCHENER/WATERLOO","6144239","2024-05-01 11:00","2024","05","01","11:00","","17.4","","8.8","","57","","0.0","","17","","18","","16.1","","97.45","","","","","","NA"
"-80.38","43.46","KITCHENER/WATERLOO","6144239","2024-05-01 12:00","2024","05","01","12:00","","19.4","","9.6","","53","","0.0","","18","","26","","16.1","","97.36","","","","","","NA"
"-80.38","43.46","KITCHENER/WATERLOO","6144239","2024-05-01 13:00","2024","05","01","13:00","","21.1","","11.1","","53","","0.0","","19","","24","","16.1","","97.30","","","","","","NA"
"-80.38","43.46","KITCHENER/WATERLOO","6144239","2024-05-01 14:00","2024","05","01","14:00","","20.7","","10.4","","51","","0.0","","20","","32","","16.1","","97.25","","","","","","NA"
"-80.38","43.46","KITCHENER/WATERLOO","6144239","2024-05-01 15:00","2024","05","01","15:00","","22.2","","9.8","","45","","0.0","","20","","43","","16.1","","97.18","","","","","","NA"
"-80.38","43.46","KITCHENER/WATERLOO","6144239","2024-05-01 16:00","2024","05","01","16:00","","22.9","","10.9","","46","","0.0","","21","","30","","16.1","","97.16","","25","","","","NA"
"-80.38","43.46","KITCHENER/WATERLOO","6144239","2024-05-01 17:00","2024","05","01","17:00","","22.8","","11.3","","48","","0.0","","22","","26","","16.1","","97.13","","25","","","","NA"
"-80.38","43.46","KITCHENER/WATERLOO","6144239","2024-05-01 18:00","2024","05","01","18:00","","21.8","","11.6","","52","","0.0","","21","","26","","16.1","","97.13","","","","","","NA"
"-80.38","43.46","KITCHENER/WATERLOO","6144239","2024-05-01 19:00","2024","05","01","19:00","","20.7","","12.8","","60","","0.0","","27","","13","","16.1","","97.14","","","","","","NA"
"-80.38","43.46","KITCHENER/WATERLOO","6144239","2024-05-01 20:00","2024","05","01","20:00","","19.4","","9.6","","53","","0.0","","29","","15","","16.1","","97.27","","","","","","NA"
"-80.38","43.46","KITCHENER/WATERLOO","6144239","2024-05-01 21:00","2024","05","01","21:00","","16.1","","8.1","","59","","0.0","","30","","11","","16.1","","97.36","","","","","","NA"
"-80.38","43.46","KITCHENER/WATERLOO","6144239","2024-05-01 22:00","2024","05","01","22:00","","13.6","","7.9","","68","","0.0","","31","","13","","16.1","","97.41","","","","","","NA"
"-80.38","43.46","KITCHENER/WATERLOO","6144239","2024-05-01 23:00","2024","05","01","23:00","","12.9","","8.3","","74","","0.0","","31","","17","","16.1","","97.48","","","","","","NA"
"-80.38","43.46","KITCHENER/WATERLOO","6144239","2024-05-02 00:00","2024","05","02","00:00","","10.8","","7.4","","80","","0.0","","32","","11","","16.1","","97.51","","","","","","NA"
"-80.38","43.46","KITCHENER/WATERLOO","6144239","2024-05-02 01:00","2024","05","02","01:00","","10.1","","7.7","","85","","0.0","","30","","13","","16.1","","97.55","","","","","","NA"
"-80.38","43.46","KITCHENER/WATERLOO","6144239","2024-05-02 02:00","2024","05","02","02:00","","10.0","","7.8","","86","","0.0","","31","","17","","16.1","","97.58","","","","","","NA"
"-80.38","43.46","KITCHENER/WATERLOO","6144239","2024-05-02 03:00","2024","05","02","03:00","","9.6","","7.6","","87","","0.0","","31","","11","","16.1","","97.66","","","","","","NA"
"-80.38","43.46","KITCHENER/WATERLOO","6144239","2024-05-02 04:00","2024","05","02","04:00","","8.8","","6.9","","88","","0.0","","31","","13","","16.1","","97.70","","","","","","NA"
"-80.38","43.46","KITCHENER/WATERLOO","6144239","2024-05-02 05:00","2024","05","02","05:00","","8.5","","6.6","","88","","0.0","","31","","15","","16.1","","97.79","","","","","","NA"
"-80.38","43.46","KITCHENER/WATERLOO","6144239","2024-05-02 06:00","2024","05","02","06:00","","8.5","","6.8","","89","","0.0","","32","","13","","16.1","","97.85","","","","","","NA"
"-80.38","43.46","KITCHENER/WATERLOO","6144239","2024-05-02 07:00","2024","05","02","07:00","","8.4","","6.5","","88","","0.0","","32","","15","","16.1","","97.92","","","","","","NA"
"-80.38","43.46","KITCHENER/WATERLOO","6144239","2024-05-02 08:00","2024","05","02","08:00","","10.5","","7.4","","81","","0.0","","34","","13","","16.1","","97.97","","","","","","NA"
"-80.38","43.46","KITCHENER/WATERLOO","6144239","2024-05-02 09:00","2024","05","02","09:00","","12.4","","7.5","","72","","0.0","","33","","15","","16.1","","97.97","","","","","","NA"
"-80.38","43.46","KITCHENER/WATERLOO","6144239","2024-05-02 10:00","2024","05","02","10:00","","13.8","","7.6","","66","","0.0","","31","","8","","16.1","","98.04","","","","","","NA"
"-80.38","43.46","KITCHENER/WATERLOO","6144239","2024-05-02 11:00","2024","05","02","11:00","","15.0","","7.8","","62","","0.0","","32","","13","","16.1","","98.02","","","","","","NA"
"-80.38","43.46","KITCHENER/WATERLOO","6144239","2024-05-02 12:00","2024","05","02","12:00","","16.6","","9.2","","61","","0.0","","","M","17","","16.1","","97.98","","","","","","NA"
"-80.38","43.46","KITCHENER/WATERLOO","6144239","2024-05-02 13:00","2024","05","02","13:00","","17.2","","9.2","","59","","0.0","","","M","4","","16.1","","97.91","","","","","","NA"
"-80.38","43.46","KITCHENER/WATERLOO","6144239","2024-05-02 14:00","2024","05","02","14:00","","18.8","","8.4","","51","","0.0","","","M","8","","16.1","","97.89","","","","","","NA"
"-80.38","43.46","KITCHENER/WATERLOO","6144239","2024-05-02 15:00","2024","05","02","15:00","","20.2","","8.9","","48","","0.0","","29","","9","","16.1","","97.86","","","","","","NA"
"-80.38","43.46","KITCHENER/WATERLOO","6144239","2024-05-02 16:00","2024","05","02","16:00","","20.3","","9.8","","51","","0.0","","","M","4","","14.5","","97.84","","","","","","Rain"
"-80.38","43.46","KITCHENER/WATERLOO","6144239","2024-05-02 17:00","2024","05","02","17:00","","20.7","","9.3","","48","","0.0","","","M","5","","16.1","","97.86","","","","","","NA"
"-80.38","43.46","KITCHENER/WATERLOO","6144239","2024-05-02 18:00","2024","05","02","18:00","","20.3","","7.8","","44","","0.0","","7","","5","","16.1","","97.84","","","","","","NA"
"-80.38","43.46","KITCHENER/WATERLOO","6144239","2024-05-02 19:00","2024","05","02","19:00","","17.7","","9.4","","58","","0.0","","11","","18","","16.1","","97.84","","","","","","NA"
"-80.38","43.46","KITCHENER/WATERLOO","6144239","2024-05-02 20:00","2024","05","02","20:00","","15.0","","9.4","","69","","0.0","","12","","13","","16.1","","97.90","","","","","","NA"
"-80.38","43.46","KITCHENER/WATERLOO","6144239","2024-05-02 21:00","2024","05","02","21:00","","13.7","","8.4","","70","","0.0","","14","","9","","16.1","","97.94","","","","","","NA"
"-80.38","43.46","KITCHENER/WATERLOO","6144239","2024-05-02 22:00","2024","05","02","22:00","","12.1","","7.7","","74","","0.0","","12","","8","","16.1","","97.93","","","","","","NA"
"-80.38","43.46","KITCHENER/WATERLOO","6144239","2024-05-02 23:00","2024","05","02","23:00","","11.1","","8.2","","82","","0.0","","4","","5","","16.1","","97.89","","","","","","NA"
"-80.38","43.46","KITCHENER/WATERLOO","6144239","2024-05-03 00:00","2024","05","03","00:00","","9.9","","7.7","","86","","0.0","","7","","4","","16.1","","97.89","","","","","","NA"
"-80.38","43.46","KITCHENER/WATERLOO","6144239","2024-05-03 01:00","2024","05","03","01:00","","7.8","","6.6","","92","","0.0","","5","","5","","16.1","","97.84","","","","","","NA"
"-80.38","43.46","KITCHENER/WATERLOO","6144239","2024-05-03 02:00","2024","05","03","02:00","","8.3","","6.9","","91","","0.0","","9","","8","","16.1","","97.79","","","","","","NA"
"-80.38","43.46","KITCHENER/WATERLOO","6144239","2024-05-03 03:00","2024","05","03","03:00","","9.3","","7.4","","88","","0.0","","8","","13","","16.1","","97.75","","","","","","NA"
"-80.38","43.46","KITCHENER/WATERLOO","6144239","2024-05-03 04:00","2024","05","03","04:00","","8.9","","6.9","","87","","0.0","","7","","8","","16.1","","97.80","","","","","","NA"
"-80.38","43.46","KITCHENER/WATERLOO","6144239","2024-05-03 05:00","2024","05","03","05:00","","8.6","","7.1","","90","","0.0","","5","","5","","16.1","","97.82","","","","","","NA"
"-80.38","43.46","KITCHENER/WATERLOO","6144239","2024-05-03 06:00","2024","05","03","06:00","","10.2","","8.5","","89","","0.0","","35","","4","","16.1","","97.94","","","","","","NA"
"-80.38","43.46","KITCHENER/WATERLOO","6144239","2024-05-03 07:00","2024","05","03","07:00","","12.4","","8.6","","77","","0.0","","","M","4","","16.1","","97.99","","","","","","NA"
"-80.38","43.46","KITCHENER/WATERLOO","6144239","2024-05-03 08:00","2024","05","03","08:00","","12.5","","9.6","","82","","0.0","","7","","17","","12.9","","97.90","","","","","","Moderate Rain"
"-80.38","43.46","KITCHENER/WATERLOO","6144239","2024-05-03 09:00","2024","05","03","09:00","","13.9","","10.1","","77","","0.2","","7","","9","","16.1","","97.93","","","","","","Rain"
"-80.38","43.46","KITCHENER/WATERLOO","6144239","2024-05-03 10:00","2024","05","03","10:00","","12.9","","10.5","","85","","1.2","","4","","9","","11.3","","97.89","","","","","","Rain"
"-80.38","43.46","KITCHENER/WATERLOO","6144239","2024-05-03 11:00","2024","05","03","11:00","","13.1","","11.7","","91","","1.5","","8","","17","","9.7","","97.89","","","","","","Rain,Fog"
"-80.38","43.46","KITCHENER/WATERLOO","6144239","2024-05-03 12:00","2024","05","03","12:00","","12.5","","11.0","","90","","2.5","","","M","4","","2.8","","98.08","","","","","","Heavy Rain,Fog"
"-80.38","43.46","KITCHENER/WATERLOO","6144239","2024-05-03 13:00","2024","05","03","13:00","","13.1","","11.7","","91","","1.0","","9","","17","","16.1","","97.94","","","","","","Rain"
"-80.38","43.46","KITCHENER/WATERLOO","6144239","2024-05-03 14:00","2024","05","03","14:00","","14.6","","11.7","","83","","0.0","","9","","17","","16.1","","97.91","","","","","","NA"
"-80.38","43.46","KITCHENER/WATERLOO","6144239","2024-05-03 15:00","2024","05","03","15:00","","14.0","","11.5","","85","","0.2","","13","","9","","16.1","","97.99","","","","","","Rain"
"-80.38","43.46","KITCHENER/WATERLOO","6144239","2024-05-03 16:00","2024","05","03","16:00","","13.1","","12.1","","94","","0.8","","8","","13","","16.1","","97.91","","","","","","Rain"
"-80.38","43.46","KITCHENER/WATERLOO","6144239","2024-05-03 17:00","2024","05","03","17:00","","12.6","","11.5","","93","","0.0","","8","","11","","16.1","","97.91","","","","","","NA"
"-80.38","43.46","KITCHENER/WATERLOO","6144239","2024-05-03 18:00","2024","05","03","18:00","","12.8","","11.5","","92","","0.5","","","","0","","16.1","","97.96","","","","","","Rain"
"-80.38","43.46","KITCHENER/WATERLOO","6144239","2024-05-03 19:00","2024","05","03","19:00","","12.4","","11.8","","96","","0.0","","33","","8","","16.1","","98.02","","","","","","NA"
"-80.38","43.46","KITCHENER/WATERLOO","6144239","2024-05-03 20:00","2024","05","03","20:00","","12.4","","11.5","","94","","0.2","","36","","5","","16.1","","98.02","","","","","","NA"
"-80.38","43.46","KITCHENER/WATERLOO","6144239","2024-05-03 21:00","2024","05","03","21:00","","12.2","","11.6","","96","","0.0","","1","","4","","16.1","","98.07","","","","","","NA"
"-80.38","43.46","KITCHENER/WATERLOO","6144239","2024-05-03 22:00","2024","05","03","22:00","","12.0","","11.7","","98","","0.0","","","","0","","16.1","","98.07","","","","","","NA"
"-80.38","43.46","KITCHENER/WATERLOO","6144239","2024-05-03 23:00","2024","05","03","23:00","","11.2","","11.2","","100","","0.0","","35","","8","","11.3","","98.08","","","","","","NA"
"-80.38","43.46","KITCHENER/WATERLOO","6144239","2024-05-04 00:00","2024","05","04","00:00","","10.6","","10.2","","97","","0.0","","34","","5","","16.1","","98.12","","","","","","NA"
"-80.38","43.46","KITCHENER/WATERLOO","6144239","2024-05-04 01:00","2024","05","04","01:00","","10.8","","10.8","","100","","0.0","","36","","11","","9.7","","98.08","","","","","","Fog"
"-80.38","43.46","KITCHENER/WATERLOO","6144239","2024-05-04 02:00","2024","05","04","02:00","","11.7","","10.8","","94","","0.0","","1","","8","","16.1","","98.07","","","","","","NA"
"-80.38","43.46","KITCHENER/WATERLOO","6144239","2024-05-04 03:00","2024","05","04","03:00","","10.4","","10.3","","99","","0.0","","36","","5","","14.5","","98.10","","","","","","NA"
"-80.38","43.46","KITCHENER/WATERLOO","6144239","2024-05-04 04:00","2024","05","04","04:00","","10.2","","10.1","","99","","0.0","","36","","9","","16.1","","98.11","","","","","","NA"
"-80.38","43.46","KITCHENER/WATERLOO","6144239","2024-05-04 05:00","2024","05","04","05:00","","11.6","","9.9","","89","","0.0","","4","","8","","16.1","","98.11","","","","","","NA"
"-80.38","43.46","KITCHENER/WATERLOO","6144239","2024-05-04 06:00","2024","05","04","06:00","","11.8","","11.0","","95","","0.0","","6","","8","","16.1","","98.13","","","","","","NA"
"-80.38","43.46","KITCHENER/WATERLOO","6144239","2024-05-04 07:00","2024","05","04","07:00","","13.3","","11.5","","89","","0.0","","4","","13","","16.1","","98.19","","","","","","NA"
"-80.38","43.46","KITCHENER/WATERLOO","6144239","2024-05-04 08:00","2024","05","04","08:00","","15.4","","12.4","","82","","0.0","","8","","17","","16.1","","98.21","","","","","","NA"
"-80.38","43.46","KITCHENER/WATERLOO","6144239","2024-05-04 09:00","2024","05","04","09:00","","17.6","","13.6","","77","","0.0","","8","","17","","16.1","","98.18","","","","","","NA"
"-80.38","43.46","KITCHENER/WATERLOO","6144239","2024-05-04 10:00","2024","05","04","10:00","","18.9","","13.9","","72","","0.0","","11","","21","","16.1","","98.11","","","","","","NA"
"-80.38","43.46","KITCHENER/WATERLOO","6144239","2024-05-04 11:00","2024","05","04","11:00","","19.5","","13.5","","68","","0.0","","10","","21","","16.1","","98.09","","","","","","NA"
"-80.38","43.46","KITCHENER/WATERLOO","6144239","2024-05-04 12:00","2024","05","04","12:00","","21.2","","13.5","","61","","0.0","","10","","22","","16.1","","98.04","","","","","","NA"
"-80.38","43.46","KITCHENER/WATERLOO","6144239","2024-05-04 13:00","2024","05","04","13:00","","20.6","","13.1","","62","","0.0","","11","","21","","16.1","","98.01","","","","","","NA"
"-80.38","43.46","KITCHENER/WATERLOO","6144239","2024-05-04 14:00","2024","05","04","14:00","","19.3","","13.3","","68","","0.0","","8","","21","","16.1","","97.97","","","","","","NA"
"-80.38","43.46","KITCHENER/WATERLOO","6144239","2024-05-04 15:00","2024","05","04","15:00","","20.6","","13.9","","65","","0.0","","9","","21","","16.1","","97.90","","","","","","NA"
"-80.38","43.46","KITCHENER/WATERLOO","6144239","2024-05-04 16:00","2024","05","04","16:00","","20.4","","13.4","","64","","0.0","","11","","21","","16.1","","97.84","","","","","","NA"
"-80.38","43.46","KITCHENER/WATERLOO","6144239","2024-05-04 17:00","2024","05","04","17:00","","20.1","","14.0","","68","","0.0","","10","","17","","16.1","","97.81","","","","","","NA"
"-80.38","43.46","KITCHENER/WATERLOO","6144239","2024-05-04 18:00","2024","05","04","18:00","","18.0","","13.6","","75","","0.0","","10","","18","","16.1","","97.79","","","","","","NA"
"-80.38","43.46","KITCHENER/WATERLOO","6144239","2024-05-04 19:00","2024","05","04","19:00","","17.0","","13.0","","77","","0.0","","10","","24","","16.1","","97.79","","","","","","NA"
"-80.38","43.46","KITCHENER/WATERLOO","6144239","2024-05-04 20:00","2024","05","04","20:00","","15.7","","12.9","","83","","0.0","","9","","17","","16.1","","97.77","","","","","","NA"
"-80.38","43.46","KITCHENER/WATERLOO","6144239","2024-05-04 21:00","2024","05","04","21:00","","14.5","","12.9","","90","","0.0","","12","","15","","16.1","","97.81","","","","","","NA"
"-80.38","43.46","KITCHENER/WATERLOO","6144239","2024-05-04 22:00","2024","05","04","22:00","","14.0","","11.7","","86","","0.0","","15","","17","","16.1","","97.80","","","","","","NA"
"-80.38","43.46","KITCHENER/WATERLOO","6144239","2024-05-04 23:00","2024","05","04","23:00","","13.1","","11.4","","89","","0.0","","15","","15","","16.1","","97.73","","","","","","NA"
"-80.38","43.46","KITCHENER/WATERLOO","6144239","2024-05-05 00:00","2024","05","05","00:00","","13.2","","10.8","","85","","0.0","","17","","15","","16.1","","97.71","","","","","","NA"
"-80.38","43.46","KITCHENER/WATERLOO","6144239","2024-05-05 01:00","2024","05","05","01:00","","12.9","","10.6","","86","","0.0","","16","","15","","16.1","","97.64","","","","","","NA"
"-80.38","43.46","KITCHENER/WATERLOO","6144239","2024-05-05 02:00","2024","05","05","02:00","","12.1","","11.3","","95","","0.5","","15","","13","","16.1","","97.60","","","","","","NA"
"-80.38","43.46","KITCHENER/WATERLOO","6144239","2024-05-05 03:00","2024","05","05","03:00","","11.5","","11.2","","98","","0.0","","16","","13","","16.1","","97.59","","","","","","Rain"
"-80.38","43.46","KITCHENER/WATERLOO","6144239","2024-05-05 04:00","2024","05","05","04:00","","11.4","","11.1","","98","","0.0","","13","","11","","16.1","","97.55","","","","","","NA"
"-80.38","43.46","KITCHENER/WATERLOO","6144239","2024-05-05 05:00","2024","05","05","05:00","","11.4","","11.4","","100","","0.0","","14","","13","","16.1","","97.53","","","","","","Rain"
"-80.38","43.46","KITCHENER/WATERLOO","6144239","2024-05-05 06:00","2024","05","05","06:00","","11.4","","11.4","","100","","0.0","","14","","9","","4.8","","97.54","","","","","","Fog"
"-80.38","43.46","KITCHENER/WATERLOO","6144239","2024-05-05 07:00","2024","05","05","07:00","","11.7","","11.7","","100","","0.0","","17","","9","","4.8","","97.60","","","","","","Fog"
"-80.38","43.46","KITCHENER/WATERLOO","6144239","2024-05-05 08:00","2024","05","05","08:00","","12.3","","12.3","","100","","0.2","","18","","11","","3.6","","97.64","","","","","","Fog"
"-80.38","43.46","KITCHENER/WATERLOO","6144239","2024-05-05 09:00","2024","05","05","09:00","","13.2","","13.2","","100","","0.0","","21","","8","","4.0","","97.65","","","","","","Fog"
"-80.38","43.46","KITCHENER/WATERLOO","6144239","2024-05-05 10:00","2024","05","05","10:00","","14.1","","14.1","","100","","0.0","","19","","15","","4.8","","97.68","","","","","","Fog"
"-80.38","43.46","KITCHENER/WATERLOO","6144239","2024-05-05 11:00","2024","05","05","11:00","","15.9","","15.4","","97","","0.0","","20","","11","","14.5","","97.67","","","","","","NA"
"-80.38","43.46","KITCHENER/WATERLOO","6144239","2024-05-05 12:00","2024","05","05","12:00","","17.3","","16.0","","92","","0.0","","19","","13","","16.1","","97.65","","","","","","NA"
"-80.38","43.46","KITCHENER/WATERLOO","6144239","2024-05-05 13:00","2024","05","05","13:00","","18.2","","16.2","","88","","0.0","","24","","13","","16.1","","97.65","","","","","","NA"
"-80.38","43.46","KITCHENER/WATERLOO","6144239","2024-05-05 14:00","2024","05","05","14:00","","17.6","","15.7","","88","","0.0","","30","","22","","16.1","","97.67","","","","","","Rain"
"-80.38","43.46","KITCHENER/WATERLOO","6144239","2024-05-05 15:00","2024","05","05","15:00","","17.2","","15.3","","88","","0.0","","30","","15","","16.1","","97.70","","","","","","NA"
"-80.38","43.46","KITCHENER/WATERLOO","6144239","2024-05-05 16:00","2024","05","05","16:00","","15.5","","13.2","","86","","0.0","","32","","15","","16.1","","97.75","","","","","","NA"
"-80.38","43.46","KITCHENER/WATERLOO","6144239","2024-05-05 17:00","2024","05","05","17:00","","15.6","","12.3","","80","","0.0","","32","","11","","16.1","","97.78","","","","","","NA"
"-80.38","43.46","KITCHENER/WATERLOO","6144239","2024-05-05 18:00","2024","05","05","18:00","","16.2","","11.5","","74","","0.0","","31","","13","","16.1","","97.80","","","","","","NA"
"-80.38","43.46","KITCHENER/WATERLOO","6144239","2024-05-05 19:00","2024","05","05","19:00","","14.6","","10.5","","76","","0.0","","32","","11","","16.1","","97.84","","","","","","NA"
"-80.38","43.46","KITCHENER/WATERLOO","6144239","2024-05-05 20:00","2024","05","05","20:00","","12.4","","7.5","","72","","0.0","","32","","9","","16.1","","97.87","","","","","","NA"
"-80.38","43.46","KITCHENER/WATERLOO","6144239","2024-05-05 21:00","2024","05","05","21:00","","11.0","","6.6","","74","","0.0","","31","","11","","16.1","","97.90","","","","","","NA"
"-80.38","43.46","KITCHENER/WATERLOO","6144239","2024-05-05 22:00","2024","05","05","22:00","","9.7","","6.8","","82","","0.0","","32","","9","","16.1","","97.91","","","","","","NA"
"-80.38","43.46","KITCHENER/WATERLOO","6144239","2024-05-05 23:00","2024","05","05","23:00","","9.5","","6.8","","83","","0.0","","32","","8","","16.1","","97.94","","","","","","NA"
"-80.38","43.46","KITCHENER/WATERLOO","6144239","2024-05-06 00:00","2024","05","06","00:00","","7.2","","6.0","","92","","0.0","","31","","9","","16.1","","97.98","","","","","","NA"
"-80.38","43.46","KITCHENER/WATERLOO","6144239","2024-05-06 01:00","2024","05","06","01:00","","7.2","","5.4","","88","","0.0","","32","","9","","16.1","","97.97","","","","","","NA"
"-80.38","43.46","KITCHENER/WATERLOO","6144239","2024-05-06 02:00","2024","05","06","02:00","","7.2","","2.9","","74","","0.0","","33","","11","","16.1","","97.98","","","","","","NA"
"-80.38","43.46","KITCHENER/WATERLOO","6144239","2024-05-06 03:00","2024","05","06","03:00","","7.2","","1.8","","68","","0.0","","33","","8","","16.1","","97.99","","","","","","NA"
"-80.38","43.46","KITCHENER/WATERLOO","6144239","2024-05-06 04:00","2024","05","06","04:00","","6.5","","1.0","","68","","0.0","","33","","9","","16.1","","97.99","","","","","","NA"
"-80.38","43.46","KITCHENER/WATERLOO","6144239","2024-05-06 05:00","2024","05","06","05:00","","6.3","","0.8","","68","","0.0","","32","","5","","16.1","","97.98","","","","","","NA"
"-80.38","43.46","KITCHENER/WATERLOO","6144239","2024-05-06 06:00","2024","05","06","06:00","","6.2","","3.7","","84","","0.0","","27","","4","","16.1","","98.01","","","","","","NA"
"-80.38","43.46","KITCHENER/WATERLOO","6144239","2024-05-06 07:00","2024","05","06","07:00","","9.3","","2.3","","61","","0.0","","35","","11","","16.1","","98.00","","","","","","NA"
"-80.38","43.46","KITCHENER/WATERLOO","6144239","2024-05-06 08:00","2024","05","06","08:00","","11.0","","2.4","","55","","0.0","","1","","8","","16.1","","98.05","","","","","","NA"
"-80.38","43.46","KITCHENER/WATERLOO","6144239","2024-05-06 09:00","2024","05","06","09:00","","12.6","","3.8","","55","","0.0","","36","","9","","16.1","","98.05","","","","","","NA"
"-80.38","43.46","KITCHENER/WATERLOO","6144239","2024-05-06 10:00","2024","05","06","10:00","","14.5","","4.8","","52","","0.0","","","M","4","","16.1","","98.04","","","","","","NA"
"-80.38","43.46","KITCHENER/WATERLOO","6144239","2024-05-06 11:00","2024","05","06","11:00","","16.0","","4.1","","45","","0.0","","34","","17","","16.1","","97.99","","","","","","NA"
"-80.38","43.46","KITCHENER/WATERLOO","6144239","2024-05-06 12:00","2024","05","06","12:00","","17.1","","4.8","","44","","0.0","","","M","11","","16.1","","97.94","","","","","","NA"
"-80.38","43.46","KITCHENER/WATERLOO","6144239","2024-05-06 13:00","2024","05","06","13:00","","17.6","","5.3","","44","","0.0","","","M","9","","16.1","","97.91","","","","","","NA"
"-80.38","43.46","KITCHENER/WATERLOO","6144239","2024-05-06 14:00","2024","05","06","14:00","","18.3","","5.2","","42","","0.0","","","M","8","","16.1","","97.86","","","","","","NA"
"-80.38","43.46","KITCHENER/WATERLOO","6144239","2024-05-06 15:00","2024","05","06","15:00","","18.4","","4.9","","41","","0.0","","36","","11","","16.1","","97.79","","","","","","NA"
"-80.38","43.46","KITCHENER/WATERLOO","6144239","2024-05-06 16:00","2024","05","06","16:00","","18.1","","4.5","","40","","0.0","","35","","9","","16.1","","97.73","","","","","","NA"
"-80.38","43.46","KITCHENER/WATERLOO","6144239","2024-05-06 17:00","2024","05","06","17:00","","17.9","","4.3","","40","","0.0","","33","","9","","16.1","","97.68","","","","","","NA"
"-80.38","43.46","KITCHENER/WATERLOO","6144239","2024-05-06 18:00","2024","05","06","18:00","","17.6","","3.8","","40","","0.0","","33","","13","","16.1","","97.66","","","","","","NA"
"-80.38","43.46","KITCHENER/WATERLOO","6144239","2024-05-06 19:00","2024","05","06","19:00","","16.2","","2.4","","39","","0.0","","36","","9","","16.1","","97.61","","","","","","NA"
"-80.38","43.46","KITCHENER/WATERLOO","6144239","2024-05-06 20:00","2024","05","06","20:00","","12.5","","4.4","","58","","0.0","","35","","5","","16.1","","97.59","","","","","","NA"
"-80.38","43.46","KITCHENER/WATERLOO","6144239","2024-05-06 21:00","2024","05","06","21:00","","9.7","","6.6","","81","","0.0","","","","0","","16.1","","97.61","","","","","","NA"
"-80.38","43.46","KITCHENER/WATERLOO","6144239","2024-05-06 22:00","2024","05","06","22:00","","7.9","","4.0","","76","","0.0","","5","","5","","16.1","","97.59","","","","","","NA"
"-80.38","43.46","KITCHENER/WATERLOO","6144239","2024-05-06 23:00","2024","05","06","23:00","","6.2","","4.9","","92","","0.0","","34","","5","","16.1","","97.61","","","","","","NA"
"-80.38","43.46","KITCHENER/WATERLOO","6144239","2024-05-07 00:00","2024","05","07","00:00","","5.1","","4.8","","98","","0.0","","","","0","","16.1","","97.59","","","","","","NA"
"-80.38","43.46","KITCHENER/WATERLOO","6144239","2024-05-07 01:00","2024","05","07","01:00","","5.3","","4.0","","91","","0.0","","","","0","","16.1","","97.58","","","","","","NA"
"-80.38","43.46","KITCHENER/WATERLOO","6144239","2024-05-07 02:00","2024","05","07","02:00","","4.6","","4.6","","100","","0.0","","36","","5","","16.1","","97.52","","","","","","NA"
"-80.38","43.46","KITCHENER/WATERLOO","6144239","2024-05-07 03:00","2024","05","07","03:00","","3.4","","3.4","","100","","0.0","","33","","4","","16.1","","97.49","","","","","","NA"
"-80.38","43.46","KITCHENER/WATERLOO","6144239","2024-05-07 04:00","2024","05","07","04:00","","4.0","","4.0","","100","","0.0","","35","","8","","16.1","","97.44","","","","","","NA"
"-80.38","43.46","KITCHENER/WATERLOO","6144239","2024-05-07 05:00","2024","05","07","05:00","","3.1","","3.1","","100","","0.0","","30","","8","","16.1","","97.44","","","","","","NA"
"-80.38","43.46","KITCHENER/WATERLOO","6144239","2024-05-07 06:00","2024","05","07","06:00","","3.4","","3.4","","100","","0.0","","34","","5","","16.1","","97.45","","","","","","NA"
"-80.38","43.46","KITCHENER/WATERLOO","6144239","2024-05-07 07:00","2024","05","07","07:00","","9.1","","5.3","","77","","0.0","","","","0","","16.1","","97.47","","","","","","NA"
"-80.38","43.46","KITCHENER/WATERLOO","6144239","2024-05-07 08:00","2024","05","07","08:00","","13.1","","5.3","","59","","0.0","","8","","9","","16.1","","97.45","","","","","","NA"
"-80.38","43.46","KITCHENER/WATERLOO","6144239","2024-05-07 09:00","2024","05","07","09:00","","16.5","","6.4","","51","","0.0","","11","","17","","16.1","","97.38","","","","","","NA"
"-80.38","43.46","KITCHENER/WATERLOO","6144239","2024-05-07 10:00","2024","05","07","10:00","","18.2","","8.1","","51","","0.0","","11","","13","","16.1","","97.36","","","","","","NA"
"-80.38","43.46","KITCHENER/WATERLOO","6144239","2024-05-07 11:00","2024","05","07","11:00","","19.0","","7.5","","47","","0.0","","13","","11","","16.1","","97.29","","","","","","NA"
"-80.38","43.46","KITCHENER/WATERLOO","6144239","2024-05-07 12:00","2024","05","07","12:00","","19.6","","6.2","","41","","0.0","","10","","21","","16.1","","97.15","","","","","","NA"
"-80.38","43.46","KITCHENER/WATERLOO","6144239","2024-05-07 13:00","2024","05","07","13:00","","20.5","","7.6","","43","","0.0","","10","","22","","16.1","","97.05","","","","","","NA"
"-80.38","43.46","KITCHENER/WATERLOO","6144239","2024-05-07 14:00","2024","05","07","14:00","","20.2","","4.5","","35","","0.0","","12","","18","","16.1","","97.02","","","","","","NA"
"-80.38","43.46","KITCHENER/WATERLOO","6144239","2024-05-07 15:00","2024","05","07","15:00","","20.3","","5.7","","38","","0.0","","13","","21","","16.1","","96.95","","","","","","NA"
"-80.38","43.46","KITCHENER/WATERLOO","6144239","2024-05-07 16:00","2024","05","07","16:00","","19.7","","3.5","","34","","0.0","","11","","21","","16.1","","96.91","","","","","","NA"
"-80.38","43.46","KITCHENER/WATERLOO","6144239","2024-05-07 17:00","2024","05","07","17:00","","18.5","","4.5","","39","","0.0","","10","","13","","16.1","","96.85","","","","","","NA"
"-80.38","43.46","KITCHENER/WATERLOO","6144239","2024-05-07 18:00","2024","05","07","18:00","","17.3","","6.5","","49","","0.0","","11","","15","","16.1","","96.76","","","","","","NA"
"-80.38","43.46","KITCHENER/WATERLOO","6144239","2024-05-07 19:00","2024","05","07","19:00","","16.0","","5.5","","49","","0.0","","10","","13","","16.1","","96.75","","","","","","NA"
"-80.38","43.46","KITCHENER/WATERLOO","6144239","2024-05-07 20:00","2024","05","07","20:00","","15.1","","5.1","","51","","0.0","","9","","15","","16.1","","96.71","","","","","","Rain"
"-80.38","43.46","KITCHENER/WATERLOO","6144239","2024-05-07 21:00","2024","05","07","21:00","","11.6","","7.4","","75","","4.1","","3","","15","","4.8","","96.71","","","","","","Thunderstorms,Heavy Rain"
"-80.38","43.46","KITCHENER/WATERLOO","6144239","2024-05-07 22:00","2024","05","07","22:00","","10.4","","8.7","","89","","12.2","","8","","9","","16.1","","96.61","","","","","","NA"
"-80.38","43.46","KITCHENER/WATERLOO","6144239","2024-05-07 23:00","2024","05","07","23:00","","9.9","","9.1","","95","","3.2","","4","","9","","6.4","","96.59","","","","","","Moderate Rain,Fog"
"-80.38","43.46","KITCHENER/WATERLOO","6144239","2024-05-08 00:00","2024","05","08","00:00","","9.8","","9.0","","95","","7.3","","7","","21","","9.7","","96.48","","","","","","Rain,Fog"
"-80.38","43.46","KITCHENER/WATERLOO","6144239","2024-05-08 01:00","2024","05","08","01:00","","9.6","","9.2","","97","","0.2","","8","","11","","16.1","","96.35","","","","","","NA"
"-80.38","43.46","KITCHENER/WATERLOO","6144239","2024-05-08 02:00","2024","05","08","02:00","","10.4","","9.5","","94","","0.0","","10","","9","","16.1","","96.31","","","","","","NA"
"-80.38","43.46","KITCHENER/WATERLOO","6144239","2024-05-08 03:00","2024","05","08","03:00","","10.6","","9.7","","94","","0.0","","13","","4","","16.1","","96.29","","","","","","NA"
"-80.38","43.46","KITCHENER/WATERLOO","6144239","2024-05-08 04:00","2024","05","08","04:00","","10.9","","9.8","","93","","0.0","","23","","5","","16.1","","96.32","","","","","","NA"
"-80.38","43.46","KITCHENER/WATERLOO","6144239","2024-05-08 05:00","2024","05","08","05:00","","11.3","","11.1","","98","","0.0","","21","","8","","16.1","","96.26","","","","","","NA"
"-80.38","43.46","KITCHENER/WATERLOO","6144239","2024-05-08 06:00","2024","05","08","06:00","","11.4","","11.4","","100","","0.0","","25","","9","","16.1","","96.30","","","","","","NA"
"-80.38","43.46","KITCHENER/WATERLOO","6144239","2024-05-08 07:00","2024","05","08","07:00","","14.7","","12.5","","87","","0.0","","26","","24","","16.1","","96.34","","","","","","NA"
"-80.38","43.46","KITCHENER/WATERLOO","6144239","2024-05-08 08:00","2024","05","08","08:00","","16.5","","11.3","","71","","0.0","","25","","30","","16.1","","96.32","","","","","","NA"
"-80.38","43.46","KITCHENER/WATERLOO","6144239","2024-05-08 09:00","2024","05","08","09:00","","17.3","","9.9","","61","","0.0","","27","","46","","16.1","","96.33","","","","","","NA"
"-80.38","43.46","KITCHENER/WATERLOO","6144239","2024-05-08 10:00","2024","05","08","10:00","","18.3","","9.9","","58","","0.0","","26","","43","","16.1","","96.33","","","","","","NA"
"-80.38","43.46","KITCHENER/WATERLOO","6144239","2024-05-08 11:00","2024","05","08","11:00","","18.9","","10.4","","57","","0.0","","26","","43","","16.1","","96.34","","","","","","NA"
"-80.38","43.46","KITCHENER/WATERLOO","6144239","2024-05-08 12:00","2024","05","08","12:00","","19.1","","10.5","","57","","0.0","","26","","43","","16.1","","96.38","","","","","","Rain"
"-80.38","43.46","KITCHENER/WATERLOO","6144239","2024-05-08 13:00","2024","05","08","13:00","","15.7","","10.6","","71","","0.0","","28","","37","","16.1","","96.46","","","","","","NA"
"-80.38","43.46","KITCHENER/WATERLOO","6144239","2024-05-08 14:00","2024","05","08","14:00","","15.6","","10.5","","71","","0.0","","26","","35","","16.1","","96.59","","","","","","NA"
"-80.38","43.46","KITCHENER/WATERLOO","6144239","2024-05-08 15:00","2024","05","08","15:00","","15.2","","9.8","","70","","0.0","","29","","37","","16.1","","96.66","","","","","","NA"
"-80.38","43.46","KITCHENER/WATERLOO","6144239","2024-05-08 16:00","2024","05","08","16:00","","15.1","","9.0","","67","","0.0","","30","","41","","16.1","","96.73","","","","","","NA"
"-80.38","43.46","KITCHENER/WATERLOO","6144239","2024-05-08 17:00","2024","05","08","17:00","","13.5","","8.2","","70","","0.0","","30","","32","","16.1","","96.84","","","","","","NA"
"-80.38","43.46","KITCHENER/WATERLOO","6144239","2024-05-08 18:00","2024","05","08","18:00","","13.1","","8.0","","71","","0.0","","30","","24","","16.1","","96.95","","","","","","NA"
"-80.38","43.46","KITCHENER/WATERLOO","6144239","2024-05-08 19:00","2024","05","08","19:00","","11.6","","7.9","","78","","0.0","","34","","22","","16.1","","97.00","","","","","","NA"
"-80.38","43.46","KITCHENER/WATERLOO","6144239","2024-05-08 20:00","2024","05","08","20:00","","10.5","","8.6","","88","","0.0","","33","","13","","16.1","","97.06","","","","","","NA"
"-80.38","43.46","KITCHENER/WATERLOO","6144239","2024-05-08 21:00","2024","05","08","21:00","","10.0","","8.0","","87","","0.0","","36","","9","","16.1","","97.15","","","","","","NA"
"-80.38","43.46","KITCHENER/WATERLOO","6144239","2024-05-08 22:00","2024","05","08","22:00","","9.2","","7.8","","91","","0.0","","35","","4","","16.1","","97.20","","","","","","NA"
"-80.38","43.46","KITCHENER/WATERLOO","6144239","2024-05-08 23:00","2024","05","08","23:00","","7.5","","7.5","","100","","0.0","","36","","9","","16.1","","97.24","","","","","","NA"
"-80.38","43.46","KITCHENER/WATERLOO","6144239","2024-05-09 00:00","2024","05","09","00:00","","6.9","","6.9","","100","","0.0","","","","0","","16.1","","97.27","","","","","","NA"
"-80.38","43.46","KITCHENER/WATERLOO","6144239","2024-05-09 01:00","2024","05","09","01:00","","5.9","","5.9","","100","","0.0","","35","","4","","9.7","","97.28","","","","","","Fog"
"-80.38","43.46","KITCHENER/WATERLOO","6144239","2024-05-09 02:00","2024","05","09","02:00","","6.8","","6.8","","100","","0.0","","1","","9","","16.1","","97.19","","","","","","NA"
"-80.38","43.46","KITCHENER/WATERLOO","6144239","2024-05-09 03:00","2024","05","09","03:00","","6.8","","6.8","","100","","0.0","","1","","11","","16.1","","97.16","","","","","","NA"
"-80.38","43.46","KITCHENER/WATERLOO","6144239","2024-05-09 04:00","2024","05","09","04:00","","6.0","","6.0","","100","","0.0","","2","","4","","16.1","","97.23","","","","","","NA"
"-80.38","43.46","KITCHENER/WATERLOO","6144239","2024-05-09 05:00","2024","05","09","05:00","","5.2","","5.2","","100","","0.0","","1","","4","","16.1","","97.25","","","","","","NA"
"-80.38","43.46","KITCHENER/WATERLOO","6144239","2024-05-09 06:00","2024","05","09","06:00","","6.7","","6.7","","100","","0.0","","3","","4","","16.1","","97.26","","","","","","NA"
"-80.38","43.46","KITCHENER/WATERLOO","6144239","2024-05-09 07:00","2024","05","09","07:00","","9.5","","8.1","","91","","0.0","","6","","9","","16.1","","97.32","","","","","","NA"
"-80.38","43.46","KITCHENER/WATERLOO","6144239","2024-05-09 08:00","2024","05","09","08:00","","11.9","","8.2","","78","","0.0","","6","","11","","16.1","","97.32","","","","","","NA"
"-80.38","43.46","KITCHENER/WATERLOO","6144239","2024-05-09 09:00","2024","05","09","09:00","","13.6","","6.6","","62","","0.0","","8","","17","","16.1","","97.27","","","","","","NA"
"-80.38","43.46","KITCHENER/WATERLOO","6144239","2024-05-09 10:00","2024","05","09","10:00","","15.1","","5.7","","53","","0.0","","5","","22","","16.1","","97.25","","","","","","NA"
"-80.38","43.46","KITCHENER/WATERLOO","6144239","2024-05-09 11:00","2024","05","09","11:00","","15.4","","5.5","","51","","0.0","","5","","13","","16.1","","97.21","","","","","","Rain"
"-80.38","43.46","KITCHENER/WATERLOO","6144239","2024-05-09 12:00","2024","05","09","12:00","","16.3","","3.8","","43","","0.0","","3","","22","","16.1","","97.18","","","","","","NA"
"-80.38","43.46","KITCHENER/WATERLOO","6144239","2024-05-09 13:00","2024","05","09","13:00","","15.6","","4.2","","46","","0.0","","7","","11","","16.1","","97.19","","","","","","NA"
"-80.38","43.46","KITCHENER/WATERLOO","6144239","2024-05-09 14:00","2024","05","09","14:00","","15.3","","5.2","","51","","0.0","","6","","11","","16.1","","97.11","","","","","","NA"
"-80.38","43.46","KITCHENER/WATERLOO","6144239","2024-05-09 15:00","2024","05","09","15:00","","14.2","","6.8","","61","","0.0","","11","","13","","16.1","","97.12","","","","","","NA"
"-80.38","43.46","KITCHENER/WATERLOO","6144239","2024-05-09 16:00","2024","05","09","16:00","","13.8","","5.7","","58","","0.0","","11","","13","","16.1","","97.10","","","","","","NA"
"-80.38","43.46","KITCHENER/WATERLOO","6144239","2024-05-09 17:00","2024","05","09","17:00","","13.3","","4.7","","56","","0.0","","11","","13","","16.1","","97.12","","","","","","NA"
"-80.38","43.46","KITCHENER/WATERLOO","6144239","2024-05-09 18:00","2024","05","09","18:00","","12.1","","5.6","","64","","0.0","","10","","9","","16.1","","97.11","","","","","","NA"
"-80.38","43.46","KITCHENER/WATERLOO","6144239","2024-05-09 19:00","2024","05","09","19:00","","11.0","","6.1","","72","","0.0","","7","","5","","16.1","","97.11","","","","","","NA"
"-80.38","43.46","KITCHENER/WATERLOO","6144239","2024-05-09 20:00","2024","05","09","20:00","","11.1","","4.2","","62","","0.0","","4","","5","","16.1","","97.18","","","","","","NA"
"-80.38","43.46","KITCHENER/WATERLOO","6144239","2024-05-09 21:00","2024","05","09","21:00","","10.7","","4.3","","64","","0.0","","36","","5","","16.1","","97.22","","","","","","NA"
"-80.38","43.46","KITCHENER/WATERLOO","6144239","2024-05-09 22:00","2024","05","09","22:00","","9.1","","6.7","","85","","0.0","","36","","5","","16.1","","97.19","","","","","","NA"
"-80.38","43.46","KITCHENER/WATERLOO","6144239","2024-05-09 23:00","2024","05","09","23:00","","9.2","","7.1","","87","","0.0","","","M","4","","16.1","","97.21","","","","","","NA"
"-80.38","43.46","KITCHENER/WATERLOO","6144239","2024-05-10 00:00","2024","05","10","00:00","","9.6","","6.5","","81","","0.0","","34","","8","","16.1","","97.18","","","","","","NA"
"-80.38","43.46","KITCHENER/WATERLOO","6144239","2024-05-10 01:00","2024","05","10","01:00","","8.9","","5.4","","79","","0.0","","34","","8","","16.1","","97.16","","","","","","NA"
"-80.38","43.46","KITCHENER/WATERLOO","6144239","2024-05-10 02:00","2024","05","10","02:00","","8.7","","4.7","","76","","0.0","","36","","11","","16.1","","97.14","","","","","","NA"
"-80.38","43.46","KITCHENER/WATERLOO","6144239","2024-05-10 03:00","2024","05","10","03:00","","8.1","","4.8","","80","","0.0","","1","","5","","16.1","","97.11","","","","","","NA"
"-80.38","43.46","KITCHENER/WATERLOO","6144239","2024-05-10 04:00","2024","05","10","04:00","","5.6","","5.0","","96","","0.0","","34","","5","","16.1","","97.09","","","","","","NA"
"-80.38","43.46","KITCHENER/WATERLOO","6144239","2024-05-10 05:00","2024","05","10","05:00","","4.4","","3.8","","96","","0.0","","35","","4","","16.1","","97.10","","","","","","NA"
"-80.38","43.46","KITCHENER/WATERLOO","6144239","2024-05-10 06:00","2024","05","10","06:00","","7.4","","5.3","","86","","0.0","","4","","4","","16.1","","97.15","","","","","","NA"
"-80.38","43.46","KITCHENER/WATERLOO","6144239","2024-05-10 07:00","2024","05","10","07:00","","9.1","","6.1","","82","","0.0","","35","","8","","16.1","","97.14","","","","","","NA"
"-80.38","43.46","KITCHENER/WATERLOO","6144239","2024-05-10 08:00","2024","05","10","08:00","","10.0","","6.2","","77","","0.0","","34","","5","","16.1","","97.14","","","","","","NA"
"-80.38","43.46","KITCHENER/WATERLOO","6144239","2024-05-10 09:00","2024","05","10","09:00","","11.3","","6.6","","72","","0.0","","","M","4","","16.1","","97.18","","","","","","NA"
"-80.38","43.46","KITCHENER/WATERLOO","6144239","2024-05-10 10:00","2024","05","10","10:00","","12.5","","5.3","","61","","0.0","","7","","11","","16.1","","97.20","","","","","","NA"
"-80.38","43.46","KITCHENER/WATERLOO","6144239","2024-05-10 11:00","2024","05","10","11:00","","13.7","","5.7","","58","","0.0","","6","","13","","16.1","","97.21","","","","","","NA"
"-80.38","43.46","KITCHENER/WATERLOO","6144239","2024-05-10 12:00","2024","05","10","12:00","","15.4","","6.6","","56","","0.0","","","M","4","","16.1","","97.19","","","","","","NA"
"-80.38","43.46","KITCHENER/WATERLOO","6144239","2024-05-10 13:00","2024","05","10","13:00","","14.3","","5.7","","56","","0.0","","34","","9","","16.1","","97.18","","","","","","NA"
"-80.38","43.46","KITCHENER/WATERLOO","6144239","2024-05-10 14:00","2024","05","10","14:00","","14.3","","5.6","","55","","0.0","","34","","11","","16.1","","97.15","","","","","","NA"
"-80.38","43.46","KITCHENER/WATERLOO","6144239","2024-05-10 15:00","2024","05","10","15:00","","15.3","","5.3","","51","","0.0","","14","","9","","16.1","","97.13","","","","","","NA"
"-80.38","43.46","KITCHENER/WATERLOO","6144239","2024-05-10 16:00","2024","05","10","16:00","","13.5","","5.6","","58","","0.0","","14","","24","","16.1","","97.14","","","","","","NA"
"-80.38","43.46","KITCHENER/WATERLOO","6144239","2024-05-10 17:00","2024","05","10","17:00","","14.9","","6.0","","55","","0.0","","14","","11","","16.1","","97.14","","","","","","NA"
"-80.38","43.46","KITCHENER/WATERLOO","6144239","2024-05-10 18:00","2024","05","10","18:00","","14.2","","5.0","","54","","0.0","","16","","9","","16.1","","97.14","","","","","","NA"
"-80.38","43.46","KITCHENER/WATERLOO","6144239","2024-05-10 19:00","2024","05","10","19:00","","13.0","","4.2","","55","","0.0","","14","","9","","16.1","","97.15","","","","","","NA"
"-80.38","43.46","KITCHENER/WATERLOO","6144239","2024-05-10 20:00","2024","05","10","20:00","","10.3","","5.3","","71","","0.0","","15","","9","","16.1","","97.16","","","","","","NA"
"-80.38","43.46","KITCHENER/WATERLOO","6144239","2024-05-10 21:00","2024","05","10","21:00","","10.8","","7.3","","79","","0.0","","17","","9","","16.1","","97.17","","","","","","NA"
"-80.38","43.46","KITCHENER/WATERLOO","6144239","2024-05-10 22:00","2024","05","10","22:00","","11.0","","6.4","","73","","0.0","","19","","8","","16.1","","97.13","","","","","","NA"
"-80.38","43.46","KITCHENER/WATERLOO","6144239","2024-05-10 23:00","2024","05","10","23:00","","8.6","","5.7","","82","","0.0","","22","","4","","16.1","","97.10","","","","","","NA"
"-80.38","43.46","KITCHENER/WATERLOO","6144239","2024-05-11 00:00","2024","05","11","00:00","","7.0","","4.3","","83","","0.0","","13","","5","","16.1","","97.09","","","","","","NA"
"-80.38","43.46","KITCHENER/WATERLOO","6144239","2024-05-11 01:00","2024","05","11","01:00","","6.8","","4.5","","85","","0.0","","","","0","","16.1","","97.06","","","","","","NA"
"-80.38","43.46","KITCHENER/WATERLOO","6144239","2024-05-11 02:00","2024","05","11","02:00","","3.5","","2.2","","91","","0.0","","","","0","","16.1","","97.01","","","","","","NA"
"-80.38","43.46","KITCHENER/WATERLOO","6144239","2024-05-11 03:00","2024","05","11","03:00","","4.0","","4.0","","100","","0.0","","9","","4","","12.9","","96.97","","","","","","NA"
"-80.38","43.46","KITCHENER/WATERLOO","6144239","2024-05-11 04:00","2024","05","11","04:00","","3.6","","3.6","","100","","0.0","","8","","5","","4.8","","96.94","","","","","","Fog"
"-80.38","43.46","KITCHENER/WATERLOO","6144239","2024-05-11 05:00","2024","05","11","05:00","","4.3","","4.3","","100","","0.0","","8","","8","","16.1","","96.91","","","","","","NA"
"-80.38","43.46","KITCHENER/WATERLOO","6144239","2024-05-11 06:00","2024","05","11","06:00","","6.4","","6.4","","100","","0.0","","13","","8","","16.1","","96.88","","","","","","NA"
"-80.38","43.46","KITCHENER/WATERLOO","6144239","2024-05-11 07:00","2024","05","11","07:00","","9.9","","8.0","","88","","0.0","","15","","11","","16.1","","96.83","","","","","","NA"
"-80.38","43.46","KITCHENER/WATERLOO","6144239","2024-05-11 08:00","2024","05","11","08:00","","12.3","","7.3","","71","","0.0","","16","","17","","16.1","","96.81","","","","","","NA"
"-80.38","43.46","KITCHENER/WATERLOO","6144239","2024-05-11 09:00","2024","05","11","09:00","","12.2","","7.3","","72","","0.0","","14","","18","","16.1","","96.75","","","","","","NA"
"-80.38","43.46","KITCHENER/WATERLOO","6144239","2024-05-11 10:00","2024","05","11","10:00","","12.4","","5.2","","61","","0.0","","18","","26","","16.1","","96.76","","","","","","NA"
"-80.38","43.46","KITCHENER/WATERLOO","6144239","2024-05-11 11:00","2024","05","11","11:00","","11.7","","5.7","","66","","0.0","","16","","22","","16.1","","96.71","","","","","","NA"
"-80.38","43.46","KITCHENER/WATERLOO","6144239","2024-05-11 12:00","2024","05","11","12:00","","12.2","","6.0","","66","","0.0","","17","","28","","16.1","","96.64","","","","","","NA"
"-80.38","43.46","KITCHENER/WATERLOO","6144239","2024-05-11 13:00","2024","05","11","13:00","","10.6","","6.6","","76","","0.0","","17","","28","","16.1","","96.65","","","","","","Rain"
"-80.38","43.46","KITCHENER/WATERLOO","6144239","2024-05-11 14:00","2024","05","11","14:00","","10.7","","8.1","","84","","0.0","","17","","21","","16.1","","96.65","","","","","","NA"
"-80.38","43.46","KITCHENER/WATERLOO","6144239","2024-05-11 15:00","2024","05","11","15:00","","12.0","","8.0","","76","","0.0","","18","","18","","16.1","","96.61","","","","","","NA"
"-80.38","43.46","KITCHENER/WATERLOO","6144239","2024-05-11 16:00","2024","05","11","16:00","","11.2","","8.2","","82","","0.0","","16","","11","","16.1","","96.58","","","","","","Rain"
"-80.38","43.46","KITCHENER/WATERLOO","6144239","2024-05-11 17:00","2024","05","11","17:00","","10.6","","8.5","","87","","0.0","","15","","15","","16.1","","96.60","","","","","","Rain"
"-80.38","43.46","KITCHENER/WATERLOO","6144239","2024-05-11 18:00","2024","05","11","18:00","","10.6","","9.2","","91","","0.0","","15","","15","","14.5","","96.59","","","","","","NA"
"-80.38","43.46","KITCHENER/WATERLOO","6144239","2024-05-11 19:00","2024","05","11","19:00","","9.8","","9.5","","98","","2.2","","10","","4","","4.8","","96.60","","","","","","Rain,Fog"
"-80.38","43.46","KITCHENER/WATERLOO","6144239","2024-05-11 20:00","2024","05","11","20:00","","9.5","","9.4","","99","","0.8","","5","","8","","16.1","","96.61","","","","","","NA"
"-80.38","43.46","KITCHENER/WATERLOO","6144239","2024-05-11 21:00","2024","05","11","21:00","","9.3","","9.2","","99","","2.3","","5","","15","","3.6","","96.67","","","","","","Heavy Rain,Fog"
"-80.38","43.46","KITCHENER/WATERLOO","6144239","2024-05-11 22:00","2024","05","11","22:00","","8.8","","8.7","","99","","3.8","","6","","13","","16.1","","96.70","","","","","","NA"
"-80.38","43.46","KITCHENER/WATERLOO","6144239","2024-05-11 23:00","2024","05","11","23:00","","8.9","","8.6","","98","","0.0","","5","","13","","12.9","","96.74","","","","","","Rain"
"-80.38","43.46","KITCHENER/WATERLOO","6144239","2024-05-12 00:00","2024","05","12","00:00","","9.0","","8.7","","98","","0.2","","2","","9","","16.1","","96.78","","","","","","NA"
"-80.38","43.46","KITCHENER/WATERLOO","6144239","2024-05-12 01:00","2024","05","12","01:00","","9.0","","8.7","","98","","0.0","","1","","9","","9.7","","96.80","","","","","","Rain,Fog"
"-80.38","43.46","KITCHENER/WATERLOO","6144239","2024-05-12 02:00","2024","05","12","02:00","","8.8","","8.5","","98","","0.0","","36","","13","","16.1","","96.87","","","","","","NA"
"-80.38","43.46","KITCHENER/WATERLOO","6144239","2024-05-12 03:00","2024","05","12","03:00","","8.5","","8.2","","98","","0.0","","35","","9","","16.1","","96.96","","","","","","Rain"
"-80.38","43.46","KITCHENER/WATERLOO","6144239","2024-05-12 04:00","2024","05","12","04:00","","7.8","","7.4","","97","","0.0","","36","","5","","16.1","","97.00","","","","","","NA"
"-80.38","43.46","KITCHENER/WATERLOO","6144239","2024-05-12 05:00","2024","05","12","05:00","","7.8","","7.8","","100","","0.0","","31","","13","","16.1","","97.10","","","","","","NA"
"-80.38","43.46","KITCHENER/WATERLOO","6144239","2024-05-12 06:00","2024","05","12","06:00","","7.9","","7.6","","98","","0.0","","31","","11","","16.1","","97.19","","","","","","NA"
"-80.38","43.46","KITCHENER/WATERLOO","6144239","2024-05-12 07:00","2024","05","12","07:00","","9.7","","8.1","","90","","0.0","","34","","13","","16.1","","97.24","","","","","","NA"
"-80.38","43.46","KITCHENER/WATERLOO","6144239","2024-05-12 08:00","2024","05","12","08:00","","10.7","","8.4","","86","","0.0","","32","","18","","16.1","","97.31","","","","","","NA"
"-80.38","43.46","KITCHENER/WATERLOO","6144239","2024-05-12 09:00","2024","05","12","09:00","","10.8","","7.8","","82","","0.0","","32","","21","","16.1","","97.37","","","","","","NA"
"-80.38","43.46","KITCHENER/WATERLOO","6144239","2024-05-12 10:00","2024","05","12","10:00","","12.0","","8.5","","79","","0.0","","34","","15","","16.1","","97.40","","","","","","NA"
"-80.38","43.46","KITCHENER/WATERLOO","6144239","2024-05-12 11:00","2024","05","12","11:00","","13.9","","8.1","","68","","0.0","","31","","13","","16.1","","97.42","","","","","","NA"
"-80.38","43.46","KITCHENER/WATERLOO","6144239","2024-05-12 12:00","2024","05","12","12:00","","14.1","","7.3","","64","","0.0","","31","","11","","16.1","","97.41","","","","","","NA"
"-80.38","43.46","KITCHENER/WATERLOO","6144239","2024-05-12 13:00","2024","05","12","13:00","","15.5","","7.3","","58","","0.0","","32","","17","","16.1","","97.41","","","","","","NA"
"-80.38","43.46","KITCHENER/WATERLOO","6144239","2024-05-12 14:00","2024","05","12","14:00","","16.3","","6.6","","52","","0.0","","35","","8","","16.1","","97.41","","","","","","NA"
"-80.38","43.46","KITCHENER/WATERLOO","6144239","2024-05-12 15:00","2024","05","12","15:00","","16.3","","7.9","","57","","0.0","","26","","9","","16.1","","97.38","","","","","","NA"
"-80.38","43.46","KITCHENER/WATERLOO","6144239","2024-05-12 16:00","2024","05","12","16:00","","16.6","","7.3","","54","","0.0","","26","","17","","16.1","","97.38","","","","","","NA"
"-80.38","43.46","KITCHENER/WATERLOO","6144239","2024-05-12 17:00","2024","05","12","17:00","","17.1","","6.8","","50","","0.0","","28","","18","","16.1","","97.39","","","","","","NA"
"-80.38","43.46","KITCHENER/WATERLOO","6144239","2024-05-12 18:00","2024","05","12","18:00","","16.0","","6.9","","55","","0.0","","24","","18","","16.1","","97.37","","","","","","NA"
"-80.38","43.46","KITCHENER/WATERLOO","6144239","2024-05-12 19:00","2024","05","12","19:00","","15.0","","7.3","","60","","0.0","","24","","15","","16.1","","97.36","","","","","","NA"
"-80.38","43.46","KITCHENER/WATERLOO","6144239","2024-05-12 20:00","2024","05","12","20:00","","13.9","","9.0","","72","","0.0","","22","","18","","16.1","","97.40","","","","","","NA"
"-80.38","43.46","KITCHENER/WATERLOO","6144239","2024-05-12 21:00","2024","05","12","21:00","","12.5","","8.6","","77","","0.0","","19","","17","","16.1","","97.44","","","","","","NA"
"-80.38","43.46","KITCHENER/WATERLOO","6144239","2024-05-12 22:00","2024","05","12","22:00","","11.2","","7.5","","78","","0.0","","20","","15","","16.1","","97.47","","","","","","NA"
"-80.38","43.46","KITCHENER/WATERLOO","6144239","2024-05-12 23:00","2024","05","12","23:00","","9.8","","6.9","","82","","0.0","","19","","11","","16.1","","97.46","","","","","","NA"
"-80.38","43.46","KITCHENER/WATERLOO","6144239","2024-05-13 00:00","2024","05","13","00:00","","9.4","","6.0","","79","","0.0","","18","","13","","16.1","","97.43","","","","","","NA"
"-80.38","43.46","KITCHENER/WATERLOO","6144239","2024-05-13 01:00","2024","05","13","01:00","","9.3","","5.0","","74","","0.0","","17","","13","","16.1","","97.35","","","","","","NA"
"-80.38","43.46","KITCHENER/WATERLOO","6144239","2024-05-13 02:00","2024","05","13","02:00","","9.5","","5.4","","75","","0.0","","20","","11","","16.1","","97.36","","","","","","NA"
"-80.38","43.46","KITCHENER/WATERLOO","6144239","2024-05-13 03:00","2024","05","13","03:00","","9.6","","6.6","","81","","0.2","","18","","13","","16.1","","97.28","","","","","","NA"
"-80.38","43.46","KITCHENER/WATERLOO","6144239","2024-05-13 04:00","2024","05","13","04:00","","9.6","","7.4","","86","","0.0","","17","","11","","16.1","","97.24","","","","","","Rain"
"-80.38","43.46","KITCHENER/WATERLOO","6144239","2024-05-13 05:00","2024","05","13","05:00","","10.4","","8.0","","85","","0.0","","19","","18","","16.1","","97.23","","","","","","NA"
"-80.38","43.46","KITCHENER/WATERLOO","6144239","2024-05-13 06:00","2024","05","13","06:00","","10.8","","8.4","","85","","0.0","","21","","11","","16.1","","97.28","","","","","","NA"
"-80.38","43.46","KITCHENER/WATERLOO","6144239","2024-05-13 07:00","2024","05","13","07:00","","11.6","","8.7","","82","","0.0","","","","0","","16.1","","97.23","","","","","","NA"
"-80.38","43.46","KITCHENER/WATERLOO","6144239","2024-05-13 08:00","2024","05","13","08:00","","14.3","","10.0","","75","","0.0","","18","","17","","16.1","","97.22","","","","","","NA"
"-80.38","43.46","KITCHENER/WATERLOO","6144239","2024-05-13 09:00","2024","05","13","09:00","","18.0","","12.2","","68","","0.0","","22","","18","","16.1","","97.21","","","","","","NA"
"-80.38","43.46","KITCHENER/WATERLOO","6144239","2024-05-13 10:00","2024","05","13","10:00","","15.6","","12.6","","82","","0.2","","20","","13","","16.1","","97.21","","","","","","Rain"
"-80.38","43.46","KITCHENER/WATERLOO","6144239","2024-05-13 11:00","2024","05","13","11:00","","17.8","","13.9","","78","","0.0","","20","","17","","16.1","","97.20","","","","","","NA"
"-80.38","43.46","KITCHENER/WATERLOO","6144239","2024-05-13 12:00","2024","05","13","12:00","","19.9","","13.4","","66","","0.0","","20","","15","","16.1","","97.20","","","","","","NA"
"-80.38","43.46","KITCHENER/WATERLOO","6144239","2024-05-13 13:00","2024","05","13","13:00","","21.3","","14.7","","66","","0.0","","21","","17","","16.1","","97.17","","25","","","","NA"
"-80.38","43.46","KITCHENER/WATERLOO","6144239","2024-05-13 14:00","2024","05","13","14:00","","21.8","","14.2","","62","","0.0","","17","","26","","16.1","","97.12","","25","","","","NA"
"-80.38","43.46","KITCHENER/WATERLOO","6144239","2024-05-13 15:00","2024","05","13","15:00","","23.0","","15.1","","61","","0.0","","19","","17","","16.1","","97.07","","27","","","","NA"
"-80.38","43.46","KITCHENER/WATERLOO","6144239","2024-05-13 16:00","2024","05","13","16:00","","24.4","","14.6","","54","","0.0","","19","","30","","16.1","","96.99","","28","","","","NA"
"-80.38","43.46","KITCHENER/WATERLOO","6144239","2024-05-13 17:00","2024","05","13","17:00","","23.3","","10.9","","45","","0.0","","19","","34","","16.1","","96.98","","25","","","","NA"
"-80.38","43.46","KITCHENER/WATERLOO","6144239","2024-05-13 18:00","2024","05","13","18:00","","23.0","","10.9","","46","","0.0","","20","","32","","16.1","","97.00","","25","","","","NA"
"-80.38","43.46","KITCHENER/WATERLOO","6144239","2024-05-13 19:00","2024","05","13","19:00","","21.8","","10.5","","48","","0.0","","22","","22","","16.1","","97.06","","","","","","NA"
"-80.38","43.46","KITCHENER/WATERLOO","6144239","2024-05-13 20:00","2024","05","13","20:00","","17.6","","12.8","","73","","0.0","","33","","8","","16.1","","97.16","","","","","","NA"
"-80.38","43.46","KITCHENER/WATERLOO","6144239","2024-05-13 21:00","2024","05","13","21:00","","15.8","","13.0","","83","","0.0","","","","0","","16.1","","97.20","","","","","","Rain"
"-80.38","43.46","KITCHENER/WATERLOO","6144239","2024-05-13 22:00","2024","05","13","22:00","","13.5","","12.4","","93","","0.0","","36","","8","","16.1","","97.21","","","","","","NA"
"-80.38","43.46","KITCHENER/WATERLOO","6144239","2024-05-13 23:00","2024","05","13","23:00","","13.4","","12.7","","96","","0.0","","33","","5","","16.1","","97.22","","","","","","NA"
"-80.38","43.46","KITCHENER/WATERLOO","6144239","2024-05-14 00:00","2024","05","14","00:00","","13.8","","12.8","","94","","0.0","","","","0","","16.1","","97.25","","","","","","NA"
"-80.38","43.46","KITCHENER/WATERLOO","6144239","2024-05-14 01:00","2024","05","14","01:00","","13.0","","12.9","","99","","0.0","","","M","4","","16.1","","97.25","","","","","","NA"
"-80.38","43.46","KITCHENER/WATERLOO","6144239","2024-05-14 02:00","2024","05","14","02:00","","12.6","","12.5","","99","","0.0","","7","","4","","16.1","","97.20","","","","","","NA"
"-80.38","43.46","KITCHENER/WATERLOO","6144239","2024-05-14 03:00","2024","05","14","03:00","","12.8","","12.8","","100","","0.0","","","M","4","","16.1","","97.17","","","","","","NA"
"-80.38","43.46","KITCHENER/WATERLOO","6144239","2024-05-14 04:00","2024","05","14","04:00","","12.9","","12.9","","100","","0.0","","","M","4","","16.1","","97.13","","","","","","NA"
"-80.38","43.46","KITCHENER/WATERLOO","6144239","2024-05-14 05:00","2024","05","14","05:00","","13.3","","13.2","","99","","0.0","","","","0","","16.1","","97.19","","","","","","NA"
"-80.38","43.46","KITCHENER/WATERLOO","6144239","2024-05-14 06:00","2024","05","14","06:00","","13.8","","13.7","","99","","0.0","","35","","9","","16.1","","97.23","","","","","","NA"
"-80.38","43.46","KITCHENER/WATERLOO","6144239","2024-05-14 07:00","2024","05","14","07:00","","14.8","","14.5","","98","","0.0","","31","","5","","16.1","","97.30","","","","","","NA"
"-80.38","43.46","KITCHENER/WATERLOO","6144239","2024-05-14 08:00","2024","05","14","08:00","","15.8","","14.5","","92","","0.0","","36","","8","","16.1","","97.32","","","","","","NA"
"-80.38","43.46","KITCHENER/WATERLOO","6144239","2024-05-14 09:00","2024","05","14","09:00","","16.6","","14.8","","89","","0.0","","35","","8","","16.1","","97.33","","","","","","NA"
"-80.38","43.46","KITCHENER/WATERLOO","6144239","2024-05-14 10:00","2024","05","14","10:00","","17.9","","14.8","","82","","0.0","","6","","5","","16.1","","97.34","","","","","","NA"
"-80.38","43.46","KITCHENER/WATERLOO","6144239","2024-05-14 11:00","2024","05","14","11:00","","18.3","","14.8","","80","","0.0","","34","","13","","16.1","","97.34","","","","","","NA"
"-80.38","43.46","KITCHENER/WATERLOO","6144239","2024-05-14 12:00","2024","05","14","12:00","","19.6","","15.1","","75","","0.0","","33","","15","","16.1","","97.32","","","","","","NA"
"-80.38","43.46","KITCHENER/WATERLOO","6144239","2024-05-14 13:00","2024","05","14","13:00","","19.4","","12.8","","65","","0.0","","35","","13","","16.1","","97.29","","","","","","NA"
"-80.38","43.46","KITCHENER/WATERLOO","6144239","2024-05-14 14:00","2024","05","14","14:00","","20.3","","12.9","","62","","0.0","","34","","15","","16.1","","97.25","","","","","","NA"
"-80.38","43.46","KITCHENER/WATERLOO","6144239","2024-05-14 15:00","2024","05","14","15:00","","20.0","","10.5","","54","","0.0","","35","","18","","16.1","","97.20","","","","","","NA"
"-80.38","43.46","KITCHENER/WATERLOO","6144239","2024-05-14 16:00","2024","05","14","16:00","","20.2","","10.7","","54","","0.0","","36","","15","","16.1","","97.19","","","","","","NA"
"-80.38","43.46","KITCHENER/WATERLOO","6144239","2024-05-14 17:00","2024","05","14","17:00","","20.0","","10.9","","55","","0.0","","35","","15","","16.1","","97.19","","","","","","NA"
"-80.38","43.46","KITCHENER/WATERLOO","6144239","2024-05-14 18:00","2024","05","14","18:00","","18.5","","10.4","","59","","0.0","","36","","13","","16.1","","97.20","","","","","","NA"
"-80.38","43.46","KITCHENER/WATERLOO","6144239","2024-05-14 19:00","2024","05","14","19:00","","18.0","","10.5","","61","","0.0","","36","","15","","16.1","","97.22","","","","","","NA"
"-80.38","43.46","KITCHENER/WATERLOO","6144239","2024-05-14 20:00","2024","05","14","20:00","","15.8","","9.8","","67","","0.0","","8","","13","","16.1","","97.27","","","","","","NA"
"-80.38","43.46","KITCHENER/WATERLOO","6144239","2024-05-14 21:00","2024","05","14","21:00","","14.0","","9.9","","76","","0.0","","3","","8","","16.1","","97.31","","","","","","NA"
"-80.38","43.46","KITCHENER/WATERLOO","6144239","2024-05-14 22:00","2024","05","14","22:00","","12.7","","9.2","","79","","0.0","","4","","5","","16.1","","97.29","","","","","","NA"
"-80.38","43.46","KITCHENER/WATERLOO","6144239","2024-05-14 23:00","2024","05","14","23:00","","11.9","","8.8","","81","","0.0","","36","","8","","16.1","","97.27","","","","","","NA"
"-80.38","43.46","KITCHENER/WATERLOO","6144239","2024-05-15 00:00","2024","05","15","00:00","","11.2","","8.1","","81","","0.0","","36","","9","","16.1","","97.25","","","","","","NA"
"-80.38","43.46","KITCHENER/WATERLOO","6144239","2024-05-15 01:00","2024","05","15","01:00","","11.0","","7.0","","76","","0.0","","1","","5","","16.1","","97.23","","","","","","NA"
"-80.38","43.46","KITCHENER/WATERLOO","6144239","2024-05-15 02:00","2024","05","15","02:00","","10.7","","6.2","","74","","0.0","","36","","5","","16.1","","97.22","","","","","","NA"
"-80.38","43.46","KITCHENER/WATERLOO","6144239","2024-05-15 03:00","2024","05","15","03:00","","9.7","","6.4","","80","","0.0","","","M","4","","16.1","","97.18","","","","","","NA"
"-80.38","43.46","KITCHENER/WATERLOO","6144239","2024-05-15 04:00","2024","05","15","04:00","","9.4","","7.5","","88","","0.0","","30","","4","","16.1","","97.16","","","","","","NA"
"-80.38","43.46","KITCHENER/WATERLOO","6144239","2024-05-15 05:00","2024","05","15","05:00","","10.6","","7.5","","81","","0.0","","35","","5","","16.1","","97.15","","","","","","NA"
"-80.38","43.46","KITCHENER/WATERLOO","6144239","2024-05-15 06:00","2024","05","15","06:00","","11.2","","7.4","","77","","0.0","","","M","4","","16.1","","97.18","","","","","","NA"
"-80.38","43.46","KITCHENER/WATERLOO","6144239","2024-05-15 07:00","2024","05","15","07:00","","13.4","","8.1","","70","","0.0","","6","","11","","16.1","","97.20","","","","","","NA"
"-80.38","43.46","KITCHENER/WATERLOO","6144239","2024-05-15 08:00","2024","05","15","08:00","","14.6","","10.0","","74","","0.0","","7","","11","","16.1","","97.22","","","","","","NA"
"-80.38","43.46","KITCHENER/WATERLOO","6144239","2024-05-15 09:00","2024","05","15","09:00","","15.8","","10.8","","72","","0.0","","5","","15","","16.1","","97.24","","","","","","NA"
"-80.38","43.46","KITCHENER/WATERLOO","6144239","2024-05-15 10:00","2024","05","15","10:00","","17.1","","11.7","","70","","0.0","","9","","15","","16.1","","97.26","","","","","","NA"
"-80.38","43.46","KITCHENER/WATERLOO","6144239","2024-05-15 11:00","2024","05","15","11:00","","17.6","","12.8","","73","","0.0","","9","","17","","16.1","","97.25","","","","","","NA"
"-80.38","43.46","KITCHENER/WATERLOO","6144239","2024-05-15 12:00","2024","05","15","12:00","","19.0","","13.9","","72","","0.0","","8","","18","","16.1","","97.23","","","","","","NA"
"-80.38","43.46","KITCHENER/WATERLOO","6144239","2024-05-15 13:00","2024","05","15","13:00","","19.0","","14.0","","72","","0.0","","8","","15","","16.1","","97.22","","","","","","NA"
"-80.38","43.46","KITCHENER/WATERLOO","6144239","2024-05-15 14:00","2024","05","15","14:00","","20.0","","13.4","","65","","0.0","","4","","15","","16.1","","97.20","","","","","","NA"
"-80.38","43.46","KITCHENER/WATERLOO","6144239","2024-05-15 15:00","2024","05","15","15:00","","21.2","","15.4","","69","","0.0","","6","","15","","16.1","","97.17","","25","","","","NA"
"-80.38","43.46","KITCHENER/WATERLOO","6144239","2024-05-15 16:00","2024","05","15","16:00","","20.1","","14.1","","68","","0.0","","7","","17","","16.1","","97.12","","","","","","NA"
"-80.38","43.46","KITCHENER/WATERLOO","6144239","2024-05-15 17:00","2024","05","15","17:00","","20.2","","13.8","","66","","0.0","","7","","18","","16.1","","97.13","","","","","","NA"
"-80.38","43.46","KITCHENER/WATERLOO","6144239","2024-05-15 18:00","2024","05","15","18:00","","19.4","","14.1","","71","","0.0","","10","","21","","16.1","","97.15","","","","","","NA"
"-80.38","43.46","KITCHENER/WATERLOO","6144239","2024-05-15 19:00","2024","05","15","19:00","","17.8","","13.8","","77","","0.0","","11","","13","","16.1","","97.21","","","","","","NA"
"-80.38","43.46","KITCHENER/WATERLOO","6144239","2024-05-15 20:00","2024","05","15","20:00","","15.4","","13.1","","86","","0.0","","8","","8","","16.1","","97.24","","","","","","NA"
"-80.38","43.46","KITCHENER/WATERLOO","6144239","2024-05-15 21:00","2024","05","15","21:00","","14.4","","13.3","","93","","0.0","","","","0","","16.1","","97.29","","","","","","NA"
"-80.38","43.46","KITCHENER/WATERLOO","6144239","2024-05-15 22:00","2024","05","15","22:00","","12.4","","12.3","","99","","0.0","","1","","4","","16.1","","97.34","","","","","","NA"
"-80.38","43.46","KITCHENER/WATERLOO","6144239","2024-05-15 23:00","2024","05","15","23:00","","12.6","","12.3","","98","","0.0","","4","","8","","16.1","","97.32","","","","","","NA"
"-80.38","43.46","KITCHENER/WATERLOO","6144239","2024-05-16 00:00","2024","05","16","00:00","","11.6","","11.5","","99","","0.0","","7","","8","","14.5","","97.30","","","","","","NA"
"-80.38","43.46","KITCHENER/WATERLOO","6144239","2024-05-16 01:00","2024","05","16","01:00","","10.0","","10.0","","100","","0.0","","34","","4","","8.1","","97.31","","","","","","Fog"
"-80.38","43.46","KITCHENER/WATERLOO","6144239","2024-05-16 02:00","2024","05","16","02:00","","10.3","","10.3","","100","","0.0","","35","","4","","9.7","","97.32","","","","","","Fog"
"-80.38","43.46","KITCHENER/WATERLOO","6144239","2024-05-16 03:00","2024","05","16","03:00","","9.5","","9.5","","100","","0.0","","35","","5","","1.6","","97.31","","","","","","Fog"
"-80.38","43.46","KITCHENER/WATERLOO","6144239","2024-05-16 04:00","2024","05","16","04:00","","8.0","","8.0","","100","","0.0","","32","","4","","0.4","","97.30","","","","","","Fog"
"-80.38","43.46","KITCHENER/WATERLOO","6144239","2024-05-16 05:00","2024","05","16","05:00","","8.0","","8.0","","100","","0.0","","36","","4","","0.8","","97.31","","","","","","Fog"
"-80.38","43.46","KITCHENER/WATERLOO","6144239","2024-05-16 06:00","2024","05","16","06:00","","9.3","","9.3","","100","","0.0","","29","","5","","11.3","","97.38","","","","","","NA"
"-80.38","43.46","KITCHENER/WATERLOO","6144239","2024-05-16 07:00","2024","05","16","07:00","","13.0","","11.1","","88","","0.0","","5","","5","","16.1","","97.39","","","","","","NA"
"-80.38","43.46","KITCHENER/WATERLOO","6144239","2024-05-16 08:00","2024","05","16","08:00","","16.5","","10.6","","68","","0.0","","5","","13","","16.1","","97.40","","","","","","NA"
"-80.38","43.46","KITCHENER/WATERLOO","6144239","2024-05-16 09:00","2024","05","16","09:00","","18.1","","11.5","","65","","0.0","","","M","4","","16.1","","97.47","","","","","","NA"
"-80.38","43.46","KITCHENER/WATERLOO","6144239","2024-05-16 10:00","2024","05","16","10:00","","19.5","","12.1","","62","","0.0","","6","","8","","16.1","","97.46","","","","","","NA"
"-80.38","43.46","KITCHENER/WATERLOO","6144239","2024-05-16 11:00","2024","05","16","11:00","","20.4","","12.5","","60","","0.0","","","M","4","","16.1","","97.41","","","","","","NA"
"-80.38","43.46","KITCHENER/WATERLOO","6144239","2024-05-16 12:00","2024","05","16","12:00","","20.3","","13.0","","63","","0.0","","8","","8","","16.1","","97.35","","","","","","NA"
"-80.38","43.46","KITCHENER/WATERLOO","6144239","2024-05-16 13:00","2024","05","16","13:00","","21.1","","12.8","","59","","0.0","","","M","4","","16.1","","97.35","","","","","","NA"
"-80.38","43.46","KITCHENER/WATERLOO","6144239","2024-05-16 14:00","2024","05","16","14:00","","23.0","","14.3","","58","","0.0","","13","","9","","16.1","","97.35","","27","","","","NA"
"-80.38","43.46","KITCHENER/WATERLOO","6144239","2024-05-16 15:00","2024","05","16","15:00","","22.9","","13.1","","54","","0.0","","14","","9","","16.1","","97.33","","26","","","","NA"
"-80.38","43.46","KITCHENER/WATERLOO","6144239","2024-05-16 16:00","2024","05","16","16:00","","22.7","","13.7","","56","","0.0","","11","","24","","16.1","","97.29","","26","","","","NA"
"-80.38","43.46","KITCHENER/WATERLOO","6144239","2024-05-16 17:00","2024","05","16","17:00","","21.7","","13.1","","58","","0.0","","11","","15","","16.1","","97.31","","25","","","","NA"
"-80.38","43.46","KITCHENER/WATERLOO","6144239","2024-05-16 18:00","2024","05","16","18:00","","20.6","","13.0","","61","","0.0","","13","","18","","16.1","","97.33","","","","","","NA"
"-80.38","43.46","KITCHENER/WATERLOO","6144239","2024-05-16 19:00","2024","05","16","19:00","","17.9","","12.7","","71","","0.0","","12","","13","","16.1","","97.36","","","","","","NA"
"-80.38","43.46","KITCHENER/WATERLOO","6144239","2024-05-16 20:00","2024","05","16","20:00","","17.0","","12.8","","76","","0.0","","13","","13","","16.1","","97.37","","","","","","NA"
"-80.38","43.46","KITCHENER/WATERLOO","6144239","2024-05-16 21:00","2024","05","16","21:00","","16.1","","13.1","","82","","0.0","","13","","8","","16.1","","97.38","","","","","","NA"
"-80.38","43.46","KITCHENER/WATERLOO","6144239","2024-05-16 22:00","2024","05","16","22:00","","14.3","","12.5","","89","","0.0","","6","","5","","16.1","","97.34","","","","","","NA"
"-80.38","43.46","KITCHENER/WATERLOO","6144239","2024-05-16 23:00","2024","05","16","23:00","","13.1","","12.6","","97","","0.0","","1","","5","","16.1","","97.35","","","","","","NA"
"-80.38","43.46","KITCHENER/WATERLOO","6144239","2024-05-17 00:00","2024","05","17","00:00","","12.9","","12.6","","98","","0.0","","8","","9","","16.1","","97.29","","","","","","NA"
"-80.38","43.46","KITCHENER/WATERLOO","6144239","2024-05-17 01:00","2024","05","17","01:00","","13.4","","12.8","","96","","0.0","","10","","4","","16.1","","97.29","","","","","","NA"
"-80.38","43.46","KITCHENER/WATERLOO","6144239","2024-05-17 02:00","2024","05","17","02:00","","12.2","","12.2","","100","","0.0","","","","0","","16.1","","97.32","","","","","","NA"
"-80.38","43.46","KITCHENER/WATERLOO","6144239","2024-05-17 03:00","2024","05","17","03:00","","11.2","","11.2","","100","","0.0","","2","","5","","11.3","","97.32","","","","","","NA"
"-80.38","43.46","KITCHENER/WATERLOO","6144239","2024-05-17 04:00","2024","05","17","04:00","","11.3","","11.3","","100","","0.0","","","M","4","","6.4","","97.30","","","","","","Fog"
"-80.38","43.46","KITCHENER/WATERLOO","6144239","2024-05-17 05:00","2024","05","17","05:00","","11.4","","11.4","","100","","0.0","","","","0","","0.2","","97.30","","","","","","Fog"
"-80.38","43.46","KITCHENER/WATERLOO","6144239","2024-05-17 06:00","2024","05","17","06:00","","12.7","","12.7","","100","","0.0","","","","0","","4.8","","97.34","","","","","","Fog"
"-80.38","43.46","KITCHENER/WATERLOO","6144239","2024-05-17 07:00","2024","05","17","07:00","","14.4","","14.4","","100","","0.0","","10","","5","","8.1","","97.33","","","","","","Fog"
"-80.38","43.46","KITCHENER/WATERLOO","6144239","2024-05-17 08:00","2024","05","17","08:00","","15.1","","14.5","","96","","0.0","","32","","5","","11.3","","97.41","","","","","","NA"
"-80.38","43.46","KITCHENER/WATERLOO","6144239","2024-05-17 09:00","2024","05","17","09:00","","15.8","","14.5","","92","","0.0","","11","","8","","9.7","","97.40","","","","","","Fog"
"-80.38","43.46","KITCHENER/WATERLOO","6144239","2024-05-17 10:00","2024","05","17","10:00","","16.1","","14.5","","90","","0.0","","","M","4","","9.7","","97.44","","","","","","Fog"
"-80.38","43.46","KITCHENER/WATERLOO","6144239","2024-05-17 11:00","2024","05","17","11:00","","16.0","","15.4","","96","","0.8","","33","","11","","4.8","","97.45","","","","","","Rain,Fog"
"-80.38","43.46","KITCHENER/WATERLOO","6144239","2024-05-17 12:00","2024","05","17","12:00","","15.9","","15.2","","95","","1.2","","35","","8","","8.1","","97.45","","","","","","Rain,Fog"
"-80.38","43.46","KITCHENER/WATERLOO","6144239","2024-05-17 13:00","2024","05","17","13:00","","15.9","","15.4","","97","","1.5","","4","","8","","8.1","","97.41","","","","","","Rain,Fog"
"-80.38","43.46","KITCHENER/WATERLOO","6144239","2024-05-17 14:00","2024","05","17","14:00","","16.0","","15.7","","98","","1.0","","12","","22","","8.1","","97.29","","","","","","Rain,Fog"
"-80.38","43.46","KITCHENER/WATERLOO","6144239","2024-05-17 15:00","2024","05","17","15:00","","17.1","","14.9","","87","","0.2","","","M","4","","16.1","","97.32","","","","","","NA"
"-80.38","43.46","KITCHENER/WATERLOO","6144239","2024-05-17 16:00","2024","05","17","16:00","","18.4","","15.9","","85","","0.0","","10","","11","","16.1","","97.32","","","","","","NA"
"-80.38","43.46","KITCHENER/WATERLOO","6144239","2024-05-17 17:00","2024","05","17","17:00","","17.9","","15.4","","85","","0.0","","11","","11","","16.1","","97.31","","","","","","NA"
"-80.38","43.46","KITCHENER/WATERLOO","6144239","2024-05-17 18:00","2024","05","17","18:00","","17.5","","15.4","","87","","0.0","","9","","15","","16.1","","97.30","","","","","","NA"
"-80.38","43.46","KITCHENER/WATERLOO","6144239","2024-05-17 19:00","2024","05","17","19:00","","16.3","","15.4","","94","","0.0","","10","","15","","12.9","","97.33","","","","","","NA"
"-80.38","43.46","KITCHENER/WATERLOO","6144239","2024-05-17 20:00","2024","05","17","20:00","","15.3","","14.7","","96","","0.0","","10","","13","","16.1","","97.38","","","","","","NA"
"-80.38","43.46","KITCHENER/WATERLOO","6144239","2024-05-17 21:00","2024","05","17","21:00","","15.2","","14.7","","97","","0.0","","9","","11","","16.1","","97.41","","","","","","NA"
"-80.38","43.46","KITCHENER/WATERLOO","6144239","2024-05-17 22:00","2024","05","17","22:00","","14.8","","14.5","","98","","0.0","","7","","9","","16.1","","97.42","","","","","","NA"
"-80.38","43.46","KITCHENER/WATERLOO","6144239","2024-05-17 23:00","2024","05","17","23:00","","13.6","","13.6","","100","","0.0","","9","","11","","16.1","","97.36","","","","","","NA"
"-80.38","43.46","KITCHENER/WATERLOO","6144239","2024-05-18 00:00","2024","05","18","00:00","","14.2","","14.2","","100","","0.0","","10","","9","","8.1","","97.34","","","","","","Fog"
"-80.38","43.46","KITCHENER/WATERLOO","6144239","2024-05-18 01:00","2024","05","18","01:00","","14.0","","14.0","","100","","0.0","","","","0","","6.4","","97.34","","","","","","Fog"
"-80.38","43.46","KITCHENER/WATERLOO","6144239","2024-05-18 02:00","2024","05","18","02:00","","14.1","","14.1","","100","","0.0","","4","","5","","8.1","","97.38","","","","","","Fog"
"-80.38","43.46","KITCHENER/WATERLOO","6144239","2024-05-18 03:00","2024","05","18","03:00","","14.0","","14.0","","100","","0.0","","36","","8","","9.7","","97.39","","","","","","Fog"
"-80.38","43.46","KITCHENER/WATERLOO","6144239","2024-05-18 04:00","2024","05","18","04:00","","13.4","","13.4","","100","","0.0","","3","","8","","4.8","","97.44","","","","","","Fog"
"-80.38","43.46","KITCHENER/WATERLOO","6144239","2024-05-18 05:00","2024","05","18","05:00","","13.8","","13.8","","100","","0.0","","6","","8","","4.0","","97.49","","","","","","Fog"
"-80.38","43.46","KITCHENER/WATERLOO","6144239","2024-05-18 06:00","2024","05","18","06:00","","14.5","","14.2","","98","","0.0","","3","","5","","16.1","","97.53","","","","","","NA"
"-80.38","43.46","KITCHENER/WATERLOO","6144239","2024-05-18 07:00","2024","05","18","07:00","","15.5","","14.8","","95","","0.0","","5","","5","","16.1","","97.56","","","","","","NA"
"-80.38","43.46","KITCHENER/WATERLOO","6144239","2024-05-18 08:00","2024","05","18","08:00","","16.1","","14.3","","89","","0.0","","5","","9","","16.1","","97.62","","","","","","NA"
"-80.38","43.46","KITCHENER/WATERLOO","6144239","2024-05-18 09:00","2024","05","18","09:00","","16.5","","14.1","","86","","0.0","","5","","13","","16.1","","97.65","","","","","","NA"
"-80.38","43.46","KITCHENER/WATERLOO","6144239","2024-05-18 10:00","2024","05","18","10:00","","17.5","","14.6","","83","","0.0","","10","","11","","16.1","","97.64","","","","","","NA"
"-80.38","43.46","KITCHENER/WATERLOO","6144239","2024-05-18 11:00","2024","05","18","11:00","","18.4","","14.7","","79","","0.0","","6","","5","","16.1","","97.65","","","","","","NA"
"-80.38","43.46","KITCHENER/WATERLOO","6144239","2024-05-18 12:00","2024","05","18","12:00","","19.4","","14.8","","75","","0.0","","","M","8","","16.1","","97.66","","","","","","NA"
"-80.38","43.46","KITCHENER/WATERLOO","6144239","2024-05-18 13:00","2024","05","18","13:00","","21.0","","15.2","","69","","0.0","","10","","9","","16.1","","97.62","","25","","","","NA"
"-80.38","43.46","KITCHENER/WATERLOO","6144239","2024-05-18 14:00","2024","05","18","14:00","","21.5","","16.4","","73","","0.0","","14","","13","","16.1","","97.59","","26","","","","NA"
"-80.38","43.46","KITCHENER/WATERLOO","6144239","2024-05-18 15:00","2024","05","18","15:00","","22.6","","15.5","","64","","0.0","","12","","13","","16.1","","97.57","","27","","","","NA"
"-80.38","43.46","KITCHENER/WATERLOO","6144239","2024-05-18 16:00","2024","05","18","16:00","","21.7","","15.5","","67","","0.0","","10","","15","","16.1","","97.57","","26","","","","NA"
"-80.38","43.46","KITCHENER/WATERLOO","6144239","2024-05-18 17:00","2024","05","18","17:00","","22.1","","15.3","","65","","0.0","","11","","8","","16.1","","97.55","","26","","","","NA"
"-80.38","43.46","KITCHENER/WATERLOO","6144239","2024-05-18 18:00","2024","05","18","18:00","","21.4","","15.0","","67","","0.0","","14","","9","","16.1","","97.56","","25","","","","NA"
"-80.38","43.46","KITCHENER/WATERLOO","6144239","2024-05-18 19:00","2024","05","18","19:00","","19.4","","15.0","","76","","0.0","","12","","15","","16.1","","97.58","","","","","","NA"
"-80.38","43.46","KITCHENER/WATERLOO","6144239","2024-05-18 20:00","2024","05","18","20:00","","15.9","","13.9","","88","","0.0","","13","","8","","16.1","","97.59","","","","","","NA"
"-80.38","43.46","KITCHENER/WATERLOO","6144239","2024-05-18 21:00","2024","05","18","21:00","","14.5","","13.9","","96","","0.0","","7","","8","","16.1","","97.62","","","","","","NA"
"-80.38","43.46","KITCHENER/WATERLOO","6144239","2024-05-18 22:00","2024","05","18","22:00","","13.4","","13.4","","100","","0.0","","","","0","","9.7","","97.65","","","","","","Fog"
"-80.38","43.46","KITCHENER/WATERLOO","6144239","2024-05-18 23:00","2024","05","18","23:00","","12.6","","12.6","","100","","0.0","","10","","4","","1.6","","97.66","","","","","","Fog"
"-80.38","43.46","KITCHENER/WATERLOO","6144239","2024-05-19 00:00","2024","05","19","00:00","","11.5","","11.5","","100","","0.0","","11","","5","","0.2","","97.68","","","","","","Fog"
"-80.38","43.46","KITCHENER/WATERLOO","6144239","2024-05-19 01:00","2024","05","19","01:00","","10.6","","10.6","","100","","0.0","","1","","4","","0.4","","97.66","","","","","","Fog"
"-80.38","43.46","KITCHENER/WATERLOO","6144239","2024-05-19 02:00","2024","05","19","02:00","","10.0","","10.0","","100","","0.0","","","","0","","0.2","","97.65","","","","","","Rain,Fog"
"-80.38","43.46","KITCHENER/WATERLOO","6144239","2024-05-19 03:00","2024","05","19","03:00","","9.1","","9.1","","100","","0.0","","7","","4","","0.2","","97.67","","","","","","Rain,Fog"
"-80.38","43.46","KITCHENER/WATERLOO","6144239","2024-05-19 04:00","2024","05","19","04:00","","9.2","","9.2","","100","","0.0","","","","0","","0.4","","97.66","","","","","","Rain,Fog"
"-80.38","43.46","KITCHENER/WATERLOO","6144239","2024-05-19 05:00","2024","05","19","05:00","","9.2","","9.2","","100","","0.0","","","M","4","","0.2","","97.71","","","","","","Fog"
"-80.38","43.46","KITCHENER/WATERLOO","6144239","2024-05-19 06:00","2024","05","19","06:00","","10.6","","10.6","","100","","0.0","","32","","5","","0.2","","97.76","","","","","","Fog"
"-80.38","43.46","KITCHENER/WATERLOO","6144239","2024-05-19 07:00","2024","05","19","07:00","","13.1","","13.1","","100","","0.2","","","","0","","1.6","","97.79","","","","","","Fog"
"-80.38","43.46","KITCHENER/WATERLOO","6144239","2024-05-19 08:00","2024","05","19","08:00","","16.8","","16.3","","97","","0.0","","","M","5","","16.1","","97.80","","","","","","NA"
"-80.38","43.46","KITCHENER/WATERLOO","6144239","2024-05-19 09:00","2024","05","19","09:00","","20.2","","14.9","","71","","0.0","","17","","8","","16.1","","97.80","","","","","","NA"
"-80.38","43.46","KITCHENER/WATERLOO","6144239","2024-05-19 10:00","2024","05","19","10:00","","22.0","","16.0","","68","","0.0","","17","","8","","16.1","","97.78","","27","","","","Rain"
"-80.38","43.46","KITCHENER/WATERLOO","6144239","2024-05-19 11:00","2024","05","19","11:00","","24.0","","15.0","","57","","0.0","","17","","8","","16.1","","97.75","","28","","","","NA"
"-80.38","43.46","KITCHENER/WATERLOO","6144239","2024-05-19 12:00","2024","05","19","12:00","","25.1","","16.2","","57","","0.0","","21","","15","","16.1","","97.73","","30","","","","NA"
"-80.38","43.46","KITCHENER/WATERLOO","6144239","2024-05-19 13:00","2024","05","19","13:00","","26.5","","16.3","","53","","0.0","","26","","13","","16.1","","97.71","","31","","","","NA"
"-80.38","43.46","KITCHENER/WATERLOO","6144239","2024-05-19 14:00","2024","05","19","14:00","","26.5","","14.4","","47","","0.0","","18","","5","","16.1","","97.64","","30","","","","NA"
"-80.38","43.46","KITCHENER/WATERLOO","6144239","2024-05-19 15:00","2024","05","19","15:00","","26.0","","17.2","","58","","0.0","","28","","11","","16.1","","97.61","","31","","","","NA"
"-80.38","43.46","KITCHENER/WATERLOO","6144239","2024-05-19 16:00","2024","05","19","16:00","","26.8","","17.0","","54","","0.0","","28","","9","","16.1","","97.59","","32","","","","NA"
"-80.38","43.46","KITCHENER/WATERLOO","6144239","2024-05-19 17:00","2024","05","19","17:00","","26.5","","17.2","","56","","0.0","","23","","13","","16.1","","97.57","","32","","","","NA"
"-80.38","43.46","KITCHENER/WATERLOO","6144239","2024-05-19 18:00","2024","05","19","18:00","","25.6","","17.4","","60","","0.0","","16","","21","","16.1","","97.57","","31","","","","NA"
"-80.38","43.46","KITCHENER/WATERLOO","6144239","2024-05-19 19:00","2024","05","19","19:00","","24.2","","18.3","","69","","0.0","","22","","13","","16.1","","97.62","","30","","","","Rain"
"-80.38","43.46","KITCHENER/WATERLOO","6144239","2024-05-19 20:00","2024","05","19","20:00","","23.4","","16.8","","66","","0.0","","23","","15","","16.1","","97.68","","29","","","","NA"
"-80.38","43.46","KITCHENER/WATERLOO","6144239","2024-05-19 21:00","2024","05","19","21:00","","20.9","","16.2","","74","","0.0","","27","","9","","16.1","","97.72","","26","","","","NA"
"-80.38","43.46","KITCHENER/WATERLOO","6144239","2024-05-19 22:00","2024","05","19","22:00","","19.2","","17.0","","87","","0.0","","33","","8","","16.1","","97.75","","","","","","NA"
"-80.38","43.46","KITCHENER/WATERLOO","6144239","2024-05-19 23:00","2024","05","19","23:00","","18.7","","16.0","","84","","0.0","","34","","11","","16.1","","97.77","","","","","","NA"
"-80.38","43.46","KITCHENER/WATERLOO","6144239","2024-05-20 00:00","2024","05","20","00:00","","16.2","","14.0","","87","","0.0","","31","","8","","16.1","","97.78","","","","","","NA"
"-80.38","43.46","KITCHENER/WATERLOO","6144239","2024-05-20 01:00","2024","05","20","01:00","","15.1","","13.5","","90","","0.0","","","","0","","16.1","","97.74","","","","","","NA"
"-80.38","43.46","KITCHENER/WATERLOO","6144239","2024-05-20 02:00","2024","05","20","02:00","","13.5","","12.2","","92","","0.0","","35","","4","","16.1","","97.69","","","","","","NA"
"-80.38","43.46","KITCHENER/WATERLOO","6144239","2024-05-20 03:00","2024","05","20","03:00","","12.7","","12.2","","97","","0.0","","34","","9","","16.1","","97.78","","","","","","NA"
"-80.38","43.46","KITCHENER/WATERLOO","6144239","2024-05-20 04:00","2024","05","20","04:00","","12.5","","11.3","","92","","0.0","","","","0","","16.1","","97.76","","","","","","NA"
"-80.38","43.46","KITCHENER/WATERLOO","6144239","2024-05-20 05:00","2024","05","20","05:00","","12.2","","11.9","","98","","0.0","","34","","5","","16.1","","97.78","","","","","","NA"
"-80.38","43.46","KITCHENER/WATERLOO","6144239","2024-05-20 06:00","2024","05","20","06:00","","13.2","","12.9","","98","","0.0","","","","0","","16.1","","97.80","","","","","","NA"
"-80.38","43.46","KITCHENER/WATERLOO","6144239","2024-05-20 07:00","2024","05","20","07:00","","16.7","","12.8","","78","","0.0","","","","0","","16.1","","97.83","","","","","","NA"
"-80.38","43.46","KITCHENER/WATERLOO","6144239","2024-05-20 08:00","2024","05","20","08:00","","19.8","","13.4","","66","","0.0","","13","","8","","16.1","","97.82","","","","","","NA"
"-80.38","43.46","KITCHENER/WATERLOO","6144239","2024-05-20 09:00","2024","05","20","09:00","","22.9","","13.2","","54","","0.0","","13","","13","","11.3","","97.81","","26","","","","NA"
"-80.38","43.46","KITCHENER/WATERLOO","6144239","2024-05-20 10:00","2024","05","20","10:00","","23.8","","15.1","","58","","0.0","","13","","8","","16.1","","97.78","","28","","","","NA"
"-80.38","43.46","KITCHENER/WATERLOO","6144239","2024-05-20 11:00","2024","05","20","11:00","","25.5","","15.4","","53","","0.0","","19","","13","","16.1","","97.76","","30","","","","NA"
"-80.38","43.46","KITCHENER/WATERLOO","6144239","2024-05-20 12:00","2024","05","20","12:00","","26.5","","16.4","","53","","0.0","","20","","13","","16.1","","97.70","","31","","","","NA"
"-80.38","43.46","KITCHENER/WATERLOO","6144239","2024-05-20 13:00","2024","05","20","13:00","","27.9","","16.3","","49","","0.0","","20","","22","","16.1","","97.64","","33","","","","NA"
"-80.38","43.46","KITCHENER/WATERLOO","6144239","2024-05-20 14:00","2024","05","20","14:00","","28.5","","15.7","","45","","0.0","","20","","30","","16.1","","97.58","","33","","","","NA"
"-80.38","43.46","KITCHENER/WATERLOO","6144239","2024-05-20 15:00","2024","05","20","15:00","","28.7","","16.7","","48","","0.0","","18","","21","","16.1","","97.52","","34","","","","NA"
"-80.38","43.46","KITCHENER/WATERLOO","6144239","2024-05-20 16:00","2024","05","20","16:00","","27.5","","15.5","","47","","0.0","","23","","11","","16.1","","97.48","","32","","","","Thunderstorms"
"-80.38","43.46","KITCHENER/WATERLOO","6144239","2024-05-20 17:00","2024","05","20","17:00","","19.4","","17.6","","89","","0.0","","30","","26","","16.1","","97.65","","","","","","Thunderstorms,Rain"
"-80.38","43.46","KITCHENER/WATERLOO","6144239","2024-05-20 18:00","2024","05","20","18:00","","19.5","","19.1","","97","","0.8","","","M","4","","16.1","","97.58","","","","","","NA"
"-80.38","43.46","KITCHENER/WATERLOO","6144239","2024-05-20 19:00","2024","05","20","19:00","","19.5","","19.3","","99","","0.0","","","","0","","16.1","","97.48","","","","","","NA"
"-80.38","43.46","KITCHENER/WATERLOO","6144239","2024-05-20 20:00","2024","05","20","20:00","","18.1","","17.9","","99","","0.0","","","M","4","","11.3","","97.47","","","","","","NA"
"-80.38","43.46","KITCHENER/WATERLOO","6144239","2024-05-20 21:00","2024","05","20","21:00","","17.5","","17.5","","100","","0.0","","8","","5","","4.8","","97.51","","","","","","Fog"
"-80.38","43.46","KITCHENER/WATERLOO","6144239","2024-05-20 22:00","2024","05","20","22:00","","17.0","","17.0","","100","","0.0","","10","","4","","1.0","","97.50","","","","","","Fog"
"-80.38","43.46","KITCHENER/WATERLOO","6144239","2024-05-20 23:00","2024","05","20","23:00","","16.8","","16.8","","100","","0.0","","6","","5","","0.6","","97.45","","","","","","Fog"
"-80.38","43.46","KITCHENER/WATERLOO","6144239","2024-05-21 00:00","2024","05","21","00:00","","16.8","","16.8","","100","","0.0","","16","","8","","16.1","","97.42","","","","","","NA"
"-80.38","43.46","KITCHENER/WATERLOO","6144239","2024-05-21 01:00","2024","05","21","01:00","","19.1","","16.7","","86","","0.0","","20","","15","","16.1","","97.40","","","","","","NA"
"-80.38","43.46","KITCHENER/WATERLOO","6144239","2024-05-21 02:00","2024","05","21","02:00","","19.8","","15.7","","77","","0.0","","","M","13","","16.1","","97.41","","","","","","Thunderstorms"
"-80.38","43.46","KITCHENER/WATERLOO","6144239","2024-05-21 03:00","2024","05","21","03:00","","17.0","","16.5","","97","","5.8","","3","","9","","16.1","","97.34","","","","","","NA"
"-80.38","43.46","KITCHENER/WATERLOO","6144239","2024-05-21 04:00","2024","05","21","04:00","","15.2","","15.2","","100","","0.0","","","M","4","","6.4","","97.33","","","","","","Fog"
"-80.38","43.46","KITCHENER/WATERLOO","6144239","2024-05-21 05:00","2024","05","21","05:00","","15.5","","15.5","","100","","0.0","","30","","5","","4.0","","97.40","","","","","","Fog"
"-80.38","43.46","KITCHENER/WATERLOO","6144239","2024-05-21 06:00","2024","05","21","06:00","","16.5","","16.5","","100","","0.0","","7","","5","","4.8","","97.43","","","","","","Fog"
"-80.38","43.46","KITCHENER/WATERLOO","6144239","2024-05-21 07:00","2024","05","21","07:00","","17.9","","17.3","","96","","0.0","","12","","11","","16.1","","97.42","","","","","","NA"
"-80.38","43.46","KITCHENER/WATERLOO","6144239","2024-05-21 08:00","2024","05","21","08:00","","20.1","","18.1","","88","","0.0","","12","","8","","16.1","","97.42","","26","","","","NA"
"-80.38","43.46","KITCHENER/WATERLOO","6144239","2024-05-21 09:00","2024","05","21","09:00","","22.0","","17.6","","76","","0.0","","15","","8","","16.1","","97.39","","28","","","","NA"
"-80.38","43.46","KITCHENER/WATERLOO","6144239","2024-05-21 10:00","2024","05","21","10:00","","24.7","","18.1","","66","","0.0","","20","","21","","16.1","","97.34","","31","","","","NA"
"-80.38","43.46","KITCHENER/WATERLOO","6144239","2024-05-21 11:00","2024","05","21","11:00","","25.4","","18.3","","64","","0.0","","24","","30","","16.1","","97.34","","32","","","","NA"
"-80.38","43.46","KITCHENER/WATERLOO","6144239","2024-05-21 12:00","2024","05","21","12:00","","26.0","","17.5","","59","","0.0","","26","","30","","16.1","","97.32","","32","","","","NA"
"-80.38","43.46","KITCHENER/WATERLOO","6144239","2024-05-21 13:00","2024","05","21","13:00","","26.1","","16.8","","56","","0.0","","26","","32","","16.1","","97.30","","31","","","","NA"
"-80.38","43.46","KITCHENER/WATERLOO","6144239","2024-05-21 14:00","2024","05","21","14:00","","25.9","","17.6","","60","","0.0","","25","","24","","16.1","","97.35","","32","","","","NA"
"-80.38","43.46","KITCHENER/WATERLOO","6144239","2024-05-21 15:00","2024","05","21","15:00","","25.5","","17.1","","59","","0.0","","26","","32","","16.1","","97.36","","31","","","","NA"
"-80.38","43.46","KITCHENER/WATERLOO","6144239","2024-05-21 16:00","2024","05","21","16:00","","25.7","","17.3","","59","","0.0","","23","","21","","16.1","","97.32","","31","","","","NA"
"-80.38","43.46","KITCHENER/WATERLOO","6144239","2024-05-21 17:00","2024","05","21","17:00","","25.3","","15.4","","54","","0.0","","26","","26","","16.1","","97.29","","30","","","","NA"
"-80.38","43.46","KITCHENER/WATERLOO","6144239","2024-05-21 18:00","2024","05","21","18:00","","24.6","","14.5","","53","","0.0","","26","","22","","16.1","","97.27","","28","","","","NA"
"-80.38","43.46","KITCHENER/WATERLOO","6144239","2024-05-21 19:00","2024","05","21","19:00","","22.4","","18.0","","76","","0.0","","33","","9","","16.1","","97.27","","28","","","","NA"
"-80.38","43.46","KITCHENER/WATERLOO","6144239","2024-05-21 20:00","2024","05","21","20:00","","20.4","","17.7","","84","","0.0","","","","0","","16.1","","97.24","","26","","","","NA"
"-80.38","43.46","KITCHENER/WATERLOO","6144239","2024-05-21 21:00","2024","05","21","21:00","","17.6","","17.4","","99","","0.0","","","","0","","11.3","","97.25","","","","","","NA"
"-80.38","43.46","KITCHENER/WATERLOO","6144239","2024-05-21 22:00","2024","05","21","22:00","","16.9","","16.9","","100","","0.0","","10","","4","","6.4","","97.20","","","","","","Fog"
"-80.38","43.46","KITCHENER/WATERLOO","6144239","2024-05-21 23:00","2024","05","21","23:00","","16.2","","16.2","","100","","0.0","","12","","8","","8.1","","97.22","","","","","","Fog"
"-80.38","43.46","KITCHENER/WATERLOO","6144239","2024-05-22 00:00","2024","05","22","00:00","","16.0","","16.0","","100","","0.0","","10","","5","","8.1","","97.21","","","","","","Fog"
"-80.38","43.46","KITCHENER/WATERLOO","6144239","2024-05-22 01:00","2024","05","22","01:00","","14.8","","14.8","","100","","0.0","","7","","5","","4.8","","97.24","","","","","","Fog"
"-80.38","43.46","KITCHENER/WATERLOO","6144239","2024-05-22 02:00","2024","05","22","02:00","","16.3","","16.3","","100","","0.0","","16","","5","","16.1","","97.21","","","","","","NA"
"-80.38","43.46","KITCHENER/WATERLOO","6144239","2024-05-22 03:00","2024","05","22","03:00","","18.1","","16.1","","88","","0.0","","17","","5","","16.1","","97.16","","","","","","NA"
"-80.38","43.46","KITCHENER/WATERLOO","6144239","2024-05-22 04:00","2024","05","22","04:00","","15.8","","15.1","","96","","0.0","","16","","8","","16.1","","97.12","","","","","","NA"
"-80.38","43.46","KITCHENER/WATERLOO","6144239","2024-05-22 05:00","2024","05","22","05:00","","18.1","","16.1","","88","","0.0","","19","","11","","16.1","","97.09","","","","","","NA"
"-80.38","43.46","KITCHENER/WATERLOO","6144239","2024-05-22 06:00","2024","05","22","06:00","","19.5","","16.7","","84","","0.0","","20","","13","","16.1","","97.11","","","","","","NA"
"-80.38","43.46","KITCHENER/WATERLOO","6144239","2024-05-22 07:00","2024","05","22","07:00","","21.6","","17.2","","76","","0.0","","20","","22","","16.1","","97.10","","27","","","","NA"
"-80.38","43.46","KITCHENER/WATERLOO","6144239","2024-05-22 08:00","2024","05","22","08:00","","23.8","","18.2","","71","","0.0","","19","","24","","16.1","","97.08","","30","","","","NA"
"-80.38","43.46","KITCHENER/WATERLOO","6144239","2024-05-22 09:00","2024","05","22","09:00","","25.7","","17.9","","62","","0.0","","21","","32","","16.1","","97.02","","32","","","","NA"
"-80.38","43.46","KITCHENER/WATERLOO","6144239","2024-05-22 10:00","2024","05","22","10:00","","26.7","","18.3","","59","","0.0","","20","","28","","16.1","","97.01","","33","","","","NA"
"-80.38","43.46","KITCHENER/WATERLOO","6144239","2024-05-22 11:00","2024","05","22","11:00","","26.6","","18.7","","61","","0.0","","20","","28","","16.1","","97.00","","33","","","","NA"
"-80.38","43.46","KITCHENER/WATERLOO","6144239","2024-05-22 12:00","2024","05","22","12:00","","27.8","","18.5","","56","","0.0","","20","","35","","16.1","","96.94","","34","","","","NA"
"-80.38","43.46","KITCHENER/WATERLOO","6144239","2024-05-22 13:00","2024","05","22","13:00","","27.2","","18.7","","59","","0.0","","20","","34","","16.1","","96.94","","34","","","","NA"
"-80.38","43.46","KITCHENER/WATERLOO","6144239","2024-05-22 14:00","2024","05","22","14:00","","26.1","","18.1","","61","","0.0","","20","","43","","16.1","","96.86","","32","","","","NA"
"-80.38","43.46","KITCHENER/WATERLOO","6144239","2024-05-22 15:00","2024","05","22","15:00","","26.3","","18.4","","61","","0.0","","20","","32","","16.1","","96.87","","33","","","","NA"
"-80.38","43.46","KITCHENER/WATERLOO","6144239","2024-05-22 16:00","2024","05","22","16:00","","26.6","","19.1","","63","","0.0","","20","","32","","16.1","","96.87","","33","","","","NA"
"-80.38","43.46","KITCHENER/WATERLOO","6144239","2024-05-22 17:00","2024","05","22","17:00","","26.4","","18.8","","62","","0.0","","20","","32","","16.1","","96.85","","33","","","","NA"
"-80.38","43.46","KITCHENER/WATERLOO","6144239","2024-05-22 18:00","2024","05","22","18:00","","26.2","","18.5","","62","","0.0","","20","","26","","16.1","","96.81","","33","","","","NA"
"-80.38","43.46","KITCHENER/WATERLOO","6144239","2024-05-22 19:00","2024","05","22","19:00","","24.8","","18.2","","66","","0.0","","20","","28","","16.1","","96.78","","31","","","","NA"
"-80.38","43.46","KITCHENER/WATERLOO","6144239","2024-05-22 20:00","2024","05","22","20:00","","23.8","","18.1","","70","","0.0","","21","","28","","16.1","","96.83","","30","","","","NA"
"-80.38","43.46","KITCHENER/WATERLOO","6144239","2024-05-22 21:00","2024","05","22","21:00","","22.4","","17.9","","75","","0.0","","23","","18","","16.1","","96.88","","28","","","","NA"
"-80.38","43.46","KITCHENER/WATERLOO","6144239","2024-05-22 22:00","2024","05","22","22:00","","20.0","","13.4","","65","","0.0","","31","","26","","16.1","","97.12","","","","","","NA"
"-80.38","43.46","KITCHENER/WATERLOO","6144239","2024-05-22 23:00","2024","05","22","23:00","","17.6","","12.1","","70","","0.0","","32","","18","","16.1","","97.26","","","","","","NA"
"-80.38","43.46","KITCHENER/WATERLOO","6144239","2024-05-23 00:00","2024","05","23","00:00","","17.2","","11.2","","68","","0.0","","27","","21","","16.1","","97.36","","","","","","NA"
"-80.38","43.46","KITCHENER/WATERLOO","6144239","2024-05-23 01:00","2024","05","23","01:00","","16.4","","10.8","","69","","0.0","","27","","11","","16.1","","97.32","","","","","","NA"
"-80.38","43.46","KITCHENER/WATERLOO","6144239","2024-05-23 02:00","2024","05","23","02:00","","14.7","","10.6","","76","","0.0","","25","","9","","16.1","","97.31","","","","","","NA"
"-80.38","43.46","KITCHENER/WATERLOO","6144239","2024-05-23 03:00","2024","05","23","03:00","","14.4","","10.4","","77","","0.0","","26","","13","","16.1","","97.34","","","","","","NA"
"-80.38","43.46","KITCHENER/WATERLOO","6144239","2024-05-23 04:00","2024","05","23","04:00","","14.6","","9.9","","73","","0.0","","26","","17","","16.1","","97.39","","","","","","NA"
"-80.38","43.46","KITCHENER/WATERLOO","6144239","2024-05-23 05:00","2024","05","23","05:00","","14.1","","9.6","","74","","0.0","","27","","13","","16.1","","97.39","","","","","","NA"
"-80.38","43.46","KITCHENER/WATERLOO","6144239","2024-05-23 06:00","2024","05","23","06:00","","15.2","","9.7","","70","","0.0","","28","","15","","16.1","","97.49","","","","","","NA"
"-80.38","43.46","KITCHENER/WATERLOO","6144239","2024-05-23 07:00","2024","05","23","07:00","","17.0","","10.6","","66","","0.0","","28","","17","","16.1","","97.51","","","","","","NA"
"-80.38","43.46","KITCHENER/WATERLOO","6144239","2024-05-23 08:00","2024","05","23","08:00","","18.9","","8.9","","52","","0.0","","25","","18","","16.1","","97.58","","","","","","NA"
"-80.38","43.46","KITCHENER/WATERLOO","6144239","2024-05-23 09:00","2024","05","23","09:00","","20.3","","7.9","","44","","0.0","","26","","22","","16.1","","97.59","","","","","","NA"
"-80.38","43.46","KITCHENER/WATERLOO","6144239","2024-05-23 10:00","2024","05","23","10:00","","21.4","","8.8","","44","","0.0","","26","","18","","16.1","","97.56","","","","","","NA"
"-80.38","43.46","KITCHENER/WATERLOO","6144239","2024-05-23 11:00","2024","05","23","11:00","","22.5","","8.4","","40","","0.0","","24","","24","","16.1","","97.54","","","","","","NA"
"-80.38","43.46","KITCHENER/WATERLOO","6144239","2024-05-23 12:00","2024","05","23","12:00","","22.6","","7.8","","38","","0.0","","23","","17","","16.1","","97.48","","","","","","NA"
"-80.38","43.46","KITCHENER/WATERLOO","6144239","2024-05-23 13:00","2024","05","23","13:00","","23.0","","7.7","","37","","0.0","","23","","17","","16.1","","97.46","","","","","","NA"
"-80.38","43.46","KITCHENER/WATERLOO","6144239","2024-05-23 14:00","2024","05","23","14:00","","24.5","","8.2","","35","","0.0","","24","","32","","16.1","","97.42","","25","","","","NA"
"-80.38","43.46","KITCHENER/WATERLOO","6144239","2024-05-23 15:00","2024","05","23","15:00","","22.9","","10.2","","44","","0.0","","23","","22","","16.1","","97.38","","","","","","NA"
"-80.38","43.46","KITCHENER/WATERLOO","6144239","2024-05-23 16:00","2024","05","23","16:00","","23.3","","8.0","","37","","0.0","","25","","18","","16.1","","97.37","","","","","","NA"
"-80.38","43.46","KITCHENER/WATERLOO","6144239","2024-05-23 17:00","2024","05","23","17:00","","22.9","","7.1","","36","","0.0","","25","","32","","16.1","","97.36","","","","","","NA"
"-80.38","43.46","KITCHENER/WATERLOO","6144239","2024-05-23 18:00","2024","05","23","18:00","","22.8","","8.8","","40","","0.0","","29","","18","","16.1","","97.35","","","","","","NA"
"-80.38","43.46","KITCHENER/WATERLOO","6144239","2024-05-23 19:00","2024","05","23","19:00","","21.1","","7.8","","42","","0.0","","29","","22","","16.1","","97.36","","","","","","NA"
"-80.38","43.46","KITCHENER/WATERLOO","6144239","2024-05-23 20:00","2024","05","23","20:00","","18.2","","7.5","","49","","0.0","","30","","9","","16.1","","97.37","","","","","","NA"
"-80.38","43.46","KITCHENER/WATERLOO","6144239","2024-05-23 21:00","2024","05","23","21:00","","16.4","","7.8","","57","","0.0","","29","","9","","16.1","","97.43","","","","","","NA"
"-80.38","43.46","KITCHENER/WATERLOO","6144239","2024-05-23 22:00","2024","05","23","22:00","","14.1","","9.1","","72","","0.0","","27","","4","","16.1","","97.44","","","","","","NA"
"-80.38","43.46","KITCHENER/WATERLOO","6144239","2024-05-23 23:00","2024","05","23","23:00","","13.5","","8.4","","71","","0.0","","","","0","","16.1","","97.42","","","","","","NA"
"-80.38","43.46","KITCHENER/WATERLOO","6144239","2024-05-24 00:00","2024","05","24","00:00","","14.8","","7.4","","61","","0.0","","25","","4","","16.1","","97.42","","","","","","NA"
"-80.38","43.46","KITCHENER/WATERLOO","6144239","2024-05-24 01:00","2024","05","24","01:00","","14.2","","7.1","","62","","0.0","","26","","8","","16.1","","97.40","","","","","","NA"
"-80.38","43.46","KITCHENER/WATERLOO","6144239","2024-05-24 02:00","2024","05","24","02:00","","13.2","","7.3","","67","","0.0","","31","","11","","16.1","","97.39","","","","","","NA"
"-80.38","43.46","KITCHENER/WATERLOO","6144239","2024-05-24 03:00","2024","05","24","03:00","","12.1","","7.6","","74","","0.0","","30","","5","","16.1","","97.40","","","","","","NA"
"-80.38","43.46","KITCHENER/WATERLOO","6144239","2024-05-24 04:00","2024","05","24","04:00","","12.3","","7.9","","74","","0.0","","33","","8","","16.1","","97.41","","","","","","NA"
"-80.38","43.46","KITCHENER/WATERLOO","6144239","2024-05-24 05:00","2024","05","24","05:00","","12.0","","8.3","","78","","0.0","","31","","15","","16.1","","97.44","","","","","","NA"
"-80.38","43.46","KITCHENER/WATERLOO","6144239","2024-05-24 06:00","2024","05","24","06:00","","12.1","","7.2","","72","","0.0","","33","","15","","16.1","","97.48","","","","","","NA"
"-80.38","43.46","KITCHENER/WATERLOO","6144239","2024-05-24 07:00","2024","05","24","07:00","","13.8","","6.0","","59","","0.0","","32","","13","","16.1","","97.51","","","","","","NA"
"-80.38","43.46","KITCHENER/WATERLOO","6144239","2024-05-24 08:00","2024","05","24","08:00","","16.1","","6.9","","54","","0.0","","30","","11","","16.1","","97.49","","","","","","NA"
"-80.38","43.46","KITCHENER/WATERLOO","6144239","2024-05-24 09:00","2024","05","24","09:00","","18.1","","7.9","","51","","0.0","","27","","8","","16.1","","97.47","","","","","","NA"
"-80.38","43.46","KITCHENER/WATERLOO","6144239","2024-05-24 10:00","2024","05","24","10:00","","20.1","","9.2","","49","","0.0","","30","","11","","16.1","","97.47","","","","","","NA"
"-80.38","43.46","KITCHENER/WATERLOO","6144239","2024-05-24 11:00","2024","05","24","11:00","","21.7","","9.6","","46","","0.0","","28","","17","","16.1","","97.50","","","","","","NA"
"-80.38","43.46","KITCHENER/WATERLOO","6144239","2024-05-24 12:00","2024","05","24","12:00","","22.7","","9.7","","43","","0.0","","29","","22","","16.1","","97.48","","","","","","NA"
"-80.38","43.46","KITCHENER/WATERLOO","6144239","2024-05-24 13:00","2024","05","24","13:00","","23.8","","10.6","","43","","0.0","","27","","18","","16.1","","97.48","","25","","","","NA"
"-80.38","43.46","KITCHENER/WATERLOO","6144239","2024-05-24 14:00","2024","05","24","14:00","","24.0","","10.1","","41","","0.0","","30","","15","","16.1","","97.42","","25","","","","NA"
"-80.38","43.46","KITCHENER/WATERLOO","6144239","2024-05-24 15:00","2024","05","24","15:00","","24.2","","9.9","","40","","0.0","","30","","22","","16.1","","97.35","","25","","","","NA"
"-80.38","43.46","KITCHENER/WATERLOO","6144239","2024-05-24 16:00","2024","05","24","16:00","","23.2","","9.6","","42","","0.0","","30","","22","","16.1","","97.42","","","","","","NA"
"-80.38","43.46","KITCHENER/WATERLOO","6144239","2024-05-24 17:00","2024","05","24","17:00","","23.2","","11.0","","46","","0.0","","33","","13","","16.1","","97.39","","25","","","","NA"
"-80.38","43.46","KITCHENER/WATERLOO","6144239","2024-05-24 18:00","2024","05","24","18:00","","22.2","","9.7","","45","","0.0","","31","","15","","16.1","","97.37","","","","","","NA"
"-80.38","43.46","KITCHENER/WATERLOO","6144239","2024-05-24 19:00","2024","05","24","19:00","","20.2","","9.4","","49","","0.0","","32","","11","","16.1","","97.40","","","","","","NA"
"-80.38","43.46","KITCHENER/WATERLOO","6144239","2024-05-24 20:00","2024","05","24","20:00","","17.4","","10.2","","62","","0.0","","1","","5","","16.1","","97.37","","","","","","NA"
"-80.38","43.46","KITCHENER/WATERLOO","6144239","2024-05-24 21:00","2024","05","24","21:00","","13.7","","10.1","","78","","0.0","","6","","5","","16.1","","97.41","","","","","","NA"
"-80.38","43.46","KITCHENER/WATERLOO","6144239","2024-05-24 22:00","2024","05","24","22:00","","12.0","","9.1","","82","","0.0","","6","","8","","16.1","","97.36","","","","","","NA"
"-80.38","43.46","KITCHENER/WATERLOO","6144239","2024-05-24 23:00","2024","05","24","23:00","","13.6","","9.5","","76","","0.0","","7","","8","","16.1","","97.40","","","","","","NA"
"-80.38","43.46","KITCHENER/WATERLOO","6144239","2024-05-25 00:00","2024","05","25","00:00","","12.1","","9.7","","85","","0.0","","8","","8","","16.1","","97.40","","","","","","NA"
"-80.38","43.46","KITCHENER/WATERLOO","6144239","2024-05-25 01:00","2024","05","25","01:00","","10.9","","9.9","","94","","0.0","","","","0","","16.1","","97.41","","","","","","NA"
"-80.38","43.46","KITCHENER/WATERLOO","6144239","2024-05-25 02:00","2024","05","25","02:00","","10.2","","8.4","","89","","0.0","","6","","5","","16.1","","97.35","","","","","","NA"
"-80.38","43.46","KITCHENER/WATERLOO","6144239","2024-05-25 03:00","2024","05","25","03:00","","10.7","","9.4","","91","","0.0","","","M","4","","16.1","","97.34","","","","","","Rain"
"-80.38","43.46","KITCHENER/WATERLOO","6144239","2024-05-25 04:00","2024","05","25","04:00","","11.5","","8.9","","84","","0.0","","9","","17","","16.1","","97.18","","","","","","NA"
"-80.38","43.46","KITCHENER/WATERLOO","6144239","2024-05-25 05:00","2024","05","25","05:00","","12.1","","8.6","","79","","0.0","","8","","9","","16.1","","97.23","","","","","","NA"
"-80.38","43.46","KITCHENER/WATERLOO","6144239","2024-05-25 06:00","2024","05","25","06:00","","12.5","","8.9","","78","","0.0","","8","","8","","16.1","","97.25","","","","","","NA"
"-80.38","43.46","KITCHENER/WATERLOO","6144239","2024-05-25 07:00","2024","05","25","07:00","","13.6","","9.3","","75","","0.0","","9","","8","","16.1","","97.31","","","","","","NA"
"-80.38","43.46","KITCHENER/WATERLOO","6144239","2024-05-25 08:00","2024","05","25","08:00","","13.3","","11.8","","91","","0.2","","5","","5","","16.1","","97.32","","","","","","Rain"
"-80.38","43.46","KITCHENER/WATERLOO","6144239","2024-05-25 09:00","2024","05","25","09:00","","13.0","","12.3","","96","","1.0","","9","","8","","16.1","","97.35","","","","","","Rain"
"-80.38","43.46","KITCHENER/WATERLOO","6144239","2024-05-25 10:00","2024","05","25","10:00","","12.6","","12.6","","100","","4.8","","10","","15","","4.8","","97.29","","","","","","Moderate Rain,Fog"
"-80.38","43.46","KITCHENER/WATERLOO","6144239","2024-05-25 11:00","2024","05","25","11:00","","13.2","","13.2","","100","","5.0","","9","","15","","8.1","","97.20","","","","","","Rain,Fog"
"-80.38","43.46","KITCHENER/WATERLOO","6144239","2024-05-25 12:00","2024","05","25","12:00","","14.9","","14.9","","100","","0.2","","11","","13","","16.1","","97.17","","","","","","Rain"
"-80.38","43.46","KITCHENER/WATERLOO","6144239","2024-05-25 13:00","2024","05","25","13:00","","16.9","","15.8","","93","","0.2","","20","","8","","16.1","","97.17","","","","","","NA"
"-80.38","43.46","KITCHENER/WATERLOO","6144239","2024-05-25 14:00","2024","05","25","14:00","","17.8","","16.3","","91","","0.0","","16","","15","","16.1","","97.20","","","","","","NA"
"-80.38","43.46","KITCHENER/WATERLOO","6144239","2024-05-25 15:00","2024","05","25","15:00","","19.3","","16.5","","84","","0.0","","16","","11","","16.1","","97.22","","","","","","NA"
"-80.38","43.46","KITCHENER/WATERLOO","6144239","2024-05-25 16:00","2024","05","25","16:00","","18.7","","16.6","","88","","0.0","","14","","13","","12.9","","97.21","","","","","","NA"
"-80.38","43.46","KITCHENER/WATERLOO","6144239","2024-05-25 17:00","2024","05","25","17:00","","19.2","","16.7","","85","","0.0","","15","","15","","16.1","","97.19","","","","","","NA"
"-80.38","43.46","KITCHENER/WATERLOO","6144239","2024-05-25 18:00","2024","05","25","18:00","","18.8","","16.7","","87","","0.0","","18","","11","","16.1","","97.20","","","","","","NA"
"-80.38","43.46","KITCHENER/WATERLOO","6144239","2024-05-25 19:00","2024","05","25","19:00","","19.3","","16.9","","86","","0.0","","18","","9","","16.1","","97.24","","","","","","NA"
"-80.38","43.46","KITCHENER/WATERLOO","6144239","2024-05-25 20:00","2024","05","25","20:00","","17.7","","15.7","","88","","0.0","","22","","8","","16.1","","97.30","","","","","","NA"
"-80.38","43.46","KITCHENER/WATERLOO","6144239","2024-05-25 21:00","2024","05","25","21:00","","14.4","","14.4","","100","","0.0","","30","","8","","2.4","","97.36","","","","","","Fog"
"-80.38","43.46","KITCHENER/WATERLOO","6144239","2024-05-25 22:00","2024","05","25","22:00","","14.1","","13.9","","99","","0.0","","30","","9","","16.1","","97.43","","","","","","NA"
"-80.38","43.46","KITCHENER/WATERLOO","6144239","2024-05-25 23:00","2024","05","25","23:00","","13.4","","13.4","","100","","0.0","","33","","4","","11.3","","97.46","","","","","","NA"
"-80.38","43.46","KITCHENER/WATERLOO","6144239","2024-05-26 00:00","2024","05","26","00:00","","12.7","","12.7","","100","","0.0","","28","","5","","2.0","","97.49","","","","","","Fog"
"-80.38","43.46","KITCHENER/WATERLOO","6144239","2024-05-26 01:00","2024","05","26","01:00","","10.1","","10.1","","100","","0.0","","","","0","","0.2","","97.50","","","","","","Fog"
"-80.38","43.46","KITCHENER/WATERLOO","6144239","2024-05-26 02:00","2024","05","26","02:00","","9.1","","9.1","","100","","0.0","","","","0","","0.4","","97.53","","","","","","Fog"
"-80.38","43.46","KITCHENER/WATERLOO","6144239","2024-05-26 03:00","2024","05","26","03:00","","9.2","","9.2","","100","","0.0","","27","","4","","0.4","","97.55","","","","","","Fog"
"-80.38","43.46","KITCHENER/WATERLOO","6144239","2024-05-26 04:00","2024","05","26","04:00","","9.5","","9.5","","100","","0.0","","","M","4","","0.4","","97.55","","","","","","Fog"
"-80.38","43.46","KITCHENER/WATERLOO","6144239","2024-05-26 05:00","2024","05","26","05:00","","9.7","","9.7","","100","","0.0","","1","","5","","0.2","","97.59","","","","","","Fog"
"-80.38","43.46","KITCHENER/WATERLOO","6144239","2024-05-26 06:00","2024","05","26","06:00","","10.1","","10.1","","100","","0.2","","","M","4","","0.2","","97.65","","","","","","Fog"
"-80.38","43.46","KITCHENER/WATERLOO","6144239","2024-05-26 07:00","2024","05","26","07:00","","12.8","","12.8","","100","","0.0","","4","","5","","14.5","","97.60","","","","","","NA"
"-80.38","43.46","KITCHENER/WATERLOO","6144239","2024-05-26 08:00","2024","05","26","08:00","","15.5","","13.2","","86","","0.0","","3","","8","","16.1","","97.67","","","","","","NA"
"-80.38","43.46","KITCHENER/WATERLOO","6144239","2024-05-26 09:00","2024","05","26","09:00","","17.4","","12.6","","73","","0.0","","6","","8","","16.1","","97.67","","","","","","NA"
"-80.38","43.46","KITCHENER/WATERLOO","6144239","2024-05-26 10:00","2024","05","26","10:00","","18.8","","15.2","","79","","0.0","","6","","13","","16.1","","97.60","","","","","","NA"
"-80.38","43.46","KITCHENER/WATERLOO","6144239","2024-05-26 11:00","2024","05","26","11:00","","20.6","","12.7","","60","","0.0","","14","","8","","16.1","","97.59","","","","","","NA"
"-80.38","43.46","KITCHENER/WATERLOO","6144239","2024-05-26 12:00","2024","05","26","12:00","","21.6","","12.7","","56","","0.0","","12","","13","","16.1","","97.56","","","","","","Rain"
"-80.38","43.46","KITCHENER/WATERLOO","6144239","2024-05-26 13:00","2024","05","26","13:00","","22.5","","12.9","","54","","0.0","","10","","18","","16.1","","97.52","","25","","","","Rain"
"-80.38","43.46","KITCHENER/WATERLOO","6144239","2024-05-26 14:00","2024","05","26","14:00","","22.2","","13.7","","58","","0.0","","10","","18","","16.1","","97.42","","25","","","","NA"
"-80.38","43.46","KITCHENER/WATERLOO","6144239","2024-05-26 15:00","2024","05","26","15:00","","21.4","","12.7","","57","","0.0","","11","","21","","16.1","","97.36","","","","","","NA"
"-80.38","43.46","KITCHENER/WATERLOO","6144239","2024-05-26 16:00","2024","05","26","16:00","","21.2","","8.3","","43","","0.0","","9","","22","","16.1","","97.22","","","","","","NA"
"-80.38","43.46","KITCHENER/WATERLOO","6144239","2024-05-26 17:00","2024","05","26","17:00","","20.4","","9.5","","49","","0.0","","10","","21","","16.1","","97.22","","","","","","NA"
"-80.38","43.46","KITCHENER/WATERLOO","6144239","2024-05-26 18:00","2024","05","26","18:00","","18.7","","9.6","","55","","0.0","","9","","15","","16.1","","97.12","","","","","","NA"
"-80.38","43.46","KITCHENER/WATERLOO","6144239","2024-05-26 19:00","2024","05","26","19:00","","17.2","","11.8","","70","","0.0","","9","","24","","16.1","","97.01","","","","","","NA"
"-80.38","43.46","KITCHENER/WATERLOO","6144239","2024-05-26 20:00","2024","05","26","20:00","","16.6","","12.3","","76","","0.0","","8","","28","","16.1","","96.96","","","","","","NA"
"-80.38","43.46","KITCHENER/WATERLOO","6144239","2024-05-26 21:00","2024","05","26","21:00","","16.5","","11.7","","73","","0.0","","8","","30","","16.1","","96.81","","","","","","NA"
"-80.38","43.46","KITCHENER/WATERLOO","6144239","2024-05-26 22:00","2024","05","26","22:00","","16.9","","11.2","","69","","0.0","","7","","37","","16.1","","96.71","","","","","","NA"
"-80.38","43.46","KITCHENER/WATERLOO","6144239","2024-05-26 23:00","2024","05","26","23:00","","14.8","","13.9","","94","","6.3","","8","","24","","6.4","","96.66","","","","","","Rain,Fog"
"-80.38","43.46","KITCHENER/WATERLOO","6144239","2024-05-27 00:00","2024","05","27","00:00","","14.6","","14.5","","99","","4.5","","6","","30","","8.1","","96.40","","","","","","Rain,Fog"
"-80.38","43.46","KITCHENER/WATERLOO","6144239","2024-05-27 01:00","2024","05","27","01:00","","15.0","","15.0","","100","","5.0","","8","","30","","2.4","","96.30","","","","","","Rain,Fog"
"-80.38","43.46","KITCHENER/WATERLOO","6144239","2024-05-27 02:00","2024","05","27","02:00","","15.8","","15.8","","100","","1.0","","11","","17","","2.8","","96.14","","","","","","Rain,Fog"
"-80.38","43.46","KITCHENER/WATERLOO","6144239","2024-05-27 03:00","2024","05","27","03:00","","16.9","","16.9","","100","","0.8","","20","","28","","8.1","","96.11","","","","","","Fog"
"-80.38","43.46","KITCHENER/WATERLOO","6144239","2024-05-27 04:00","2024","05","27","04:00","","17.0","","16.4","","96","","0.0","","20","","22","","16.1","","96.19","","","","","","NA"
"-80.38","43.46","KITCHENER/WATERLOO","6144239","2024-05-27 05:00","2024","05","27","05:00","","16.7","","16.4","","98","","0.0","","21","","24","","16.1","","96.23","","","","","","NA"
"-80.38","43.46","KITCHENER/WATERLOO","6144239","2024-05-27 06:00","2024","05","27","06:00","","17.4","","17.2","","98","","0.0","","20","","22","","16.1","","96.23","","","","","","NA"
"-80.38","43.46","KITCHENER/WATERLOO","6144239","2024-05-27 07:00","2024","05","27","07:00","","17.5","","17.3","","99","","0.0","","19","","21","","12.9","","96.23","","","","","","Rain"
"-80.38","43.46","KITCHENER/WATERLOO","6144239","2024-05-27 08:00","2024","05","27","08:00","","17.5","","17.5","","100","","3.0","","17","","11","","9.7","","96.11","","","","","","Rain,Fog"
"-80.38","43.46","KITCHENER/WATERLOO","6144239","2024-05-27 09:00","2024","05","27","09:00","","17.5","","17.5","","100","","6.3","","18","","15","","9.7","","96.12","","","","","","Rain,Fog"
"-80.38","43.46","KITCHENER/WATERLOO","6144239","2024-05-27 10:00","2024","05","27","10:00","","17.5","","17.5","","100","","2.8","","20","","15","","3.2","","96.11","","","","","","Rain,Fog"
"-80.38","43.46","KITCHENER/WATERLOO","6144239","2024-05-27 11:00","2024","05","27","11:00","","18.3","","18.1","","99","","0.5","","20","","11","","16.1","","96.09","","","","","","Rain"
"-80.38","43.46","KITCHENER/WATERLOO","6144239","2024-05-27 12:00","2024","05","27","12:00","","20.5","","18.2","","86","","0.0","","21","","28","","16.1","","96.14","","27","","","","NA"
"-80.38","43.46","KITCHENER/WATERLOO","6144239","2024-05-27 13:00","2024","05","27","13:00","","22.0","","17.1","","74","","0.0","","24","","30","","16.1","","96.16","","27","","","","Rain"
"-80.38","43.46","KITCHENER/WATERLOO","6144239","2024-05-27 14:00","2024","05","27","14:00","","20.2","","17.7","","85","","0.2","","21","","24","","16.1","","96.13","","26","","","","Rain"
"-80.38","43.46","KITCHENER/WATERLOO","6144239","2024-05-27 15:00","2024","05","27","15:00","","22.1","","18.7","","81","","0.2","","21","","18","","16.1","","96.06","","29","","","","Rain"
"-80.38","43.46","KITCHENER/WATERLOO","6144239","2024-05-27 16:00","2024","05","27","16:00","","20.5","","16.5","","77","","0.0","","28","","26","","16.1","","96.09","","25","","","","NA"
"-80.38","43.46","KITCHENER/WATERLOO","6144239","2024-05-27 17:00","2024","05","27","17:00","","18.6","","13.9","","74","","0.0","","24","","45","","16.1","","96.23","","","","","","NA"
"-80.38","43.46","KITCHENER/WATERLOO","6144239","2024-05-27 18:00","2024","05","27","18:00","","17.4","","13.8","","79","","0.0","","23","","34","","16.1","","96.31","","","","","","NA"
"-80.38","43.46","KITCHENER/WATERLOO","6144239","2024-05-27 19:00","2024","05","27","19:00","","15.3","","14.9","","97","","0.2","","24","","18","","8.1","","96.40","","","","","","Rain,Fog"
"-80.38","43.46","KITCHENER/WATERLOO","6144239","2024-05-27 20:00","2024","05","27","20:00","","15.0","","14.9","","99","","0.8","","25","","26","","4.8","","96.44","","","","","","Rain,Fog"
"-80.38","43.46","KITCHENER/WATERLOO","6144239","2024-05-27 21:00","2024","05","27","21:00","","14.8","","14.3","","97","","0.0","","25","","17","","16.1","","96.55","","","","","","NA"
"-80.38","43.46","KITCHENER/WATERLOO","6144239","2024-05-27 22:00","2024","05","27","22:00","","14.4","","14.1","","98","","0.0","","24","","18","","14.5","","96.61","","","","","","NA"
"-80.38","43.46","KITCHENER/WATERLOO","6144239","2024-05-27 23:00","2024","05","27","23:00","","14.3","","14.3","","100","","0.0","","24","","17","","6.4","","96.62","","","","","","Rain,Fog"
"-80.38","43.46","KITCHENER/WATERLOO","6144239","2024-05-28 00:00","2024","05","28","00:00","","13.8","","13.8","","100","","0.5","","29","","15","","16.1","","96.65","","","","","","NA"
"-80.38","43.46","KITCHENER/WATERLOO","6144239","2024-05-28 01:00","2024","05","28","01:00","","13.5","","13.4","","99","","0.0","","30","","13","","16.1","","96.69","","","","","","NA"
"-80.38","43.46","KITCHENER/WATERLOO","6144239","2024-05-28 02:00","2024","05","28","02:00","","13.6","","13.3","","98","","0.0","","29","","15","","16.1","","96.71","","","","","","NA"
"-80.38","43.46","KITCHENER/WATERLOO","6144239","2024-05-28 03:00","2024","05","28","03:00","","13.4","","13.3","","99","","0.0","","29","","18","","14.5","","96.75","","","","","","NA"
"-80.38","43.46","KITCHENER/WATERLOO","6144239","2024-05-28 04:00","2024","05","28","04:00","","13.4","","13.3","","99","","0.0","","28","","15","","16.1","","96.79","","","","","","NA"
"-80.38","43.46","KITCHENER/WATERLOO","6144239","2024-05-28 05:00","2024","05","28","05:00","","13.2","","12.7","","97","","0.0","","29","","13","","16.1","","96.86","","","","","","NA"
"-80.38","43.46","KITCHENER/WATERLOO","6144239","2024-05-28 06:00","2024","05","28","06:00","","13.3","","12.7","","96","","0.0","","29","","15","","16.1","","96.94","","","","","","NA"
"-80.38","43.46","KITCHENER/WATERLOO","6144239","2024-05-28 07:00","2024","05","28","07:00","","14.0","","12.8","","92","","0.0","","28","","17","","16.1","","96.98","","","","","","NA"
"-80.38","43.46","KITCHENER/WATERLOO","6144239","2024-05-28 08:00","2024","05","28","08:00","","13.6","","12.8","","95","","0.0","","30","","22","","16.1","","97.05","","","","","","NA"
"-80.38","43.46","KITCHENER/WATERLOO","6144239","2024-05-28 09:00","2024","05","28","09:00","","13.8","","12.7","","93","","0.0","","28","","21","","16.1","","97.10","","","","","","Rain"
"-80.38","43.46","KITCHENER/WATERLOO","6144239","2024-05-28 10:00","2024","05","28","10:00","","14.0","","12.6","","91","","0.0","","28","","18","","16.1","","97.15","","","","","","NA"
"-80.38","43.46","KITCHENER/WATERLOO","6144239","2024-05-28 11:00","2024","05","28","11:00","","13.9","","12.6","","92","","0.0","","29","","22","","16.1","","97.20","","","","","","Rain"
"-80.38","43.46","KITCHENER/WATERLOO","6144239","2024-05-28 12:00","2024","05","28","12:00","","14.3","","13.4","","94","","0.2","","27","","17","","16.1","","97.23","","","","","","Rain"
"-80.38","43.46","KITCHENER/WATERLOO","6144239","2024-05-28 13:00","2024","05","28","13:00","","15.5","","13.3","","86","","0.0","","29","","22","","16.1","","97.25","","","","","","NA"
"-80.38","43.46","KITCHENER/WATERLOO","6144239","2024-05-28 14:00","2024","05","28","14:00","","16.9","","12.8","","76","","0.0","","28","","24","","16.1","","97.26","","","","","","NA"
"-80.38","43.46","KITCHENER/WATERLOO","6144239","2024-05-28 15:00","2024","05","28","15:00","","18.0","","13.2","","73","","0.0","","28","","18","","16.1","","97.30","","","","","","NA"
"-80.38","43.46","KITCHENER/WATERLOO","6144239","2024-05-28 16:00","2024","05","28","16:00","","18.5","","12.5","","68","","0.0","","31","","18","","16.1","","97.28","","","","","","NA"
"-80.38","43.46","KITCHENER/WATERLOO","6144239","2024-05-28 17:00","2024","05","28","17:00","","18.2","","12.1","","67","","0.0","","31","","17","","16.1","","97.31","","","","","","Thunderstorms"
"-80.38","43.46","KITCHENER/WATERLOO","6144239","2024-05-28 18:00","2024","05","28","18:00","","17.4","","13.5","","78","","1.2","","29","","8","","16.1","","97.36","","","","","","Thunderstorms,Rain"
"-80.38","43.46","KITCHENER/WATERLOO","6144239","2024-05-28 19:00","2024","05","28","19:00","","16.7","","12.9","","78","","0.0","","31","","11","","16.1","","97.43","","","","","","NA"
"-80.38","43.46","KITCHENER/WATERLOO","6144239","2024-05-28 20:00","2024","05","28","20:00","","15.2","","12.4","","83","","0.0","","30","","11","","16.1","","97.46","","","","","","NA"
"-80.38","43.46","KITCHENER/WATERLOO","6144239","2024-05-28 21:00","2024","05","28","21:00","","14.8","","12.6","","87","","0.0","","30","","9","","16.1","","97.54","","","","","","NA"
"-80.38","43.46","KITCHENER/WATERLOO","6144239","2024-05-28 22:00","2024","05","28","22:00","","13.9","","12.4","","90","","0.0","","35","","4","","16.1","","97.57","","","","","","NA"
"-80.38","43.46","KITCHENER/WATERLOO","6144239","2024-05-28 23:00","2024","05","28","23:00","","12.5","","12.4","","99","","0.0","","14","","9","","16.1","","97.59","","","","","","NA"
"-80.38","43.46","KITCHENER/WATERLOO","6144239","2024-05-29 00:00","2024","05","29","00:00","","12.1","","12.1","","100","","0.0","","21","","4","","16.1","","97.58","","","","","","NA"
"-80.38","43.46","KITCHENER/WATERLOO","6144239","2024-05-29 01:00","2024","05","29","01:00","","11.6","","11.6","","100","","0.0","","28","","4","","4.8","","97.57","","","","","","Fog"
"-80.38","43.46","KITCHENER/WATERLOO","6144239","2024-05-29 02:00","2024","05","29","02:00","","12.2","","12.2","","100","","0.0","","22","","8","","16.1","","97.58","","","","","","NA"
"-80.38","43.46","KITCHENER/WATERLOO","6144239","2024-05-29 03:00","2024","05","29","03:00","","12.0","","12.0","","100","","0.0","","34","","4","","16.1","","97.59","","","","","","NA"
"-80.38","43.46","KITCHENER/WATERLOO","6144239","2024-05-29 04:00","2024","05","29","04:00","","12.2","","12.2","","100","","0.0","","34","","8","","16.1","","97.62","","","","","","NA"
"-80.38","43.46","KITCHENER/WATERLOO","6144239","2024-05-29 05:00","2024","05","29","05:00","","11.9","","11.9","","100","","0.0","","34","","8","","16.1","","97.67","","","","","","NA"
"-80.38","43.46","KITCHENER/WATERLOO","6144239","2024-05-29 06:00","2024","05","29","06:00","","12.1","","11.3","","95","","0.0","","2","","8","","16.1","","97.72","","","","","","NA"
"-80.38","43.46","KITCHENER/WATERLOO","6144239","2024-05-29 07:00","2024","05","29","07:00","","13.9","","11.7","","87","","0.0","","5","","17","","16.1","","97.78","","","","","","NA"
"-80.38","43.46","KITCHENER/WATERLOO","6144239","2024-05-29 08:00","2024","05","29","08:00","","14.5","","11.7","","83","","0.0","","5","","11","","16.1","","97.82","","","","","","NA"
"-80.38","43.46","KITCHENER/WATERLOO","6144239","2024-05-29 09:00","2024","05","29","09:00","","15.5","","10.8","","73","","0.0","","2","","8","","16.1","","97.85","","","","","","NA"
"-80.38","43.46","KITCHENER/WATERLOO","6144239","2024-05-29 10:00","2024","05","29","10:00","","16.2","","11.7","","74","","0.0","","1","","9","","16.1","","97.88","","","","","","NA"
"-80.38","43.46","KITCHENER/WATERLOO","6144239","2024-05-29 11:00","2024","05","29","11:00","","16.6","","12.1","","75","","0.0","","3","","8","","16.1","","97.90","","","","","","NA"
"-80.38","43.46","KITCHENER/WATERLOO","6144239","2024-05-29 12:00","2024","05","29","12:00","","17.8","","12.3","","70","","0.0","","35","","17","","16.1","","97.88","","","","","","NA"
"-80.38","43.46","KITCHENER/WATERLOO","6144239","2024-05-29 13:00","2024","05","29","13:00","","18.5","","10.2","","58","","0.0","","34","","18","","16.1","","97.83","","","","","","NA"
"-80.38","43.46","KITCHENER/WATERLOO","6144239","2024-05-29 14:00","2024","05","29","14:00","","18.7","","7.8","","49","","0.0","","35","","24","","16.1","","97.85","","","","","","NA"
"-80.38","43.46","KITCHENER/WATERLOO","6144239","2024-05-29 15:00","2024","05","29","15:00","","18.6","","6.5","","45","","0.0","","34","","21","","16.1","","97.84","","","","","","NA"
"-80.38","43.46","KITCHENER/WATERLOO","6144239","2024-05-29 16:00","2024","05","29","16:00","","18.4","","3.3","","36","","0.0","","35","","18","","16.1","","97.88","","","","","","NA"
"-80.38","43.46","KITCHENER/WATERLOO","6144239","2024-05-29 17:00","2024","05","29","17:00","","17.1","","1.3","","34","","0.0","","35","","22","","16.1","","97.91","","","","","","NA"
"-80.38","43.46","KITCHENER/WATERLOO","6144239","2024-05-29 18:00","2024","05","29","18:00","","16.0","","-0.5","","32","","0.0","","35","","18","","16.1","","97.94","","","","","","NA"
"-80.38","43.46","KITCHENER/WATERLOO","6144239","2024-05-29 19:00","2024","05","29","19:00","","14.0","","-2.2","","32","","0.0","","35","","13","","16.1","","97.99","","","","","","NA"
"-80.38","43.46","KITCHENER/WATERLOO","6144239","2024-05-29 20:00","2024","05","29","20:00","","11.1","","0.3","","47","","0.0","","34","","11","","16.1","","98.02","","","","","","NA"
"-80.38","43.46","KITCHENER/WATERLOO","6144239","2024-05-29 21:00","2024","05","29","21:00","","9.6","","1.6","","57","","0.0","","34","","13","","16.1","","98.08","","","","","","NA"
"-80.38","43.46","KITCHENER/WATERLOO","6144239","2024-05-29 22:00","2024","05","29","22:00","","8.1","","2.2","","66","","0.0","","32","","11","","16.1","","98.08","","","","","","NA"
"-80.38","43.46","KITCHENER/WATERLOO","6144239","2024-05-29 23:00","2024","05","29","23:00","","7.2","","2.3","","71","","0.0","","32","","11","","16.1","","98.10","","","","","","NA"
"-80.38","43.46","KITCHENER/WATERLOO","6144239","2024-05-30 00:00","2024","05","30","00:00","","6.5","","3.3","","80","","0.0","","32","","11","","16.1","","98.14","","","","","","NA"
"-80.38","43.46","KITCHENER/WATERLOO","6144239","2024-05-30 01:00","2024","05","30","01:00","","6.7","","3.2","","78","","0.0","","32","","5","","16.1","","98.15","","","","","","NA"
"-80.38","43.46","KITCHENER/WATERLOO","6144239","2024-05-30 02:00","2024","05","30","02:00","","5.5","","2.5","","81","","0.0","","30","","5","","16.1","","98.18","","","","","","NA"
"-80.38","43.46","KITCHENER/WATERLOO","6144239","2024-05-30 03:00","2024","05","30","03:00","","2.9","","2.2","","95","","0.0","","33","","5","","16.1","","98.22","","","","","","NA"
"-80.38","43.46","KITCHENER/WATERLOO","6144239","2024-05-30 04:00","2024","05","30","04:00","","3.8","","2.2","","89","","0.0","","32","","8","","16.1","","98.27","","","","","","NA"
"-80.38","43.46","KITCHENER/WATERLOO","6144239","2024-05-30 05:00","2024","05","30","05:00","","3.1","","2.7","","97","","0.0","","32","","4","","16.1","","98.33","","","","","","NA"
"-80.38","43.46","KITCHENER/WATERLOO","6144239","2024-05-30 06:00","2024","05","30","06:00","","6.1","","4.5","","89","","0.0","","32","","5","","16.1","","98.38","","","","","","NA"
"-80.38","43.46","KITCHENER/WATERLOO","6144239","2024-05-30 07:00","2024","05","30","07:00","","10.3","","4.5","","67","","0.0","","35","","8","","16.1","","98.40","","","","","","NA"
"-80.38","43.46","KITCHENER/WATERLOO","6144239","2024-05-30 08:00","2024","05","30","08:00","","12.9","","2.5","","49","","0.0","","36","","11","","16.1","","98.43","","","","","","NA"
"-80.38","43.46","KITCHENER/WATERLOO","6144239","2024-05-30 09:00","2024","05","30","09:00","","14.4","","1.4","","41","","0.0","","34","","21","","16.1","","98.42","","","","","","NA"
"-80.38","43.46","KITCHENER/WATERLOO","6144239","2024-05-30 10:00","2024","05","30","10:00","","15.0","","0.1","","36","","0.0","","1","","21","","16.1","","98.40","","","","","","NA"
"-80.38","43.46","KITCHENER/WATERLOO","6144239","2024-05-30 11:00","2024","05","30","11:00","","15.5","","0.9","","37","","0.0","","1","","21","","16.1","","98.38","","","","","","NA"
"-80.38","43.46","KITCHENER/WATERLOO","6144239","2024-05-30 12:00","2024","05","30","12:00","","17.0","","2.2","","37","","0.0","","36","","21","","16.1","","98.34","","","","","","NA"
"-80.38","43.46","KITCHENER/WATERLOO","6144239","2024-05-30 13:00","2024","05","30","13:00","","17.0","","1.7","","35","","0.0","","36","","17","","16.1","","98.31","","","","","","NA"
"-80.38","43.46","KITCHENER/WATERLOO","6144239","2024-05-30 14:00","2024","05","30","14:00","","17.8","","2.4","","35","","0.0","","1","","15","","16.1","","98.29","","","","","","NA"
"-80.38","43.46","KITCHENER/WATERLOO","6144239","2024-05-30 15:00","2024","05","30","15:00","","17.9","","1.6","","33","","0.0","","29","","13","","16.1","","98.28","","","","","","NA"
"-80.38","43.46","KITCHENER/WATERLOO","6144239","2024-05-30 16:00","2024","05","30","16:00","","18.4","","1.7","","32","","0.0","","35","","22","","16.1","","98.29","","","","","","NA"
"-80.38","43.46","KITCHENER/WATERLOO","6144239","2024-05-30 17:00","2024","05","30","17:00","","18.2","","3.8","","38","","0.0","","31","","17","","16.1","","98.30","","","","","","NA"
"-80.38","43.46","KITCHENER/WATERLOO","6144239","2024-05-30 18:00","2024","05","30","18:00","","17.3","","0.6","","32","","0.0","","36","","18","","16.1","","98.31","","","","","","NA"
"-80.38","43.46","KITCHENER/WATERLOO","6144239","2024-05-30 19:00","2024","05","30","19:00","","15.6","","0.9","","37","","0.0","","33","","13","","16.1","","98.34","","","","","","NA"
"-80.38","43.46","KITCHENER/WATERLOO","6144239","2024-05-30 20:00","2024","05","30","20:00","","12.9","","1.0","","44","","0.0","","35","","8","","16.1","","98.35","","","","","","NA"
"-80.38","43.46","KITCHENER/WATERLOO","6144239","2024-05-30 21:00","2024","05","30","21:00","","10.9","","3.0","","58","","0.0","","33","","11","","16.1","","98.40","","","","","","NA"
"-80.38","43.46","KITCHENER/WATERLOO","6144239","2024-05-30 22:00","2024","05","30","22:00","","10.0","","2.9","","61","","0.0","","35","","9","","16.1","","98.42","","","","","","NA"
"-80.38","43.46","KITCHENER/WATERLOO","6144239","2024-05-30 23:00","2024","05","30","23:00","","8.0","","3.6","","73","","0.0","","28","","5","","16.1","","98.46","","","","","","NA"
"-80.38","43.46","KITCHENER/WATERLOO","6144239","2024-05-31 00:00","2024","05","31","00:00","","6.2","","4.3","","87","","0.0","","32","","5","","16.1","","98.48","","","","","","NA"
"-80.38","43.46","KITCHENER/WATERLOO","6144239","2024-05-31 01:00","2024","05","31","01:00","","4.8","","4.4","","97","","0.0","","31","","5","","16.1","","98.46","","","","","","NA"
"-80.38","43.46","KITCHENER/WATERLOO","6144239","2024-05-31 02:00","2024","05","31","02:00","","4.9","","4.0","","94","","0.0","","33","","4","","16.1","","98.45","","","","","","NA"
"-80.38","43.46","KITCHENER/WATERLOO","6144239","2024-05-31 03:00","2024","05","31","03:00","","4.2","","4.1","","99","","0.0","","29","","4","","16.1","","98.46","","","","","","NA"
"-80.38","43.46","KITCHENER/WATERLOO","6144239","2024-05-31 04:00","2024","05","31","04:00","","3.5","","2.6","","94","","0.0","","30","","5","","16.1","","98.55","","","","","","NA"
"-80.38","43.46","KITCHENER/WATERLOO","6144239","2024-05-31 05:00","2024","05","31","05:00","","3.8","","2.0","","88","","0.0","","32","","5","","16.1","","98.65","","","","","","NA"
"-80.38","43.46","KITCHENER/WATERLOO","6144239","2024-05-31 06:00","2024","05","31","06:00","","6.7","","4.4","","85","","0.0","","30","","5","","16.1","","98.70","","","","","","NA"
"-80.38","43.46","KITCHENER/WATERLOO","6144239","2024-05-31 07:00","2024","05","31","07:00","","10.4","","4.5","","67","","0.0","","28","","4","","16.1","","98.80","","","","","","NA"
"-80.38","43.46","KITCHENER/WATERLOO","6144239","2024-05-31 08:00","2024","05","31","08:00","","13.5","","5.9","","60","","0.0","","","M","4","","16.1","","98.82","","","","","","NA"
"-80.38","43.46","KITCHENER/WATERLOO","6144239","2024-05-31 09:00","2024","05","31","09:00","","16.9","","3.4","","40","","0.0","","","M","4","","16.1","","98.80","","","","","","NA"
"-80.38","43.46","KITCHENER/WATERLOO","6144239","2024-05-31 10:00","2024","05","31","10:00","","17.8","","2.3","","35","","0.0","","","M","5","","16.1","","98.76","","","","","","NA"
"-80.38","43.46","KITCHENER/WATERLOO","6144239","2024-05-31 11:00","2024","05","31","11:00","","19.0","","3.1","","34","","0.0","","36","","8","","16.1","","98.69","","","","","","NA"
"-80.38","43.46","KITCHENER/WATERLOO","6144239","2024-05-31 12:00","2024","05","31","12:00","","20.5","","4.8","","35","","0.0","","18","","9","","16.1","","98.66","","","","","","NA"
"-80.38","43.46","KITCHENER/WATERLOO","6144239","2024-05-31 13:00","2024","05","31","13:00","","20.9","","3.3","","31","","0.0","","19","","5","","16.1","","98.60","","","","","","NA"
"-80.38","43.46","KITCHENER/WATERLOO","6144239","2024-05-31 14:00","2024","05","31","14:00","","22.0","","3.4","","29","","0.0","","18","","11","","16.1","","98.56","","","","","","NA"
"-80.38","43.46","KITCHENER/WATERLOO","6144239","2024-05-31 15:00","2024","05","31","15:00","","22.4","","4.9","","32","","0.0","","28","","5","","16.1","","98.55","","","","","","NA"
"-80.38","43.46","KITCHENER/WATERLOO","6144239","2024-05-31 16:00","2024","05","31","16:00","","22.3","","5.2","","33","","0.0","","31","","15","","16.1","","98.53","","","","","","NA"
"-80.38","43.46","KITCHENER/WATERLOO","6144239","2024-05-31 17:00","2024","05","31","17:00","","22.4","","6.0","","34","","0.0","","26","","13","","16.1","","98.48","","","","","","NA"
"-80.38","43.46","KITCHENER/WATERLOO","6144239","2024-05-31 18:00","2024","05","31","18:00","","21.5","","6.8","","38","","0.0","","28","","11","","16.1","","98.46","","","","","","NA"
"-80.38","43.46","KITCHENER/WATERLOO","6144239","2024-05-31 19:00","2024","05","31","19:00","","19.2","","5.7","","41","","0.0","","32","","8","","16.1","","98.39","","","","","","NA"
"-80.38","43.46","KITCHENER/WATERLOO","6144239","2024-05-31 20:00","2024","05","31","20:00","","16.3","","6.0","","50","","0.0","","","M","4","","16.1","","98.40","","","","","","NA"
"-80.38","43.46","KITCHENER/WATERLOO","6144239","2024-05-31 21:00","2024","05","31","21:00","","11.9","","7.5","","74","","0.0","","28","","4","","16.1","","98.47","","","","","","NA"
"-80.38","43.46","KITCHENER/WATERLOO","6144239","2024-05-31 22:00","2024","05","31","22:00","","12.4","","6.4","","67","","0.0","","25","","13","","16.1","","98.51","","","","","","NA"
"-80.38","43.46","KITCHENER/WATERLOO","6144239","2024-05-31 23:00","2024","05","31","23:00","","12.8","","8.1","","73","","0.0","","25","","13","","16.1","","98.53","","","","","","NA"
