"Longitude (x)","Latitude (y)","Station Name","Climate ID","Date/Time (LST)","Year","Month","Day","Time (LST)","Flag","Temp (°C)","Temp Flag","Dew Point Temp (°C)","Dew Point Temp Flag","Rel Hum (%)","Rel Hum Flag","Precip. Amount (mm)","Precip. Amount Flag","Wind Dir (10s deg)","Wind Dir Flag","Wind Spd (km/h)","Wind Spd Flag","Visibility (km)","Visibility Flag","Stn Press (kPa)","Stn Press Flag","Hmdx","Hmdx Flag","Wind Chill","Wind Chill Flag","Weather"
"-80.38","43.46","KITCHENER/WATERLOO","6144239","2025-04-01 00:00","2025","04","01","00:00","","-0.7","","-5.0","","73","","0.0","","32","","22","","16.1","","97.55","","","","-6","","NA"
"-80.38","43.46","KITCHENER/WATERLOO","6144239","2025-04-01 01:00","2025","04","01","01:00","","-0.8","","-5.1","","73","","0.0","","31","","18","","16.1","","97.64","","","","-6","","NA"
"-80.38","43.46","KITCHENER/WATERLOO","6144239","2025-04-01 02:00","2025","04","01","02:00","","-1.1","","-4.8","","76","","0.0","","31","","17","","16.1","","97.71","","","","-6","","NA"
"-80.38","43.46","KITCHENER/WATERLOO","6144239","2025-04-01 03:00","2025","04","01","03:00","","-1.2","","-4.4","","79","","0.0","","30","","13","","16.1","","97.77","","","","-5","","NA"
"-80.38","43.46","KITCHENER/WATERLOO","6144239","2025-04-01 04:00","2025","04","01","04:00","","-1.8","","-4.3","","83","","0.0","","29","","13","","16.1","","97.84","","","","-6","","NA"
"-80.38","43.46","KITCHENER/WATERLOO","6144239","2025-04-01 05:00","2025","04","01","05:00","","-1.5","","-4.9","","78","","0.0","","30","","13","","16.1","","97.91","","","","-6","","NA"
"-80.38","43.46","KITCHENER/WATERLOO","6144239","2025-04-01 06:00","2025","04","01","06:00","","-2.6","","-5.4","","81","","0.0","","31","","11","","16.1","","98.01","","","","-7","","NA"
"-80.38","43.46","KITCHENER/WATERLOO","6144239","2025-04-01 07:00","2025","04","01","07:00","","-2.9","","-5.4","","83","","0.0","","30","","9","","16.1","","98.11","","","","-6","","NA"
"-80.38","43.46","KITCHENER/WATERLOO","6144239","2025-04-01 08:00","2025","04","01","08:00","","-0.8","","-5.4","","71","","0.0","","34","","17","","16.1","","98.17","","","","-6","","NA"
"-80.38","43.46","KITCHENER/WATERLOO","6144239","2025-04-01 09:00","2025","04","01","09:00","","0.3","","-7.1","","58","","0.0","","31","","17","","16.1","","98.29","","","","","","NA"
"-80.38","43.46","KITCHENER/WATERLOO","6144239","2025-04-01 10:00","2025","04","01","10:00","","0.7","","-8.0","","52","","0.0","","31","","15","","16.1","","98.37","","","","","","NA"
"-80.38","43.46","KITCHENER/WATERLOO","6144239","2025-04-01 11:00","2025","04","01","11:00","","0.6","","-9.4","","47","","0.0","","1","","15","","16.1","","98.40","","","","","","NA"
"-80.38","43.46","KITCHENER/WATERLOO","6144239","2025-04-01 12:00","2025","04","01","12:00","","0.9","","-9.5","","46","","0.0","","2","","5","","16.1","","98.46","","","","","","NA"
"-80.38","43.46","KITCHENER/WATERLOO","6144239","2025-04-01 13:00","2025","04","01","13:00","","3.2","","-9.1","","40","","0.0","","35","","21","","16.1","","98.50","","","","","","NA"
"-80.38","43.46","KITCHENER/WATERLOO","6144239","2025-04-01 14:00","2025","04","01","14:00","","3.0","","-9.6","","39","","0.0","","35","","21","","16.1","","98.51","","","","","","NA"
"-80.38","43.46","KITCHENER/WATERLOO","6144239","2025-04-01 15:00","2025","04","01","15:00","","2.6","","-9.2","","42","","0.0","","35","","15","","16.1","","98.53","","","","","","NA"
"-80.38","43.46","KITCHENER/WATERLOO","6144239","2025-04-01 16:00","2025","04","01","16:00","","2.5","","-13.3","","30","","0.0","","35","","11","","16.1","","98.50","","","","","","NA"
"-80.38","43.46","KITCHENER/WATERLOO","6144239","2025-04-01 17:00","2025","04","01","17:00","","2.6","","-12.5","","32","","0.0","","2","","9","","16.1","","98.49","","","","","","NA"
"-80.38","43.46","KITCHENER/WATERLOO","6144239","2025-04-01 18:00","2025","04","01","18:00","","1.3","","-13.7","","32","","0.0","","2","","15","","16.1","","98.57","","","","","","NA"
"-80.38","43.46","KITCHENER/WATERLOO","6144239","2025-04-01 19:00","2025","04","01","19:00","","-0.3","","-12.7","","39","","0.0","","5","","11","","16.1","","98.63","","","","-4","","NA"
"-80.38","43.46","KITCHENER/WATERLOO","6144239","2025-04-01 20:00","2025","04","01","20:00","","-1.5","","-10.4","","51","","0.0","","5","","11","","16.1","","98.77","","","","-5","","NA"
"-80.38","43.46","KITCHENER/WATERLOO","6144239","2025-04-01 21:00","2025","04","01","21:00","","-1.9","","-9.1","","58","","0.0","","6","","13","","16.1","","98.84","","","","-6","","NA"
"-80.38","43.46","KITCHENER/WATERLOO","6144239","2025-04-01 22:00","2025","04","01","22:00","","-1.9","","-8.9","","59","","0.0","","7","","18","","16.1","","98.78","","","","-7","","NA"
"-80.38","43.46","KITCHENER/WATERLOO","6144239","2025-04-01 23:00","2025","04","01","23:00","","-1.8","","-10.1","","54","","0.0","","7","","17","","16.1","","98.78","","","","-7","","NA"
"-80.38","43.46","KITCHENER/WATERLOO","6144239","2025-04-02 00:00","2025","04","02","00:00","","-2.0","","-10.6","","52","","0.0","","8","","17","","16.1","","98.77","","","","-7","","NA"
"-80.38","43.46","KITCHENER/WATERLOO","6144239","2025-04-02 01:00","2025","04","02","01:00","","-1.9","","-10.4","","52","","0.0","","7","","21","","16.1","","98.76","","","","-8","","NA"
"-80.38","43.46","KITCHENER/WATERLOO","6144239","2025-04-02 02:00","2025","04","02","02:00","","-1.8","","-9.2","","57","","0.0","","8","","21","","16.1","","98.75","","","","-8","","NA"
"-80.38","43.46","KITCHENER/WATERLOO","6144239","2025-04-02 03:00","2025","04","02","03:00","","-1.1","","-8.4","","58","","0.0","","10","","30","","16.1","","98.74","","","","-8","","NA"
"-80.38","43.46","KITCHENER/WATERLOO","6144239","2025-04-02 04:00","2025","04","02","04:00","","-1.3","","-7.9","","61","","0.0","","9","","35","","16.1","","98.70","","","","-9","","NA"
"-80.38","43.46","KITCHENER/WATERLOO","6144239","2025-04-02 05:00","2025","04","02","05:00","","-1.4","","-6.4","","69","","0.0","","10","","30","","16.1","","98.78","","","","-8","","NA"
"-80.38","43.46","KITCHENER/WATERLOO","6144239","2025-04-02 06:00","2025","04","02","06:00","","-1.6","","-6.6","","69","","0.0","","9","","35","","16.1","","98.67","","","","-9","","NA"
"-80.38","43.46","KITCHENER/WATERLOO","6144239","2025-04-02 07:00","2025","04","02","07:00","","-1.5","","-7.3","","65","","0.0","","9","","34","","16.1","","98.60","","","","-9","","NA"
"-80.38","43.46","KITCHENER/WATERLOO","6144239","2025-04-02 08:00","2025","04","02","08:00","","-1.4","","-7.8","","62","","0.0","","9","","45","","16.1","","98.46","","","","-10","","NA"
"-80.38","43.46","KITCHENER/WATERLOO","6144239","2025-04-02 09:00","2025","04","02","09:00","","-1.2","","-7.4","","63","","0.0","","10","","45","","16.1","","98.42","","","","-9","","NA"
"-80.38","43.46","KITCHENER/WATERLOO","6144239","2025-04-02 10:00","2025","04","02","10:00","","-0.9","","-6.0","","69","","0.0","","8","","39","","16.1","","98.28","","","","-9","","NA"
"-80.38","43.46","KITCHENER/WATERLOO","6144239","2025-04-02 11:00","2025","04","02","11:00","","-1.5","","-5.4","","75","","0.0","","9","","30","","3.6","","98.38","","","","-8","","Snow"
"-80.38","43.46","KITCHENER/WATERLOO","6144239","2025-04-02 12:00","2025","04","02","12:00","","-2.6","","-3.6","","93","","3.0","","9","","39","","0.6","","98.19","","","","-11","","Moderate Snow"
"-80.38","43.46","KITCHENER/WATERLOO","6144239","2025-04-02 13:00","2025","04","02","13:00","","-1.8","","-3.5","","88","","1.8","","9","","48","","16.1","","97.83","","","","-10","","NA"
"-80.38","43.46","KITCHENER/WATERLOO","6144239","2025-04-02 14:00","2025","04","02","14:00","","-1.1","","-2.2","","92","","1.8","","9","","46","","6.4","","97.73","","","","-9","","Freezing Rain,Fog"
"-80.38","43.46","KITCHENER/WATERLOO","6144239","2025-04-02 15:00","2025","04","02","15:00","","-0.4","","-1.3","","94","","1.8","","8","","32","","4.0","","97.83","","","","-7","","NA"
"-80.38","43.46","KITCHENER/WATERLOO","6144239","2025-04-02 16:00","2025","04","02","16:00","","-0.1","","-1.0","","94","","5.0","","10","","34","","4.8","","97.63","","","","-7","","Fog"
"-80.38","43.46","KITCHENER/WATERLOO","6144239","2025-04-02 17:00","2025","04","02","17:00","","-0.1","","-0.8","","95","","5.5","","9","","22","","6.4","","97.53","","","","-6","","Thunderstorms,Moderate Freezing Rain,Fog"
"-80.38","43.46","KITCHENER/WATERLOO","6144239","2025-04-02 18:00","2025","04","02","18:00","","0.1","","-0.6","","95","","3.5","","10","","24","","16.1","","97.44","","","","","","Freezing Rain"
"-80.38","43.46","KITCHENER/WATERLOO","6144239","2025-04-02 19:00","2025","04","02","19:00","","0.2","","-0.2","","97","","3.8","","9","","22","","2.0","","97.34","","","","","","Rain,Snow"
"-80.38","43.46","KITCHENER/WATERLOO","6144239","2025-04-02 20:00","2025","04","02","20:00","","0.5","","0.1","","97","","2.8","","10","","18","","16.1","","97.29","","","","","","Rain"
"-80.38","43.46","KITCHENER/WATERLOO","6144239","2025-04-02 21:00","2025","04","02","21:00","","0.6","","0.2","","97","","0.2","","8","","21","","16.1","","97.15","","","","","","NA"
"-80.38","43.46","KITCHENER/WATERLOO","6144239","2025-04-02 22:00","2025","04","02","22:00","","0.9","","0.8","","99","","0.5","","9","","18","","2.8","","96.97","","","","","","Fog"
"-80.38","43.46","KITCHENER/WATERLOO","6144239","2025-04-02 23:00","2025","04","02","23:00","","1.4","","1.3","","99","","0.0","","11","","13","","4.0","","96.89","","","","","","Fog"
"-80.38","43.46","KITCHENER/WATERLOO","6144239","2025-04-03 00:00","2025","04","03","00:00","","1.9","","1.8","","99","","0.8","","31","","41","","6.4","","97.10","","","","","","Thunderstorms,Rain,Fog"
"-80.38","43.46","KITCHENER/WATERLOO","6144239","2025-04-03 01:00","2025","04","03","01:00","","3.0","","2.9","","99","","13.1","","14","","17","","0.8","","97.01","","","","","","Thunderstorms,Fog"
"-80.38","43.46","KITCHENER/WATERLOO","6144239","2025-04-03 02:00","2025","04","03","02:00","","4.9","","4.8","","99","","7.0","","13","","24","","4.8","","96.70","","","","","","Rain,Fog"
"-80.38","43.46","KITCHENER/WATERLOO","6144239","2025-04-03 03:00","2025","04","03","03:00","","4.9","","4.8","","99","","0.2","","16","","24","","0.6","","96.67","","","","","","Rain,Fog"
"-80.38","43.46","KITCHENER/WATERLOO","6144239","2025-04-03 04:00","2025","04","03","04:00","","6.2","","6.2","","100","","0.2","","18","","11","","0.4","","96.73","","","","","","Rain,Fog"
"-80.38","43.46","KITCHENER/WATERLOO","6144239","2025-04-03 05:00","2025","04","03","05:00","","6.2","","6.2","","100","","0.0","","16","","13","","0.2","","96.65","","","","","","Fog"
"-80.38","43.46","KITCHENER/WATERLOO","6144239","2025-04-03 06:00","2025","04","03","06:00","","10.7","","10.7","","100","","0.0","","20","","18","","0.2","","96.71","","","","","","Fog"
"-80.38","43.46","KITCHENER/WATERLOO","6144239","2025-04-03 07:00","2025","04","03","07:00","","12.6","","12.6","","100","","0.0","","21","","30","","16.1","","96.78","","","","","","NA"
"-80.38","43.46","KITCHENER/WATERLOO","6144239","2025-04-03 08:00","2025","04","03","08:00","","13.8","","12.9","","94","","0.0","","22","","30","","16.1","","96.86","","","","","","Rain"
"-80.38","43.46","KITCHENER/WATERLOO","6144239","2025-04-03 09:00","2025","04","03","09:00","","14.4","","8.4","","67","","0.0","","24","","34","","16.1","","96.94","","","","","","NA"
"-80.38","43.46","KITCHENER/WATERLOO","6144239","2025-04-03 10:00","2025","04","03","10:00","","16.2","","9.1","","62","","0.0","","24","","34","","16.1","","96.97","","","","","","NA"
"-80.38","43.46","KITCHENER/WATERLOO","6144239","2025-04-03 11:00","2025","04","03","11:00","","16.7","","6.5","","51","","0.0","","23","","43","","16.1","","97.03","","","","","","NA"
"-80.38","43.46","KITCHENER/WATERLOO","6144239","2025-04-03 12:00","2025","04","03","12:00","","17.1","","6.0","","48","","0.0","","23","","46","","16.1","","97.09","","","","","","NA"
"-80.38","43.46","KITCHENER/WATERLOO","6144239","2025-04-03 13:00","2025","04","03","13:00","","17.8","","6.7","","48","","0.0","","24","","43","","16.1","","97.17","","","","","","NA"
"-80.38","43.46","KITCHENER/WATERLOO","6144239","2025-04-03 14:00","2025","04","03","14:00","","17.2","","5.6","","46","","0.0","","26","","43","","16.1","","97.27","","","","","","NA"
"-80.38","43.46","KITCHENER/WATERLOO","6144239","2025-04-03 15:00","2025","04","03","15:00","","16.4","","6.3","","51","","0.0","","27","","30","","16.1","","97.31","","","","","","NA"
"-80.38","43.46","KITCHENER/WATERLOO","6144239","2025-04-03 16:00","2025","04","03","16:00","","15.5","","5.4","","51","","0.0","","27","","26","","16.1","","97.36","","","","","","NA"
"-80.38","43.46","KITCHENER/WATERLOO","6144239","2025-04-03 17:00","2025","04","03","17:00","","13.0","","3.1","","51","","0.0","","27","","45","","16.1","","97.48","","","","","","NA"
"-80.38","43.46","KITCHENER/WATERLOO","6144239","2025-04-03 18:00","2025","04","03","18:00","","11.4","","3.2","","57","","0.0","","30","","35","","16.1","","97.56","","","","","","NA"
"-80.38","43.46","KITCHENER/WATERLOO","6144239","2025-04-03 19:00","2025","04","03","19:00","","8.8","","3.1","","67","","0.0","","30","","24","","16.1","","97.76","","","","","","NA"
"-80.38","43.46","KITCHENER/WATERLOO","6144239","2025-04-03 20:00","2025","04","03","20:00","","7.0","","1.0","","66","","0.0","","31","","21","","16.1","","97.84","","","","","","NA"
"-80.38","43.46","KITCHENER/WATERLOO","6144239","2025-04-03 21:00","2025","04","03","21:00","","5.5","","-0.1","","67","","0.0","","30","","9","","16.1","","97.95","","","","","","NA"
"-80.38","43.46","KITCHENER/WATERLOO","6144239","2025-04-03 22:00","2025","04","03","22:00","","4.4","","0.0","","73","","0.0","","30","","11","","16.1","","98.03","","","","","","NA"
"-80.38","43.46","KITCHENER/WATERLOO","6144239","2025-04-03 23:00","2025","04","03","23:00","","3.7","","-0.3","","75","","0.0","","29","","11","","16.1","","98.12","","","","","","NA"
"-80.38","43.46","KITCHENER/WATERLOO","6144239","2025-04-04 00:00","2025","04","04","00:00","","3.6","","-0.3","","76","","0.0","","30","","8","","16.1","","98.20","","","","","","NA"
"-80.38","43.46","KITCHENER/WATERLOO","6144239","2025-04-04 01:00","2025","04","04","01:00","","3.6","","-0.2","","76","","0.0","","28","","5","","16.1","","98.21","","","","","","NA"
"-80.38","43.46","KITCHENER/WATERLOO","6144239","2025-04-04 02:00","2025","04","04","02:00","","2.7","","-0.9","","77","","0.0","","32","","9","","16.1","","98.26","","","","","","NA"
"-80.38","43.46","KITCHENER/WATERLOO","6144239","2025-04-04 03:00","2025","04","04","03:00","","2.5","","-1.3","","76","","0.0","","33","","17","","16.1","","98.35","","","","","","NA"
"-80.38","43.46","KITCHENER/WATERLOO","6144239","2025-04-04 04:00","2025","04","04","04:00","","0.8","","-2.1","","81","","0.0","","31","","11","","16.1","","98.49","","","","","","NA"
"-80.38","43.46","KITCHENER/WATERLOO","6144239","2025-04-04 05:00","2025","04","04","05:00","","0.0","","-3.2","","79","","0.0","","32","","9","","16.1","","98.56","","","","-3","","NA"
"-80.38","43.46","KITCHENER/WATERLOO","6144239","2025-04-04 06:00","2025","04","04","06:00","","-1.8","","-3.4","","89","","0.0","","27","","8","","16.1","","98.66","","","","-5","","NA"
"-80.38","43.46","KITCHENER/WATERLOO","6144239","2025-04-04 07:00","2025","04","04","07:00","","0.8","","-2.9","","77","","0.0","","31","","9","","16.1","","98.79","","","","","","NA"
"-80.38","43.46","KITCHENER/WATERLOO","6144239","2025-04-04 08:00","2025","04","04","08:00","","2.1","","-2.4","","72","","0.0","","33","","13","","16.1","","98.91","","","","","","NA"
"-80.38","43.46","KITCHENER/WATERLOO","6144239","2025-04-04 09:00","2025","04","04","09:00","","3.1","","-2.8","","65","","0.0","","36","","15","","16.1","","98.87","","","","","","NA"
"-80.38","43.46","KITCHENER/WATERLOO","6144239","2025-04-04 10:00","2025","04","04","10:00","","4.6","","-2.1","","62","","0.0","","34","","13","","16.1","","98.94","","","","","","NA"
"-80.38","43.46","KITCHENER/WATERLOO","6144239","2025-04-04 11:00","2025","04","04","11:00","","6.2","","-1.8","","57","","0.0","","","M","5","","16.1","","98.92","","","","","","NA"
"-80.38","43.46","KITCHENER/WATERLOO","6144239","2025-04-04 12:00","2025","04","04","12:00","","6.9","","-1.3","","56","","0.0","","","M","8","","16.1","","98.89","","","","","","NA"
"-80.38","43.46","KITCHENER/WATERLOO","6144239","2025-04-04 13:00","2025","04","04","13:00","","8.4","","-1.5","","50","","0.0","","3","","5","","16.1","","98.90","","","","","","NA"
"-80.38","43.46","KITCHENER/WATERLOO","6144239","2025-04-04 14:00","2025","04","04","14:00","","10.4","","-0.3","","47","","0.0","","36","","5","","16.1","","98.82","","","","","","NA"
"-80.38","43.46","KITCHENER/WATERLOO","6144239","2025-04-04 15:00","2025","04","04","15:00","","10.8","","-0.1","","47","","0.0","","","M","4","","16.1","","98.87","","","","","","NA"
"-80.38","43.46","KITCHENER/WATERLOO","6144239","2025-04-04 16:00","2025","04","04","16:00","","10.3","","-0.9","","46","","0.0","","35","","5","","16.1","","98.82","","","","","","NA"
"-80.38","43.46","KITCHENER/WATERLOO","6144239","2025-04-04 17:00","2025","04","04","17:00","","10.6","","-0.5","","46","","0.0","","","M","4","","16.1","","98.76","","","","","","NA"
"-80.38","43.46","KITCHENER/WATERLOO","6144239","2025-04-04 18:00","2025","04","04","18:00","","9.7","","0.5","","53","","0.0","","10","","15","","16.1","","98.72","","","","","","NA"
"-80.38","43.46","KITCHENER/WATERLOO","6144239","2025-04-04 19:00","2025","04","04","19:00","","7.7","","1.3","","64","","0.0","","7","","13","","16.1","","98.81","","","","","","NA"
"-80.38","43.46","KITCHENER/WATERLOO","6144239","2025-04-04 20:00","2025","04","04","20:00","","7.0","","-0.2","","60","","0.0","","9","","13","","16.1","","98.76","","","","","","NA"
"-80.38","43.46","KITCHENER/WATERLOO","6144239","2025-04-04 21:00","2025","04","04","21:00","","6.3","","-0.7","","61","","0.0","","10","","11","","16.1","","98.68","","","","","","NA"
"-80.38","43.46","KITCHENER/WATERLOO","6144239","2025-04-04 22:00","2025","04","04","22:00","","5.6","","-1.5","","60","","0.0","","10","","15","","16.1","","98.62","","","","","","NA"
"-80.38","43.46","KITCHENER/WATERLOO","6144239","2025-04-04 23:00","2025","04","04","23:00","","5.5","","-1.7","","60","","0.0","","10","","18","","16.1","","98.53","","","","","","NA"
"-80.38","43.46","KITCHENER/WATERLOO","6144239","2025-04-05 00:00","2025","04","05","00:00","","5.7","","-2.2","","57","","0.0","","9","","15","","16.1","","98.43","","","","","","NA"
"-80.38","43.46","KITCHENER/WATERLOO","6144239","2025-04-05 01:00","2025","04","05","01:00","","5.1","","-1.4","","63","","0.0","","9","","18","","16.1","","98.31","","","","","","Rain"
"-80.38","43.46","KITCHENER/WATERLOO","6144239","2025-04-05 02:00","2025","04","05","02:00","","4.4","","0.1","","74","","0.0","","7","","17","","16.1","","98.27","","","","","","Rain"
"-80.38","43.46","KITCHENER/WATERLOO","6144239","2025-04-05 03:00","2025","04","05","03:00","","4.6","","-0.1","","71","","0.0","","8","","17","","16.1","","98.09","","","","","","Rain"
"-80.38","43.46","KITCHENER/WATERLOO","6144239","2025-04-05 04:00","2025","04","05","04:00","","4.2","","0.9","","79","","0.0","","9","","15","","16.1","","97.92","","","","","","Rain"
"-80.38","43.46","KITCHENER/WATERLOO","6144239","2025-04-05 05:00","2025","04","05","05:00","","3.6","","0.5","","80","","0.2","","10","","28","","11.3","","97.83","","","","","","Rain"
"-80.38","43.46","KITCHENER/WATERLOO","6144239","2025-04-05 06:00","2025","04","05","06:00","","2.8","","1.9","","94","","0.0","","9","","21","","16.1","","97.66","","","","","","NA"
"-80.38","43.46","KITCHENER/WATERLOO","6144239","2025-04-05 07:00","2025","04","05","07:00","","3.1","","2.5","","96","","0.0","","10","","13","","16.1","","97.64","","","","","","Rain"
"-80.38","43.46","KITCHENER/WATERLOO","6144239","2025-04-05 08:00","2025","04","05","08:00","","3.3","","2.9","","97","","0.8","","11","","17","","11.3","","97.55","","","","","","Rain"
"-80.38","43.46","KITCHENER/WATERLOO","6144239","2025-04-05 09:00","2025","04","05","09:00","","3.6","","3.2","","98","","0.5","","9","","13","","16.1","","97.41","","","","","","NA"
"-80.38","43.46","KITCHENER/WATERLOO","6144239","2025-04-05 10:00","2025","04","05","10:00","","4.5","","4.1","","97","","0.5","","12","","11","","8.1","","97.38","","","","","","Rain,Fog"
"-80.38","43.46","KITCHENER/WATERLOO","6144239","2025-04-05 11:00","2025","04","05","11:00","","5.4","","5.1","","98","","1.8","","29","","9","","2.8","","97.38","","","","","","Rain,Fog"
"-80.38","43.46","KITCHENER/WATERLOO","6144239","2025-04-05 12:00","2025","04","05","12:00","","6.8","","6.5","","98","","0.8","","","M","4","","4.8","","97.29","","","","","","Rain,Fog"
"-80.38","43.46","KITCHENER/WATERLOO","6144239","2025-04-05 13:00","2025","04","05","13:00","","7.5","","7.2","","98","","0.8","","24","","8","","2.8","","97.31","","","","","","Rain,Fog"
"-80.38","43.46","KITCHENER/WATERLOO","6144239","2025-04-05 14:00","2025","04","05","14:00","","9.4","","8.9","","97","","0.8","","29","","15","","8.1","","97.25","","","","","","Rain,Fog"
"-80.38","43.46","KITCHENER/WATERLOO","6144239","2025-04-05 15:00","2025","04","05","15:00","","8.1","","7.2","","94","","0.0","","28","","22","","9.7","","97.26","","","","","","Fog"
"-80.38","43.46","KITCHENER/WATERLOO","6144239","2025-04-05 16:00","2025","04","05","16:00","","7.7","","6.5","","92","","0.0","","29","","24","","16.1","","97.32","","","","","","NA"
"-80.38","43.46","KITCHENER/WATERLOO","6144239","2025-04-05 17:00","2025","04","05","17:00","","6.9","","5.4","","90","","0.0","","30","","30","","16.1","","97.43","","","","","","NA"
"-80.38","43.46","KITCHENER/WATERLOO","6144239","2025-04-05 18:00","2025","04","05","18:00","","5.7","","3.9","","88","","0.0","","30","","22","","16.1","","97.56","","","","","","NA"
"-80.38","43.46","KITCHENER/WATERLOO","6144239","2025-04-05 19:00","2025","04","05","19:00","","5.2","","3.1","","86","","0.0","","29","","15","","16.1","","97.65","","","","","","NA"
"-80.38","43.46","KITCHENER/WATERLOO","6144239","2025-04-05 20:00","2025","04","05","20:00","","4.3","","2.8","","90","","0.0","","29","","11","","16.1","","97.71","","","","","","NA"
"-80.38","43.46","KITCHENER/WATERLOO","6144239","2025-04-05 21:00","2025","04","05","21:00","","4.2","","2.7","","90","","0.0","","29","","9","","16.1","","97.66","","","","","","NA"
"-80.38","43.46","KITCHENER/WATERLOO","6144239","2025-04-05 22:00","2025","04","05","22:00","","3.8","","2.3","","90","","0.0","","29","","15","","16.1","","97.60","","","","","","NA"
"-80.38","43.46","KITCHENER/WATERLOO","6144239","2025-04-05 23:00","2025","04","05","23:00","","3.5","","0.5","","81","","0.0","","31","","17","","16.1","","97.66","","","","","","NA"
"-80.38","43.46","KITCHENER/WATERLOO","6144239","2025-04-06 00:00","2025","04","06","00:00","","2.1","","-0.8","","81","","0.0","","32","","26","","16.1","","97.69","","","","","","NA"
"-80.38","43.46","KITCHENER/WATERLOO","6144239","2025-04-06 01:00","2025","04","06","01:00","","1.5","","-1.1","","83","","0.0","","31","","24","","16.1","","97.76","","","","","","NA"
"-80.38","43.46","KITCHENER/WATERLOO","6144239","2025-04-06 02:00","2025","04","06","02:00","","0.9","","-4.1","","69","","0.0","","32","","24","","16.1","","97.65","","","","","","NA"
"-80.38","43.46","KITCHENER/WATERLOO","6144239","2025-04-06 03:00","2025","04","06","03:00","","0.7","","-5.4","","64","","0.0","","31","","24","","16.1","","97.68","","","","","","NA"
"-80.38","43.46","KITCHENER/WATERLOO","6144239","2025-04-06 04:00","2025","04","06","04:00","","0.2","","-6.7","","60","","0.0","","32","","21","","16.1","","97.76","","","","","","NA"
"-80.38","43.46","KITCHENER/WATERLOO","6144239","2025-04-06 05:00","2025","04","06","05:00","","-0.2","","-5.6","","67","","0.0","","31","","18","","16.1","","97.75","","","","-5","","NA"
"-80.38","43.46","KITCHENER/WATERLOO","6144239","2025-04-06 06:00","2025","04","06","06:00","","-0.6","","-5.8","","68","","0.0","","31","","24","","16.1","","97.74","","","","-7","","NA"
"-80.38","43.46","KITCHENER/WATERLOO","6144239","2025-04-06 07:00","2025","04","06","07:00","","-0.7","","-5.4","","71","","0.0","","32","","18","","16.1","","97.82","","","","-6","","NA"
"-80.38","43.46","KITCHENER/WATERLOO","6144239","2025-04-06 08:00","2025","04","06","08:00","","-0.3","","-5.9","","66","","0.0","","32","","21","","16.1","","97.78","","","","-6","","NA"
"-80.38","43.46","KITCHENER/WATERLOO","6144239","2025-04-06 09:00","2025","04","06","09:00","","1.2","","-6.6","","56","","0.0","","32","","21","","16.1","","97.89","","","","","","NA"
"-80.38","43.46","KITCHENER/WATERLOO","6144239","2025-04-06 10:00","2025","04","06","10:00","","2.2","","-9.0","","44","","0.0","","33","","26","","16.1","","97.89","","","","","","NA"
"-80.38","43.46","KITCHENER/WATERLOO","6144239","2025-04-06 11:00","2025","04","06","11:00","","3.0","","-9.3","","40","","0.0","","33","","26","","16.1","","97.91","","","","","","NA"
"-80.38","43.46","KITCHENER/WATERLOO","6144239","2025-04-06 12:00","2025","04","06","12:00","","3.7","","-10.1","","36","","0.0","","34","","22","","16.1","","97.81","","","","","","NA"
"-80.38","43.46","KITCHENER/WATERLOO","6144239","2025-04-06 13:00","2025","04","06","13:00","","4.4","","-8.7","","38","","0.0","","36","","22","","16.1","","97.73","","","","","","NA"
"-80.38","43.46","KITCHENER/WATERLOO","6144239","2025-04-06 14:00","2025","04","06","14:00","","5.0","","-7.6","","40","","0.0","","33","","17","","16.1","","97.70","","","","","","NA"
"-80.38","43.46","KITCHENER/WATERLOO","6144239","2025-04-06 15:00","2025","04","06","15:00","","4.5","","-9.1","","37","","0.0","","32","","13","","16.1","","97.67","","","","","","NA"
"-80.38","43.46","KITCHENER/WATERLOO","6144239","2025-04-06 16:00","2025","04","06","16:00","","4.3","","-9.2","","37","","0.0","","31","","21","","16.1","","97.70","","","","","","NA"
"-80.38","43.46","KITCHENER/WATERLOO","6144239","2025-04-06 17:00","2025","04","06","17:00","","4.3","","-8.9","","38","","0.0","","31","","17","","16.1","","97.74","","","","","","NA"
"-80.38","43.46","KITCHENER/WATERLOO","6144239","2025-04-06 18:00","2025","04","06","18:00","","3.0","","-9.4","","40","","0.0","","33","","13","","16.1","","97.73","","","","","","NA"
"-80.38","43.46","KITCHENER/WATERLOO","6144239","2025-04-06 19:00","2025","04","06","19:00","","1.8","","-8.0","","48","","0.0","","32","","13","","16.1","","97.76","","","","","","NA"
"-80.38","43.46","KITCHENER/WATERLOO","6144239","2025-04-06 20:00","2025","04","06","20:00","","1.0","","-7.9","","52","","0.0","","35","","5","","16.1","","97.76","","","","","","NA"
"-80.38","43.46","KITCHENER/WATERLOO","6144239","2025-04-06 21:00","2025","04","06","21:00","","0.2","","-7.4","","57","","0.0","","","","0","","16.1","","97.67","","","","","","NA"
"-80.38","43.46","KITCHENER/WATERLOO","6144239","2025-04-06 22:00","2025","04","06","22:00","","-0.9","","-6.1","","68","","0.0","","28","","5","","16.1","","97.61","","","","-3","","NA"
"-80.38","43.46","KITCHENER/WATERLOO","6144239","2025-04-06 23:00","2025","04","06","23:00","","-1.8","","-5.8","","74","","0.0","","16","","4","","16.1","","97.59","","","","-3","","NA"
"-80.38","43.46","KITCHENER/WATERLOO","6144239","2025-04-07 00:00","2025","04","07","00:00","","-2.2","","-6.6","","72","","0.0","","11","","4","","16.1","","97.58","","","","-4","","NA"
"-80.38","43.46","KITCHENER/WATERLOO","6144239","2025-04-07 01:00","2025","04","07","01:00","","-2.5","","-5.1","","83","","0.0","","","","0","","16.1","","97.52","","","","","","NA"
"-80.38","43.46","KITCHENER/WATERLOO","6144239","2025-04-07 02:00","2025","04","07","02:00","","-3.7","","-4.8","","92","","0.0","","32","","4","","14.5","","97.41","","","","-5","","NA"
"-80.38","43.46","KITCHENER/WATERLOO","6144239","2025-04-07 03:00","2025","04","07","03:00","","-3.1","","-4.8","","88","","0.0","","","","0","","16.1","","97.37","","","","","","NA"
"-80.38","43.46","KITCHENER/WATERLOO","6144239","2025-04-07 04:00","2025","04","07","04:00","","-3.8","","-4.9","","92","","0.0","","7","","4","","14.5","","97.27","","","","-5","","NA"
"-80.38","43.46","KITCHENER/WATERLOO","6144239","2025-04-07 05:00","2025","04","07","05:00","","-4.7","","-5.7","","93","","0.0","","8","","4","","9.7","","97.24","","","","-6","","Fog"
"-80.38","43.46","KITCHENER/WATERLOO","6144239","2025-04-07 06:00","2025","04","07","06:00","","-4.0","","-4.8","","94","","0.0","","10","","5","","9.7","","97.20","","","","-6","","Fog"
"-80.38","43.46","KITCHENER/WATERLOO","6144239","2025-04-07 07:00","2025","04","07","07:00","","-2.4","","-4.6","","85","","0.0","","","","0","","16.1","","97.18","","","","","","NA"
"-80.38","43.46","KITCHENER/WATERLOO","6144239","2025-04-07 08:00","2025","04","07","08:00","","1.4","","-5.3","","61","","0.0","","17","","15","","16.1","","97.11","","","","","","NA"
"-80.38","43.46","KITCHENER/WATERLOO","6144239","2025-04-07 09:00","2025","04","07","09:00","","3.0","","-4.8","","57","","0.0","","18","","17","","16.1","","97.02","","","","","","NA"
"-80.38","43.46","KITCHENER/WATERLOO","6144239","2025-04-07 10:00","2025","04","07","10:00","","5.0","","-5.9","","45","","0.0","","19","","24","","16.1","","96.92","","","","","","NA"
"-80.38","43.46","KITCHENER/WATERLOO","6144239","2025-04-07 11:00","2025","04","07","11:00","","5.5","","-6.5","","42","","0.0","","18","","18","","16.1","","96.80","","","","","","NA"
"-80.38","43.46","KITCHENER/WATERLOO","6144239","2025-04-07 12:00","2025","04","07","12:00","","5.9","","-5.1","","45","","0.0","","19","","24","","16.1","","96.72","","","","","","NA"
"-80.38","43.46","KITCHENER/WATERLOO","6144239","2025-04-07 13:00","2025","04","07","13:00","","6.7","","-5.0","","43","","0.0","","19","","26","","16.1","","96.59","","","","","","NA"
"-80.38","43.46","KITCHENER/WATERLOO","6144239","2025-04-07 14:00","2025","04","07","14:00","","4.7","","-4.5","","51","","0.0","","21","","37","","12.9","","96.56","","","","","","NA"
"-80.38","43.46","KITCHENER/WATERLOO","6144239","2025-04-07 15:00","2025","04","07","15:00","","6.3","","-4.8","","45","","0.0","","21","","34","","16.1","","96.45","","","","","","NA"
"-80.38","43.46","KITCHENER/WATERLOO","6144239","2025-04-07 16:00","2025","04","07","16:00","","1.9","","-0.1","","87","","0.0","","26","","34","","12.9","","96.47","","","","","","Rain,Snow"
"-80.38","43.46","KITCHENER/WATERLOO","6144239","2025-04-07 17:00","2025","04","07","17:00","","-0.3","","-1.9","","89","","0.2","","30","","35","","3.6","","96.58","","","","-7","","Snow"
"-80.38","43.46","KITCHENER/WATERLOO","6144239","2025-04-07 18:00","2025","04","07","18:00","","-2.6","","-5.6","","80","","0.0","","30","","43","","16.1","","96.76","","","","-11","","NA"
"-80.38","43.46","KITCHENER/WATERLOO","6144239","2025-04-07 19:00","2025","04","07","19:00","","-3.7","","-7.5","","75","","0.0","","30","","45","","16.1","","96.85","","","","-13","","Snow"
"-80.38","43.46","KITCHENER/WATERLOO","6144239","2025-04-07 20:00","2025","04","07","20:00","","-3.8","","-7.8","","74","","0.0","","29","","41","","16.1","","96.92","","","","-13","","Snow"
"-80.38","43.46","KITCHENER/WATERLOO","6144239","2025-04-07 21:00","2025","04","07","21:00","","-4.2","","-8.5","","72","","0.0","","30","","32","","16.1","","96.95","","","","-12","","Snow"
"-80.38","43.46","KITCHENER/WATERLOO","6144239","2025-04-07 22:00","2025","04","07","22:00","","-4.7","","-8.8","","73","","0.0","","31","","30","","16.1","","96.97","","","","-13","","Snow"
"-80.38","43.46","KITCHENER/WATERLOO","6144239","2025-04-07 23:00","2025","04","07","23:00","","-5.3","","-8.9","","76","","0.0","","30","","37","","16.1","","96.98","","","","-14","","Snow"
"-80.38","43.46","KITCHENER/WATERLOO","6144239","2025-04-08 00:00","2025","04","08","00:00","","-5.7","","-9.6","","74","","0.0","","32","","32","","16.1","","97.03","","","","-14","","NA"
"-80.38","43.46","KITCHENER/WATERLOO","6144239","2025-04-08 01:00","2025","04","08","01:00","","-6.2","","-9.8","","76","","0.0","","30","","32","","16.1","","97.03","","","","-15","","NA"
"-80.38","43.46","KITCHENER/WATERLOO","6144239","2025-04-08 02:00","2025","04","08","02:00","","-6.4","","-10.3","","74","","0.0","","31","","28","","16.1","","97.03","","","","-15","","NA"
"-80.38","43.46","KITCHENER/WATERLOO","6144239","2025-04-08 03:00","2025","04","08","03:00","","-6.6","","-10.3","","75","","0.0","","30","","30","","16.1","","97.08","","","","-15","","NA"
"-80.38","43.46","KITCHENER/WATERLOO","6144239","2025-04-08 04:00","2025","04","08","04:00","","-6.8","","-10.9","","73","","0.0","","31","","30","","16.1","","97.13","","","","-15","","NA"
"-80.38","43.46","KITCHENER/WATERLOO","6144239","2025-04-08 05:00","2025","04","08","05:00","","-7.1","","-11.0","","74","","0.0","","31","","34","","16.1","","97.19","","","","-16","","Snow"
"-80.38","43.46","KITCHENER/WATERLOO","6144239","2025-04-08 06:00","2025","04","08","06:00","","-7.2","","-11.3","","73","","0.0","","32","","28","","16.1","","97.27","","","","-16","","Snow"
"-80.38","43.46","KITCHENER/WATERLOO","6144239","2025-04-08 07:00","2025","04","08","07:00","","-7.2","","-11.6","","71","","0.0","","30","","30","","14.5","","97.34","","","","-16","","Snow"
"-80.38","43.46","KITCHENER/WATERLOO","6144239","2025-04-08 08:00","2025","04","08","08:00","","-6.7","","-11.9","","67","","0.0","","32","","32","","16.1","","97.42","","","","-15","","NA"
"-80.38","43.46","KITCHENER/WATERLOO","6144239","2025-04-08 09:00","2025","04","08","09:00","","-6.3","","-12.6","","61","","0.0","","32","","30","","16.1","","97.49","","","","-15","","NA"
"-80.38","43.46","KITCHENER/WATERLOO","6144239","2025-04-08 10:00","2025","04","08","10:00","","-4.3","","-10.6","","62","","0.0","","30","","32","","16.1","","97.55","","","","-12","","NA"
"-80.38","43.46","KITCHENER/WATERLOO","6144239","2025-04-08 11:00","2025","04","08","11:00","","-4.0","","-11.3","","57","","0.0","","31","","32","","16.1","","97.58","","","","-12","","NA"
"-80.38","43.46","KITCHENER/WATERLOO","6144239","2025-04-08 12:00","2025","04","08","12:00","","-2.9","","-10.8","","55","","0.0","","30","","32","","16.1","","97.63","","","","-10","","NA"
"-80.38","43.46","KITCHENER/WATERLOO","6144239","2025-04-08 13:00","2025","04","08","13:00","","-2.2","","-11.0","","51","","0.0","","29","","45","","16.1","","97.65","","","","-11","","NA"
"-80.38","43.46","KITCHENER/WATERLOO","6144239","2025-04-08 14:00","2025","04","08","14:00","","-0.6","","-8.9","","54","","0.0","","29","","37","","16.1","","97.68","","","","-8","","NA"
"-80.38","43.46","KITCHENER/WATERLOO","6144239","2025-04-08 15:00","2025","04","08","15:00","","-1.9","","-10.4","","53","","0.0","","30","","35","","16.1","","97.74","","","","-9","","NA"
"-80.38","43.46","KITCHENER/WATERLOO","6144239","2025-04-08 16:00","2025","04","08","16:00","","-2.8","","-10.6","","55","","0.0","","30","","21","","16.1","","97.82","","","","-9","","NA"
"-80.38","43.46","KITCHENER/WATERLOO","6144239","2025-04-08 17:00","2025","04","08","17:00","","-2.3","","-11.6","","49","","0.0","","31","","30","","16.1","","97.88","","","","-9","","NA"
"-80.38","43.46","KITCHENER/WATERLOO","6144239","2025-04-08 18:00","2025","04","08","18:00","","-2.6","","-13.6","","43","","0.0","","30","","34","","16.1","","97.95","","","","-10","","NA"
"-80.38","43.46","KITCHENER/WATERLOO","6144239","2025-04-08 19:00","2025","04","08","19:00","","-3.6","","-12.6","","50","","0.0","","30","","15","","16.1","","97.98","","","","-9","","NA"
"-80.38","43.46","KITCHENER/WATERLOO","6144239","2025-04-08 20:00","2025","04","08","20:00","","-4.7","","-12.0","","57","","0.0","","30","","13","","16.1","","98.06","","","","-10","","NA"
"-80.38","43.46","KITCHENER/WATERLOO","6144239","2025-04-08 21:00","2025","04","08","21:00","","-4.6","","-11.0","","61","","0.0","","29","","13","","16.1","","98.11","","","","-10","","NA"
"-80.38","43.46","KITCHENER/WATERLOO","6144239","2025-04-08 22:00","2025","04","08","22:00","","-5.4","","-10.7","","67","","0.0","","27","","15","","16.1","","98.15","","","","-11","","NA"
"-80.38","43.46","KITCHENER/WATERLOO","6144239","2025-04-08 23:00","2025","04","08","23:00","","-5.0","","-10.4","","66","","0.0","","25","","9","","16.1","","98.19","","","","-9","","NA"
"-80.38","43.46","KITCHENER/WATERLOO","6144239","2025-04-09 00:00","2025","04","09","00:00","","-5.7","","-10.2","","71","","0.0","","23","","8","","16.1","","98.21","","","","-9","","NA"
"-80.38","43.46","KITCHENER/WATERLOO","6144239","2025-04-09 01:00","2025","04","09","01:00","","-6.2","","-10.3","","73","","0.0","","24","","9","","16.1","","98.25","","","","-10","","NA"
"-80.38","43.46","KITCHENER/WATERLOO","6144239","2025-04-09 02:00","2025","04","09","02:00","","-6.2","","-10.0","","75","","0.0","","24","","11","","16.1","","98.27","","","","-11","","NA"
"-80.38","43.46","KITCHENER/WATERLOO","6144239","2025-04-09 03:00","2025","04","09","03:00","","-6.3","","-10.2","","74","","0.0","","23","","9","","16.1","","98.29","","","","-11","","NA"
"-80.38","43.46","KITCHENER/WATERLOO","6144239","2025-04-09 04:00","2025","04","09","04:00","","-6.4","","-9.9","","77","","0.0","","22","","8","","16.1","","98.31","","","","-10","","NA"
"-80.38","43.46","KITCHENER/WATERLOO","6144239","2025-04-09 05:00","2025","04","09","05:00","","-6.6","","-9.9","","77","","0.0","","25","","9","","16.1","","98.35","","","","-11","","NA"
"-80.38","43.46","KITCHENER/WATERLOO","6144239","2025-04-09 06:00","2025","04","09","06:00","","-5.7","","-9.5","","75","","0.0","","","","0","","16.1","","98.38","","","","","","NA"
"-80.38","43.46","KITCHENER/WATERLOO","6144239","2025-04-09 07:00","2025","04","09","07:00","","-3.5","","-8.3","","69","","0.0","","23","","15","","16.1","","98.42","","","","-9","","NA"
"-80.38","43.46","KITCHENER/WATERLOO","6144239","2025-04-09 08:00","2025","04","09","08:00","","-1.8","","-8.3","","61","","0.0","","22","","24","","16.1","","98.48","","","","-8","","NA"
"-80.38","43.46","KITCHENER/WATERLOO","6144239","2025-04-09 09:00","2025","04","09","09:00","","-0.2","","-9.6","","49","","0.0","","22","","18","","16.1","","98.48","","","","-5","","NA"
"-80.38","43.46","KITCHENER/WATERLOO","6144239","2025-04-09 10:00","2025","04","09","10:00","","0.2","","-10.8","","44","","0.0","","24","","24","","16.1","","98.46","","","","","","NA"
"-80.38","43.46","KITCHENER/WATERLOO","6144239","2025-04-09 11:00","2025","04","09","11:00","","1.1","","-11.0","","40","","0.0","","21","","11","","16.1","","98.46","","","","","","NA"
"-80.38","43.46","KITCHENER/WATERLOO","6144239","2025-04-09 12:00","2025","04","09","12:00","","2.8","","-11.0","","36","","0.0","","27","","18","","16.1","","98.42","","","","","","NA"
"-80.38","43.46","KITCHENER/WATERLOO","6144239","2025-04-09 13:00","2025","04","09","13:00","","2.8","","-10.3","","38","","0.0","","22","","18","","16.1","","98.38","","","","","","NA"
"-80.38","43.46","KITCHENER/WATERLOO","6144239","2025-04-09 14:00","2025","04","09","14:00","","3.7","","-9.3","","38","","0.0","","26","","18","","16.1","","98.34","","","","","","NA"
"-80.38","43.46","KITCHENER/WATERLOO","6144239","2025-04-09 15:00","2025","04","09","15:00","","4.6","","-8.9","","37","","0.0","","24","","8","","16.1","","98.32","","","","","","NA"
"-80.38","43.46","KITCHENER/WATERLOO","6144239","2025-04-09 16:00","2025","04","09","16:00","","4.1","","-8.0","","41","","0.0","","29","","17","","16.1","","98.29","","","","","","NA"
"-80.38","43.46","KITCHENER/WATERLOO","6144239","2025-04-09 17:00","2025","04","09","17:00","","3.8","","-7.0","","45","","0.0","","24","","13","","16.1","","98.30","","","","","","NA"
"-80.38","43.46","KITCHENER/WATERLOO","6144239","2025-04-09 18:00","2025","04","09","18:00","","2.8","","-5.6","","54","","0.0","","21","","22","","16.1","","98.34","","","","","","NA"
"-80.38","43.46","KITCHENER/WATERLOO","6144239","2025-04-09 19:00","2025","04","09","19:00","","1.9","","-5.9","","57","","0.0","","27","","9","","16.1","","98.35","","","","","","NA"
"-80.38","43.46","KITCHENER/WATERLOO","6144239","2025-04-09 20:00","2025","04","09","20:00","","-0.2","","-5.2","","69","","0.0","","9","","4","","16.1","","98.40","","","","-1","","NA"
"-80.38","43.46","KITCHENER/WATERLOO","6144239","2025-04-09 21:00","2025","04","09","21:00","","-1.1","","-4.3","","79","","0.0","","6","","4","","16.1","","98.46","","","","-2","","NA"
"-80.38","43.46","KITCHENER/WATERLOO","6144239","2025-04-09 22:00","2025","04","09","22:00","","-2.2","","-5.2","","80","","0.0","","15","","8","","16.1","","98.45","","","","-5","","NA"
"-80.38","43.46","KITCHENER/WATERLOO","6144239","2025-04-09 23:00","2025","04","09","23:00","","-1.2","","-4.8","","77","","0.0","","35","","5","","16.1","","98.43","","","","-3","","NA"
"-80.38","43.46","KITCHENER/WATERLOO","6144239","2025-04-10 00:00","2025","04","10","00:00","","-1.2","","-4.7","","77","","0.0","","3","","8","","16.1","","98.43","","","","-4","","NA"
"-80.38","43.46","KITCHENER/WATERLOO","6144239","2025-04-10 01:00","2025","04","10","01:00","","-1.1","","-4.8","","76","","0.0","","5","","8","","16.1","","98.44","","","","-4","","NA"
"-80.38","43.46","KITCHENER/WATERLOO","6144239","2025-04-10 02:00","2025","04","10","02:00","","-1.7","","-4.8","","79","","0.0","","6","","5","","16.1","","98.40","","","","-4","","NA"
"-80.38","43.46","KITCHENER/WATERLOO","6144239","2025-04-10 03:00","2025","04","10","03:00","","-1.1","","-4.8","","76","","0.0","","13","","8","","16.1","","98.41","","","","-4","","NA"
"-80.38","43.46","KITCHENER/WATERLOO","6144239","2025-04-10 04:00","2025","04","10","04:00","","-1.0","","-5.1","","74","","0.0","","9","","5","","16.1","","98.37","","","","-3","","NA"
"-80.38","43.46","KITCHENER/WATERLOO","6144239","2025-04-10 05:00","2025","04","10","05:00","","-0.8","","-5.2","","72","","0.0","","6","","13","","16.1","","98.32","","","","-5","","NA"
"-80.38","43.46","KITCHENER/WATERLOO","6144239","2025-04-10 06:00","2025","04","10","06:00","","-0.6","","-4.8","","73","","0.0","","8","","11","","16.1","","98.32","","","","-4","","NA"
"-80.38","43.46","KITCHENER/WATERLOO","6144239","2025-04-10 07:00","2025","04","10","07:00","","0.5","","-5.2","","66","","0.0","","7","","15","","16.1","","98.33","","","","","","NA"
"-80.38","43.46","KITCHENER/WATERLOO","6144239","2025-04-10 08:00","2025","04","10","08:00","","2.0","","-5.6","","57","","0.0","","6","","22","","16.1","","98.26","","","","","","NA"
"-80.38","43.46","KITCHENER/WATERLOO","6144239","2025-04-10 09:00","2025","04","10","09:00","","2.4","","-5.1","","58","","0.0","","9","","26","","16.1","","98.22","","","","","","NA"
"-80.38","43.46","KITCHENER/WATERLOO","6144239","2025-04-10 10:00","2025","04","10","10:00","","2.7","","-3.1","","66","","0.0","","10","","30","","16.1","","98.19","","","","","","Rain"
"-80.38","43.46","KITCHENER/WATERLOO","6144239","2025-04-10 11:00","2025","04","10","11:00","","1.7","","-0.3","","87","","0.0","","9","","26","","8.1","","98.17","","","","","","Snow"
"-80.38","43.46","KITCHENER/WATERLOO","6144239","2025-04-10 12:00","2025","04","10","12:00","","1.3","","0.1","","92","","0.2","","6","","24","","6.4","","98.12","","","","","","Snow"
"-80.38","43.46","KITCHENER/WATERLOO","6144239","2025-04-10 13:00","2025","04","10","13:00","","1.5","","-0.2","","88","","0.0","","7","","28","","16.1","","98.08","","","","","","Snow"
"-80.38","43.46","KITCHENER/WATERLOO","6144239","2025-04-10 14:00","2025","04","10","14:00","","1.1","","-0.2","","91","","0.2","","7","","34","","4.0","","98.05","","","","","","Snow"
"-80.38","43.46","KITCHENER/WATERLOO","6144239","2025-04-10 15:00","2025","04","10","15:00","","0.9","","-0.2","","93","","0.2","","7","","24","","4.8","","98.03","","","","","","Snow"
"-80.38","43.46","KITCHENER/WATERLOO","6144239","2025-04-10 16:00","2025","04","10","16:00","","0.3","","-0.9","","92","","0.2","","7","","28","","4.8","","98.04","","","","","","Snow"
"-80.38","43.46","KITCHENER/WATERLOO","6144239","2025-04-10 17:00","2025","04","10","17:00","","0.3","","-0.6","","94","","0.5","","5","","18","","3.2","","98.05","","","","","","Snow"
"-80.38","43.46","KITCHENER/WATERLOO","6144239","2025-04-10 18:00","2025","04","10","18:00","","0.3","","-0.7","","93","","0.0","","6","","17","","8.1","","98.06","","","","","","Snow"
"-80.38","43.46","KITCHENER/WATERLOO","6144239","2025-04-10 19:00","2025","04","10","19:00","","0.3","","-0.9","","92","","0.0","","5","","18","","9.7","","98.06","","","","","","Snow"
"-80.38","43.46","KITCHENER/WATERLOO","6144239","2025-04-10 20:00","2025","04","10","20:00","","0.4","","-0.8","","92","","0.0","","4","","15","","11.3","","98.09","","","","","","Snow"
"-80.38","43.46","KITCHENER/WATERLOO","6144239","2025-04-10 21:00","2025","04","10","21:00","","0.5","","-0.5","","93","","0.0","","2","","9","","9.7","","98.08","","","","","","Snow"
"-80.38","43.46","KITCHENER/WATERLOO","6144239","2025-04-10 22:00","2025","04","10","22:00","","0.5","","-0.4","","94","","0.0","","36","","9","","16.1","","98.06","","","","","","Rain"
"-80.38","43.46","KITCHENER/WATERLOO","6144239","2025-04-10 23:00","2025","04","10","23:00","","0.5","","-0.4","","94","","0.0","","1","","11","","16.1","","98.03","","","","","","Rain"
"-80.38","43.46","KITCHENER/WATERLOO","6144239","2025-04-11 00:00","2025","04","11","00:00","","0.6","","-0.4","","93","","0.0","","1","","13","","16.1","","98.03","","","","","","Rain"
"-80.38","43.46","KITCHENER/WATERLOO","6144239","2025-04-11 01:00","2025","04","11","01:00","","0.5","","-0.6","","93","","0.0","","1","","11","","8.1","","98.01","","","","","","Snow"
"-80.38","43.46","KITCHENER/WATERLOO","6144239","2025-04-11 02:00","2025","04","11","02:00","","0.2","","-0.2","","97","","0.8","","35","","13","","1.6","","97.98","","","","","","Snow"
"-80.38","43.46","KITCHENER/WATERLOO","6144239","2025-04-11 03:00","2025","04","11","03:00","","0.0","","-0.6","","96","","0.5","","36","","13","","4.0","","97.98","","","","-4","","Snow"
"-80.38","43.46","KITCHENER/WATERLOO","6144239","2025-04-11 04:00","2025","04","11","04:00","","-0.1","","-0.8","","95","","0.0","","34","","9","","16.1","","97.98","","","","-3","","Rain,Snow"
"-80.38","43.46","KITCHENER/WATERLOO","6144239","2025-04-11 05:00","2025","04","11","05:00","","0.2","","-1.1","","91","","0.0","","35","","9","","16.1","","98.03","","","","","","NA"
"-80.38","43.46","KITCHENER/WATERLOO","6144239","2025-04-11 06:00","2025","04","11","06:00","","0.3","","-1.2","","90","","0.0","","34","","11","","16.1","","98.08","","","","","","NA"
"-80.38","43.46","KITCHENER/WATERLOO","6144239","2025-04-11 07:00","2025","04","11","07:00","","0.4","","-1.1","","90","","0.0","","34","","9","","16.1","","98.12","","","","","","NA"
"-80.38","43.46","KITCHENER/WATERLOO","6144239","2025-04-11 08:00","2025","04","11","08:00","","0.8","","-1.1","","87","","0.0","","34","","13","","16.1","","98.12","","","","","","NA"
"-80.38","43.46","KITCHENER/WATERLOO","6144239","2025-04-11 09:00","2025","04","11","09:00","","1.5","","-1.3","","81","","0.0","","34","","15","","16.1","","98.15","","","","","","NA"
"-80.38","43.46","KITCHENER/WATERLOO","6144239","2025-04-11 10:00","2025","04","11","10:00","","3.4","","-0.7","","75","","0.0","","36","","18","","16.1","","98.13","","","","","","NA"
"-80.38","43.46","KITCHENER/WATERLOO","6144239","2025-04-11 11:00","2025","04","11","11:00","","4.5","","0.1","","73","","0.0","","35","","13","","16.1","","98.17","","","","","","NA"
"-80.38","43.46","KITCHENER/WATERLOO","6144239","2025-04-11 12:00","2025","04","11","12:00","","5.6","","0.6","","70","","0.0","","3","","15","","16.1","","98.15","","","","","","NA"
"-80.38","43.46","KITCHENER/WATERLOO","6144239","2025-04-11 13:00","2025","04","11","13:00","","5.2","","0.4","","71","","0.0","","6","","15","","16.1","","98.13","","","","","","NA"
"-80.38","43.46","KITCHENER/WATERLOO","6144239","2025-04-11 14:00","2025","04","11","14:00","","4.9","","0.3","","72","","0.0","","1","","11","","16.1","","98.13","","","","","","NA"
"-80.38","43.46","KITCHENER/WATERLOO","6144239","2025-04-11 15:00","2025","04","11","15:00","","4.4","","0.4","","75","","0.0","","4","","13","","16.1","","98.13","","","","","","NA"
"-80.38","43.46","KITCHENER/WATERLOO","6144239","2025-04-11 16:00","2025","04","11","16:00","","4.0","","0.7","","79","","0.0","","5","","13","","16.1","","98.15","","","","","","NA"
"-80.38","43.46","KITCHENER/WATERLOO","6144239","2025-04-11 17:00","2025","04","11","17:00","","3.7","","0.8","","81","","0.0","","5","","13","","16.1","","98.18","","","","","","NA"
"-80.38","43.46","KITCHENER/WATERLOO","6144239","2025-04-11 18:00","2025","04","11","18:00","","3.0","","0.8","","86","","0.0","","3","","11","","16.1","","98.20","","","","","","NA"
"-80.38","43.46","KITCHENER/WATERLOO","6144239","2025-04-11 19:00","2025","04","11","19:00","","2.9","","1.0","","87","","0.0","","2","","8","","16.1","","98.21","","","","","","NA"
"-80.38","43.46","KITCHENER/WATERLOO","6144239","2025-04-11 20:00","2025","04","11","20:00","","2.8","","0.9","","87","","0.0","","1","","8","","16.1","","98.24","","","","","","NA"
"-80.38","43.46","KITCHENER/WATERLOO","6144239","2025-04-11 21:00","2025","04","11","21:00","","2.8","","1.0","","88","","0.0","","1","","8","","16.1","","98.26","","","","","","NA"
"-80.38","43.46","KITCHENER/WATERLOO","6144239","2025-04-11 22:00","2025","04","11","22:00","","2.8","","1.2","","89","","0.0","","2","","8","","16.1","","98.25","","","","","","NA"
"-80.38","43.46","KITCHENER/WATERLOO","6144239","2025-04-11 23:00","2025","04","11","23:00","","2.7","","1.1","","89","","0.0","","2","","5","","16.1","","98.25","","","","","","NA"
"-80.38","43.46","KITCHENER/WATERLOO","6144239","2025-04-12 00:00","2025","04","12","00:00","","2.6","","0.8","","88","","0.0","","36","","8","","16.1","","98.23","","","","","","NA"
"-80.38","43.46","KITCHENER/WATERLOO","6144239","2025-04-12 01:00","2025","04","12","01:00","","2.4","","0.8","","89","","0.0","","36","","8","","16.1","","98.22","","","","","","NA"
"-80.38","43.46","KITCHENER/WATERLOO","6144239","2025-04-12 02:00","2025","04","12","02:00","","2.2","","0.7","","90","","0.0","","2","","5","","16.1","","98.18","","","","","","NA"
"-80.38","43.46","KITCHENER/WATERLOO","6144239","2025-04-12 03:00","2025","04","12","03:00","","2.3","","1.0","","91","","0.0","","34","","11","","16.1","","98.15","","","","","","NA"
"-80.38","43.46","KITCHENER/WATERLOO","6144239","2025-04-12 04:00","2025","04","12","04:00","","2.3","","0.7","","89","","0.0","","34","","8","","16.1","","98.14","","","","","","NA"
"-80.38","43.46","KITCHENER/WATERLOO","6144239","2025-04-12 05:00","2025","04","12","05:00","","2.1","","0.5","","89","","0.0","","1","","5","","16.1","","98.17","","","","","","NA"
"-80.38","43.46","KITCHENER/WATERLOO","6144239","2025-04-12 06:00","2025","04","12","06:00","","1.9","","0.4","","90","","0.0","","35","","4","","16.1","","98.20","","","","","","NA"
"-80.38","43.46","KITCHENER/WATERLOO","6144239","2025-04-12 07:00","2025","04","12","07:00","","2.4","","0.5","","88","","0.0","","35","","5","","16.1","","98.24","","","","","","NA"
"-80.38","43.46","KITCHENER/WATERLOO","6144239","2025-04-12 08:00","2025","04","12","08:00","","3.0","","0.7","","85","","0.0","","36","","8","","16.1","","98.25","","","","","","NA"
"-80.38","43.46","KITCHENER/WATERLOO","6144239","2025-04-12 09:00","2025","04","12","09:00","","4.4","","1.0","","78","","0.0","","3","","9","","16.1","","98.27","","","","","","NA"
"-80.38","43.46","KITCHENER/WATERLOO","6144239","2025-04-12 10:00","2025","04","12","10:00","","5.9","","0.7","","69","","0.0","","3","","15","","16.1","","98.28","","","","","","NA"
"-80.38","43.46","KITCHENER/WATERLOO","6144239","2025-04-12 11:00","2025","04","12","11:00","","7.5","","0.9","","63","","0.0","","3","","13","","16.1","","98.28","","","","","","NA"
"-80.38","43.46","KITCHENER/WATERLOO","6144239","2025-04-12 12:00","2025","04","12","12:00","","8.6","","0.5","","57","","0.0","","2","","13","","16.1","","98.22","","","","","","NA"
"-80.38","43.46","KITCHENER/WATERLOO","6144239","2025-04-12 13:00","2025","04","12","13:00","","10.1","","0.4","","51","","0.0","","5","","15","","16.1","","98.16","","","","","","NA"
"-80.38","43.46","KITCHENER/WATERLOO","6144239","2025-04-12 14:00","2025","04","12","14:00","","10.0","","0.2","","50","","0.0","","7","","11","","16.1","","98.10","","","","","","NA"
"-80.38","43.46","KITCHENER/WATERLOO","6144239","2025-04-12 15:00","2025","04","12","15:00","","10.2","","0.1","","49","","0.0","","3","","9","","16.1","","98.05","","","","","","NA"
"-80.38","43.46","KITCHENER/WATERLOO","6144239","2025-04-12 16:00","2025","04","12","16:00","","11.8","","0.6","","46","","0.0","","","M","5","","16.1","","98.01","","","","","","NA"
"-80.38","43.46","KITCHENER/WATERLOO","6144239","2025-04-12 17:00","2025","04","12","17:00","","10.0","","-0.3","","49","","0.0","","2","","5","","16.1","","98.00","","","","","","NA"
"-80.38","43.46","KITCHENER/WATERLOO","6144239","2025-04-12 18:00","2025","04","12","18:00","","11.0","","-2.0","","40","","0.0","","3","","5","","16.1","","97.97","","","","","","NA"
"-80.38","43.46","KITCHENER/WATERLOO","6144239","2025-04-12 19:00","2025","04","12","19:00","","7.7","","0.1","","59","","0.0","","4","","4","","16.1","","97.95","","","","","","NA"
"-80.38","43.46","KITCHENER/WATERLOO","6144239","2025-04-12 20:00","2025","04","12","20:00","","5.9","","2.7","","80","","0.0","","14","","11","","16.1","","98.01","","","","","","NA"
"-80.38","43.46","KITCHENER/WATERLOO","6144239","2025-04-12 21:00","2025","04","12","21:00","","3.7","","1.8","","87","","0.0","","13","","8","","16.1","","98.06","","","","","","NA"
"-80.38","43.46","KITCHENER/WATERLOO","6144239","2025-04-12 22:00","2025","04","12","22:00","","3.9","","2.1","","88","","0.0","","8","","8","","16.1","","98.05","","","","","","NA"
"-80.38","43.46","KITCHENER/WATERLOO","6144239","2025-04-12 23:00","2025","04","12","23:00","","0.4","","0.1","","98","","0.0","","6","","5","","4.8","","98.07","","","","","","Fog"
"-80.38","43.46","KITCHENER/WATERLOO","6144239","2025-04-13 00:00","2025","04","13","00:00","","-1.0","","-1.3","","98","","0.0","","","","0","","2.0","","98.07","","","","","","Fog"
"-80.38","43.46","KITCHENER/WATERLOO","6144239","2025-04-13 01:00","2025","04","13","01:00","","-0.9","","-1.0","","99","","0.0","","","","0","","0.6","","98.05","","","","","","Freezing Fog"
"-80.38","43.46","KITCHENER/WATERLOO","6144239","2025-04-13 02:00","2025","04","13","02:00","","-0.5","","-0.6","","99","","0.0","","32","","4","","0.6","","98.03","","","","-2","","Freezing Fog"
"-80.38","43.46","KITCHENER/WATERLOO","6144239","2025-04-13 03:00","2025","04","13","03:00","","-2.1","","-2.2","","99","","0.0","","","","0","","0.2","","98.03","","","","","","Freezing Fog"
"-80.38","43.46","KITCHENER/WATERLOO","6144239","2025-04-13 04:00","2025","04","13","04:00","","-1.4","","-1.5","","99","","0.0","","29","","4","","0.2","","98.06","","","","-3","","Freezing Fog"
"-80.38","43.46","KITCHENER/WATERLOO","6144239","2025-04-13 05:00","2025","04","13","05:00","","-1.7","","-1.8","","99","","0.0","","31","","4","","1.2","","98.06","","","","-3","","Fog"
"-80.38","43.46","KITCHENER/WATERLOO","6144239","2025-04-13 06:00","2025","04","13","06:00","","-0.6","","-0.9","","98","","0.0","","31","","4","","6.4","","98.09","","","","-2","","Fog"
"-80.38","43.46","KITCHENER/WATERLOO","6144239","2025-04-13 07:00","2025","04","13","07:00","","2.3","","1.5","","95","","0.0","","31","","8","","16.1","","98.14","","","","","","NA"
"-80.38","43.46","KITCHENER/WATERLOO","6144239","2025-04-13 08:00","2025","04","13","08:00","","5.0","","-0.9","","65","","0.0","","32","","9","","16.1","","98.13","","","","","","NA"
"-80.38","43.46","KITCHENER/WATERLOO","6144239","2025-04-13 09:00","2025","04","13","09:00","","8.5","","-1.1","","51","","0.0","","23","","5","","16.1","","98.09","","","","","","NA"
"-80.38","43.46","KITCHENER/WATERLOO","6144239","2025-04-13 10:00","2025","04","13","10:00","","11.0","","-4.3","","34","","0.0","","27","","8","","16.1","","98.04","","","","","","NA"
"-80.38","43.46","KITCHENER/WATERLOO","6144239","2025-04-13 11:00","2025","04","13","11:00","","11.8","","-5.0","","31","","0.0","","","","0","","16.1","","97.99","","","","","","NA"
"-80.38","43.46","KITCHENER/WATERLOO","6144239","2025-04-13 12:00","2025","04","13","12:00","","13.5","","-5.0","","27","","0.0","","","M","8","","16.1","","97.93","","","","","","NA"
"-80.38","43.46","KITCHENER/WATERLOO","6144239","2025-04-13 13:00","2025","04","13","13:00","","14.2","","-5.1","","26","","0.0","","","M","8","","16.1","","97.83","","","","","","NA"
"-80.38","43.46","KITCHENER/WATERLOO","6144239","2025-04-13 14:00","2025","04","13","14:00","","15.0","","-4.2","","26","","0.0","","24","","5","","16.1","","97.79","","","","","","NA"
"-80.38","43.46","KITCHENER/WATERLOO","6144239","2025-04-13 15:00","2025","04","13","15:00","","15.1","","-3.3","","28","","0.0","","","M","5","","16.1","","97.71","","","","","","NA"
"-80.38","43.46","KITCHENER/WATERLOO","6144239","2025-04-13 16:00","2025","04","13","16:00","","15.9","","-2.4","","28","","0.0","","","M","11","","16.1","","97.61","","","","","","NA"
"-80.38","43.46","KITCHENER/WATERLOO","6144239","2025-04-13 17:00","2025","04","13","17:00","","14.9","","-1.5","","32","","0.0","","19","","11","","16.1","","97.61","","","","","","NA"
"-80.38","43.46","KITCHENER/WATERLOO","6144239","2025-04-13 18:00","2025","04","13","18:00","","13.5","","0.0","","39","","0.0","","20","","15","","16.1","","97.63","","","","","","NA"
"-80.38","43.46","KITCHENER/WATERLOO","6144239","2025-04-13 19:00","2025","04","13","19:00","","11.4","","-0.7","","43","","0.0","","21","","17","","16.1","","97.54","","","","","","NA"
"-80.38","43.46","KITCHENER/WATERLOO","6144239","2025-04-13 20:00","2025","04","13","20:00","","9.8","","-1.6","","45","","0.0","","20","","11","","16.1","","97.55","","","","","","NA"
"-80.38","43.46","KITCHENER/WATERLOO","6144239","2025-04-13 21:00","2025","04","13","21:00","","8.4","","-1.4","","50","","0.0","","16","","5","","16.1","","97.55","","","","","","NA"
"-80.38","43.46","KITCHENER/WATERLOO","6144239","2025-04-13 22:00","2025","04","13","22:00","","7.5","","-1.9","","51","","0.0","","10","","8","","16.1","","97.49","","","","","","NA"
"-80.38","43.46","KITCHENER/WATERLOO","6144239","2025-04-13 23:00","2025","04","13","23:00","","8.0","","-1.1","","52","","0.0","","19","","5","","16.1","","97.53","","","","","","NA"
"-80.38","43.46","KITCHENER/WATERLOO","6144239","2025-04-14 00:00","2025","04","14","00:00","","8.1","","-2.5","","47","","0.0","","19","","8","","16.1","","97.52","","","","","","NA"
"-80.38","43.46","KITCHENER/WATERLOO","6144239","2025-04-14 01:00","2025","04","14","01:00","","8.1","","-3.7","","43","","0.0","","18","","9","","16.1","","97.46","","","","","","NA"
"-80.38","43.46","KITCHENER/WATERLOO","6144239","2025-04-14 02:00","2025","04","14","02:00","","8.5","","-3.4","","43","","0.0","","17","","13","","16.1","","97.33","","","","","","NA"
"-80.38","43.46","KITCHENER/WATERLOO","6144239","2025-04-14 03:00","2025","04","14","03:00","","7.5","","0.2","","60","","0.0","","18","","11","","16.1","","97.22","","","","","","Rain"
"-80.38","43.46","KITCHENER/WATERLOO","6144239","2025-04-14 04:00","2025","04","14","04:00","","6.8","","2.8","","76","","0.2","","17","","11","","16.1","","97.16","","","","","","Rain"
"-80.38","43.46","KITCHENER/WATERLOO","6144239","2025-04-14 05:00","2025","04","14","05:00","","5.5","","4.2","","91","","0.8","","12","","8","","16.1","","97.13","","","","","","Rain"
"-80.38","43.46","KITCHENER/WATERLOO","6144239","2025-04-14 06:00","2025","04","14","06:00","","5.3","","4.1","","92","","0.0","","6","","8","","16.1","","97.10","","","","","","NA"
"-80.38","43.46","KITCHENER/WATERLOO","6144239","2025-04-14 07:00","2025","04","14","07:00","","6.4","","4.7","","89","","0.0","","12","","11","","16.1","","97.01","","","","","","NA"
"-80.38","43.46","KITCHENER/WATERLOO","6144239","2025-04-14 08:00","2025","04","14","08:00","","7.8","","5.6","","86","","0.0","","13","","18","","16.1","","96.87","","","","","","NA"
"-80.38","43.46","KITCHENER/WATERLOO","6144239","2025-04-14 09:00","2025","04","14","09:00","","10.9","","5.3","","68","","0.0","","16","","22","","16.1","","96.82","","","","","","NA"
"-80.38","43.46","KITCHENER/WATERLOO","6144239","2025-04-14 10:00","2025","04","14","10:00","","12.9","","3.9","","54","","0.0","","16","","30","","16.1","","96.66","","","","","","NA"
"-80.38","43.46","KITCHENER/WATERLOO","6144239","2025-04-14 11:00","2025","04","14","11:00","","14.3","","4.6","","52","","0.0","","16","","22","","16.1","","96.58","","","","","","NA"
"-80.38","43.46","KITCHENER/WATERLOO","6144239","2025-04-14 12:00","2025","04","14","12:00","","15.9","","4.8","","47","","0.0","","18","","28","","16.1","","96.56","","","","","","NA"
"-80.38","43.46","KITCHENER/WATERLOO","6144239","2025-04-14 13:00","2025","04","14","13:00","","17.1","","5.9","","47","","0.0","","19","","21","","16.1","","96.46","","","","","","NA"
"-80.38","43.46","KITCHENER/WATERLOO","6144239","2025-04-14 14:00","2025","04","14","14:00","","18.1","","6.0","","45","","0.0","","19","","28","","16.1","","96.33","","","","","","NA"
"-80.38","43.46","KITCHENER/WATERLOO","6144239","2025-04-14 15:00","2025","04","14","15:00","","18.6","","7.2","","47","","0.0","","20","","26","","16.1","","96.30","","","","","","NA"
"-80.38","43.46","KITCHENER/WATERLOO","6144239","2025-04-14 16:00","2025","04","14","16:00","","19.1","","7.8","","47","","0.0","","22","","28","","16.1","","96.27","","","","","","NA"
"-80.38","43.46","KITCHENER/WATERLOO","6144239","2025-04-14 17:00","2025","04","14","17:00","","18.0","","8.6","","54","","0.0","","20","","28","","16.1","","96.24","","","","","","NA"
"-80.38","43.46","KITCHENER/WATERLOO","6144239","2025-04-14 18:00","2025","04","14","18:00","","17.6","","9.1","","57","","0.0","","23","","21","","16.1","","96.23","","","","","","NA"
"-80.38","43.46","KITCHENER/WATERLOO","6144239","2025-04-14 19:00","2025","04","14","19:00","","16.0","","8.6","","61","","0.0","","23","","18","","16.1","","96.24","","","","","","NA"
"-80.38","43.46","KITCHENER/WATERLOO","6144239","2025-04-14 20:00","2025","04","14","20:00","","14.5","","0.8","","39","","0.0","","28","","22","","16.1","","96.33","","","","","","NA"
"-80.38","43.46","KITCHENER/WATERLOO","6144239","2025-04-14 21:00","2025","04","14","21:00","","13.0","","0.8","","43","","0.0","","29","","28","","16.1","","96.38","","","","","","NA"
"-80.38","43.46","KITCHENER/WATERLOO","6144239","2025-04-14 22:00","2025","04","14","22:00","","11.0","","1.3","","51","","0.0","","28","","18","","16.1","","96.39","","","","","","NA"
"-80.38","43.46","KITCHENER/WATERLOO","6144239","2025-04-14 23:00","2025","04","14","23:00","","10.1","","1.6","","55","","0.0","","27","","22","","16.1","","96.38","","","","","","NA"
"-80.38","43.46","KITCHENER/WATERLOO","6144239","2025-04-15 00:00","2025","04","15","00:00","","9.7","","1.1","","55","","0.0","","26","","18","","16.1","","96.33","","","","","","NA"
"-80.38","43.46","KITCHENER/WATERLOO","6144239","2025-04-15 01:00","2025","04","15","01:00","","9.5","","1.4","","57","","0.0","","25","","21","","16.1","","96.30","","","","","","NA"
"-80.38","43.46","KITCHENER/WATERLOO","6144239","2025-04-15 02:00","2025","04","15","02:00","","8.5","","1.8","","63","","0.0","","23","","15","","16.1","","96.27","","","","","","NA"
"-80.38","43.46","KITCHENER/WATERLOO","6144239","2025-04-15 03:00","2025","04","15","03:00","","7.6","","1.9","","67","","0.0","","23","","15","","16.1","","96.17","","","","","","NA"
"-80.38","43.46","KITCHENER/WATERLOO","6144239","2025-04-15 04:00","2025","04","15","04:00","","8.4","","2.0","","64","","0.0","","24","","21","","16.1","","96.10","","","","","","NA"
"-80.38","43.46","KITCHENER/WATERLOO","6144239","2025-04-15 05:00","2025","04","15","05:00","","6.3","","0.0","","64","","0.0","","26","","30","","16.1","","96.08","","","","","","NA"
"-80.38","43.46","KITCHENER/WATERLOO","6144239","2025-04-15 06:00","2025","04","15","06:00","","5.8","","-0.1","","66","","0.0","","25","","18","","16.1","","96.06","","","","","","NA"
"-80.38","43.46","KITCHENER/WATERLOO","6144239","2025-04-15 07:00","2025","04","15","07:00","","6.3","","0.4","","66","","0.0","","24","","22","","16.1","","96.07","","","","","","NA"
"-80.38","43.46","KITCHENER/WATERLOO","6144239","2025-04-15 08:00","2025","04","15","08:00","","7.3","","0.5","","62","","0.0","","25","","35","","16.1","","96.04","","","","","","NA"
"-80.38","43.46","KITCHENER/WATERLOO","6144239","2025-04-15 09:00","2025","04","15","09:00","","6.6","","1.3","","69","","0.0","","24","","35","","16.1","","96.03","","","","","","NA"
"-80.38","43.46","KITCHENER/WATERLOO","6144239","2025-04-15 10:00","2025","04","15","10:00","","4.2","","2.4","","88","","0.0","","28","","30","","16.1","","96.12","","","","","","Rain"
"-80.38","43.46","KITCHENER/WATERLOO","6144239","2025-04-15 11:00","2025","04","15","11:00","","4.6","","1.6","","81","","0.2","","29","","39","","16.1","","96.16","","","","","","Rain"
"-80.38","43.46","KITCHENER/WATERLOO","6144239","2025-04-15 12:00","2025","04","15","12:00","","4.9","","-0.8","","67","","0.0","","29","","54","","12.9","","96.14","","","","","","NA"
"-80.38","43.46","KITCHENER/WATERLOO","6144239","2025-04-15 13:00","2025","04","15","13:00","","4.8","","-1.2","","65","","0.0","","28","","45","","16.1","","96.23","","","","","","NA"
"-80.38","43.46","KITCHENER/WATERLOO","6144239","2025-04-15 14:00","2025","04","15","14:00","","3.8","","-1.6","","68","","0.0","","29","","39","","16.1","","96.33","","","","","","NA"
"-80.38","43.46","KITCHENER/WATERLOO","6144239","2025-04-15 15:00","2025","04","15","15:00","","2.9","","-2.4","","68","","0.0","","28","","41","","16.1","","96.41","","","","","","Rain"
"-80.38","43.46","KITCHENER/WATERLOO","6144239","2025-04-15 16:00","2025","04","15","16:00","","2.3","","-2.0","","73","","0.0","","29","","39","","16.1","","96.48","","","","","","NA"
"-80.38","43.46","KITCHENER/WATERLOO","6144239","2025-04-15 17:00","2025","04","15","17:00","","2.2","","-1.4","","77","","0.0","","29","","32","","16.1","","96.54","","","","","","NA"
"-80.38","43.46","KITCHENER/WATERLOO","6144239","2025-04-15 18:00","2025","04","15","18:00","","1.1","","-0.7","","88","","0.0","","30","","26","","6.4","","96.64","","","","","","Rain,Fog"
"-80.38","43.46","KITCHENER/WATERLOO","6144239","2025-04-15 19:00","2025","04","15","19:00","","1.5","","-1.4","","81","","0.0","","29","","45","","16.1","","96.69","","","","","","Rain"
"-80.38","43.46","KITCHENER/WATERLOO","6144239","2025-04-15 20:00","2025","04","15","20:00","","1.2","","-1.3","","84","","0.0","","29","","30","","16.1","","96.77","","","","","","Snow"
"-80.38","43.46","KITCHENER/WATERLOO","6144239","2025-04-15 21:00","2025","04","15","21:00","","0.7","","-1.0","","89","","0.0","","28","","35","","14.5","","96.81","","","","","","Snow"
"-80.38","43.46","KITCHENER/WATERLOO","6144239","2025-04-15 22:00","2025","04","15","22:00","","0.5","","-1.6","","86","","0.0","","29","","35","","12.9","","96.83","","","","","","Rain"
"-80.38","43.46","KITCHENER/WATERLOO","6144239","2025-04-15 23:00","2025","04","15","23:00","","0.3","","-1.8","","86","","0.0","","30","","34","","16.1","","96.88","","","","","","Rain"
"-80.38","43.46","KITCHENER/WATERLOO","6144239","2025-04-16 00:00","2025","04","16","00:00","","0.1","","-2.5","","83","","0.0","","30","","30","","16.1","","96.90","","","","","","NA"
"-80.38","43.46","KITCHENER/WATERLOO","6144239","2025-04-16 01:00","2025","04","16","01:00","","0.2","","-2.4","","83","","0.0","","29","","35","","16.1","","96.91","","","","","","Rain"
"-80.38","43.46","KITCHENER/WATERLOO","6144239","2025-04-16 02:00","2025","04","16","02:00","","0.3","","-2.4","","82","","0.0","","30","","37","","16.1","","96.91","","","","","","NA"
"-80.38","43.46","KITCHENER/WATERLOO","6144239","2025-04-16 03:00","2025","04","16","03:00","","0.3","","-2.4","","82","","0.0","","30","","37","","16.1","","96.95","","","","","","NA"
"-80.38","43.46","KITCHENER/WATERLOO","6144239","2025-04-16 04:00","2025","04","16","04:00","","0.4","","-2.7","","80","","0.0","","30","","35","","16.1","","97.00","","","","","","NA"
"-80.38","43.46","KITCHENER/WATERLOO","6144239","2025-04-16 05:00","2025","04","16","05:00","","0.3","","-2.8","","80","","0.0","","29","","34","","16.1","","97.05","","","","","","NA"
"-80.38","43.46","KITCHENER/WATERLOO","6144239","2025-04-16 06:00","2025","04","16","06:00","","0.2","","-3.2","","78","","0.0","","31","","26","","16.1","","97.13","","","","","","NA"
"-80.38","43.46","KITCHENER/WATERLOO","6144239","2025-04-16 07:00","2025","04","16","07:00","","0.2","","-3.4","","77","","0.0","","30","","28","","16.1","","97.19","","","","","","NA"
"-80.38","43.46","KITCHENER/WATERLOO","6144239","2025-04-16 08:00","2025","04","16","08:00","","0.4","","-3.0","","78","","0.0","","30","","30","","16.1","","97.25","","","","","","NA"
"-80.38","43.46","KITCHENER/WATERLOO","6144239","2025-04-16 09:00","2025","04","16","09:00","","0.7","","-3.1","","76","","0.0","","29","","34","","16.1","","97.33","","","","","","NA"
"-80.38","43.46","KITCHENER/WATERLOO","6144239","2025-04-16 10:00","2025","04","16","10:00","","0.6","","-3.1","","76","","0.0","","30","","35","","16.1","","97.41","","","","","","NA"
"-80.38","43.46","KITCHENER/WATERLOO","6144239","2025-04-16 11:00","2025","04","16","11:00","","1.3","","-3.0","","73","","0.0","","29","","37","","16.1","","97.48","","","","","","NA"
"-80.38","43.46","KITCHENER/WATERLOO","6144239","2025-04-16 12:00","2025","04","16","12:00","","1.5","","-2.6","","74","","0.0","","29","","34","","16.1","","97.53","","","","","","NA"
"-80.38","43.46","KITCHENER/WATERLOO","6144239","2025-04-16 13:00","2025","04","16","13:00","","1.9","","-2.8","","71","","0.0","","29","","34","","16.1","","97.56","","","","","","NA"
"-80.38","43.46","KITCHENER/WATERLOO","6144239","2025-04-16 14:00","2025","04","16","14:00","","2.5","","-2.5","","70","","0.0","","29","","32","","16.1","","97.60","","","","","","NA"
"-80.38","43.46","KITCHENER/WATERLOO","6144239","2025-04-16 15:00","2025","04","16","15:00","","3.0","","-2.5","","67","","0.0","","30","","26","","16.1","","97.65","","","","","","NA"
"-80.38","43.46","KITCHENER/WATERLOO","6144239","2025-04-16 16:00","2025","04","16","16:00","","3.0","","-2.5","","67","","0.0","","30","","26","","16.1","","97.69","","","","","","NA"
"-80.38","43.46","KITCHENER/WATERLOO","6144239","2025-04-16 17:00","2025","04","16","17:00","","3.5","","-2.7","","64","","0.0","","30","","26","","16.1","","97.73","","","","","","NA"
"-80.38","43.46","KITCHENER/WATERLOO","6144239","2025-04-16 18:00","2025","04","16","18:00","","3.2","","-3.0","","64","","0.0","","31","","22","","16.1","","97.79","","","","","","NA"
"-80.38","43.46","KITCHENER/WATERLOO","6144239","2025-04-16 19:00","2025","04","16","19:00","","2.4","","-3.3","","66","","0.0","","31","","17","","16.1","","97.85","","","","","","NA"
"-80.38","43.46","KITCHENER/WATERLOO","6144239","2025-04-16 20:00","2025","04","16","20:00","","0.8","","-4.0","","71","","0.0","","32","","11","","16.1","","97.93","","","","","","NA"
"-80.38","43.46","KITCHENER/WATERLOO","6144239","2025-04-16 21:00","2025","04","16","21:00","","-0.4","","-4.1","","76","","0.0","","29","","11","","16.1","","98.01","","","","-4","","NA"
"-80.38","43.46","KITCHENER/WATERLOO","6144239","2025-04-16 22:00","2025","04","16","22:00","","-0.8","","-4.5","","76","","0.0","","29","","11","","16.1","","98.05","","","","-5","","NA"
"-80.38","43.46","KITCHENER/WATERLOO","6144239","2025-04-16 23:00","2025","04","16","23:00","","-2.0","","-4.9","","81","","0.0","","30","","9","","16.1","","98.08","","","","-5","","NA"
"-80.38","43.46","KITCHENER/WATERLOO","6144239","2025-04-17 00:00","2025","04","17","00:00","","-3.0","","-5.9","","80","","0.0","","29","","9","","16.1","","98.13","","","","-7","","NA"
"-80.38","43.46","KITCHENER/WATERLOO","6144239","2025-04-17 01:00","2025","04","17","01:00","","-3.6","","-5.6","","86","","0.0","","","","0","","16.1","","98.17","","","","","","NA"
"-80.38","43.46","KITCHENER/WATERLOO","6144239","2025-04-17 02:00","2025","04","17","02:00","","-4.8","","-5.9","","92","","0.0","","22","","5","","16.1","","98.19","","","","-7","","NA"
"-80.38","43.46","KITCHENER/WATERLOO","6144239","2025-04-17 03:00","2025","04","17","03:00","","-4.9","","-5.6","","95","","0.0","","23","","4","","16.1","","98.23","","","","-7","","NA"
"-80.38","43.46","KITCHENER/WATERLOO","6144239","2025-04-17 04:00","2025","04","17","04:00","","-4.6","","-6.0","","90","","0.0","","","","0","","16.1","","98.25","","","","","","NA"
"-80.38","43.46","KITCHENER/WATERLOO","6144239","2025-04-17 05:00","2025","04","17","05:00","","-5.6","","-6.0","","97","","0.0","","","","0","","16.1","","98.26","","","","","","NA"
"-80.38","43.46","KITCHENER/WATERLOO","6144239","2025-04-17 06:00","2025","04","17","06:00","","-5.7","","-6.1","","97","","0.0","","28","","4","","16.1","","98.30","","","","-8","","NA"
"-80.38","43.46","KITCHENER/WATERLOO","6144239","2025-04-17 07:00","2025","04","17","07:00","","-1.9","","-3.6","","88","","0.0","","28","","4","","16.1","","98.35","","","","-3","","NA"
"-80.38","43.46","KITCHENER/WATERLOO","6144239","2025-04-17 08:00","2025","04","17","08:00","","1.8","","-4.3","","64","","0.0","","31","","9","","16.1","","98.40","","","","","","NA"
"-80.38","43.46","KITCHENER/WATERLOO","6144239","2025-04-17 09:00","2025","04","17","09:00","","4.4","","-5.9","","47","","0.0","","32","","9","","16.1","","98.42","","","","","","NA"
"-80.38","43.46","KITCHENER/WATERLOO","6144239","2025-04-17 10:00","2025","04","17","10:00","","6.4","","-6.2","","40","","0.0","","30","","5","","16.1","","98.39","","","","","","NA"
"-80.38","43.46","KITCHENER/WATERLOO","6144239","2025-04-17 11:00","2025","04","17","11:00","","8.4","","-7.3","","32","","0.0","","29","","15","","16.1","","98.45","","","","","","NA"
"-80.38","43.46","KITCHENER/WATERLOO","6144239","2025-04-17 12:00","2025","04","17","12:00","","10.0","","-7.1","","29","","0.0","","23","","18","","16.1","","98.46","","","","","","NA"
"-80.38","43.46","KITCHENER/WATERLOO","6144239","2025-04-17 13:00","2025","04","17","13:00","","10.8","","-7.6","","27","","0.0","","28","","13","","16.1","","98.40","","","","","","NA"
"-80.38","43.46","KITCHENER/WATERLOO","6144239","2025-04-17 14:00","2025","04","17","14:00","","11.4","","-5.3","","31","","0.0","","","M","8","","16.1","","98.28","","","","","","NA"
"-80.38","43.46","KITCHENER/WATERLOO","6144239","2025-04-17 15:00","2025","04","17","15:00","","12.5","","-6.2","","27","","0.0","","26","","13","","16.1","","98.20","","","","","","NA"
"-80.38","43.46","KITCHENER/WATERLOO","6144239","2025-04-17 16:00","2025","04","17","16:00","","13.1","","-5.6","","27","","0.0","","21","","17","","16.1","","98.13","","","","","","NA"
"-80.38","43.46","KITCHENER/WATERLOO","6144239","2025-04-17 17:00","2025","04","17","17:00","","13.1","","-4.7","","29","","0.0","","19","","21","","16.1","","98.13","","","","","","NA"
"-80.38","43.46","KITCHENER/WATERLOO","6144239","2025-04-17 18:00","2025","04","17","18:00","","11.4","","-5.1","","31","","0.0","","21","","22","","16.1","","98.17","","","","","","NA"
"-80.38","43.46","KITCHENER/WATERLOO","6144239","2025-04-17 19:00","2025","04","17","19:00","","9.8","","-5.7","","33","","0.0","","20","","11","","16.1","","98.14","","","","","","NA"
"-80.38","43.46","KITCHENER/WATERLOO","6144239","2025-04-17 20:00","2025","04","17","20:00","","6.7","","-4.2","","46","","0.0","","17","","4","","16.1","","98.16","","","","","","NA"
"-80.38","43.46","KITCHENER/WATERLOO","6144239","2025-04-17 21:00","2025","04","17","21:00","","6.5","","-5.8","","41","","0.0","","14","","8","","16.1","","98.14","","","","","","NA"
"-80.38","43.46","KITCHENER/WATERLOO","6144239","2025-04-17 22:00","2025","04","17","22:00","","5.2","","-4.0","","52","","0.0","","16","","9","","16.1","","98.13","","","","","","NA"
"-80.38","43.46","KITCHENER/WATERLOO","6144239","2025-04-17 23:00","2025","04","17","23:00","","4.6","","-3.3","","57","","0.0","","","","0","","16.1","","98.10","","","","","","NA"
"-80.38","43.46","KITCHENER/WATERLOO","6144239","2025-04-18 00:00","2025","04","18","00:00","","3.7","","-3.5","","60","","0.0","","12","","8","","16.1","","98.05","","","","","","NA"
"-80.38","43.46","KITCHENER/WATERLOO","6144239","2025-04-18 01:00","2025","04","18","01:00","","5.0","","-4.1","","52","","0.0","","14","","9","","16.1","","98.00","","","","","","NA"
"-80.38","43.46","KITCHENER/WATERLOO","6144239","2025-04-18 02:00","2025","04","18","02:00","","5.4","","-4.1","","50","","0.0","","13","","8","","16.1","","97.90","","","","","","NA"
"-80.38","43.46","KITCHENER/WATERLOO","6144239","2025-04-18 03:00","2025","04","18","03:00","","5.7","","-3.9","","50","","0.0","","12","","8","","16.1","","97.83","","","","","","NA"
"-80.38","43.46","KITCHENER/WATERLOO","6144239","2025-04-18 04:00","2025","04","18","04:00","","6.1","","-3.4","","51","","0.0","","14","","11","","16.1","","97.80","","","","","","NA"
"-80.38","43.46","KITCHENER/WATERLOO","6144239","2025-04-18 05:00","2025","04","18","05:00","","6.7","","-2.8","","51","","0.0","","13","","13","","16.1","","97.70","","","","","","NA"
"-80.38","43.46","KITCHENER/WATERLOO","6144239","2025-04-18 06:00","2025","04","18","06:00","","7.4","","-1.8","","52","","0.0","","14","","17","","16.1","","97.59","","","","","","NA"
"-80.38","43.46","KITCHENER/WATERLOO","6144239","2025-04-18 07:00","2025","04","18","07:00","","8.4","","-1.1","","51","","0.0","","14","","15","","16.1","","97.51","","","","","","NA"
"-80.38","43.46","KITCHENER/WATERLOO","6144239","2025-04-18 08:00","2025","04","18","08:00","","10.3","","-0.8","","46","","0.0","","14","","21","","16.1","","97.38","","","","","","NA"
"-80.38","43.46","KITCHENER/WATERLOO","6144239","2025-04-18 09:00","2025","04","18","09:00","","11.4","","-1.0","","42","","0.0","","16","","22","","16.1","","97.30","","","","","","NA"
"-80.38","43.46","KITCHENER/WATERLOO","6144239","2025-04-18 10:00","2025","04","18","10:00","","11.9","","0.7","","46","","0.0","","13","","5","","16.1","","97.26","","","","","","NA"
"-80.38","43.46","KITCHENER/WATERLOO","6144239","2025-04-18 11:00","2025","04","18","11:00","","17.3","","1.7","","35","","0.0","","20","","28","","16.1","","97.19","","","","","","NA"
"-80.38","43.46","KITCHENER/WATERLOO","6144239","2025-04-18 12:00","2025","04","18","12:00","","17.9","","3.9","","39","","0.0","","22","","34","","16.1","","97.26","","","","","","NA"
"-80.38","43.46","KITCHENER/WATERLOO","6144239","2025-04-18 13:00","2025","04","18","13:00","","20.8","","6.5","","39","","0.0","","23","","30","","16.1","","97.24","","","","","","NA"
"-80.38","43.46","KITCHENER/WATERLOO","6144239","2025-04-18 14:00","2025","04","18","14:00","","15.5","","10.9","","74","","0.0","","25","","30","","16.1","","97.36","","","","","","Rain"
"-80.38","43.46","KITCHENER/WATERLOO","6144239","2025-04-18 15:00","2025","04","18","15:00","","15.8","","11.8","","77","","0.5","","19","","22","","16.1","","96.86","","","","","","NA"
"-80.38","43.46","KITCHENER/WATERLOO","6144239","2025-04-18 16:00","2025","04","18","16:00","","18.7","","12.1","","65","","0.0","","22","","13","","16.1","","97.02","","","","","","NA"
"-80.38","43.46","KITCHENER/WATERLOO","6144239","2025-04-18 17:00","2025","04","18","17:00","","20.4","","11.4","","56","","0.0","","22","","15","","16.1","","97.05","","","","","","NA"
"-80.38","43.46","KITCHENER/WATERLOO","6144239","2025-04-18 18:00","2025","04","18","18:00","","20.3","","11.4","","56","","0.0","","19","","18","","16.1","","97.03","","","","","","NA"
"-80.38","43.46","KITCHENER/WATERLOO","6144239","2025-04-18 19:00","2025","04","18","19:00","","18.9","","11.3","","61","","0.0","","20","","9","","16.1","","97.08","","","","","","NA"
"-80.38","43.46","KITCHENER/WATERLOO","6144239","2025-04-18 20:00","2025","04","18","20:00","","18.0","","11.4","","65","","0.0","","19","","9","","16.1","","97.09","","","","","","NA"
"-80.38","43.46","KITCHENER/WATERLOO","6144239","2025-04-18 21:00","2025","04","18","21:00","","17.3","","12.9","","75","","0.2","","21","","22","","16.1","","97.19","","","","","","Rain"
"-80.38","43.46","KITCHENER/WATERLOO","6144239","2025-04-18 22:00","2025","04","18","22:00","","15.9","","13.1","","83","","0.5","","16","","24","","16.1","","96.93","","","","","","Rain"
"-80.38","43.46","KITCHENER/WATERLOO","6144239","2025-04-18 23:00","2025","04","18","23:00","","16.9","","12.7","","76","","0.0","","19","","18","","16.1","","96.88","","","","","","NA"
"-80.38","43.46","KITCHENER/WATERLOO","6144239","2025-04-19 00:00","2025","04","19","00:00","","17.5","","12.3","","71","","0.0","","20","","22","","16.1","","96.97","","","","","","NA"
"-80.38","43.46","KITCHENER/WATERLOO","6144239","2025-04-19 01:00","2025","04","19","01:00","","18.3","","12.7","","70","","0.0","","22","","28","","16.1","","96.94","","","","","","NA"
"-80.38","43.46","KITCHENER/WATERLOO","6144239","2025-04-19 02:00","2025","04","19","02:00","","17.1","","12.7","","75","","0.0","","22","","21","","16.1","","96.91","","","","","","NA"
"-80.38","43.46","KITCHENER/WATERLOO","6144239","2025-04-19 03:00","2025","04","19","03:00","","17.4","","13.4","","77","","0.0","","22","","17","","16.1","","96.92","","","","","","NA"
"-80.38","43.46","KITCHENER/WATERLOO","6144239","2025-04-19 04:00","2025","04","19","04:00","","16.6","","13.7","","83","","0.0","","21","","18","","16.1","","96.94","","","","","","NA"
"-80.38","43.46","KITCHENER/WATERLOO","6144239","2025-04-19 05:00","2025","04","19","05:00","","17.1","","14.7","","86","","0.0","","22","","18","","16.1","","96.95","","","","","","Thunderstorms"
"-80.38","43.46","KITCHENER/WATERLOO","6144239","2025-04-19 06:00","2025","04","19","06:00","","17.0","","15.0","","88","","0.0","","21","","18","","16.1","","96.97","","","","","","NA"
"-80.38","43.46","KITCHENER/WATERLOO","6144239","2025-04-19 07:00","2025","04","19","07:00","","18.4","","15.7","","84","","0.0","","23","","30","","16.1","","97.04","","","","","","NA"
"-80.38","43.46","KITCHENER/WATERLOO","6144239","2025-04-19 08:00","2025","04","19","08:00","","19.5","","15.9","","79","","0.0","","24","","28","","16.1","","97.06","","","","","","NA"
"-80.38","43.46","KITCHENER/WATERLOO","6144239","2025-04-19 09:00","2025","04","19","09:00","","20.5","","15.7","","74","","0.0","","26","","34","","16.1","","97.05","","25","","","","NA"
"-80.38","43.46","KITCHENER/WATERLOO","6144239","2025-04-19 10:00","2025","04","19","10:00","","18.4","","14.0","","75","","0.0","","26","","26","","16.1","","97.19","","","","","","NA"
"-80.38","43.46","KITCHENER/WATERLOO","6144239","2025-04-19 11:00","2025","04","19","11:00","","15.4","","12.4","","82","","0.0","","29","","30","","16.1","","97.29","","","","","","NA"
"-80.38","43.46","KITCHENER/WATERLOO","6144239","2025-04-19 12:00","2025","04","19","12:00","","14.3","","11.3","","82","","0.0","","28","","26","","16.1","","97.36","","","","","","NA"
"-80.38","43.46","KITCHENER/WATERLOO","6144239","2025-04-19 13:00","2025","04","19","13:00","","12.9","","9.8","","81","","0.0","","29","","32","","16.1","","97.39","","","","","","NA"
"-80.38","43.46","KITCHENER/WATERLOO","6144239","2025-04-19 14:00","2025","04","19","14:00","","10.8","","7.7","","81","","0.0","","30","","30","","16.1","","97.52","","","","","","NA"
"-80.38","43.46","KITCHENER/WATERLOO","6144239","2025-04-19 15:00","2025","04","19","15:00","","9.9","","6.7","","80","","0.0","","31","","21","","16.1","","97.62","","","","","","NA"
"-80.38","43.46","KITCHENER/WATERLOO","6144239","2025-04-19 16:00","2025","04","19","16:00","","9.6","","6.0","","78","","0.0","","29","","32","","16.1","","97.75","","","","","","NA"
"-80.38","43.46","KITCHENER/WATERLOO","6144239","2025-04-19 17:00","2025","04","19","17:00","","8.5","","5.4","","81","","0.0","","30","","24","","16.1","","97.86","","","","","","NA"
"-80.38","43.46","KITCHENER/WATERLOO","6144239","2025-04-19 18:00","2025","04","19","18:00","","8.1","","4.5","","78","","0.0","","29","","24","","16.1","","98.02","","","","","","NA"
"-80.38","43.46","KITCHENER/WATERLOO","6144239","2025-04-19 19:00","2025","04","19","19:00","","8.1","","4.0","","75","","0.0","","32","","22","","16.1","","98.11","","","","","","NA"
"-80.38","43.46","KITCHENER/WATERLOO","6144239","2025-04-19 20:00","2025","04","19","20:00","","7.4","","3.8","","78","","0.0","","31","","32","","16.1","","98.19","","","","","","NA"
"-80.38","43.46","KITCHENER/WATERLOO","6144239","2025-04-19 21:00","2025","04","19","21:00","","5.4","","1.7","","77","","0.0","","32","","21","","16.1","","98.33","","","","","","NA"
"-80.38","43.46","KITCHENER/WATERLOO","6144239","2025-04-19 22:00","2025","04","19","22:00","","4.5","","1.0","","78","","0.0","","32","","15","","16.1","","98.41","","","","","","NA"
"-80.38","43.46","KITCHENER/WATERLOO","6144239","2025-04-19 23:00","2025","04","19","23:00","","3.6","","0.3","","79","","0.0","","31","","21","","16.1","","98.51","","","","","","NA"
"-80.38","43.46","KITCHENER/WATERLOO","6144239","2025-04-20 00:00","2025","04","20","00:00","","2.8","","-0.3","","80","","0.0","","30","","15","","16.1","","98.61","","","","","","NA"
"-80.38","43.46","KITCHENER/WATERLOO","6144239","2025-04-20 01:00","2025","04","20","01:00","","2.3","","-1.0","","79","","0.0","","30","","11","","16.1","","98.67","","","","","","NA"
"-80.38","43.46","KITCHENER/WATERLOO","6144239","2025-04-20 02:00","2025","04","20","02:00","","1.4","","-1.3","","82","","0.0","","29","","13","","16.1","","98.75","","","","","","NA"
"-80.38","43.46","KITCHENER/WATERLOO","6144239","2025-04-20 03:00","2025","04","20","03:00","","0.9","","-1.4","","85","","0.0","","30","","9","","16.1","","98.84","","","","","","NA"
"-80.38","43.46","KITCHENER/WATERLOO","6144239","2025-04-20 04:00","2025","04","20","04:00","","1.0","","-0.9","","87","","0.0","","33","","15","","16.1","","98.89","","","","","","NA"
"-80.38","43.46","KITCHENER/WATERLOO","6144239","2025-04-20 05:00","2025","04","20","05:00","","0.8","","-1.2","","86","","0.0","","31","","15","","16.1","","99.04","","","","","","NA"
"-80.38","43.46","KITCHENER/WATERLOO","6144239","2025-04-20 06:00","2025","04","20","06:00","","0.5","","-1.6","","86","","0.0","","31","","13","","16.1","","99.10","","","","","","NA"
"-80.38","43.46","KITCHENER/WATERLOO","6144239","2025-04-20 07:00","2025","04","20","07:00","","2.3","","-0.9","","80","","0.0","","33","","11","","16.1","","99.17","","","","","","NA"
"-80.38","43.46","KITCHENER/WATERLOO","6144239","2025-04-20 08:00","2025","04","20","08:00","","3.3","","-1.1","","73","","0.0","","3","","13","","16.1","","99.22","","","","","","NA"
"-80.38","43.46","KITCHENER/WATERLOO","6144239","2025-04-20 09:00","2025","04","20","09:00","","4.3","","-1.7","","65","","0.0","","3","","13","","16.1","","99.20","","","","","","NA"
"-80.38","43.46","KITCHENER/WATERLOO","6144239","2025-04-20 10:00","2025","04","20","10:00","","6.3","","-1.1","","59","","0.0","","6","","17","","16.1","","99.23","","","","","","NA"
"-80.38","43.46","KITCHENER/WATERLOO","6144239","2025-04-20 11:00","2025","04","20","11:00","","7.7","","-1.3","","53","","0.0","","11","","8","","16.1","","99.24","","","","","","NA"
"-80.38","43.46","KITCHENER/WATERLOO","6144239","2025-04-20 12:00","2025","04","20","12:00","","10.0","","-0.9","","47","","0.0","","","M","4","","16.1","","99.22","","","","","","NA"
"-80.38","43.46","KITCHENER/WATERLOO","6144239","2025-04-20 13:00","2025","04","20","13:00","","11.4","","-1.9","","39","","0.0","","","M","11","","16.1","","99.18","","","","","","NA"
"-80.38","43.46","KITCHENER/WATERLOO","6144239","2025-04-20 14:00","2025","04","20","14:00","","11.8","","-2.5","","37","","0.0","","6","","5","","16.1","","99.08","","","","","","NA"
"-80.38","43.46","KITCHENER/WATERLOO","6144239","2025-04-20 15:00","2025","04","20","15:00","","12.8","","-0.9","","39","","0.0","","12","","8","","16.1","","99.01","","","","","","NA"
"-80.38","43.46","KITCHENER/WATERLOO","6144239","2025-04-20 16:00","2025","04","20","16:00","","12.9","","-0.3","","40","","0.0","","12","","13","","16.1","","98.95","","","","","","NA"
"-80.38","43.46","KITCHENER/WATERLOO","6144239","2025-04-20 17:00","2025","04","20","17:00","","11.9","","0.3","","45","","0.0","","11","","13","","16.1","","98.93","","","","","","NA"
"-80.38","43.46","KITCHENER/WATERLOO","6144239","2025-04-20 18:00","2025","04","20","18:00","","9.6","","-0.3","","50","","0.0","","10","","22","","16.1","","98.87","","","","","","NA"
"-80.38","43.46","KITCHENER/WATERLOO","6144239","2025-04-20 19:00","2025","04","20","19:00","","7.2","","-1.0","","56","","0.0","","11","","18","","16.1","","98.85","","","","","","NA"
"-80.38","43.46","KITCHENER/WATERLOO","6144239","2025-04-20 20:00","2025","04","20","20:00","","5.7","","-1.7","","59","","0.0","","11","","11","","16.1","","98.86","","","","","","NA"
"-80.38","43.46","KITCHENER/WATERLOO","6144239","2025-04-20 21:00","2025","04","20","21:00","","5.6","","-2.3","","57","","0.0","","11","","13","","16.1","","98.84","","","","","","NA"
"-80.38","43.46","KITCHENER/WATERLOO","6144239","2025-04-20 22:00","2025","04","20","22:00","","4.9","","-2.8","","58","","0.0","","8","","18","","16.1","","98.75","","","","","","NA"
"-80.38","43.46","KITCHENER/WATERLOO","6144239","2025-04-20 23:00","2025","04","20","23:00","","4.8","","-2.7","","58","","0.0","","8","","17","","16.1","","98.65","","","","","","NA"
"-80.38","43.46","KITCHENER/WATERLOO","6144239","2025-04-21 00:00","2025","04","21","00:00","","5.6","","-4.3","","49","","0.0","","9","","21","","16.1","","98.52","","","","","","NA"
"-80.38","43.46","KITCHENER/WATERLOO","6144239","2025-04-21 01:00","2025","04","21","01:00","","5.9","","-5.6","","44","","0.0","","9","","21","","16.1","","98.46","","","","","","NA"
"-80.38","43.46","KITCHENER/WATERLOO","6144239","2025-04-21 02:00","2025","04","21","02:00","","5.9","","-5.9","","43","","0.0","","9","","26","","16.1","","98.30","","","","","","NA"
"-80.38","43.46","KITCHENER/WATERLOO","6144239","2025-04-21 03:00","2025","04","21","03:00","","5.4","","-3.3","","54","","0.0","","8","","28","","16.1","","98.06","","","","","","NA"
"-80.38","43.46","KITCHENER/WATERLOO","6144239","2025-04-21 04:00","2025","04","21","04:00","","5.4","","-4.7","","48","","0.0","","10","","26","","16.1","","98.06","","","","","","NA"
"-80.38","43.46","KITCHENER/WATERLOO","6144239","2025-04-21 05:00","2025","04","21","05:00","","5.2","","-4.4","","50","","0.0","","9","","28","","16.1","","97.90","","","","","","NA"
"-80.38","43.46","KITCHENER/WATERLOO","6144239","2025-04-21 06:00","2025","04","21","06:00","","4.7","","-2.4","","60","","0.0","","9","","28","","16.1","","97.80","","","","","","NA"
"-80.38","43.46","KITCHENER/WATERLOO","6144239","2025-04-21 07:00","2025","04","21","07:00","","3.6","","0.3","","79","","1.2","","9","","24","","8.1","","97.71","","","","","","Moderate Rain"
"-80.38","43.46","KITCHENER/WATERLOO","6144239","2025-04-21 08:00","2025","04","21","08:00","","5.4","","0.7","","72","","0.0","","9","","21","","16.1","","97.63","","","","","","NA"
"-80.38","43.46","KITCHENER/WATERLOO","6144239","2025-04-21 09:00","2025","04","21","09:00","","6.8","","1.4","","69","","0.0","","9","","18","","16.1","","97.52","","","","","","NA"
"-80.38","43.46","KITCHENER/WATERLOO","6144239","2025-04-21 10:00","2025","04","21","10:00","","8.0","","2.7","","69","","0.0","","9","","17","","16.1","","97.45","","","","","","NA"
"-80.38","43.46","KITCHENER/WATERLOO","6144239","2025-04-21 11:00","2025","04","21","11:00","","8.6","","4.9","","77","","0.0","","12","","11","","16.1","","97.36","","","","","","Rain"
"-80.38","43.46","KITCHENER/WATERLOO","6144239","2025-04-21 12:00","2025","04","21","12:00","","8.2","","5.5","","83","","1.2","","11","","13","","16.1","","97.22","","","","","","Rain"
"-80.38","43.46","KITCHENER/WATERLOO","6144239","2025-04-21 13:00","2025","04","21","13:00","","9.7","","7.4","","86","","0.2","","11","","18","","16.1","","97.13","","","","","","NA"
"-80.38","43.46","KITCHENER/WATERLOO","6144239","2025-04-21 14:00","2025","04","21","14:00","","12.5","","10.4","","87","","0.2","","13","","13","","16.1","","97.02","","","","","","NA"
"-80.38","43.46","KITCHENER/WATERLOO","6144239","2025-04-21 15:00","2025","04","21","15:00","","15.4","","12.0","","80","","0.0","","14","","22","","16.1","","96.87","","","","","","NA"
"-80.38","43.46","KITCHENER/WATERLOO","6144239","2025-04-21 16:00","2025","04","21","16:00","","20.4","","14.2","","67","","0.0","","19","","32","","16.1","","96.79","","","","","","NA"
"-80.38","43.46","KITCHENER/WATERLOO","6144239","2025-04-21 17:00","2025","04","21","17:00","","21.1","","10.7","","51","","0.0","","23","","39","","16.1","","96.80","","","","","","NA"
"-80.38","43.46","KITCHENER/WATERLOO","6144239","2025-04-21 18:00","2025","04","21","18:00","","19.8","","9.2","","50","","0.0","","23","","41","","16.1","","96.86","","","","","","NA"
"-80.38","43.46","KITCHENER/WATERLOO","6144239","2025-04-21 19:00","2025","04","21","19:00","","17.7","","9.4","","58","","0.0","","24","","32","","16.1","","96.95","","","","","","NA"
"-80.38","43.46","KITCHENER/WATERLOO","6144239","2025-04-21 20:00","2025","04","21","20:00","","13.6","","8.1","","69","","0.0","","28","","34","","16.1","","97.16","","","","","","NA"
"-80.38","43.46","KITCHENER/WATERLOO","6144239","2025-04-21 21:00","2025","04","21","21:00","","10.4","","4.8","","68","","0.0","","28","","37","","16.1","","97.28","","","","","","NA"
"-80.38","43.46","KITCHENER/WATERLOO","6144239","2025-04-21 22:00","2025","04","21","22:00","","9.6","","3.6","","66","","0.0","","28","","34","","16.1","","97.33","","","","","","NA"
"-80.38","43.46","KITCHENER/WATERLOO","6144239","2025-04-21 23:00","2025","04","21","23:00","","9.3","","3.3","","66","","0.0","","26","","35","","16.1","","97.36","","","","","","NA"
"-80.38","43.46","KITCHENER/WATERLOO","6144239","2025-04-22 00:00","2025","04","22","00:00","","9.1","","3.1","","66","","0.0","","26","","39","","16.1","","97.40","","","","","","NA"
"-80.38","43.46","KITCHENER/WATERLOO","6144239","2025-04-22 01:00","2025","04","22","01:00","","8.2","","2.1","","65","","0.0","","26","","39","","16.1","","97.44","","","","","","NA"
"-80.38","43.46","KITCHENER/WATERLOO","6144239","2025-04-22 02:00","2025","04","22","02:00","","7.5","","1.4","","65","","0.0","","27","","37","","16.1","","97.51","","","","","","NA"
"-80.38","43.46","KITCHENER/WATERLOO","6144239","2025-04-22 03:00","2025","04","22","03:00","","7.1","","0.3","","62","","0.0","","26","","24","","16.1","","97.55","","","","","","NA"
"-80.38","43.46","KITCHENER/WATERLOO","6144239","2025-04-22 04:00","2025","04","22","04:00","","6.9","","0.1","","62","","0.0","","26","","28","","16.1","","97.57","","","","","","NA"
"-80.38","43.46","KITCHENER/WATERLOO","6144239","2025-04-22 05:00","2025","04","22","05:00","","7.0","","0.5","","63","","0.0","","26","","32","","16.1","","97.60","","","","","","NA"
"-80.38","43.46","KITCHENER/WATERLOO","6144239","2025-04-22 06:00","2025","04","22","06:00","","6.9","","0.9","","66","","0.0","","26","","32","","16.1","","97.68","","","","","","NA"
"-80.38","43.46","KITCHENER/WATERLOO","6144239","2025-04-22 07:00","2025","04","22","07:00","","6.6","","0.7","","66","","0.0","","28","","30","","16.1","","97.72","","","","","","NA"
"-80.38","43.46","KITCHENER/WATERLOO","6144239","2025-04-22 08:00","2025","04","22","08:00","","7.3","","0.6","","62","","0.0","","28","","35","","16.1","","97.80","","","","","","NA"
"-80.38","43.46","KITCHENER/WATERLOO","6144239","2025-04-22 09:00","2025","04","22","09:00","","7.3","","0.6","","62","","0.0","","28","","30","","16.1","","97.86","","","","","","NA"
"-80.38","43.46","KITCHENER/WATERLOO","6144239","2025-04-22 10:00","2025","04","22","10:00","","8.8","","0.6","","56","","0.0","","31","","32","","16.1","","97.90","","","","","","NA"
"-80.38","43.46","KITCHENER/WATERLOO","6144239","2025-04-22 11:00","2025","04","22","11:00","","9.8","","1.0","","54","","0.0","","27","","30","","16.1","","97.96","","","","","","NA"
"-80.38","43.46","KITCHENER/WATERLOO","6144239","2025-04-22 12:00","2025","04","22","12:00","","11.0","","1.7","","53","","0.0","","27","","30","","16.1","","97.97","","","","","","NA"
"-80.38","43.46","KITCHENER/WATERLOO","6144239","2025-04-22 13:00","2025","04","22","13:00","","11.6","","1.0","","48","","0.0","","28","","32","","16.1","","98.00","","","","","","NA"
"-80.38","43.46","KITCHENER/WATERLOO","6144239","2025-04-22 14:00","2025","04","22","14:00","","12.5","","0.9","","45","","0.0","","26","","26","","16.1","","98.04","","","","","","NA"
"-80.38","43.46","KITCHENER/WATERLOO","6144239","2025-04-22 15:00","2025","04","22","15:00","","12.5","","-0.1","","42","","0.0","","28","","32","","16.1","","98.05","","","","","","NA"
"-80.38","43.46","KITCHENER/WATERLOO","6144239","2025-04-22 16:00","2025","04","22","16:00","","12.6","","0.1","","42","","0.0","","31","","26","","16.1","","98.06","","","","","","NA"
"-80.38","43.46","KITCHENER/WATERLOO","6144239","2025-04-22 17:00","2025","04","22","17:00","","12.6","","0.0","","42","","0.0","","29","","17","","16.1","","98.11","","","","","","NA"
"-80.38","43.46","KITCHENER/WATERLOO","6144239","2025-04-22 18:00","2025","04","22","18:00","","12.2","","0.0","","43","","0.0","","28","","17","","16.1","","98.12","","","","","","NA"
"-80.38","43.46","KITCHENER/WATERLOO","6144239","2025-04-22 19:00","2025","04","22","19:00","","10.6","","-0.2","","47","","0.0","","29","","15","","16.1","","98.15","","","","","","NA"
"-80.38","43.46","KITCHENER/WATERLOO","6144239","2025-04-22 20:00","2025","04","22","20:00","","7.8","","-0.4","","56","","0.0","","29","","4","","16.1","","98.17","","","","","","NA"
"-80.38","43.46","KITCHENER/WATERLOO","6144239","2025-04-22 21:00","2025","04","22","21:00","","5.9","","2.3","","78","","0.0","","","","0","","16.1","","98.24","","","","","","NA"
"-80.38","43.46","KITCHENER/WATERLOO","6144239","2025-04-22 22:00","2025","04","22","22:00","","7.6","","0.6","","61","","0.0","","19","","8","","16.1","","98.27","","","","","","NA"
"-80.38","43.46","KITCHENER/WATERLOO","6144239","2025-04-22 23:00","2025","04","22","23:00","","7.4","","1.3","","65","","0.0","","","M","4","","16.1","","98.31","","","","","","NA"
"-80.38","43.46","KITCHENER/WATERLOO","6144239","2025-04-23 00:00","2025","04","23","00:00","","4.8","","2.0","","82","","0.0","","6","","9","","16.1","","98.33","","","","","","NA"
"-80.38","43.46","KITCHENER/WATERLOO","6144239","2025-04-23 01:00","2025","04","23","01:00","","5.9","","1.9","","75","","0.0","","7","","9","","16.1","","98.33","","","","","","NA"
"-80.38","43.46","KITCHENER/WATERLOO","6144239","2025-04-23 02:00","2025","04","23","02:00","","4.4","","1.8","","83","","0.0","","6","","5","","16.1","","98.32","","","","","","NA"
"-80.38","43.46","KITCHENER/WATERLOO","6144239","2025-04-23 03:00","2025","04","23","03:00","","5.0","","2.4","","84","","0.0","","7","","11","","16.1","","98.34","","","","","","NA"
"-80.38","43.46","KITCHENER/WATERLOO","6144239","2025-04-23 04:00","2025","04","23","04:00","","5.0","","1.5","","78","","0.0","","17","","5","","16.1","","98.39","","","","","","NA"
"-80.38","43.46","KITCHENER/WATERLOO","6144239","2025-04-23 05:00","2025","04","23","05:00","","3.8","","0.7","","80","","0.0","","8","","8","","16.1","","98.40","","","","","","NA"
"-80.38","43.46","KITCHENER/WATERLOO","6144239","2025-04-23 06:00","2025","04","23","06:00","","4.0","","0.5","","78","","0.0","","12","","4","","16.1","","98.46","","","","","","NA"
"-80.38","43.46","KITCHENER/WATERLOO","6144239","2025-04-23 07:00","2025","04","23","07:00","","6.1","","1.6","","73","","0.0","","11","","13","","16.1","","98.52","","","","","","NA"
"-80.38","43.46","KITCHENER/WATERLOO","6144239","2025-04-23 08:00","2025","04","23","08:00","","8.6","","1.5","","61","","0.0","","9","","11","","16.1","","98.56","","","","","","NA"
"-80.38","43.46","KITCHENER/WATERLOO","6144239","2025-04-23 09:00","2025","04","23","09:00","","10.5","","1.4","","53","","0.0","","10","","11","","16.1","","98.57","","","","","","NA"
"-80.38","43.46","KITCHENER/WATERLOO","6144239","2025-04-23 10:00","2025","04","23","10:00","","12.9","","1.8","","47","","0.0","","15","","8","","16.1","","98.56","","","","","","NA"
"-80.38","43.46","KITCHENER/WATERLOO","6144239","2025-04-23 11:00","2025","04","23","11:00","","15.2","","1.6","","40","","0.0","","15","","13","","11.3","","98.54","","","","","","NA"
"-80.38","43.46","KITCHENER/WATERLOO","6144239","2025-04-23 12:00","2025","04","23","12:00","","16.8","","2.5","","38","","0.0","","11","","11","","9.7","","98.48","","","","","","Haze"
"-80.38","43.46","KITCHENER/WATERLOO","6144239","2025-04-23 13:00","2025","04","23","13:00","","17.8","","3.5","","38","","0.0","","15","","13","","16.1","","98.47","","","","","","NA"
"-80.38","43.46","KITCHENER/WATERLOO","6144239","2025-04-23 14:00","2025","04","23","14:00","","18.6","","3.6","","37","","0.0","","","M","9","","16.1","","98.47","","","","","","NA"
"-80.38","43.46","KITCHENER/WATERLOO","6144239","2025-04-23 15:00","2025","04","23","15:00","","19.3","","5.1","","39","","0.0","","18","","9","","16.1","","98.42","","","","","","NA"
"-80.38","43.46","KITCHENER/WATERLOO","6144239","2025-04-23 16:00","2025","04","23","16:00","","20.1","","4.8","","36","","0.0","","11","","15","","12.9","","98.39","","","","","","NA"
"-80.38","43.46","KITCHENER/WATERLOO","6144239","2025-04-23 17:00","2025","04","23","17:00","","19.8","","4.8","","37","","0.0","","15","","9","","16.1","","98.38","","","","","","NA"
"-80.38","43.46","KITCHENER/WATERLOO","6144239","2025-04-23 18:00","2025","04","23","18:00","","17.7","","5.5","","44","","0.0","","13","","17","","16.1","","98.39","","","","","","NA"
"-80.38","43.46","KITCHENER/WATERLOO","6144239","2025-04-23 19:00","2025","04","23","19:00","","14.6","","4.4","","50","","0.0","","12","","11","","16.1","","98.40","","","","","","NA"
"-80.38","43.46","KITCHENER/WATERLOO","6144239","2025-04-23 20:00","2025","04","23","20:00","","13.8","","3.8","","51","","0.0","","13","","11","","16.1","","98.44","","","","","","NA"
"-80.38","43.46","KITCHENER/WATERLOO","6144239","2025-04-23 21:00","2025","04","23","21:00","","12.3","","1.9","","49","","0.0","","11","","17","","16.1","","98.44","","","","","","NA"
"-80.38","43.46","KITCHENER/WATERLOO","6144239","2025-04-23 22:00","2025","04","23","22:00","","11.2","","1.8","","52","","0.0","","12","","4","","16.1","","98.45","","","","","","NA"
"-80.38","43.46","KITCHENER/WATERLOO","6144239","2025-04-23 23:00","2025","04","23","23:00","","9.6","","1.6","","57","","0.0","","9","","9","","16.1","","98.47","","","","","","NA"
"-80.38","43.46","KITCHENER/WATERLOO","6144239","2025-04-24 00:00","2025","04","24","00:00","","9.5","","1.2","","56","","0.0","","3","","5","","16.1","","98.45","","","","","","NA"
"-80.38","43.46","KITCHENER/WATERLOO","6144239","2025-04-24 01:00","2025","04","24","01:00","","7.5","","1.3","","65","","0.0","","14","","4","","16.1","","98.41","","","","","","NA"
"-80.38","43.46","KITCHENER/WATERLOO","6144239","2025-04-24 02:00","2025","04","24","02:00","","6.9","","1.0","","66","","0.0","","","","0","","16.1","","98.36","","","","","","NA"
"-80.38","43.46","KITCHENER/WATERLOO","6144239","2025-04-24 03:00","2025","04","24","03:00","","7.2","","2.8","","74","","0.0","","5","","4","","16.1","","98.35","","","","","","NA"
"-80.38","43.46","KITCHENER/WATERLOO","6144239","2025-04-24 04:00","2025","04","24","04:00","","6.3","","3.3","","81","","0.0","","","","0","","16.1","","98.35","","","","","","NA"
"-80.38","43.46","KITCHENER/WATERLOO","6144239","2025-04-24 05:00","2025","04","24","05:00","","6.8","","3.7","","80","","0.0","","","","0","","16.1","","98.38","","","","","","NA"
"-80.38","43.46","KITCHENER/WATERLOO","6144239","2025-04-24 06:00","2025","04","24","06:00","","6.5","","3.8","","83","","0.0","","","M","4","","16.1","","98.39","","","","","","NA"
"-80.38","43.46","KITCHENER/WATERLOO","6144239","2025-04-24 07:00","2025","04","24","07:00","","10.3","","3.1","","61","","0.0","","","","0","","16.1","","98.44","","","","","","NA"
"-80.38","43.46","KITCHENER/WATERLOO","6144239","2025-04-24 08:00","2025","04","24","08:00","","13.3","","4.0","","53","","0.0","","19","","8","","16.1","","98.42","","","","","","NA"
"-80.38","43.46","KITCHENER/WATERLOO","6144239","2025-04-24 09:00","2025","04","24","09:00","","17.9","","6.9","","48","","0.0","","21","","9","","16.1","","98.38","","","","","","NA"
"-80.38","43.46","KITCHENER/WATERLOO","6144239","2025-04-24 10:00","2025","04","24","10:00","","21.5","","9.2","","45","","0.0","","22","","17","","16.1","","98.35","","","","","","NA"
"-80.38","43.46","KITCHENER/WATERLOO","6144239","2025-04-24 11:00","2025","04","24","11:00","","22.7","","9.5","","43","","0.0","","27","","21","","16.1","","98.36","","","","","","NA"
"-80.38","43.46","KITCHENER/WATERLOO","6144239","2025-04-24 12:00","2025","04","24","12:00","","23.6","","9.8","","41","","0.0","","30","","18","","16.1","","98.34","","25","","","","NA"
"-80.38","43.46","KITCHENER/WATERLOO","6144239","2025-04-24 13:00","2025","04","24","13:00","","24.8","","9.3","","37","","0.0","","28","","18","","16.1","","98.31","","26","","","","NA"
"-80.38","43.46","KITCHENER/WATERLOO","6144239","2025-04-24 14:00","2025","04","24","14:00","","24.7","","8.0","","34","","0.0","","27","","15","","16.1","","98.30","","25","","","","NA"
"-80.38","43.46","KITCHENER/WATERLOO","6144239","2025-04-24 15:00","2025","04","24","15:00","","25.2","","10.0","","38","","0.0","","26","","9","","16.1","","98.27","","26","","","","NA"
"-80.38","43.46","KITCHENER/WATERLOO","6144239","2025-04-24 16:00","2025","04","24","16:00","","25.2","","8.4","","34","","0.0","","30","","22","","16.1","","98.20","","26","","","","NA"
"-80.38","43.46","KITCHENER/WATERLOO","6144239","2025-04-24 17:00","2025","04","24","17:00","","24.6","","7.8","","34","","0.0","","27","","18","","16.1","","98.23","","25","","","","NA"
"-80.38","43.46","KITCHENER/WATERLOO","6144239","2025-04-24 18:00","2025","04","24","18:00","","23.5","","7.4","","35","","0.0","","32","","15","","16.1","","98.23","","","","","","NA"
"-80.38","43.46","KITCHENER/WATERLOO","6144239","2025-04-24 19:00","2025","04","24","19:00","","21.2","","8.3","","43","","0.0","","33","","9","","16.1","","98.22","","","","","","NA"
"-80.38","43.46","KITCHENER/WATERLOO","6144239","2025-04-24 20:00","2025","04","24","20:00","","18.8","","9.8","","56","","0.0","","6","","9","","16.1","","98.26","","","","","","NA"
"-80.38","43.46","KITCHENER/WATERLOO","6144239","2025-04-24 21:00","2025","04","24","21:00","","16.3","","10.5","","68","","0.0","","6","","21","","16.1","","98.33","","","","","","NA"
"-80.38","43.46","KITCHENER/WATERLOO","6144239","2025-04-24 22:00","2025","04","24","22:00","","14.0","","8.6","","70","","0.0","","5","","11","","16.1","","98.35","","","","","","NA"
"-80.38","43.46","KITCHENER/WATERLOO","6144239","2025-04-24 23:00","2025","04","24","23:00","","13.0","","6.4","","64","","0.0","","3","","8","","16.1","","98.31","","","","","","NA"
"-80.38","43.46","KITCHENER/WATERLOO","6144239","2025-04-25 00:00","2025","04","25","00:00","","10.5","","6.1","","74","","0.0","","6","","5","","16.1","","98.31","","","","","","NA"
"-80.38","43.46","KITCHENER/WATERLOO","6144239","2025-04-25 01:00","2025","04","25","01:00","","9.2","","5.6","","78","","0.0","","7","","9","","16.1","","98.30","","","","","","NA"
"-80.38","43.46","KITCHENER/WATERLOO","6144239","2025-04-25 02:00","2025","04","25","02:00","","10.9","","5.1","","67","","0.0","","6","","9","","16.1","","98.24","","","","","","NA"
"-80.38","43.46","KITCHENER/WATERLOO","6144239","2025-04-25 03:00","2025","04","25","03:00","","10.9","","4.6","","65","","0.0","","5","","11","","16.1","","98.19","","","","","","NA"
"-80.38","43.46","KITCHENER/WATERLOO","6144239","2025-04-25 04:00","2025","04","25","04:00","","10.6","","4.3","","65","","0.0","","5","","9","","16.1","","98.15","","","","","","NA"
"-80.38","43.46","KITCHENER/WATERLOO","6144239","2025-04-25 05:00","2025","04","25","05:00","","8.8","","4.4","","74","","0.0","","6","","8","","16.1","","98.11","","","","","","NA"
"-80.38","43.46","KITCHENER/WATERLOO","6144239","2025-04-25 06:00","2025","04","25","06:00","","10.2","","5.0","","70","","0.0","","8","","5","","16.1","","98.13","","","","","","NA"
"-80.38","43.46","KITCHENER/WATERLOO","6144239","2025-04-25 07:00","2025","04","25","07:00","","13.0","","4.3","","55","","0.0","","9","","13","","16.1","","98.18","","","","","","NA"
"-80.38","43.46","KITCHENER/WATERLOO","6144239","2025-04-25 08:00","2025","04","25","08:00","","14.5","","5.9","","56","","0.0","","10","","17","","16.1","","98.17","","","","","","NA"
"-80.38","43.46","KITCHENER/WATERLOO","6144239","2025-04-25 09:00","2025","04","25","09:00","","15.3","","6.8","","57","","0.0","","8","","26","","16.1","","98.15","","","","","","NA"
"-80.38","43.46","KITCHENER/WATERLOO","6144239","2025-04-25 10:00","2025","04","25","10:00","","14.9","","7.7","","62","","0.0","","12","","21","","16.1","","98.17","","","","","","NA"
"-80.38","43.46","KITCHENER/WATERLOO","6144239","2025-04-25 11:00","2025","04","25","11:00","","14.1","","7.7","","65","","0.0","","11","","22","","16.1","","98.13","","","","","","NA"
"-80.38","43.46","KITCHENER/WATERLOO","6144239","2025-04-25 12:00","2025","04","25","12:00","","14.9","","8.6","","66","","0.0","","9","","18","","16.1","","98.02","","","","","","NA"
"-80.38","43.46","KITCHENER/WATERLOO","6144239","2025-04-25 13:00","2025","04","25","13:00","","16.2","","9.4","","64","","0.0","","9","","17","","4.8","","97.94","","","","","","Haze"
"-80.38","43.46","KITCHENER/WATERLOO","6144239","2025-04-25 14:00","2025","04","25","14:00","","17.3","","10.2","","63","","0.0","","10","","15","","8.1","","97.85","","","","","","Haze"
"-80.38","43.46","KITCHENER/WATERLOO","6144239","2025-04-25 15:00","2025","04","25","15:00","","19.3","","11.7","","61","","0.0","","15","","18","","16.1","","97.72","","","","","","NA"
"-80.38","43.46","KITCHENER/WATERLOO","6144239","2025-04-25 16:00","2025","04","25","16:00","","19.2","","12.2","","63","","0.0","","15","","22","","16.1","","97.61","","","","","","NA"
"-80.38","43.46","KITCHENER/WATERLOO","6144239","2025-04-25 17:00","2025","04","25","17:00","","17.8","","12.4","","70","","0.0","","14","","21","","16.1","","97.61","","","","","","NA"
"-80.38","43.46","KITCHENER/WATERLOO","6144239","2025-04-25 18:00","2025","04","25","18:00","","16.8","","12.2","","74","","0.0","","12","","21","","16.1","","97.56","","","","","","NA"
"-80.38","43.46","KITCHENER/WATERLOO","6144239","2025-04-25 19:00","2025","04","25","19:00","","14.2","","10.8","","80","","0.0","","10","","13","","16.1","","97.54","","","","","","NA"
"-80.38","43.46","KITCHENER/WATERLOO","6144239","2025-04-25 20:00","2025","04","25","20:00","","13.3","","10.5","","83","","0.0","","8","","9","","16.1","","97.47","","","","","","NA"
"-80.38","43.46","KITCHENER/WATERLOO","6144239","2025-04-25 21:00","2025","04","25","21:00","","12.9","","10.3","","84","","0.0","","7","","9","","16.1","","97.39","","","","","","NA"
"-80.38","43.46","KITCHENER/WATERLOO","6144239","2025-04-25 22:00","2025","04","25","22:00","","13.1","","10.7","","85","","0.0","","10","","5","","16.1","","97.31","","","","","","NA"
"-80.38","43.46","KITCHENER/WATERLOO","6144239","2025-04-25 23:00","2025","04","25","23:00","","12.8","","11.1","","89","","0.0","","11","","9","","16.1","","97.26","","","","","","Rain"
"-80.38","43.46","KITCHENER/WATERLOO","6144239","2025-04-26 00:00","2025","04","26","00:00","","12.1","","11.3","","95","","0.8","","11","","8","","8.1","","97.20","","","","","","Rain,Fog"
"-80.38","43.46","KITCHENER/WATERLOO","6144239","2025-04-26 01:00","2025","04","26","01:00","","12.0","","11.2","","95","","0.2","","","M","4","","9.7","","97.13","","","","","","Rain,Fog"
"-80.38","43.46","KITCHENER/WATERLOO","6144239","2025-04-26 02:00","2025","04","26","02:00","","11.9","","11.4","","97","","0.0","","36","","4","","6.4","","97.02","","","","","","Fog"
"-80.38","43.46","KITCHENER/WATERLOO","6144239","2025-04-26 03:00","2025","04","26","03:00","","12.1","","11.8","","98","","0.0","","27","","4","","4.8","","97.00","","","","","","Fog"
"-80.38","43.46","KITCHENER/WATERLOO","6144239","2025-04-26 04:00","2025","04","26","04:00","","12.5","","12.4","","99","","0.0","","30","","15","","1.6","","96.98","","","","","","Fog"
"-80.38","43.46","KITCHENER/WATERLOO","6144239","2025-04-26 05:00","2025","04","26","05:00","","10.1","","8.7","","91","","0.0","","31","","18","","16.1","","97.06","","","","","","NA"
"-80.38","43.46","KITCHENER/WATERLOO","6144239","2025-04-26 06:00","2025","04","26","06:00","","7.4","","6.5","","94","","0.0","","29","","22","","16.1","","97.18","","","","","","NA"
"-80.38","43.46","KITCHENER/WATERLOO","6144239","2025-04-26 07:00","2025","04","26","07:00","","6.2","","4.6","","90","","0.0","","31","","26","","16.1","","97.25","","","","","","NA"
"-80.38","43.46","KITCHENER/WATERLOO","6144239","2025-04-26 08:00","2025","04","26","08:00","","5.5","","4.0","","90","","0.0","","31","","26","","16.1","","97.34","","","","","","NA"
"-80.38","43.46","KITCHENER/WATERLOO","6144239","2025-04-26 09:00","2025","04","26","09:00","","6.1","","3.6","","84","","0.0","","30","","41","","16.1","","97.42","","","","","","NA"
"-80.38","43.46","KITCHENER/WATERLOO","6144239","2025-04-26 10:00","2025","04","26","10:00","","5.8","","3.0","","82","","0.0","","30","","32","","16.1","","97.51","","","","","","NA"
"-80.38","43.46","KITCHENER/WATERLOO","6144239","2025-04-26 11:00","2025","04","26","11:00","","6.6","","2.9","","77","","0.0","","30","","39","","16.1","","97.56","","","","","","NA"
"-80.38","43.46","KITCHENER/WATERLOO","6144239","2025-04-26 12:00","2025","04","26","12:00","","6.4","","2.4","","76","","0.0","","30","","28","","16.1","","97.63","","","","","","NA"
"-80.38","43.46","KITCHENER/WATERLOO","6144239","2025-04-26 13:00","2025","04","26","13:00","","7.3","","2.6","","72","","0.0","","29","","37","","16.1","","97.66","","","","","","NA"
"-80.38","43.46","KITCHENER/WATERLOO","6144239","2025-04-26 14:00","2025","04","26","14:00","","5.8","","2.1","","77","","0.0","","31","","35","","16.1","","97.75","","","","","","NA"
"-80.38","43.46","KITCHENER/WATERLOO","6144239","2025-04-26 15:00","2025","04","26","15:00","","7.2","","1.8","","68","","0.0","","32","","30","","16.1","","97.75","","","","","","NA"
"-80.38","43.46","KITCHENER/WATERLOO","6144239","2025-04-26 16:00","2025","04","26","16:00","","6.3","","1.7","","73","","0.0","","33","","30","","16.1","","97.87","","","","","","NA"
"-80.38","43.46","KITCHENER/WATERLOO","6144239","2025-04-26 17:00","2025","04","26","17:00","","5.6","","1.3","","74","","0.0","","32","","37","","16.1","","98.00","","","","","","NA"
"-80.38","43.46","KITCHENER/WATERLOO","6144239","2025-04-26 18:00","2025","04","26","18:00","","5.2","","1.1","","75","","0.0","","33","","34","","16.1","","98.12","","","","","","NA"
"-80.38","43.46","KITCHENER/WATERLOO","6144239","2025-04-26 19:00","2025","04","26","19:00","","4.4","","1.3","","80","","0.0","","32","","28","","16.1","","98.21","","","","","","Rain"
"-80.38","43.46","KITCHENER/WATERLOO","6144239","2025-04-26 20:00","2025","04","26","20:00","","4.8","","1.7","","80","","0.0","","32","","26","","16.1","","98.29","","","","","","NA"
"-80.38","43.46","KITCHENER/WATERLOO","6144239","2025-04-26 21:00","2025","04","26","21:00","","5.4","","1.5","","76","","0.0","","32","","18","","16.1","","98.34","","","","","","NA"
"-80.38","43.46","KITCHENER/WATERLOO","6144239","2025-04-26 22:00","2025","04","26","22:00","","5.6","","1.8","","77","","0.0","","31","","15","","16.1","","98.36","","","","","","NA"
"-80.38","43.46","KITCHENER/WATERLOO","6144239","2025-04-26 23:00","2025","04","26","23:00","","5.3","","1.2","","75","","0.0","","29","","21","","16.1","","98.36","","","","","","NA"
"-80.38","43.46","KITCHENER/WATERLOO","6144239","2025-04-27 00:00","2025","04","27","00:00","","3.8","","0.4","","79","","0.0","","29","","22","","16.1","","98.37","","","","","","NA"
"-80.38","43.46","KITCHENER/WATERLOO","6144239","2025-04-27 01:00","2025","04","27","01:00","","3.4","","0.1","","79","","0.0","","29","","22","","16.1","","98.36","","","","","","NA"
"-80.38","43.46","KITCHENER/WATERLOO","6144239","2025-04-27 02:00","2025","04","27","02:00","","3.0","","0.1","","81","","0.0","","30","","18","","16.1","","98.35","","","","","","NA"
"-80.38","43.46","KITCHENER/WATERLOO","6144239","2025-04-27 03:00","2025","04","27","03:00","","2.4","","-0.2","","83","","0.0","","29","","17","","16.1","","98.38","","","","","","NA"
"-80.38","43.46","KITCHENER/WATERLOO","6144239","2025-04-27 04:00","2025","04","27","04:00","","1.8","","-0.7","","84","","0.0","","30","","13","","16.1","","98.42","","","","","","NA"
"-80.38","43.46","KITCHENER/WATERLOO","6144239","2025-04-27 05:00","2025","04","27","05:00","","1.8","","-1.0","","82","","0.0","","30","","13","","16.1","","98.45","","","","","","NA"
"-80.38","43.46","KITCHENER/WATERLOO","6144239","2025-04-27 06:00","2025","04","27","06:00","","1.7","","-0.9","","83","","0.0","","30","","17","","16.1","","98.55","","","","","","NA"
"-80.38","43.46","KITCHENER/WATERLOO","6144239","2025-04-27 07:00","2025","04","27","07:00","","4.1","","-0.9","","70","","0.0","","31","","17","","16.1","","98.64","","","","","","NA"
"-80.38","43.46","KITCHENER/WATERLOO","6144239","2025-04-27 08:00","2025","04","27","08:00","","7.0","","-0.6","","59","","0.0","","31","","21","","16.1","","98.69","","","","","","NA"
"-80.38","43.46","KITCHENER/WATERLOO","6144239","2025-04-27 09:00","2025","04","27","09:00","","9.5","","-1.5","","46","","0.0","","33","","17","","16.1","","98.72","","","","","","NA"
"-80.38","43.46","KITCHENER/WATERLOO","6144239","2025-04-27 10:00","2025","04","27","10:00","","11.7","","-3.3","","35","","0.0","","35","","18","","16.1","","98.74","","","","","","NA"
"-80.38","43.46","KITCHENER/WATERLOO","6144239","2025-04-27 11:00","2025","04","27","11:00","","13.6","","-4.6","","28","","0.0","","36","","18","","16.1","","98.70","","","","","","NA"
"-80.38","43.46","KITCHENER/WATERLOO","6144239","2025-04-27 12:00","2025","04","27","12:00","","15.1","","-3.8","","27","","0.0","","33","","26","","16.1","","98.68","","","","","","NA"
"-80.38","43.46","KITCHENER/WATERLOO","6144239","2025-04-27 13:00","2025","04","27","13:00","","16.2","","-2.3","","28","","0.0","","31","","18","","16.1","","98.65","","","","","","NA"
"-80.38","43.46","KITCHENER/WATERLOO","6144239","2025-04-27 14:00","2025","04","27","14:00","","16.6","","-2.1","","28","","0.0","","31","","18","","16.1","","98.64","","","","","","NA"
"-80.38","43.46","KITCHENER/WATERLOO","6144239","2025-04-27 15:00","2025","04","27","15:00","","17.4","","-2.0","","27","","0.0","","34","","21","","16.1","","98.59","","","","","","NA"
"-80.38","43.46","KITCHENER/WATERLOO","6144239","2025-04-27 16:00","2025","04","27","16:00","","17.2","","-2.4","","26","","0.0","","31","","17","","16.1","","98.56","","","","","","NA"
"-80.38","43.46","KITCHENER/WATERLOO","6144239","2025-04-27 17:00","2025","04","27","17:00","","17.2","","-3.1","","25","","0.0","","34","","17","","16.1","","98.57","","","","","","NA"
"-80.38","43.46","KITCHENER/WATERLOO","6144239","2025-04-27 18:00","2025","04","27","18:00","","15.9","","-0.8","","32","","0.0","","31","","17","","16.1","","98.57","","","","","","NA"
"-80.38","43.46","KITCHENER/WATERLOO","6144239","2025-04-27 19:00","2025","04","27","19:00","","13.6","","-0.7","","37","","0.0","","32","","9","","16.1","","98.60","","","","","","NA"
"-80.38","43.46","KITCHENER/WATERLOO","6144239","2025-04-27 20:00","2025","04","27","20:00","","11.1","","-1.6","","41","","0.0","","31","","11","","16.1","","98.63","","","","","","NA"
"-80.38","43.46","KITCHENER/WATERLOO","6144239","2025-04-27 21:00","2025","04","27","21:00","","8.8","","-1.1","","50","","0.0","","31","","9","","16.1","","98.67","","","","","","NA"
"-80.38","43.46","KITCHENER/WATERLOO","6144239","2025-04-27 22:00","2025","04","27","22:00","","5.2","","-0.8","","65","","0.0","","30","","5","","16.1","","98.67","","","","","","NA"
"-80.38","43.46","KITCHENER/WATERLOO","6144239","2025-04-27 23:00","2025","04","27","23:00","","5.3","","2.1","","80","","0.0","","","","0","","16.1","","98.67","","","","","","NA"
"-80.38","43.46","KITCHENER/WATERLOO","6144239","2025-04-28 00:00","2025","04","28","00:00","","4.0","","1.7","","85","","0.0","","36","","4","","16.1","","98.68","","","","","","NA"
"-80.38","43.46","KITCHENER/WATERLOO","6144239","2025-04-28 01:00","2025","04","28","01:00","","3.6","","0.5","","80","","0.0","","34","","5","","16.1","","98.69","","","","","","NA"
"-80.38","43.46","KITCHENER/WATERLOO","6144239","2025-04-28 02:00","2025","04","28","02:00","","2.1","","-1.1","","79","","0.0","","21","","4","","16.1","","98.68","","","","","","NA"
"-80.38","43.46","KITCHENER/WATERLOO","6144239","2025-04-28 03:00","2025","04","28","03:00","","0.3","","-0.9","","92","","0.0","","","","0","","16.1","","98.73","","","","","","NA"
"-80.38","43.46","KITCHENER/WATERLOO","6144239","2025-04-28 04:00","2025","04","28","04:00","","-0.1","","-1.0","","94","","0.0","","","","0","","16.1","","98.74","","","","","","NA"
"-80.38","43.46","KITCHENER/WATERLOO","6144239","2025-04-28 05:00","2025","04","28","05:00","","1.1","","-0.7","","88","","0.0","","7","","4","","16.1","","98.78","","","","","","NA"
"-80.38","43.46","KITCHENER/WATERLOO","6144239","2025-04-28 06:00","2025","04","28","06:00","","1.6","","0.5","","92","","0.0","","","","0","","16.1","","98.81","","","","","","NA"
"-80.38","43.46","KITCHENER/WATERLOO","6144239","2025-04-28 07:00","2025","04","28","07:00","","5.2","","2.1","","80","","0.0","","","","0","","16.1","","98.83","","","","","","NA"
"-80.38","43.46","KITCHENER/WATERLOO","6144239","2025-04-28 08:00","2025","04","28","08:00","","10.8","","2.0","","54","","0.0","","15","","5","","16.1","","98.83","","","","","","NA"
"-80.38","43.46","KITCHENER/WATERLOO","6144239","2025-04-28 09:00","2025","04","28","09:00","","16.3","","-2.8","","27","","0.0","","17","","22","","16.1","","98.75","","","","","","NA"
"-80.38","43.46","KITCHENER/WATERLOO","6144239","2025-04-28 10:00","2025","04","28","10:00","","17.7","","-0.6","","29","","0.0","","19","","21","","16.1","","98.70","","","","","","NA"
"-80.38","43.46","KITCHENER/WATERLOO","6144239","2025-04-28 11:00","2025","04","28","11:00","","18.6","","-0.3","","28","","0.0","","17","","24","","16.1","","98.63","","","","","","NA"
"-80.38","43.46","KITCHENER/WATERLOO","6144239","2025-04-28 12:00","2025","04","28","12:00","","19.4","","-1.9","","24","","0.0","","17","","18","","12.9","","98.56","","","","","","NA"
"-80.38","43.46","KITCHENER/WATERLOO","6144239","2025-04-28 13:00","2025","04","28","13:00","","20.2","","-1.2","","23","","0.0","","16","","22","","16.1","","98.48","","","","","","NA"
"-80.38","43.46","KITCHENER/WATERLOO","6144239","2025-04-28 14:00","2025","04","28","14:00","","20.6","","-1.7","","22","","0.0","","16","","22","","16.1","","98.39","","","","","","NA"
"-80.38","43.46","KITCHENER/WATERLOO","6144239","2025-04-28 15:00","2025","04","28","15:00","","21.4","","-2.3","","20","","0.0","","16","","21","","16.1","","98.33","","","","","","NA"
"-80.38","43.46","KITCHENER/WATERLOO","6144239","2025-04-28 16:00","2025","04","28","16:00","","21.8","","-2.6","","19","","0.0","","19","","21","","16.1","","98.25","","","","","","NA"
"-80.38","43.46","KITCHENER/WATERLOO","6144239","2025-04-28 17:00","2025","04","28","17:00","","21.0","","-4.6","","17","","0.0","","18","","22","","16.1","","98.21","","","","","","NA"
"-80.38","43.46","KITCHENER/WATERLOO","6144239","2025-04-28 18:00","2025","04","28","18:00","","20.0","","-4.9","","18","","0.0","","19","","22","","16.1","","98.09","","","","","","NA"
"-80.38","43.46","KITCHENER/WATERLOO","6144239","2025-04-28 19:00","2025","04","28","19:00","","18.1","","-3.3","","23","","0.0","","18","","13","","16.1","","98.03","","","","","","NA"
"-80.38","43.46","KITCHENER/WATERLOO","6144239","2025-04-28 20:00","2025","04","28","20:00","","16.1","","-2.5","","28","","0.0","","15","","13","","16.1","","97.99","","","","","","NA"
"-80.38","43.46","KITCHENER/WATERLOO","6144239","2025-04-28 21:00","2025","04","28","21:00","","11.8","","0.1","","44","","0.0","","11","","9","","16.1","","97.99","","","","","","NA"
"-80.38","43.46","KITCHENER/WATERLOO","6144239","2025-04-28 22:00","2025","04","28","22:00","","11.1","","-0.1","","46","","0.0","","14","","8","","16.1","","97.86","","","","","","NA"
"-80.38","43.46","KITCHENER/WATERLOO","6144239","2025-04-28 23:00","2025","04","28","23:00","","10.9","","0.4","","48","","0.0","","15","","9","","16.1","","97.77","","","","","","NA"
"-80.38","43.46","KITCHENER/WATERLOO","6144239","2025-04-29 00:00","2025","04","29","00:00","","10.1","","0.2","","50","","0.0","","15","","4","","16.1","","97.76","","","","","","NA"
"-80.38","43.46","KITCHENER/WATERLOO","6144239","2025-04-29 01:00","2025","04","29","01:00","","12.8","","-0.8","","39","","0.0","","18","","15","","16.1","","97.65","","","","","","NA"
"-80.38","43.46","KITCHENER/WATERLOO","6144239","2025-04-29 02:00","2025","04","29","02:00","","13.4","","-0.2","","39","","0.0","","19","","18","","16.1","","97.59","","","","","","NA"
"-80.38","43.46","KITCHENER/WATERLOO","6144239","2025-04-29 03:00","2025","04","29","03:00","","13.9","","0.9","","41","","0.0","","18","","18","","16.1","","97.54","","","","","","NA"
"-80.38","43.46","KITCHENER/WATERLOO","6144239","2025-04-29 04:00","2025","04","29","04:00","","14.1","","1.8","","43","","0.0","","19","","21","","16.1","","97.45","","","","","","NA"
"-80.38","43.46","KITCHENER/WATERLOO","6144239","2025-04-29 05:00","2025","04","29","05:00","","15.4","","3.9","","46","","0.0","","20","","22","","16.1","","97.38","","","","","","NA"
"-80.38","43.46","KITCHENER/WATERLOO","6144239","2025-04-29 06:00","2025","04","29","06:00","","16.1","","6.4","","52","","0.0","","20","","22","","16.1","","97.33","","","","","","NA"
"-80.38","43.46","KITCHENER/WATERLOO","6144239","2025-04-29 07:00","2025","04","29","07:00","","19.1","","11.0","","59","","0.0","","22","","34","","16.1","","97.28","","","","","","NA"
"-80.38","43.46","KITCHENER/WATERLOO","6144239","2025-04-29 08:00","2025","04","29","08:00","","20.6","","13.2","","62","","0.0","","21","","34","","16.1","","97.20","","","","","","NA"
"-80.38","43.46","KITCHENER/WATERLOO","6144239","2025-04-29 09:00","2025","04","29","09:00","","21.3","","14.7","","66","","0.0","","21","","45","","16.1","","97.17","","25","","","","NA"
"-80.38","43.46","KITCHENER/WATERLOO","6144239","2025-04-29 10:00","2025","04","29","10:00","","21.9","","16.0","","69","","0.0","","21","","35","","16.1","","97.14","","27","","","","NA"
"-80.38","43.46","KITCHENER/WATERLOO","6144239","2025-04-29 11:00","2025","04","29","11:00","","21.5","","15.8","","69","","0.0","","21","","41","","16.1","","97.06","","26","","","","NA"
"-80.38","43.46","KITCHENER/WATERLOO","6144239","2025-04-29 12:00","2025","04","29","12:00","","25.4","","17.5","","61","","0.0","","21","","32","","16.1","","96.89","","31","","","","NA"
"-80.38","43.46","KITCHENER/WATERLOO","6144239","2025-04-29 13:00","2025","04","29","13:00","","26.0","","16.4","","55","","0.0","","21","","34","","16.1","","96.88","","31","","","","NA"
"-80.38","43.46","KITCHENER/WATERLOO","6144239","2025-04-29 14:00","2025","04","29","14:00","","24.6","","17.0","","62","","0.0","","22","","48","","16.1","","96.86","","30","","","","NA"
"-80.38","43.46","KITCHENER/WATERLOO","6144239","2025-04-29 15:00","2025","04","29","15:00","","24.7","","16.9","","62","","0.0","","21","","45","","16.1","","96.82","","30","","","","NA"
"-80.38","43.46","KITCHENER/WATERLOO","6144239","2025-04-29 16:00","2025","04","29","16:00","","24.6","","17.2","","63","","0.0","","21","","30","","16.1","","96.70","","30","","","","NA"
"-80.38","43.46","KITCHENER/WATERLOO","6144239","2025-04-29 17:00","2025","04","29","17:00","","21.1","","14.7","","66","","2.0","","26","","41","","16.1","","96.82","","25","","","","Thunderstorms"
"-80.38","43.46","KITCHENER/WATERLOO","6144239","2025-04-29 18:00","2025","04","29","18:00","","14.9","","7.5","","61","","0.0","","29","","45","","16.1","","97.05","","","","","","NA"
"-80.38","43.46","KITCHENER/WATERLOO","6144239","2025-04-29 19:00","2025","04","29","19:00","","11.6","","5.3","","65","","0.0","","30","","43","","16.1","","97.24","","","","","","NA"
"-80.38","43.46","KITCHENER/WATERLOO","6144239","2025-04-29 20:00","2025","04","29","20:00","","7.8","","1.8","","66","","0.0","","30","","41","","16.1","","97.51","","","","","","NA"
"-80.38","43.46","KITCHENER/WATERLOO","6144239","2025-04-29 21:00","2025","04","29","21:00","","5.3","","0.1","","69","","0.0","","31","","24","","16.1","","97.69","","","","","","NA"
"-80.38","43.46","KITCHENER/WATERLOO","6144239","2025-04-29 22:00","2025","04","29","22:00","","3.7","","-0.5","","74","","0.0","","31","","30","","16.1","","97.75","","","","","","NA"
"-80.38","43.46","KITCHENER/WATERLOO","6144239","2025-04-29 23:00","2025","04","29","23:00","","2.7","","-0.4","","80","","0.0","","33","","18","","16.1","","97.88","","","","","","NA"
"-80.38","43.46","KITCHENER/WATERLOO","6144239","2025-04-30 00:00","2025","04","30","00:00","","2.5","","-0.1","","83","","0.0","","31","","24","","16.1","","97.93","","","","","","NA"
"-80.38","43.46","KITCHENER/WATERLOO","6144239","2025-04-30 01:00","2025","04","30","01:00","","2.5","","-0.1","","83","","0.0","","31","","17","","16.1","","98.01","","","","","","NA"
"-80.38","43.46","KITCHENER/WATERLOO","6144239","2025-04-30 02:00","2025","04","30","02:00","","2.2","","-0.4","","83","","0.0","","33","","26","","16.1","","98.04","","","","","","NA"
"-80.38","43.46","KITCHENER/WATERLOO","6144239","2025-04-30 03:00","2025","04","30","03:00","","2.3","","-0.1","","84","","0.0","","31","","17","","16.1","","98.14","","","","","","NA"
"-80.38","43.46","KITCHENER/WATERLOO","6144239","2025-04-30 04:00","2025","04","30","04:00","","2.1","","-0.3","","84","","0.0","","31","","15","","16.1","","98.18","","","","","","NA"
"-80.38","43.46","KITCHENER/WATERLOO","6144239","2025-04-30 05:00","2025","04","30","05:00","","1.5","","-0.8","","85","","0.0","","33","","17","","16.1","","98.22","","","","","","NA"
"-80.38","43.46","KITCHENER/WATERLOO","6144239","2025-04-30 06:00","2025","04","30","06:00","","2.0","","-0.3","","85","","0.0","","32","","11","","16.1","","98.32","","","","","","NA"
"-80.38","43.46","KITCHENER/WATERLOO","6144239","2025-04-30 07:00","2025","04","30","07:00","","2.4","","-0.3","","83","","0.0","","32","","13","","16.1","","98.38","","","","","","NA"
"-80.38","43.46","KITCHENER/WATERLOO","6144239","2025-04-30 08:00","2025","04","30","08:00","","3.2","","-0.5","","77","","0.0","","27","","13","","16.1","","98.40","","","","","","NA"
"-80.38","43.46","KITCHENER/WATERLOO","6144239","2025-04-30 09:00","2025","04","30","09:00","","4.3","","-0.1","","73","","0.0","","","M","8","","16.1","","98.39","","","","","","NA"
"-80.38","43.46","KITCHENER/WATERLOO","6144239","2025-04-30 10:00","2025","04","30","10:00","","5.8","","0.1","","67","","0.0","","26","","5","","16.1","","98.39","","","","","","NA"
"-80.38","43.46","KITCHENER/WATERLOO","6144239","2025-04-30 11:00","2025","04","30","11:00","","7.4","","0.1","","60","","0.0","","32","","9","","16.1","","98.37","","","","","","NA"
"-80.38","43.46","KITCHENER/WATERLOO","6144239","2025-04-30 12:00","2025","04","30","12:00","","9.2","","-0.4","","51","","0.0","","32","","15","","16.1","","98.37","","","","","","NA"
"-80.38","43.46","KITCHENER/WATERLOO","6144239","2025-04-30 13:00","2025","04","30","13:00","","11.4","","2.1","","53","","0.0","","","M","4","","16.1","","98.35","","","","","","NA"
"-80.38","43.46","KITCHENER/WATERLOO","6144239","2025-04-30 14:00","2025","04","30","14:00","","12.8","","1.3","","45","","0.0","","27","","15","","16.1","","98.31","","","","","","NA"
"-80.38","43.46","KITCHENER/WATERLOO","6144239","2025-04-30 15:00","2025","04","30","15:00","","13.2","","0.7","","42","","0.0","","33","","8","","16.1","","98.23","","","","","","NA"
"-80.38","43.46","KITCHENER/WATERLOO","6144239","2025-04-30 16:00","2025","04","30","16:00","","13.9","","-0.9","","36","","0.0","","29","","5","","16.1","","98.19","","","","","","NA"
"-80.38","43.46","KITCHENER/WATERLOO","6144239","2025-04-30 17:00","2025","04","30","17:00","","13.9","","-1.3","","35","","0.0","","","M","4","","16.1","","98.16","","","","","","NA"
"-80.38","43.46","KITCHENER/WATERLOO","6144239","2025-04-30 18:00","2025","04","30","18:00","","13.4","","1.9","","45","","0.0","","35","","9","","16.1","","98.12","","","","","","NA"
"-80.38","43.46","KITCHENER/WATERLOO","6144239","2025-04-30 19:00","2025","04","30","19:00","","12.1","","1.3","","48","","0.0","","36","","5","","16.1","","98.11","","","","","","NA"
"-80.38","43.46","KITCHENER/WATERLOO","6144239","2025-04-30 20:00","2025","04","30","20:00","","10.7","","4.8","","67","","0.0","","13","","11","","11.3","","98.09","","","","","","NA"
"-80.38","43.46","KITCHENER/WATERLOO","6144239","2025-04-30 21:00","2025","04","30","21:00","","9.7","","3.6","","66","","0.0","","16","","15","","16.1","","98.19","","","","","","NA"
"-80.38","43.46","KITCHENER/WATERLOO","6144239","2025-04-30 22:00","2025","04","30","22:00","","8.7","","2.7","","66","","0.0","","14","","9","","16.1","","98.22","","","","","","NA"
"-80.38","43.46","KITCHENER/WATERLOO","6144239","2025-04-30 23:00","2025","04","30","23:00","","7.9","","2.2","","67","","0.0","","10","","8","","16.1","","98.17","","","","","","NA"
