"Longitude (x)","Latitude (y)","Station Name","Climate ID","Date/Time (LST)","Year","Month","Day","Time (LST)","Flag","Temp (°C)","Temp Flag","Dew Point Temp (°C)","Dew Point Temp Flag","Rel Hum (%)","Rel Hum Flag","Precip. Amount (mm)","Precip. Amount Flag","Wind Dir (10s deg)","Wind Dir Flag","Wind Spd (km/h)","Wind Spd Flag","Visibility (km)","Visibility Flag","Stn Press (kPa)","Stn Press Flag","Hmdx","Hmdx Flag","Wind Chill","Wind Chill Flag","Weather"
"-80.38","43.46","KITCHENER/WATERLOO","6144239","2025-10-01 00:00","2025","10","01","00:00","","12.1","","7.6","","74","","0.0","","5","","11","","16.1","","98.66","","","","","","NA"
"-80.38","43.46","KITCHENER/WATERLOO","6144239","2025-10-01 01:00","2025","10","01","01:00","","11.5","","5.4","","66","","0.0","","5","","15","","16.1","","98.68","","","","","","NA"
"-80.38","43.46","KITCHENER/WATERLOO","6144239","2025-10-01 02:00","2025","10","01","02:00","","10.7","","3.5","","61","","0.0","","5","","13","","16.1","","98.68","","","","","","NA"
"-80.38","43.46","KITCHENER/WATERLOO","6144239","2025-10-01 03:00","2025","10","01","03:00","","10.4","","2.5","","58","","0.0","","5","","15","","16.1","","98.71","","","","","","NA"
"-80.38","43.46","KITCHENER/WATERLOO","6144239","2025-10-01 04:00","2025","10","01","04:00","","9.6","","2.0","","59","","0.0","","3","","11","","16.1","","98.76","","","","","","NA"
"-80.38","43.46","KITCHENER/WATERLOO","6144239","2025-10-01 05:00","2025","10","01","05:00","","8.4","","1.9","","63","","0.0","","4","","13","","16.1","","98.77","","","","","","NA"
"-80.38","43.46","KITCHENER/WATERLOO","6144239","2025-10-01 06:00","2025","10","01","06:00","","7.7","","1.9","","66","","0.0","","3","","11","","16.1","","98.82","","","","","","NA"
"-80.38","43.46","KITCHENER/WATERLOO","6144239","2025-10-01 07:00","2025","10","01","07:00","","8.0","","2.1","","66","","0.0","","5","","13","","16.1","","98.84","","","","","","NA"
"-80.38","43.46","KITCHENER/WATERLOO","6144239","2025-10-01 08:00","2025","10","01","08:00","","10.3","","3.4","","62","","0.0","","6","","15","","16.1","","98.88","","","","","","NA"
"-80.38","43.46","KITCHENER/WATERLOO","6144239","2025-10-01 09:00","2025","10","01","09:00","","12.4","","5.7","","64","","0.0","","6","","13","","16.1","","98.91","","","","","","NA"
"-80.38","43.46","KITCHENER/WATERLOO","6144239","2025-10-01 10:00","2025","10","01","10:00","","14.9","","7.2","","60","","0.0","","9","","17","","16.1","","98.93","","","","","","NA"
"-80.38","43.46","KITCHENER/WATERLOO","6144239","2025-10-01 11:00","2025","10","01","11:00","","15.8","","6.5","","54","","0.0","","8","","18","","16.1","","98.94","","","","","","NA"
"-80.38","43.46","KITCHENER/WATERLOO","6144239","2025-10-01 12:00","2025","10","01","12:00","","16.8","","6.0","","49","","0.0","","8","","11","","16.1","","98.93","","","","","","NA"
"-80.38","43.46","KITCHENER/WATERLOO","6144239","2025-10-01 13:00","2025","10","01","13:00","","17.8","","5.5","","44","","0.0","","8","","15","","16.1","","98.87","","","","","","NA"
"-80.38","43.46","KITCHENER/WATERLOO","6144239","2025-10-01 14:00","2025","10","01","14:00","","18.3","","6.4","","46","","0.0","","8","","13","","16.1","","98.84","","","","","","NA"
"-80.38","43.46","KITCHENER/WATERLOO","6144239","2025-10-01 15:00","2025","10","01","15:00","","18.4","","5.8","","43","","0.0","","9","","15","","16.1","","98.80","","","","","","NA"
"-80.38","43.46","KITCHENER/WATERLOO","6144239","2025-10-01 16:00","2025","10","01","16:00","","17.9","","6.6","","47","","0.0","","9","","11","","16.1","","98.78","","","","","","NA"
"-80.38","43.46","KITCHENER/WATERLOO","6144239","2025-10-01 17:00","2025","10","01","17:00","","16.7","","7.5","","54","","0.0","","9","","15","","16.1","","98.80","","","","","","NA"
"-80.38","43.46","KITCHENER/WATERLOO","6144239","2025-10-01 18:00","2025","10","01","18:00","","13.3","","7.7","","69","","0.0","","12","","11","","16.1","","98.82","","","","","","NA"
"-80.38","43.46","KITCHENER/WATERLOO","6144239","2025-10-01 19:00","2025","10","01","19:00","","11.4","","7.5","","77","","0.0","","11","","5","","16.1","","98.89","","","","","","NA"
"-80.38","43.46","KITCHENER/WATERLOO","6144239","2025-10-01 20:00","2025","10","01","20:00","","10.0","","7.4","","84","","0.0","","7","","8","","16.1","","98.94","","","","","","NA"
"-80.38","43.46","KITCHENER/WATERLOO","6144239","2025-10-01 21:00","2025","10","01","21:00","","8.9","","7.0","","88","","0.0","","8","","9","","16.1","","98.94","","","","","","NA"
"-80.38","43.46","KITCHENER/WATERLOO","6144239","2025-10-01 22:00","2025","10","01","22:00","","7.2","","6.4","","95","","0.0","","6","","5","","16.1","","98.97","","","","","","NA"
"-80.38","43.46","KITCHENER/WATERLOO","6144239","2025-10-01 23:00","2025","10","01","23:00","","6.3","","5.8","","96","","0.0","","5","","4","","16.1","","98.97","","","","","","NA"
"-80.38","43.46","KITCHENER/WATERLOO","6144239","2025-10-02 00:00","2025","10","02","00:00","","7.3","","6.9","","97","","0.0","","5","","5","","16.1","","98.99","","","","","","NA"
"-80.38","43.46","KITCHENER/WATERLOO","6144239","2025-10-02 01:00","2025","10","02","01:00","","5.8","","5.2","","96","","0.0","","7","","8","","16.1","","99.00","","","","","","NA"
"-80.38","43.46","KITCHENER/WATERLOO","6144239","2025-10-02 02:00","2025","10","02","02:00","","5.2","","4.7","","97","","0.0","","4","","4","","8.1","","99.00","","","","","","Fog"
"-80.38","43.46","KITCHENER/WATERLOO","6144239","2025-10-02 03:00","2025","10","02","03:00","","5.2","","4.8","","97","","0.0","","6","","4","","11.3","","98.98","","","","","","NA"
"-80.38","43.46","KITCHENER/WATERLOO","6144239","2025-10-02 04:00","2025","10","02","04:00","","3.9","","3.6","","98","","0.0","","35","","4","","6.4","","99.02","","","","","","Fog"
"-80.38","43.46","KITCHENER/WATERLOO","6144239","2025-10-02 05:00","2025","10","02","05:00","","4.4","","4.1","","98","","0.0","","1","","4","","6.4","","99.06","","","","","","Fog"
"-80.38","43.46","KITCHENER/WATERLOO","6144239","2025-10-02 06:00","2025","10","02","06:00","","3.7","","3.4","","98","","0.0","","6","","5","","3.6","","99.08","","","","","","Fog"
"-80.38","43.46","KITCHENER/WATERLOO","6144239","2025-10-02 07:00","2025","10","02","07:00","","3.6","","3.5","","99","","0.0","","6","","4","","6.4","","99.08","","","","","","Fog"
"-80.38","43.46","KITCHENER/WATERLOO","6144239","2025-10-02 08:00","2025","10","02","08:00","","9.4","","8.9","","96","","0.0","","5","","5","","16.1","","99.10","","","","","","NA"
"-80.38","43.46","KITCHENER/WATERLOO","6144239","2025-10-02 09:00","2025","10","02","09:00","","13.1","","8.2","","72","","0.0","","9","","11","","16.1","","99.12","","","","","","NA"
"-80.38","43.46","KITCHENER/WATERLOO","6144239","2025-10-02 10:00","2025","10","02","10:00","","15.7","","3.5","","44","","0.0","","10","","17","","16.1","","99.11","","","","","","NA"
"-80.38","43.46","KITCHENER/WATERLOO","6144239","2025-10-02 11:00","2025","10","02","11:00","","16.8","","5.2","","46","","0.0","","12","","15","","16.1","","99.05","","","","","","NA"
"-80.38","43.46","KITCHENER/WATERLOO","6144239","2025-10-02 12:00","2025","10","02","12:00","","18.3","","4.1","","39","","0.0","","12","","11","","16.1","","99.05","","","","","","NA"
"-80.38","43.46","KITCHENER/WATERLOO","6144239","2025-10-02 13:00","2025","10","02","13:00","","18.6","","2.7","","34","","0.0","","12","","13","","16.1","","98.97","","","","","","NA"
"-80.38","43.46","KITCHENER/WATERLOO","6144239","2025-10-02 14:00","2025","10","02","14:00","","19.9","","3.6","","34","","0.0","","9","","8","","16.1","","98.91","","","","","","NA"
"-80.38","43.46","KITCHENER/WATERLOO","6144239","2025-10-02 15:00","2025","10","02","15:00","","20.0","","4.9","","37","","0.0","","10","","13","","16.1","","98.86","","","","","","NA"
"-80.38","43.46","KITCHENER/WATERLOO","6144239","2025-10-02 16:00","2025","10","02","16:00","","19.4","","5.1","","39","","0.0","","11","","15","","16.1","","98.86","","","","","","NA"
"-80.38","43.46","KITCHENER/WATERLOO","6144239","2025-10-02 17:00","2025","10","02","17:00","","17.8","","6.5","","47","","0.0","","11","","13","","16.1","","98.87","","","","","","NA"
"-80.38","43.46","KITCHENER/WATERLOO","6144239","2025-10-02 18:00","2025","10","02","18:00","","13.2","","6.6","","64","","0.0","","9","","13","","16.1","","98.85","","","","","","NA"
"-80.38","43.46","KITCHENER/WATERLOO","6144239","2025-10-02 19:00","2025","10","02","19:00","","11.7","","6.5","","70","","0.0","","10","","8","","16.1","","98.87","","","","","","NA"
"-80.38","43.46","KITCHENER/WATERLOO","6144239","2025-10-02 20:00","2025","10","02","20:00","","10.6","","6.9","","78","","0.0","","10","","8","","16.1","","98.86","","","","","","NA"
"-80.38","43.46","KITCHENER/WATERLOO","6144239","2025-10-02 21:00","2025","10","02","21:00","","8.5","","7.5","","94","","0.0","","","M","4","","16.1","","98.85","","","","","","NA"
"-80.38","43.46","KITCHENER/WATERLOO","6144239","2025-10-02 22:00","2025","10","02","22:00","","7.6","","7.1","","96","","0.0","","36","","4","","16.1","","98.82","","","","","","NA"
"-80.38","43.46","KITCHENER/WATERLOO","6144239","2025-10-02 23:00","2025","10","02","23:00","","6.0","","5.4","","96","","0.0","","","","0","","16.1","","98.82","","","","","","NA"
"-80.38","43.46","KITCHENER/WATERLOO","6144239","2025-10-03 00:00","2025","10","03","00:00","","5.5","","5.2","","98","","0.0","","","M","4","","2.4","","98.79","","","","","","Fog"
"-80.38","43.46","KITCHENER/WATERLOO","6144239","2025-10-03 01:00","2025","10","03","01:00","","6.4","","6.2","","99","","0.0","","33","","4","","9.7","","98.78","","","","","","Fog"
"-80.38","43.46","KITCHENER/WATERLOO","6144239","2025-10-03 02:00","2025","10","03","02:00","","5.0","","4.9","","99","","0.0","","31","","4","","1.2","","98.74","","","","","","Fog"
"-80.38","43.46","KITCHENER/WATERLOO","6144239","2025-10-03 03:00","2025","10","03","03:00","","5.4","","5.3","","99","","0.0","","33","","4","","4.8","","98.70","","","","","","Fog"
"-80.38","43.46","KITCHENER/WATERLOO","6144239","2025-10-03 04:00","2025","10","03","04:00","","4.5","","4.4","","99","","0.0","","31","","4","","0.4","","98.69","","","","","","Fog"
"-80.38","43.46","KITCHENER/WATERLOO","6144239","2025-10-03 05:00","2025","10","03","05:00","","4.3","","4.2","","99","","0.0","","32","","4","","2.4","","98.67","","","","","","Fog"
"-80.38","43.46","KITCHENER/WATERLOO","6144239","2025-10-03 06:00","2025","10","03","06:00","","3.7","","3.6","","99","","0.0","","","","0","","1.0","","98.69","","","","","","Fog"
"-80.38","43.46","KITCHENER/WATERLOO","6144239","2025-10-03 07:00","2025","10","03","07:00","","4.3","","4.2","","99","","0.0","","31","","5","","2.8","","98.70","","","","","","Fog"
"-80.38","43.46","KITCHENER/WATERLOO","6144239","2025-10-03 08:00","2025","10","03","08:00","","8.8","","8.7","","99","","0.0","","","","0","","16.1","","98.72","","","","","","NA"
"-80.38","43.46","KITCHENER/WATERLOO","6144239","2025-10-03 09:00","2025","10","03","09:00","","12.9","","11.8","","93","","0.0","","","","0","","16.1","","98.70","","","","","","NA"
"-80.38","43.46","KITCHENER/WATERLOO","6144239","2025-10-03 10:00","2025","10","03","10:00","","17.5","","12.3","","71","","0.0","","","","0","","16.1","","98.69","","","","","","NA"
"-80.38","43.46","KITCHENER/WATERLOO","6144239","2025-10-03 11:00","2025","10","03","11:00","","20.9","","12.7","","59","","0.0","","","","0","","16.1","","98.66","","","","","","NA"
"-80.38","43.46","KITCHENER/WATERLOO","6144239","2025-10-03 12:00","2025","10","03","12:00","","22.8","","10.2","","44","","0.0","","","M","8","","16.1","","98.62","","","","","","NA"
"-80.38","43.46","KITCHENER/WATERLOO","6144239","2025-10-03 13:00","2025","10","03","13:00","","23.6","","7.7","","36","","0.0","","29","","9","","16.1","","98.55","","","","","","NA"
"-80.38","43.46","KITCHENER/WATERLOO","6144239","2025-10-03 14:00","2025","10","03","14:00","","24.3","","5.9","","30","","0.0","","","M","4","","16.1","","98.49","","","","","","NA"
"-80.38","43.46","KITCHENER/WATERLOO","6144239","2025-10-03 15:00","2025","10","03","15:00","","25.0","","7.0","","31","","0.0","","","M","4","","16.1","","98.44","","25","","","","NA"
"-80.38","43.46","KITCHENER/WATERLOO","6144239","2025-10-03 16:00","2025","10","03","16:00","","25.1","","7.8","","33","","0.0","","24","","8","","16.1","","98.40","","25","","","","NA"
"-80.38","43.46","KITCHENER/WATERLOO","6144239","2025-10-03 17:00","2025","10","03","17:00","","23.5","","8.5","","38","","0.0","","24","","11","","16.1","","98.40","","","","","","NA"
"-80.38","43.46","KITCHENER/WATERLOO","6144239","2025-10-03 18:00","2025","10","03","18:00","","19.4","","9.6","","53","","0.0","","","","0","","16.1","","98.40","","","","","","NA"
"-80.38","43.46","KITCHENER/WATERLOO","6144239","2025-10-03 19:00","2025","10","03","19:00","","15.4","","10.4","","72","","0.0","","","M","4","","16.1","","98.43","","","","","","NA"
"-80.38","43.46","KITCHENER/WATERLOO","6144239","2025-10-03 20:00","2025","10","03","20:00","","13.6","","10.4","","81","","0.0","","13","","4","","16.1","","98.46","","","","","","NA"
"-80.38","43.46","KITCHENER/WATERLOO","6144239","2025-10-03 21:00","2025","10","03","21:00","","12.9","","10.2","","83","","0.0","","23","","4","","16.1","","98.47","","","","","","NA"
"-80.38","43.46","KITCHENER/WATERLOO","6144239","2025-10-03 22:00","2025","10","03","22:00","","12.4","","10.9","","90","","0.0","","","M","4","","16.1","","98.46","","","","","","NA"
"-80.38","43.46","KITCHENER/WATERLOO","6144239","2025-10-03 23:00","2025","10","03","23:00","","11.8","","10.8","","93","","0.0","","30","","4","","16.1","","98.46","","","","","","NA"
"-80.38","43.46","KITCHENER/WATERLOO","6144239","2025-10-04 00:00","2025","10","04","00:00","","11.3","","10.1","","92","","0.0","","","","0","","16.1","","98.44","","","","","","NA"
"-80.38","43.46","KITCHENER/WATERLOO","6144239","2025-10-04 01:00","2025","10","04","01:00","","10.7","","10.0","","96","","0.0","","34","","5","","16.1","","98.44","","","","","","NA"
"-80.38","43.46","KITCHENER/WATERLOO","6144239","2025-10-04 02:00","2025","10","04","02:00","","10.8","","9.9","","94","","0.0","","7","","4","","16.1","","98.44","","","","","","NA"
"-80.38","43.46","KITCHENER/WATERLOO","6144239","2025-10-04 03:00","2025","10","04","03:00","","9.8","","9.2","","96","","0.0","","33","","5","","14.5","","98.43","","","","","","NA"
"-80.38","43.46","KITCHENER/WATERLOO","6144239","2025-10-04 04:00","2025","10","04","04:00","","9.8","","9.4","","97","","0.0","","","","0","","4.8","","98.42","","","","","","Fog"
"-80.38","43.46","KITCHENER/WATERLOO","6144239","2025-10-04 05:00","2025","10","04","05:00","","9.5","","9.2","","98","","0.0","","","","0","","11.3","","98.45","","","","","","NA"
"-80.38","43.46","KITCHENER/WATERLOO","6144239","2025-10-04 06:00","2025","10","04","06:00","","9.2","","8.9","","98","","0.0","","","","0","","3.2","","98.45","","","","","","Fog"
"-80.38","43.46","KITCHENER/WATERLOO","6144239","2025-10-04 07:00","2025","10","04","07:00","","9.7","","9.6","","99","","0.0","","","","0","","6.4","","98.49","","","","","","Fog"
"-80.38","43.46","KITCHENER/WATERLOO","6144239","2025-10-04 08:00","2025","10","04","08:00","","14.0","","12.3","","89","","0.0","","","","0","","16.1","","98.52","","","","","","NA"
"-80.38","43.46","KITCHENER/WATERLOO","6144239","2025-10-04 09:00","2025","10","04","09:00","","18.3","","12.3","","68","","0.0","","","","0","","16.1","","98.51","","","","","","NA"
"-80.38","43.46","KITCHENER/WATERLOO","6144239","2025-10-04 10:00","2025","10","04","10:00","","23.0","","11.1","","47","","0.0","","17","","9","","16.1","","98.50","","25","","","","NA"
"-80.38","43.46","KITCHENER/WATERLOO","6144239","2025-10-04 11:00","2025","10","04","11:00","","25.1","","10.9","","40","","0.0","","20","","13","","16.1","","98.46","","27","","","","NA"
"-80.38","43.46","KITCHENER/WATERLOO","6144239","2025-10-04 12:00","2025","10","04","12:00","","26.4","","11.4","","39","","0.0","","20","","8","","16.1","","98.43","","28","","","","NA"
"-80.38","43.46","KITCHENER/WATERLOO","6144239","2025-10-04 13:00","2025","10","04","13:00","","27.5","","12.6","","39","","0.0","","16","","15","","16.1","","98.36","","30","","","","NA"
"-80.38","43.46","KITCHENER/WATERLOO","6144239","2025-10-04 14:00","2025","10","04","14:00","","27.5","","13.0","","40","","0.0","","18","","11","","16.1","","98.34","","30","","","","NA"
"-80.38","43.46","KITCHENER/WATERLOO","6144239","2025-10-04 15:00","2025","10","04","15:00","","27.3","","12.1","","38","","0.0","","23","","11","","16.1","","98.32","","30","","","","NA"
"-80.38","43.46","KITCHENER/WATERLOO","6144239","2025-10-04 16:00","2025","10","04","16:00","","27.6","","13.1","","40","","0.0","","18","","15","","16.1","","98.28","","30","","","","NA"
"-80.38","43.46","KITCHENER/WATERLOO","6144239","2025-10-04 17:00","2025","10","04","17:00","","26.4","","13.0","","43","","0.0","","17","","15","","16.1","","98.27","","29","","","","NA"
"-80.38","43.46","KITCHENER/WATERLOO","6144239","2025-10-04 18:00","2025","10","04","18:00","","22.8","","10.7","","46","","0.0","","16","","15","","16.1","","98.29","","","","","","NA"
"-80.38","43.46","KITCHENER/WATERLOO","6144239","2025-10-04 19:00","2025","10","04","19:00","","20.8","","11.3","","54","","0.0","","17","","9","","16.1","","98.32","","","","","","NA"
"-80.38","43.46","KITCHENER/WATERLOO","6144239","2025-10-04 20:00","2025","10","04","20:00","","17.0","","11.4","","69","","0.0","","16","","5","","16.1","","98.35","","","","","","NA"
"-80.38","43.46","KITCHENER/WATERLOO","6144239","2025-10-04 21:00","2025","10","04","21:00","","15.4","","10.8","","74","","0.0","","15","","4","","16.1","","98.38","","","","","","NA"
"-80.38","43.46","KITCHENER/WATERLOO","6144239","2025-10-04 22:00","2025","10","04","22:00","","14.6","","11.5","","81","","0.0","","11","","4","","16.1","","98.40","","","","","","NA"
"-80.38","43.46","KITCHENER/WATERLOO","6144239","2025-10-04 23:00","2025","10","04","23:00","","14.0","","10.7","","80","","0.0","","13","","4","","16.1","","98.40","","","","","","NA"
"-80.38","43.46","KITCHENER/WATERLOO","6144239","2025-10-05 00:00","2025","10","05","00:00","","12.9","","10.6","","86","","0.0","","8","","4","","16.1","","98.39","","","","","","NA"
"-80.38","43.46","KITCHENER/WATERLOO","6144239","2025-10-05 01:00","2025","10","05","01:00","","12.7","","9.7","","82","","0.0","","11","","5","","16.1","","98.41","","","","","","NA"
"-80.38","43.46","KITCHENER/WATERLOO","6144239","2025-10-05 02:00","2025","10","05","02:00","","11.8","","10.2","","90","","0.0","","4","","4","","16.1","","98.41","","","","","","NA"
"-80.38","43.46","KITCHENER/WATERLOO","6144239","2025-10-05 03:00","2025","10","05","03:00","","11.7","","9.9","","89","","0.0","","9","","4","","16.1","","98.40","","","","","","NA"
"-80.38","43.46","KITCHENER/WATERLOO","6144239","2025-10-05 04:00","2025","10","05","04:00","","10.3","","9.4","","94","","0.0","","","","0","","16.1","","98.43","","","","","","NA"
"-80.38","43.46","KITCHENER/WATERLOO","6144239","2025-10-05 05:00","2025","10","05","05:00","","10.2","","9.4","","95","","0.0","","6","","8","","16.1","","98.46","","","","","","NA"
"-80.38","43.46","KITCHENER/WATERLOO","6144239","2025-10-05 06:00","2025","10","05","06:00","","10.1","","9.7","","97","","0.0","","6","","5","","14.5","","98.52","","","","","","NA"
"-80.38","43.46","KITCHENER/WATERLOO","6144239","2025-10-05 07:00","2025","10","05","07:00","","10.4","","10.0","","97","","0.0","","6","","4","","8.1","","98.54","","","","","","Fog"
"-80.38","43.46","KITCHENER/WATERLOO","6144239","2025-10-05 08:00","2025","10","05","08:00","","16.8","","14.3","","85","","0.0","","15","","5","","16.1","","98.58","","","","","","NA"
"-80.38","43.46","KITCHENER/WATERLOO","6144239","2025-10-05 09:00","2025","10","05","09:00","","19.8","","15.1","","74","","0.0","","19","","9","","16.1","","98.58","","","","","","NA"
"-80.38","43.46","KITCHENER/WATERLOO","6144239","2025-10-05 10:00","2025","10","05","10:00","","22.9","","15.3","","62","","0.0","","18","","13","","16.1","","98.57","","27","","","","NA"
"-80.38","43.46","KITCHENER/WATERLOO","6144239","2025-10-05 11:00","2025","10","05","11:00","","25.1","","15.3","","54","","0.0","","18","","13","","16.1","","98.55","","29","","","","NA"
"-80.38","43.46","KITCHENER/WATERLOO","6144239","2025-10-05 12:00","2025","10","05","12:00","","26.6","","14.5","","47","","0.0","","17","","18","","16.1","","98.50","","30","","","","NA"
"-80.38","43.46","KITCHENER/WATERLOO","6144239","2025-10-05 13:00","2025","10","05","13:00","","27.5","","14.3","","44","","0.0","","20","","17","","16.1","","98.44","","31","","","","NA"
"-80.38","43.46","KITCHENER/WATERLOO","6144239","2025-10-05 14:00","2025","10","05","14:00","","27.2","","12.7","","40","","0.0","","18","","21","","16.1","","98.39","","30","","","","NA"
"-80.38","43.46","KITCHENER/WATERLOO","6144239","2025-10-05 15:00","2025","10","05","15:00","","26.2","","12.1","","41","","0.0","","20","","21","","16.1","","98.35","","29","","","","NA"
"-80.38","43.46","KITCHENER/WATERLOO","6144239","2025-10-05 16:00","2025","10","05","16:00","","26.5","","12.4","","41","","0.0","","20","","22","","16.1","","98.32","","29","","","","NA"
"-80.38","43.46","KITCHENER/WATERLOO","6144239","2025-10-05 17:00","2025","10","05","17:00","","25.2","","12.8","","45","","0.0","","19","","17","","16.1","","98.31","","28","","","","NA"
"-80.38","43.46","KITCHENER/WATERLOO","6144239","2025-10-05 18:00","2025","10","05","18:00","","22.8","","12.9","","53","","0.0","","18","","17","","16.1","","98.31","","26","","","","NA"
"-80.38","43.46","KITCHENER/WATERLOO","6144239","2025-10-05 19:00","2025","10","05","19:00","","20.7","","12.9","","60","","0.0","","18","","13","","16.1","","98.33","","","","","","NA"
"-80.38","43.46","KITCHENER/WATERLOO","6144239","2025-10-05 20:00","2025","10","05","20:00","","19.7","","12.8","","64","","0.0","","19","","9","","16.1","","98.34","","","","","","NA"
"-80.38","43.46","KITCHENER/WATERLOO","6144239","2025-10-05 21:00","2025","10","05","21:00","","16.6","","12.4","","76","","0.0","","18","","5","","16.1","","98.34","","","","","","NA"
"-80.38","43.46","KITCHENER/WATERLOO","6144239","2025-10-05 22:00","2025","10","05","22:00","","14.1","","12.1","","88","","0.0","","","","0","","16.1","","98.33","","","","","","NA"
"-80.38","43.46","KITCHENER/WATERLOO","6144239","2025-10-05 23:00","2025","10","05","23:00","","13.0","","11.7","","92","","0.0","","13","","4","","16.1","","98.32","","","","","","NA"
"-80.38","43.46","KITCHENER/WATERLOO","6144239","2025-10-06 00:00","2025","10","06","00:00","","12.8","","12.2","","96","","0.0","","12","","4","","16.1","","98.29","","","","","","NA"
"-80.38","43.46","KITCHENER/WATERLOO","6144239","2025-10-06 01:00","2025","10","06","01:00","","13.4","","11.4","","87","","0.0","","16","","8","","16.1","","98.27","","","","","","NA"
"-80.38","43.46","KITCHENER/WATERLOO","6144239","2025-10-06 02:00","2025","10","06","02:00","","14.4","","11.6","","83","","0.0","","19","","8","","16.1","","98.26","","","","","","NA"
"-80.38","43.46","KITCHENER/WATERLOO","6144239","2025-10-06 03:00","2025","10","06","03:00","","13.7","","11.4","","86","","0.0","","18","","8","","16.1","","98.27","","","","","","NA"
"-80.38","43.46","KITCHENER/WATERLOO","6144239","2025-10-06 04:00","2025","10","06","04:00","","11.6","","10.7","","94","","0.0","","","","0","","16.1","","98.30","","","","","","NA"
"-80.38","43.46","KITCHENER/WATERLOO","6144239","2025-10-06 05:00","2025","10","06","05:00","","13.6","","12.7","","94","","0.0","","13","","4","","16.1","","98.34","","","","","","NA"
"-80.38","43.46","KITCHENER/WATERLOO","6144239","2025-10-06 06:00","2025","10","06","06:00","","13.8","","12.5","","92","","0.0","","14","","4","","16.1","","98.36","","","","","","NA"
"-80.38","43.46","KITCHENER/WATERLOO","6144239","2025-10-06 07:00","2025","10","06","07:00","","13.7","","12.8","","94","","0.0","","","","0","","14.5","","98.37","","","","","","NA"
"-80.38","43.46","KITCHENER/WATERLOO","6144239","2025-10-06 08:00","2025","10","06","08:00","","17.1","","14.7","","85","","0.0","","","M","4","","16.1","","98.38","","","","","","NA"
"-80.38","43.46","KITCHENER/WATERLOO","6144239","2025-10-06 09:00","2025","10","06","09:00","","20.6","","14.9","","70","","0.0","","22","","15","","16.1","","98.39","","25","","","","NA"
"-80.38","43.46","KITCHENER/WATERLOO","6144239","2025-10-06 10:00","2025","10","06","10:00","","22.9","","15.4","","62","","0.0","","22","","15","","16.1","","98.37","","27","","","","NA"
"-80.38","43.46","KITCHENER/WATERLOO","6144239","2025-10-06 11:00","2025","10","06","11:00","","24.8","","14.7","","53","","0.0","","23","","21","","16.1","","98.34","","29","","","","NA"
"-80.38","43.46","KITCHENER/WATERLOO","6144239","2025-10-06 12:00","2025","10","06","12:00","","25.6","","14.6","","50","","0.0","","22","","22","","16.1","","98.30","","29","","","","NA"
"-80.38","43.46","KITCHENER/WATERLOO","6144239","2025-10-06 13:00","2025","10","06","13:00","","25.8","","14.2","","48","","0.0","","21","","22","","16.1","","98.23","","29","","","","NA"
"-80.38","43.46","KITCHENER/WATERLOO","6144239","2025-10-06 14:00","2025","10","06","14:00","","26.0","","13.8","","46","","0.0","","21","","24","","16.1","","98.19","","29","","","","NA"
"-80.38","43.46","KITCHENER/WATERLOO","6144239","2025-10-06 15:00","2025","10","06","15:00","","25.7","","14.3","","49","","0.0","","22","","17","","16.1","","98.13","","29","","","","NA"
"-80.38","43.46","KITCHENER/WATERLOO","6144239","2025-10-06 16:00","2025","10","06","16:00","","25.9","","13.8","","47","","0.0","","19","","21","","16.1","","98.12","","29","","","","NA"
"-80.38","43.46","KITCHENER/WATERLOO","6144239","2025-10-06 17:00","2025","10","06","17:00","","24.9","","13.3","","48","","0.0","","20","","18","","16.1","","98.10","","28","","","","NA"
"-80.38","43.46","KITCHENER/WATERLOO","6144239","2025-10-06 18:00","2025","10","06","18:00","","22.8","","12.9","","53","","0.0","","20","","13","","16.1","","98.11","","26","","","","NA"
"-80.38","43.46","KITCHENER/WATERLOO","6144239","2025-10-06 19:00","2025","10","06","19:00","","21.0","","13.1","","60","","0.0","","19","","11","","16.1","","98.12","","","","","","NA"
"-80.38","43.46","KITCHENER/WATERLOO","6144239","2025-10-06 20:00","2025","10","06","20:00","","20.0","","13.3","","65","","0.0","","19","","13","","16.1","","98.09","","","","","","NA"
"-80.38","43.46","KITCHENER/WATERLOO","6144239","2025-10-06 21:00","2025","10","06","21:00","","19.1","","13.5","","70","","0.0","","19","","11","","16.1","","98.07","","","","","","NA"
"-80.38","43.46","KITCHENER/WATERLOO","6144239","2025-10-06 22:00","2025","10","06","22:00","","18.0","","13.6","","75","","0.0","","20","","11","","16.1","","98.05","","","","","","NA"
"-80.38","43.46","KITCHENER/WATERLOO","6144239","2025-10-06 23:00","2025","10","06","23:00","","17.9","","13.5","","75","","0.0","","18","","9","","16.1","","98.00","","","","","","NA"
"-80.38","43.46","KITCHENER/WATERLOO","6144239","2025-10-07 00:00","2025","10","07","00:00","","18.0","","13.6","","75","","0.0","","19","","17","","16.1","","97.91","","","","","","NA"
"-80.38","43.46","KITCHENER/WATERLOO","6144239","2025-10-07 01:00","2025","10","07","01:00","","18.0","","14.2","","78","","0.0","","21","","11","","16.1","","97.88","","","","","","NA"
"-80.38","43.46","KITCHENER/WATERLOO","6144239","2025-10-07 02:00","2025","10","07","02:00","","17.8","","14.7","","82","","0.0","","20","","9","","16.1","","97.83","","","","","","NA"
"-80.38","43.46","KITCHENER/WATERLOO","6144239","2025-10-07 03:00","2025","10","07","03:00","","18.2","","15.7","","85","","0.0","","21","","17","","16.1","","97.75","","","","","","NA"
"-80.38","43.46","KITCHENER/WATERLOO","6144239","2025-10-07 04:00","2025","10","07","04:00","","19.0","","16.5","","85","","0.0","","21","","17","","16.1","","97.73","","","","","","Rain"
"-80.38","43.46","KITCHENER/WATERLOO","6144239","2025-10-07 05:00","2025","10","07","05:00","","18.9","","16.9","","88","","0.5","","22","","15","","16.1","","97.71","","","","","","NA"
"-80.38","43.46","KITCHENER/WATERLOO","6144239","2025-10-07 06:00","2025","10","07","06:00","","18.1","","16.6","","91","","0.0","","22","","13","","16.1","","97.70","","","","","","NA"
"-80.38","43.46","KITCHENER/WATERLOO","6144239","2025-10-07 07:00","2025","10","07","07:00","","16.5","","15.5","","94","","0.0","","24","","5","","16.1","","97.65","","","","","","NA"
"-80.38","43.46","KITCHENER/WATERLOO","6144239","2025-10-07 08:00","2025","10","07","08:00","","16.6","","15.6","","94","","0.0","","","","0","","16.1","","97.70","","","","","","NA"
"-80.38","43.46","KITCHENER/WATERLOO","6144239","2025-10-07 09:00","2025","10","07","09:00","","18.5","","15.7","","84","","0.0","","26","","9","","16.1","","97.73","","","","","","NA"
"-80.38","43.46","KITCHENER/WATERLOO","6144239","2025-10-07 10:00","2025","10","07","10:00","","19.4","","16.1","","81","","0.0","","26","","11","","16.1","","97.73","","","","","","NA"
"-80.38","43.46","KITCHENER/WATERLOO","6144239","2025-10-07 11:00","2025","10","07","11:00","","18.7","","15.6","","82","","0.0","","32","","13","","16.1","","97.70","","","","","","NA"
"-80.38","43.46","KITCHENER/WATERLOO","6144239","2025-10-07 12:00","2025","10","07","12:00","","17.7","","15.0","","84","","0.0","","32","","15","","16.1","","97.71","","","","","","NA"
"-80.38","43.46","KITCHENER/WATERLOO","6144239","2025-10-07 13:00","2025","10","07","13:00","","17.4","","14.7","","84","","0.0","","33","","17","","16.1","","97.64","","","","","","NA"
"-80.38","43.46","KITCHENER/WATERLOO","6144239","2025-10-07 14:00","2025","10","07","14:00","","17.0","","13.9","","82","","0.0","","33","","22","","16.1","","97.63","","","","","","NA"
"-80.38","43.46","KITCHENER/WATERLOO","6144239","2025-10-07 15:00","2025","10","07","15:00","","15.4","","13.1","","86","","0.0","","33","","17","","16.1","","97.65","","","","","","NA"
"-80.38","43.46","KITCHENER/WATERLOO","6144239","2025-10-07 16:00","2025","10","07","16:00","","14.2","","12.8","","91","","0.2","","33","","13","","16.1","","97.71","","","","","","Moderate Rain"
"-80.38","43.46","KITCHENER/WATERLOO","6144239","2025-10-07 17:00","2025","10","07","17:00","","13.2","","11.8","","91","","0.5","","31","","9","","16.1","","97.77","","","","","","NA"
"-80.38","43.46","KITCHENER/WATERLOO","6144239","2025-10-07 18:00","2025","10","07","18:00","","13.0","","11.7","","92","","0.0","","32","","11","","16.1","","97.78","","","","","","NA"
"-80.38","43.46","KITCHENER/WATERLOO","6144239","2025-10-07 19:00","2025","10","07","19:00","","13.2","","11.9","","92","","0.0","","32","","15","","16.1","","97.83","","","","","","NA"
"-80.38","43.46","KITCHENER/WATERLOO","6144239","2025-10-07 20:00","2025","10","07","20:00","","13.2","","11.8","","91","","0.0","","33","","18","","16.1","","97.86","","","","","","NA"
"-80.38","43.46","KITCHENER/WATERLOO","6144239","2025-10-07 21:00","2025","10","07","21:00","","12.7","","9.6","","81","","0.0","","32","","18","","16.1","","97.90","","","","","","NA"
"-80.38","43.46","KITCHENER/WATERLOO","6144239","2025-10-07 22:00","2025","10","07","22:00","","12.1","","8.4","","78","","0.0","","33","","11","","16.1","","97.98","","","","","","NA"
"-80.38","43.46","KITCHENER/WATERLOO","6144239","2025-10-07 23:00","2025","10","07","23:00","","11.5","","8.0","","79","","0.0","","32","","11","","16.1","","98.03","","","","","","NA"
"-80.38","43.46","KITCHENER/WATERLOO","6144239","2025-10-08 00:00","2025","10","08","00:00","","10.9","","8.0","","82","","0.0","","32","","13","","16.1","","98.05","","","","","","NA"
"-80.38","43.46","KITCHENER/WATERLOO","6144239","2025-10-08 01:00","2025","10","08","01:00","","9.1","","7.2","","88","","0.0","","31","","9","","16.1","","98.13","","","","","","NA"
"-80.38","43.46","KITCHENER/WATERLOO","6144239","2025-10-08 02:00","2025","10","08","02:00","","8.1","","6.9","","92","","0.0","","31","","8","","16.1","","98.15","","","","","","NA"
"-80.38","43.46","KITCHENER/WATERLOO","6144239","2025-10-08 03:00","2025","10","08","03:00","","7.7","","6.7","","93","","0.0","","32","","11","","16.1","","98.19","","","","","","NA"
"-80.38","43.46","KITCHENER/WATERLOO","6144239","2025-10-08 04:00","2025","10","08","04:00","","6.7","","5.3","","91","","0.0","","30","","11","","16.1","","98.23","","","","","","NA"
"-80.38","43.46","KITCHENER/WATERLOO","6144239","2025-10-08 05:00","2025","10","08","05:00","","5.5","","4.1","","91","","0.0","","30","","9","","16.1","","98.29","","","","","","NA"
"-80.38","43.46","KITCHENER/WATERLOO","6144239","2025-10-08 06:00","2025","10","08","06:00","","5.4","","3.4","","87","","0.0","","30","","11","","16.1","","98.36","","","","","","NA"
"-80.38","43.46","KITCHENER/WATERLOO","6144239","2025-10-08 07:00","2025","10","08","07:00","","5.4","","3.9","","90","","0.0","","30","","13","","16.1","","98.43","","","","","","NA"
"-80.38","43.46","KITCHENER/WATERLOO","6144239","2025-10-08 08:00","2025","10","08","08:00","","8.0","","4.5","","78","","0.0","","31","","15","","16.1","","98.53","","","","","","NA"
"-80.38","43.46","KITCHENER/WATERLOO","6144239","2025-10-08 09:00","2025","10","08","09:00","","10.5","","5.4","","70","","0.0","","34","","24","","16.1","","98.59","","","","","","NA"
"-80.38","43.46","KITCHENER/WATERLOO","6144239","2025-10-08 10:00","2025","10","08","10:00","","11.5","","3.9","","59","","0.0","","32","","22","","16.1","","98.64","","","","","","NA"
"-80.38","43.46","KITCHENER/WATERLOO","6144239","2025-10-08 11:00","2025","10","08","11:00","","11.8","","2.1","","51","","0.0","","33","","26","","16.1","","98.70","","","","","","NA"
"-80.38","43.46","KITCHENER/WATERLOO","6144239","2025-10-08 12:00","2025","10","08","12:00","","12.9","","2.4","","49","","0.0","","33","","28","","16.1","","98.73","","","","","","NA"
"-80.38","43.46","KITCHENER/WATERLOO","6144239","2025-10-08 13:00","2025","10","08","13:00","","13.3","","1.7","","45","","0.0","","33","","18","","16.1","","98.72","","","","","","NA"
"-80.38","43.46","KITCHENER/WATERLOO","6144239","2025-10-08 14:00","2025","10","08","14:00","","13.2","","0.6","","42","","0.0","","33","","24","","16.1","","98.73","","","","","","NA"
"-80.38","43.46","KITCHENER/WATERLOO","6144239","2025-10-08 15:00","2025","10","08","15:00","","12.6","","-0.2","","41","","0.0","","33","","21","","16.1","","98.77","","","","","","NA"
"-80.38","43.46","KITCHENER/WATERLOO","6144239","2025-10-08 16:00","2025","10","08","16:00","","13.2","","0.4","","41","","0.0","","35","","17","","16.1","","98.81","","","","","","NA"
"-80.38","43.46","KITCHENER/WATERLOO","6144239","2025-10-08 17:00","2025","10","08","17:00","","11.8","","-0.5","","43","","0.0","","35","","17","","16.1","","98.86","","","","","","NA"
"-80.38","43.46","KITCHENER/WATERLOO","6144239","2025-10-08 18:00","2025","10","08","18:00","","9.3","","0.0","","52","","0.0","","1","","9","","16.1","","98.93","","","","","","NA"
"-80.38","43.46","KITCHENER/WATERLOO","6144239","2025-10-08 19:00","2025","10","08","19:00","","7.0","","0.2","","62","","0.0","","36","","8","","16.1","","99.01","","","","","","NA"
"-80.38","43.46","KITCHENER/WATERLOO","6144239","2025-10-08 20:00","2025","10","08","20:00","","6.2","","0.6","","67","","0.0","","35","","11","","16.1","","99.07","","","","","","NA"
"-80.38","43.46","KITCHENER/WATERLOO","6144239","2025-10-08 21:00","2025","10","08","21:00","","4.7","","1.0","","77","","0.0","","32","","5","","16.1","","99.15","","","","","","NA"
"-80.38","43.46","KITCHENER/WATERLOO","6144239","2025-10-08 22:00","2025","10","08","22:00","","3.7","","0.9","","82","","0.0","","31","","9","","16.1","","99.21","","","","","","NA"
"-80.38","43.46","KITCHENER/WATERLOO","6144239","2025-10-08 23:00","2025","10","08","23:00","","3.7","","1.3","","84","","0.0","","33","","5","","16.1","","99.23","","","","","","NA"
"-80.38","43.46","KITCHENER/WATERLOO","6144239","2025-10-09 00:00","2025","10","09","00:00","","3.5","","1.2","","85","","0.0","","34","","5","","16.1","","99.22","","","","","","NA"
"-80.38","43.46","KITCHENER/WATERLOO","6144239","2025-10-09 01:00","2025","10","09","01:00","","0.7","","-0.2","","94","","0.0","","","M","4","","16.1","","99.27","","","","","","NA"
"-80.38","43.46","KITCHENER/WATERLOO","6144239","2025-10-09 02:00","2025","10","09","02:00","","1.3","","0.1","","92","","0.0","","","M","4","","16.1","","99.28","","","","","","NA"
"-80.38","43.46","KITCHENER/WATERLOO","6144239","2025-10-09 03:00","2025","10","09","03:00","","0.1","","-0.3","","97","","0.0","","32","","5","","16.1","","99.30","","","","","","NA"
"-80.38","43.46","KITCHENER/WATERLOO","6144239","2025-10-09 04:00","2025","10","09","04:00","","-0.6","","-1.0","","97","","0.0","","33","","4","","16.1","","99.34","","","","-2","","NA"
"-80.38","43.46","KITCHENER/WATERLOO","6144239","2025-10-09 05:00","2025","10","09","05:00","","-1.6","","-1.9","","98","","0.0","","34","","5","","16.1","","99.42","","","","-3","","NA"
"-80.38","43.46","KITCHENER/WATERLOO","6144239","2025-10-09 06:00","2025","10","09","06:00","","-1.4","","-1.7","","98","","0.0","","33","","4","","16.1","","99.46","","","","-3","","NA"
"-80.38","43.46","KITCHENER/WATERLOO","6144239","2025-10-09 07:00","2025","10","09","07:00","","-0.9","","-1.2","","98","","0.0","","","","0","","16.1","","99.52","","","","","","NA"
"-80.38","43.46","KITCHENER/WATERLOO","6144239","2025-10-09 08:00","2025","10","09","08:00","","4.3","","1.8","","84","","0.0","","","M","4","","16.1","","99.58","","","","","","NA"
"-80.38","43.46","KITCHENER/WATERLOO","6144239","2025-10-09 09:00","2025","10","09","09:00","","8.2","","0.2","","57","","0.0","","7","","11","","16.1","","99.62","","","","","","NA"
"-80.38","43.46","KITCHENER/WATERLOO","6144239","2025-10-09 10:00","2025","10","09","10:00","","10.2","","-1.8","","43","","0.0","","5","","13","","16.1","","99.63","","","","","","NA"
"-80.38","43.46","KITCHENER/WATERLOO","6144239","2025-10-09 11:00","2025","10","09","11:00","","10.7","","-2.2","","40","","0.0","","4","","13","","16.1","","99.63","","","","","","NA"
"-80.38","43.46","KITCHENER/WATERLOO","6144239","2025-10-09 12:00","2025","10","09","12:00","","12.1","","-2.2","","37","","0.0","","11","","18","","16.1","","99.57","","","","","","NA"
"-80.38","43.46","KITCHENER/WATERLOO","6144239","2025-10-09 13:00","2025","10","09","13:00","","11.8","","-3.1","","35","","0.0","","","M","4","","16.1","","99.49","","","","","","NA"
"-80.38","43.46","KITCHENER/WATERLOO","6144239","2025-10-09 14:00","2025","10","09","14:00","","12.2","","-2.6","","36","","0.0","","","M","4","","16.1","","99.42","","","","","","NA"
"-80.38","43.46","KITCHENER/WATERLOO","6144239","2025-10-09 15:00","2025","10","09","15:00","","13.0","","-2.3","","34","","0.0","","7","","13","","16.1","","99.37","","","","","","NA"
"-80.38","43.46","KITCHENER/WATERLOO","6144239","2025-10-09 16:00","2025","10","09","16:00","","12.8","","-2.4","","35","","0.0","","13","","9","","16.1","","99.33","","","","","","NA"
"-80.38","43.46","KITCHENER/WATERLOO","6144239","2025-10-09 17:00","2025","10","09","17:00","","10.5","","0.4","","49","","0.0","","14","","18","","16.1","","99.31","","","","","","NA"
"-80.38","43.46","KITCHENER/WATERLOO","6144239","2025-10-09 18:00","2025","10","09","18:00","","7.4","","0.2","","60","","0.0","","11","","13","","16.1","","99.31","","","","","","NA"
"-80.38","43.46","KITCHENER/WATERLOO","6144239","2025-10-09 19:00","2025","10","09","19:00","","5.5","","0.3","","69","","0.0","","11","","9","","16.1","","99.30","","","","","","NA"
"-80.38","43.46","KITCHENER/WATERLOO","6144239","2025-10-09 20:00","2025","10","09","20:00","","3.0","","0.7","","85","","0.0","","6","","4","","16.1","","99.29","","","","","","NA"
"-80.38","43.46","KITCHENER/WATERLOO","6144239","2025-10-09 21:00","2025","10","09","21:00","","2.5","","0.5","","87","","0.0","","5","","5","","16.1","","99.26","","","","","","NA"
"-80.38","43.46","KITCHENER/WATERLOO","6144239","2025-10-09 22:00","2025","10","09","22:00","","1.1","","-0.3","","90","","0.0","","","M","4","","16.1","","99.24","","","","","","NA"
"-80.38","43.46","KITCHENER/WATERLOO","6144239","2025-10-09 23:00","2025","10","09","23:00","","-0.3","","-1.1","","95","","0.0","","6","","4","","16.1","","99.19","","","","-2","","NA"
"-80.38","43.46","KITCHENER/WATERLOO","6144239","2025-10-10 00:00","2025","10","10","00:00","","0.1","","-0.5","","96","","0.0","","","","0","","16.1","","99.19","","","","","","NA"
"-80.38","43.46","KITCHENER/WATERLOO","6144239","2025-10-10 01:00","2025","10","10","01:00","","-1.1","","-1.6","","97","","0.0","","","","0","","16.1","","99.19","","","","","","NA"
"-80.38","43.46","KITCHENER/WATERLOO","6144239","2025-10-10 02:00","2025","10","10","02:00","","-1.1","","-1.4","","98","","0.0","","","","0","","16.1","","99.12","","","","","","NA"
"-80.38","43.46","KITCHENER/WATERLOO","6144239","2025-10-10 03:00","2025","10","10","03:00","","-1.1","","-1.4","","98","","0.0","","30","","4","","16.1","","99.08","","","","-2","","NA"
"-80.38","43.46","KITCHENER/WATERLOO","6144239","2025-10-10 04:00","2025","10","10","04:00","","-1.4","","-1.8","","97","","0.0","","35","","5","","16.1","","99.06","","","","-3","","NA"
"-80.38","43.46","KITCHENER/WATERLOO","6144239","2025-10-10 05:00","2025","10","10","05:00","","-1.2","","-1.5","","98","","0.0","","32","","4","","16.1","","99.03","","","","-3","","NA"
"-80.38","43.46","KITCHENER/WATERLOO","6144239","2025-10-10 06:00","2025","10","10","06:00","","-1.7","","-2.0","","98","","0.0","","","","0","","4.8","","98.97","","","","","","Fog"
"-80.38","43.46","KITCHENER/WATERLOO","6144239","2025-10-10 07:00","2025","10","10","07:00","","-1.3","","-1.6","","98","","0.0","","31","","4","","16.1","","98.94","","","","-3","","NA"
"-80.38","43.46","KITCHENER/WATERLOO","6144239","2025-10-10 08:00","2025","10","10","08:00","","3.2","","2.6","","96","","0.0","","","M","4","","16.1","","98.87","","","","","","NA"
"-80.38","43.46","KITCHENER/WATERLOO","6144239","2025-10-10 09:00","2025","10","10","09:00","","9.1","","4.8","","74","","0.0","","16","","11","","16.1","","98.79","","","","","","NA"
"-80.38","43.46","KITCHENER/WATERLOO","6144239","2025-10-10 10:00","2025","10","10","10:00","","12.3","","6.6","","68","","0.0","","20","","11","","16.1","","98.71","","","","","","NA"
"-80.38","43.46","KITCHENER/WATERLOO","6144239","2025-10-10 11:00","2025","10","10","11:00","","14.6","","5.2","","53","","0.0","","20","","22","","16.1","","98.63","","","","","","NA"
"-80.38","43.46","KITCHENER/WATERLOO","6144239","2025-10-10 12:00","2025","10","10","12:00","","15.5","","4.4","","47","","0.0","","20","","24","","16.1","","98.55","","","","","","NA"
"-80.38","43.46","KITCHENER/WATERLOO","6144239","2025-10-10 13:00","2025","10","10","13:00","","17.4","","4.7","","43","","0.0","","20","","22","","16.1","","98.42","","","","","","NA"
"-80.38","43.46","KITCHENER/WATERLOO","6144239","2025-10-10 14:00","2025","10","10","14:00","","17.0","","3.4","","40","","0.0","","17","","22","","16.1","","98.32","","","","","","NA"
"-80.38","43.46","KITCHENER/WATERLOO","6144239","2025-10-10 15:00","2025","10","10","15:00","","16.2","","3.8","","43","","0.0","","18","","22","","16.1","","98.26","","","","","","NA"
"-80.38","43.46","KITCHENER/WATERLOO","6144239","2025-10-10 16:00","2025","10","10","16:00","","16.0","","3.9","","44","","0.0","","19","","21","","16.1","","98.19","","","","","","NA"
"-80.38","43.46","KITCHENER/WATERLOO","6144239","2025-10-10 17:00","2025","10","10","17:00","","14.3","","4.4","","51","","0.0","","20","","24","","16.1","","98.16","","","","","","NA"
"-80.38","43.46","KITCHENER/WATERLOO","6144239","2025-10-10 18:00","2025","10","10","18:00","","13.8","","4.4","","53","","0.0","","19","","13","","16.1","","98.15","","","","","","NA"
"-80.38","43.46","KITCHENER/WATERLOO","6144239","2025-10-10 19:00","2025","10","10","19:00","","13.6","","5.4","","57","","0.0","","19","","15","","16.1","","98.12","","","","","","NA"
"-80.38","43.46","KITCHENER/WATERLOO","6144239","2025-10-10 20:00","2025","10","10","20:00","","11.4","","8.1","","80","","0.8","","20","","5","","16.1","","98.14","","","","","","Rain"
"-80.38","43.46","KITCHENER/WATERLOO","6144239","2025-10-10 21:00","2025","10","10","21:00","","10.7","","9.3","","91","","2.0","","21","","8","","11.3","","98.18","","","","","","Rain"
"-80.38","43.46","KITCHENER/WATERLOO","6144239","2025-10-10 22:00","2025","10","10","22:00","","10.8","","9.6","","92","","0.2","","21","","9","","16.1","","98.15","","","","","","Rain"
"-80.38","43.46","KITCHENER/WATERLOO","6144239","2025-10-10 23:00","2025","10","10","23:00","","10.7","","9.9","","95","","0.2","","15","","11","","16.1","","98.02","","","","","","NA"
"-80.38","43.46","KITCHENER/WATERLOO","6144239","2025-10-11 00:00","2025","10","11","00:00","","11.8","","10.1","","89","","0.0","","17","","15","","16.1","","97.94","","","","","","NA"
"-80.38","43.46","KITCHENER/WATERLOO","6144239","2025-10-11 01:00","2025","10","11","01:00","","11.7","","10.0","","89","","0.0","","19","","13","","16.1","","97.90","","","","","","NA"
"-80.38","43.46","KITCHENER/WATERLOO","6144239","2025-10-11 02:00","2025","10","11","02:00","","11.6","","9.9","","89","","0.0","","20","","9","","16.1","","97.86","","","","","","NA"
"-80.38","43.46","KITCHENER/WATERLOO","6144239","2025-10-11 03:00","2025","10","11","03:00","","11.5","","10.1","","91","","0.0","","26","","8","","16.1","","97.86","","","","","","NA"
"-80.38","43.46","KITCHENER/WATERLOO","6144239","2025-10-11 04:00","2025","10","11","04:00","","9.2","","8.7","","97","","0.0","","21","","8","","8.1","","97.88","","","","","","Fog"
"-80.38","43.46","KITCHENER/WATERLOO","6144239","2025-10-11 05:00","2025","10","11","05:00","","8.5","","8.2","","98","","0.0","","","","0","","0.4","","97.89","","","","","","Fog"
"-80.38","43.46","KITCHENER/WATERLOO","6144239","2025-10-11 06:00","2025","10","11","06:00","","8.6","","8.5","","99","","0.0","","","","0","","12.9","","97.89","","","","","","NA"
"-80.38","43.46","KITCHENER/WATERLOO","6144239","2025-10-11 07:00","2025","10","11","07:00","","9.7","","9.6","","99","","0.0","","28","","5","","16.1","","97.91","","","","","","NA"
"-80.38","43.46","KITCHENER/WATERLOO","6144239","2025-10-11 08:00","2025","10","11","08:00","","10.8","","9.7","","93","","0.0","","","","0","","16.1","","97.93","","","","","","NA"
"-80.38","43.46","KITCHENER/WATERLOO","6144239","2025-10-11 09:00","2025","10","11","09:00","","10.8","","10.0","","95","","2.2","","25","","8","","11.3","","97.97","","","","","","Moderate Rain"
"-80.38","43.46","KITCHENER/WATERLOO","6144239","2025-10-11 10:00","2025","10","11","10:00","","11.2","","9.8","","91","","0.5","","16","","9","","16.1","","98.00","","","","","","Rain"
"-80.38","43.46","KITCHENER/WATERLOO","6144239","2025-10-11 11:00","2025","10","11","11:00","","12.0","","8.4","","78","","0.0","","32","","5","","16.1","","98.05","","","","","","NA"
"-80.38","43.46","KITCHENER/WATERLOO","6144239","2025-10-11 12:00","2025","10","11","12:00","","14.2","","7.6","","64","","0.0","","","M","5","","16.1","","98.06","","","","","","NA"
"-80.38","43.46","KITCHENER/WATERLOO","6144239","2025-10-11 13:00","2025","10","11","13:00","","14.9","","8.5","","65","","0.2","","8","","9","","16.1","","98.04","","","","","","NA"
"-80.38","43.46","KITCHENER/WATERLOO","6144239","2025-10-11 14:00","2025","10","11","14:00","","12.4","","10.1","","86","","0.0","","6","","17","","16.1","","98.06","","","","","","Rain"
"-80.38","43.46","KITCHENER/WATERLOO","6144239","2025-10-11 15:00","2025","10","11","15:00","","14.6","","8.5","","67","","0.0","","9","","18","","16.1","","98.07","","","","","","NA"
"-80.38","43.46","KITCHENER/WATERLOO","6144239","2025-10-11 16:00","2025","10","11","16:00","","13.5","","8.0","","69","","0.0","","5","","13","","16.1","","98.08","","","","","","NA"
"-80.38","43.46","KITCHENER/WATERLOO","6144239","2025-10-11 17:00","2025","10","11","17:00","","14.2","","7.4","","63","","0.0","","10","","15","","16.1","","98.12","","","","","","NA"
"-80.38","43.46","KITCHENER/WATERLOO","6144239","2025-10-11 18:00","2025","10","11","18:00","","10.9","","7.4","","79","","0.0","","9","","11","","16.1","","98.20","","","","","","NA"
"-80.38","43.46","KITCHENER/WATERLOO","6144239","2025-10-11 19:00","2025","10","11","19:00","","12.2","","10.0","","86","","0.0","","7","","21","","16.1","","98.25","","","","","","NA"
"-80.38","43.46","KITCHENER/WATERLOO","6144239","2025-10-11 20:00","2025","10","11","20:00","","10.7","","9.6","","93","","0.0","","7","","17","","16.1","","98.26","","","","","","NA"
"-80.38","43.46","KITCHENER/WATERLOO","6144239","2025-10-11 21:00","2025","10","11","21:00","","9.9","","9.3","","96","","0.0","","5","","9","","16.1","","98.28","","","","","","NA"
"-80.38","43.46","KITCHENER/WATERLOO","6144239","2025-10-11 22:00","2025","10","11","22:00","","10.2","","9.3","","94","","0.0","","4","","13","","16.1","","98.25","","","","","","NA"
"-80.38","43.46","KITCHENER/WATERLOO","6144239","2025-10-11 23:00","2025","10","11","23:00","","9.4","","9.0","","97","","0.0","","1","","8","","8.1","","98.21","","","","","","Fog"
"-80.38","43.46","KITCHENER/WATERLOO","6144239","2025-10-12 00:00","2025","10","12","00:00","","9.4","","8.8","","96","","0.0","","36","","11","","8.1","","98.24","","","","","","Fog"
"-80.38","43.46","KITCHENER/WATERLOO","6144239","2025-10-12 01:00","2025","10","12","01:00","","9.3","","8.9","","97","","0.0","","1","","5","","8.1","","98.25","","","","","","Fog"
"-80.38","43.46","KITCHENER/WATERLOO","6144239","2025-10-12 02:00","2025","10","12","02:00","","8.0","","7.6","","97","","0.0","","7","","15","","6.4","","98.21","","","","","","Fog"
"-80.38","43.46","KITCHENER/WATERLOO","6144239","2025-10-12 03:00","2025","10","12","03:00","","9.6","","9.3","","98","","0.0","","7","","15","","1.2","","98.22","","","","","","Fog"
"-80.38","43.46","KITCHENER/WATERLOO","6144239","2025-10-12 04:00","2025","10","12","04:00","","10.6","","10.3","","98","","0.0","","6","","11","","4.0","","98.18","","","","","","Fog"
"-80.38","43.46","KITCHENER/WATERLOO","6144239","2025-10-12 05:00","2025","10","12","05:00","","9.7","","9.4","","98","","0.0","","4","","11","","6.4","","98.18","","","","","","Fog"
"-80.38","43.46","KITCHENER/WATERLOO","6144239","2025-10-12 06:00","2025","10","12","06:00","","8.9","","8.2","","95","","0.0","","4","","11","","16.1","","98.19","","","","","","NA"
"-80.38","43.46","KITCHENER/WATERLOO","6144239","2025-10-12 07:00","2025","10","12","07:00","","9.8","","9.0","","95","","0.0","","5","","17","","16.1","","98.19","","","","","","NA"
"-80.38","43.46","KITCHENER/WATERLOO","6144239","2025-10-12 08:00","2025","10","12","08:00","","11.1","","10.6","","96","","0.0","","6","","15","","9.7","","98.22","","","","","","Fog"
"-80.38","43.46","KITCHENER/WATERLOO","6144239","2025-10-12 09:00","2025","10","12","09:00","","12.4","","11.2","","92","","0.0","","6","","17","","16.1","","98.27","","","","","","NA"
"-80.38","43.46","KITCHENER/WATERLOO","6144239","2025-10-12 10:00","2025","10","12","10:00","","13.1","","11.9","","92","","0.0","","8","","17","","16.1","","98.28","","","","","","NA"
"-80.38","43.46","KITCHENER/WATERLOO","6144239","2025-10-12 11:00","2025","10","12","11:00","","14.1","","11.1","","82","","0.0","","9","","18","","16.1","","98.29","","","","","","NA"
"-80.38","43.46","KITCHENER/WATERLOO","6144239","2025-10-12 12:00","2025","10","12","12:00","","15.4","","11.3","","76","","0.0","","11","","18","","16.1","","98.25","","","","","","NA"
"-80.38","43.46","KITCHENER/WATERLOO","6144239","2025-10-12 13:00","2025","10","12","13:00","","16.4","","11.7","","73","","0.0","","8","","15","","16.1","","98.21","","","","","","NA"
"-80.38","43.46","KITCHENER/WATERLOO","6144239","2025-10-12 14:00","2025","10","12","14:00","","17.4","","11.8","","69","","0.0","","6","","15","","16.1","","98.18","","","","","","NA"
"-80.38","43.46","KITCHENER/WATERLOO","6144239","2025-10-12 15:00","2025","10","12","15:00","","16.3","","12.6","","78","","0.0","","8","","24","","16.1","","98.18","","","","","","NA"
"-80.38","43.46","KITCHENER/WATERLOO","6144239","2025-10-12 16:00","2025","10","12","16:00","","15.9","","12.0","","78","","0.0","","8","","22","","16.1","","98.18","","","","","","NA"
"-80.38","43.46","KITCHENER/WATERLOO","6144239","2025-10-12 17:00","2025","10","12","17:00","","14.9","","11.3","","79","","0.0","","9","","13","","16.1","","98.18","","","","","","NA"
"-80.38","43.46","KITCHENER/WATERLOO","6144239","2025-10-12 18:00","2025","10","12","18:00","","12.2","","10.1","","87","","0.0","","7","","11","","16.1","","98.19","","","","","","NA"
"-80.38","43.46","KITCHENER/WATERLOO","6144239","2025-10-12 19:00","2025","10","12","19:00","","12.4","","10.5","","88","","0.0","","6","","18","","16.1","","98.19","","","","","","NA"
"-80.38","43.46","KITCHENER/WATERLOO","6144239","2025-10-12 20:00","2025","10","12","20:00","","11.4","","9.7","","89","","0.0","","6","","11","","16.1","","98.18","","","","","","NA"
"-80.38","43.46","KITCHENER/WATERLOO","6144239","2025-10-12 21:00","2025","10","12","21:00","","10.8","","9.1","","89","","0.0","","5","","9","","16.1","","98.20","","","","","","NA"
"-80.38","43.46","KITCHENER/WATERLOO","6144239","2025-10-12 22:00","2025","10","12","22:00","","10.0","","8.5","","91","","0.0","","4","","9","","16.1","","98.19","","","","","","NA"
"-80.38","43.46","KITCHENER/WATERLOO","6144239","2025-10-12 23:00","2025","10","12","23:00","","10.0","","8.6","","91","","0.0","","3","","8","","16.1","","98.16","","","","","","NA"
"-80.38","43.46","KITCHENER/WATERLOO","6144239","2025-10-13 00:00","2025","10","13","00:00","","9.7","","8.2","","90","","0.0","","3","","8","","16.1","","98.17","","","","","","NA"
"-80.38","43.46","KITCHENER/WATERLOO","6144239","2025-10-13 01:00","2025","10","13","01:00","","9.6","","8.4","","92","","0.0","","4","","9","","16.1","","98.18","","","","","","NA"
"-80.38","43.46","KITCHENER/WATERLOO","6144239","2025-10-13 02:00","2025","10","13","02:00","","8.6","","7.4","","92","","0.0","","3","","5","","16.1","","98.17","","","","","","NA"
"-80.38","43.46","KITCHENER/WATERLOO","6144239","2025-10-13 03:00","2025","10","13","03:00","","6.5","","5.6","","94","","0.0","","3","","5","","16.1","","98.17","","","","","","NA"
"-80.38","43.46","KITCHENER/WATERLOO","6144239","2025-10-13 04:00","2025","10","13","04:00","","5.1","","4.6","","97","","0.0","","1","","5","","16.1","","98.19","","","","","","NA"
"-80.38","43.46","KITCHENER/WATERLOO","6144239","2025-10-13 05:00","2025","10","13","05:00","","6.1","","5.5","","96","","0.0","","4","","8","","14.5","","98.24","","","","","","NA"
"-80.38","43.46","KITCHENER/WATERLOO","6144239","2025-10-13 06:00","2025","10","13","06:00","","6.3","","5.7","","96","","0.0","","6","","17","","16.1","","98.25","","","","","","NA"
"-80.38","43.46","KITCHENER/WATERLOO","6144239","2025-10-13 07:00","2025","10","13","07:00","","6.2","","5.5","","95","","0.2","","8","","8","","16.1","","98.28","","","","","","NA"
"-80.38","43.46","KITCHENER/WATERLOO","6144239","2025-10-13 08:00","2025","10","13","08:00","","10.6","","9.1","","90","","0.0","","","M","4","","16.1","","98.36","","","","","","NA"
"-80.38","43.46","KITCHENER/WATERLOO","6144239","2025-10-13 09:00","2025","10","13","09:00","","13.4","","9.8","","79","","0.0","","9","","24","","16.1","","98.36","","","","","","NA"
"-80.38","43.46","KITCHENER/WATERLOO","6144239","2025-10-13 10:00","2025","10","13","10:00","","15.4","","10.7","","73","","0.0","","8","","18","","16.1","","98.36","","","","","","NA"
"-80.38","43.46","KITCHENER/WATERLOO","6144239","2025-10-13 11:00","2025","10","13","11:00","","15.2","","11.2","","77","","0.0","","9","","17","","16.1","","98.39","","","","","","NA"
"-80.38","43.46","KITCHENER/WATERLOO","6144239","2025-10-13 12:00","2025","10","13","12:00","","15.3","","11.3","","77","","0.0","","6","","17","","16.1","","98.36","","","","","","NA"
"-80.38","43.46","KITCHENER/WATERLOO","6144239","2025-10-13 13:00","2025","10","13","13:00","","14.3","","11.8","","85","","0.0","","6","","13","","16.1","","98.29","","","","","","NA"
"-80.38","43.46","KITCHENER/WATERLOO","6144239","2025-10-13 14:00","2025","10","13","14:00","","14.4","","11.8","","84","","0.0","","7","","18","","16.1","","98.26","","","","","","NA"
"-80.38","43.46","KITCHENER/WATERLOO","6144239","2025-10-13 15:00","2025","10","13","15:00","","16.0","","11.4","","74","","0.0","","7","","15","","16.1","","98.24","","","","","","NA"
"-80.38","43.46","KITCHENER/WATERLOO","6144239","2025-10-13 16:00","2025","10","13","16:00","","15.8","","11.2","","74","","0.0","","9","","11","","16.1","","98.23","","","","","","NA"
"-80.38","43.46","KITCHENER/WATERLOO","6144239","2025-10-13 17:00","2025","10","13","17:00","","15.3","","10.7","","74","","0.0","","6","","9","","16.1","","98.28","","","","","","NA"
"-80.38","43.46","KITCHENER/WATERLOO","6144239","2025-10-13 18:00","2025","10","13","18:00","","14.2","","10.4","","78","","0.0","","6","","8","","16.1","","98.29","","","","","","NA"
"-80.38","43.46","KITCHENER/WATERLOO","6144239","2025-10-13 19:00","2025","10","13","19:00","","13.1","","10.1","","82","","0.0","","8","","8","","16.1","","98.29","","","","","","NA"
"-80.38","43.46","KITCHENER/WATERLOO","6144239","2025-10-13 20:00","2025","10","13","20:00","","9.7","","8.9","","95","","0.0","","6","","4","","16.1","","98.28","","","","","","NA"
"-80.38","43.46","KITCHENER/WATERLOO","6144239","2025-10-13 21:00","2025","10","13","21:00","","8.4","","8.0","","97","","0.0","","34","","5","","16.1","","98.33","","","","","","NA"
"-80.38","43.46","KITCHENER/WATERLOO","6144239","2025-10-13 22:00","2025","10","13","22:00","","8.4","","8.1","","98","","0.0","","35","","5","","16.1","","98.36","","","","","","NA"
"-80.38","43.46","KITCHENER/WATERLOO","6144239","2025-10-13 23:00","2025","10","13","23:00","","7.6","","7.4","","99","","0.0","","","","0","","0.6","","98.36","","","","","","Fog"
"-80.38","43.46","KITCHENER/WATERLOO","6144239","2025-10-14 00:00","2025","10","14","00:00","","6.2","","6.1","","99","","0.0","","","M","4","","0.6","","98.39","","","","","","Fog"
"-80.38","43.46","KITCHENER/WATERLOO","6144239","2025-10-14 01:00","2025","10","14","01:00","","6.0","","5.9","","99","","0.0","","30","","8","","0.4","","98.42","","","","","","Fog"
"-80.38","43.46","KITCHENER/WATERLOO","6144239","2025-10-14 02:00","2025","10","14","02:00","","6.1","","6.0","","99","","0.0","","28","","4","","0.6","","98.42","","","","","","Fog"
"-80.38","43.46","KITCHENER/WATERLOO","6144239","2025-10-14 03:00","2025","10","14","03:00","","5.1","","5.0","","99","","0.0","","30","","4","","0.6","","98.43","","","","","","Fog"
"-80.38","43.46","KITCHENER/WATERLOO","6144239","2025-10-14 04:00","2025","10","14","04:00","","5.4","","5.3","","99","","0.0","","30","","5","","0.8","","98.43","","","","","","Fog"
"-80.38","43.46","KITCHENER/WATERLOO","6144239","2025-10-14 05:00","2025","10","14","05:00","","4.5","","4.4","","99","","0.0","","31","","4","","0.4","","98.48","","","","","","Fog"
"-80.38","43.46","KITCHENER/WATERLOO","6144239","2025-10-14 06:00","2025","10","14","06:00","","4.6","","4.5","","99","","0.0","","","","0","","0.4","","98.50","","","","","","Fog"
"-80.38","43.46","KITCHENER/WATERLOO","6144239","2025-10-14 07:00","2025","10","14","07:00","","4.2","","4.1","","99","","0.0","","","","0","","0.0","","98.57","","","","","","Fog"
"-80.38","43.46","KITCHENER/WATERLOO","6144239","2025-10-14 08:00","2025","10","14","08:00","","8.8","","8.7","","99","","0.0","","30","","4","","11.3","","98.61","","","","","","NA"
"-80.38","43.46","KITCHENER/WATERLOO","6144239","2025-10-14 09:00","2025","10","14","09:00","","12.2","","11.9","","98","","0.0","","30","","9","","16.1","","98.62","","","","","","NA"
"-80.38","43.46","KITCHENER/WATERLOO","6144239","2025-10-14 10:00","2025","10","14","10:00","","16.5","","12.8","","79","","0.0","","30","","17","","16.1","","98.60","","","","","","NA"
"-80.38","43.46","KITCHENER/WATERLOO","6144239","2025-10-14 11:00","2025","10","14","11:00","","17.4","","12.6","","73","","0.0","","32","","11","","16.1","","98.59","","","","","","NA"
"-80.38","43.46","KITCHENER/WATERLOO","6144239","2025-10-14 12:00","2025","10","14","12:00","","17.6","","12.2","","71","","0.0","","29","","17","","16.1","","98.57","","","","","","NA"
"-80.38","43.46","KITCHENER/WATERLOO","6144239","2025-10-14 13:00","2025","10","14","13:00","","17.9","","13.0","","73","","0.0","","30","","21","","16.1","","98.50","","","","","","NA"
"-80.38","43.46","KITCHENER/WATERLOO","6144239","2025-10-14 14:00","2025","10","14","14:00","","19.4","","13.3","","68","","0.0","","30","","17","","16.1","","98.47","","","","","","NA"
"-80.38","43.46","KITCHENER/WATERLOO","6144239","2025-10-14 15:00","2025","10","14","15:00","","19.4","","12.7","","65","","0.0","","32","","21","","16.1","","98.46","","","","","","NA"
"-80.38","43.46","KITCHENER/WATERLOO","6144239","2025-10-14 16:00","2025","10","14","16:00","","18.6","","10.9","","60","","0.0","","32","","15","","16.1","","98.44","","","","","","NA"
"-80.38","43.46","KITCHENER/WATERLOO","6144239","2025-10-14 17:00","2025","10","14","17:00","","17.2","","9.2","","59","","0.0","","32","","17","","16.1","","98.46","","","","","","NA"
"-80.38","43.46","KITCHENER/WATERLOO","6144239","2025-10-14 18:00","2025","10","14","18:00","","13.9","","7.0","","63","","0.0","","31","","13","","16.1","","98.50","","","","","","NA"
"-80.38","43.46","KITCHENER/WATERLOO","6144239","2025-10-14 19:00","2025","10","14","19:00","","12.2","","7.5","","73","","0.0","","31","","13","","16.1","","98.54","","","","","","NA"
"-80.38","43.46","KITCHENER/WATERLOO","6144239","2025-10-14 20:00","2025","10","14","20:00","","10.8","","7.7","","81","","0.0","","32","","13","","16.1","","98.57","","","","","","NA"
"-80.38","43.46","KITCHENER/WATERLOO","6144239","2025-10-14 21:00","2025","10","14","21:00","","9.9","","7.7","","86","","0.0","","32","","15","","16.1","","98.57","","","","","","NA"
"-80.38","43.46","KITCHENER/WATERLOO","6144239","2025-10-14 22:00","2025","10","14","22:00","","8.7","","7.3","","91","","0.0","","31","","11","","16.1","","98.57","","","","","","NA"
"-80.38","43.46","KITCHENER/WATERLOO","6144239","2025-10-14 23:00","2025","10","14","23:00","","8.6","","7.4","","92","","0.0","","31","","9","","16.1","","98.52","","","","","","NA"
"-80.38","43.46","KITCHENER/WATERLOO","6144239","2025-10-15 00:00","2025","10","15","00:00","","8.9","","7.4","","90","","0.0","","31","","11","","16.1","","98.49","","","","","","NA"
"-80.38","43.46","KITCHENER/WATERLOO","6144239","2025-10-15 01:00","2025","10","15","01:00","","8.6","","7.1","","90","","0.0","","30","","11","","16.1","","98.48","","","","","","NA"
"-80.38","43.46","KITCHENER/WATERLOO","6144239","2025-10-15 02:00","2025","10","15","02:00","","9.3","","7.6","","89","","0.0","","31","","9","","16.1","","98.48","","","","","","NA"
"-80.38","43.46","KITCHENER/WATERLOO","6144239","2025-10-15 03:00","2025","10","15","03:00","","9.1","","7.4","","89","","0.0","","33","","8","","16.1","","98.45","","","","","","NA"
"-80.38","43.46","KITCHENER/WATERLOO","6144239","2025-10-15 04:00","2025","10","15","04:00","","8.9","","7.2","","89","","0.0","","27","","9","","16.1","","98.51","","","","","","NA"
"-80.38","43.46","KITCHENER/WATERLOO","6144239","2025-10-15 05:00","2025","10","15","05:00","","8.9","","6.9","","87","","0.0","","31","","5","","16.1","","98.51","","","","","","NA"
"-80.38","43.46","KITCHENER/WATERLOO","6144239","2025-10-15 06:00","2025","10","15","06:00","","8.4","","6.0","","85","","0.0","","35","","9","","16.1","","98.52","","","","","","NA"
"-80.38","43.46","KITCHENER/WATERLOO","6144239","2025-10-15 07:00","2025","10","15","07:00","","8.5","","4.8","","78","","0.0","","36","","9","","16.1","","98.50","","","","","","NA"
"-80.38","43.46","KITCHENER/WATERLOO","6144239","2025-10-15 08:00","2025","10","15","08:00","","9.0","","4.3","","72","","0.0","","36","","9","","16.1","","98.57","","","","","","NA"
"-80.38","43.46","KITCHENER/WATERLOO","6144239","2025-10-15 09:00","2025","10","15","09:00","","9.6","","3.2","","64","","0.0","","35","","15","","16.1","","98.59","","","","","","NA"
"-80.38","43.46","KITCHENER/WATERLOO","6144239","2025-10-15 10:00","2025","10","15","10:00","","10.9","","2.6","","57","","0.0","","4","","9","","16.1","","98.52","","","","","","NA"
"-80.38","43.46","KITCHENER/WATERLOO","6144239","2025-10-15 11:00","2025","10","15","11:00","","11.4","","2.5","","54","","0.0","","32","","13","","16.1","","98.51","","","","","","NA"
"-80.38","43.46","KITCHENER/WATERLOO","6144239","2025-10-15 12:00","2025","10","15","12:00","","12.3","","2.1","","50","","0.0","","33","","17","","16.1","","98.47","","","","","","NA"
"-80.38","43.46","KITCHENER/WATERLOO","6144239","2025-10-15 13:00","2025","10","15","13:00","","12.8","","1.1","","45","","0.0","","33","","15","","16.1","","98.39","","","","","","NA"
"-80.38","43.46","KITCHENER/WATERLOO","6144239","2025-10-15 14:00","2025","10","15","14:00","","13.0","","0.0","","41","","0.0","","36","","17","","16.1","","98.36","","","","","","NA"
"-80.38","43.46","KITCHENER/WATERLOO","6144239","2025-10-15 15:00","2025","10","15","15:00","","13.3","","1.3","","44","","0.0","","32","","13","","16.1","","98.29","","","","","","NA"
"-80.38","43.46","KITCHENER/WATERLOO","6144239","2025-10-15 16:00","2025","10","15","16:00","","13.1","","1.4","","45","","0.0","","33","","21","","16.1","","98.29","","","","","","NA"
"-80.38","43.46","KITCHENER/WATERLOO","6144239","2025-10-15 17:00","2025","10","15","17:00","","12.1","","2.0","","50","","0.0","","32","","11","","16.1","","98.29","","","","","","NA"
"-80.38","43.46","KITCHENER/WATERLOO","6144239","2025-10-15 18:00","2025","10","15","18:00","","11.0","","1.6","","52","","0.0","","34","","11","","16.1","","98.31","","","","","","NA"
"-80.38","43.46","KITCHENER/WATERLOO","6144239","2025-10-15 19:00","2025","10","15","19:00","","8.5","","1.8","","63","","0.0","","35","","9","","16.1","","98.34","","","","","","NA"
"-80.38","43.46","KITCHENER/WATERLOO","6144239","2025-10-15 20:00","2025","10","15","20:00","","7.1","","2.0","","70","","0.0","","36","","15","","16.1","","98.37","","","","","","NA"
"-80.38","43.46","KITCHENER/WATERLOO","6144239","2025-10-15 21:00","2025","10","15","21:00","","5.8","","2.3","","78","","0.0","","34","","11","","16.1","","98.40","","","","","","NA"
"-80.38","43.46","KITCHENER/WATERLOO","6144239","2025-10-15 22:00","2025","10","15","22:00","","4.7","","2.1","","83","","0.0","","32","","11","","16.1","","98.41","","","","","","NA"
"-80.38","43.46","KITCHENER/WATERLOO","6144239","2025-10-15 23:00","2025","10","15","23:00","","3.2","","1.3","","87","","0.0","","31","","8","","16.1","","98.39","","","","","","NA"
"-80.38","43.46","KITCHENER/WATERLOO","6144239","2025-10-16 00:00","2025","10","16","00:00","","2.4","","0.8","","89","","0.0","","31","","9","","16.1","","98.38","","","","","","NA"
"-80.38","43.46","KITCHENER/WATERLOO","6144239","2025-10-16 01:00","2025","10","16","01:00","","3.2","","1.3","","87","","0.0","","33","","5","","16.1","","98.38","","","","","","NA"
"-80.38","43.46","KITCHENER/WATERLOO","6144239","2025-10-16 02:00","2025","10","16","02:00","","2.3","","1.0","","91","","0.0","","32","","8","","16.1","","98.41","","","","","","NA"
"-80.38","43.46","KITCHENER/WATERLOO","6144239","2025-10-16 03:00","2025","10","16","03:00","","2.3","","1.1","","92","","0.0","","32","","5","","16.1","","98.40","","","","","","NA"
"-80.38","43.46","KITCHENER/WATERLOO","6144239","2025-10-16 04:00","2025","10","16","04:00","","1.7","","0.8","","93","","0.0","","31","","9","","16.1","","98.42","","","","","","NA"
"-80.38","43.46","KITCHENER/WATERLOO","6144239","2025-10-16 05:00","2025","10","16","05:00","","0.4","","-0.2","","96","","0.0","","31","","8","","16.1","","98.47","","","","","","NA"
"-80.38","43.46","KITCHENER/WATERLOO","6144239","2025-10-16 06:00","2025","10","16","06:00","","-0.3","","-0.8","","97","","0.0","","30","","5","","16.1","","98.50","","","","-2","","NA"
"-80.38","43.46","KITCHENER/WATERLOO","6144239","2025-10-16 07:00","2025","10","16","07:00","","-0.2","","-0.5","","98","","0.0","","30","","5","","16.1","","98.51","","","","-2","","NA"
"-80.38","43.46","KITCHENER/WATERLOO","6144239","2025-10-16 08:00","2025","10","16","08:00","","3.2","","2.5","","95","","0.0","","33","","4","","16.1","","98.53","","","","","","NA"
"-80.38","43.46","KITCHENER/WATERLOO","6144239","2025-10-16 09:00","2025","10","16","09:00","","7.3","","1.6","","67","","0.0","","34","","5","","16.1","","98.56","","","","","","NA"
"-80.38","43.46","KITCHENER/WATERLOO","6144239","2025-10-16 10:00","2025","10","16","10:00","","9.9","","0.3","","51","","0.0","","2","","9","","16.1","","98.54","","","","","","NA"
"-80.38","43.46","KITCHENER/WATERLOO","6144239","2025-10-16 11:00","2025","10","16","11:00","","11.0","","0.2","","47","","0.0","","","M","4","","16.1","","98.50","","","","","","NA"
"-80.38","43.46","KITCHENER/WATERLOO","6144239","2025-10-16 12:00","2025","10","16","12:00","","12.3","","-1.4","","38","","0.0","","","","0","","16.1","","98.45","","","","","","NA"
"-80.38","43.46","KITCHENER/WATERLOO","6144239","2025-10-16 13:00","2025","10","16","13:00","","13.5","","0.2","","40","","0.0","","29","","11","","16.1","","98.37","","","","","","NA"
"-80.38","43.46","KITCHENER/WATERLOO","6144239","2025-10-16 14:00","2025","10","16","14:00","","14.0","","1.1","","41","","0.0","","34","","18","","16.1","","98.32","","","","","","NA"
"-80.38","43.46","KITCHENER/WATERLOO","6144239","2025-10-16 15:00","2025","10","16","15:00","","14.3","","1.6","","42","","0.0","","34","","13","","16.1","","98.27","","","","","","NA"
"-80.38","43.46","KITCHENER/WATERLOO","6144239","2025-10-16 16:00","2025","10","16","16:00","","14.1","","2.0","","44","","0.0","","33","","15","","16.1","","98.22","","","","","","NA"
"-80.38","43.46","KITCHENER/WATERLOO","6144239","2025-10-16 17:00","2025","10","16","17:00","","12.6","","2.1","","49","","0.0","","30","","13","","16.1","","98.19","","","","","","NA"
"-80.38","43.46","KITCHENER/WATERLOO","6144239","2025-10-16 18:00","2025","10","16","18:00","","10.2","","2.1","","57","","0.0","","29","","9","","16.1","","98.22","","","","","","NA"
"-80.38","43.46","KITCHENER/WATERLOO","6144239","2025-10-16 19:00","2025","10","16","19:00","","7.5","","2.6","","71","","0.0","","35","","5","","16.1","","98.24","","","","","","NA"
"-80.38","43.46","KITCHENER/WATERLOO","6144239","2025-10-16 20:00","2025","10","16","20:00","","7.1","","1.8","","69","","0.0","","35","","5","","16.1","","98.23","","","","","","NA"
"-80.38","43.46","KITCHENER/WATERLOO","6144239","2025-10-16 21:00","2025","10","16","21:00","","4.9","","2.1","","82","","0.0","","","M","4","","16.1","","98.22","","","","","","NA"
"-80.38","43.46","KITCHENER/WATERLOO","6144239","2025-10-16 22:00","2025","10","16","22:00","","3.0","","1.4","","89","","0.0","","","","0","","16.1","","98.21","","","","","","NA"
"-80.38","43.46","KITCHENER/WATERLOO","6144239","2025-10-16 23:00","2025","10","16","23:00","","0.8","","0.1","","95","","0.0","","30","","5","","16.1","","98.14","","","","","","NA"
"-80.38","43.46","KITCHENER/WATERLOO","6144239","2025-10-17 00:00","2025","10","17","00:00","","0.3","","-0.3","","96","","0.0","","","","0","","16.1","","98.15","","","","","","NA"
"-80.38","43.46","KITCHENER/WATERLOO","6144239","2025-10-17 01:00","2025","10","17","01:00","","0.3","","-0.6","","94","","0.0","","","","0","","16.1","","98.14","","","","","","NA"
"-80.38","43.46","KITCHENER/WATERLOO","6144239","2025-10-17 02:00","2025","10","17","02:00","","0.0","","-0.4","","97","","0.0","","32","","4","","16.1","","98.17","","","","-1","","NA"
"-80.38","43.46","KITCHENER/WATERLOO","6144239","2025-10-17 03:00","2025","10","17","03:00","","0.3","","-0.1","","97","","0.0","","1","","4","","16.1","","98.17","","","","","","NA"
"-80.38","43.46","KITCHENER/WATERLOO","6144239","2025-10-17 04:00","2025","10","17","04:00","","0.7","","0.3","","97","","0.0","","30","","4","","16.1","","98.17","","","","","","NA"
"-80.38","43.46","KITCHENER/WATERLOO","6144239","2025-10-17 05:00","2025","10","17","05:00","","2.2","","1.6","","96","","0.0","","35","","4","","16.1","","98.15","","","","","","NA"
"-80.38","43.46","KITCHENER/WATERLOO","6144239","2025-10-17 06:00","2025","10","17","06:00","","2.8","","2.4","","97","","0.0","","35","","4","","16.1","","98.14","","","","","","NA"
"-80.38","43.46","KITCHENER/WATERLOO","6144239","2025-10-17 07:00","2025","10","17","07:00","","3.9","","2.6","","91","","0.0","","","","0","","16.1","","98.13","","","","","","NA"
"-80.38","43.46","KITCHENER/WATERLOO","6144239","2025-10-17 08:00","2025","10","17","08:00","","5.0","","3.2","","88","","0.0","","","","0","","16.1","","98.11","","","","","","NA"
"-80.38","43.46","KITCHENER/WATERLOO","6144239","2025-10-17 09:00","2025","10","17","09:00","","6.5","","3.8","","83","","0.0","","","","0","","16.1","","98.14","","","","","","NA"
"-80.38","43.46","KITCHENER/WATERLOO","6144239","2025-10-17 10:00","2025","10","17","10:00","","8.7","","4.8","","77","","0.0","","22","","5","","16.1","","98.08","","","","","","Rain"
"-80.38","43.46","KITCHENER/WATERLOO","6144239","2025-10-17 11:00","2025","10","17","11:00","","10.4","","4.7","","68","","0.0","","22","","9","","16.1","","98.06","","","","","","Rain"
"-80.38","43.46","KITCHENER/WATERLOO","6144239","2025-10-17 12:00","2025","10","17","12:00","","10.9","","3.9","","62","","0.0","","28","","5","","16.1","","98.03","","","","","","Rain"
"-80.38","43.46","KITCHENER/WATERLOO","6144239","2025-10-17 13:00","2025","10","17","13:00","","11.0","","5.2","","67","","0.0","","8","","9","","16.1","","97.93","","","","","","Rain"
"-80.38","43.46","KITCHENER/WATERLOO","6144239","2025-10-17 14:00","2025","10","17","14:00","","10.9","","6.1","","72","","0.0","","10","","11","","16.1","","97.84","","","","","","NA"
"-80.38","43.46","KITCHENER/WATERLOO","6144239","2025-10-17 15:00","2025","10","17","15:00","","11.3","","6.5","","72","","0.0","","12","","17","","16.1","","97.73","","","","","","NA"
"-80.38","43.46","KITCHENER/WATERLOO","6144239","2025-10-17 16:00","2025","10","17","16:00","","11.2","","6.3","","72","","0.0","","12","","9","","16.1","","97.71","","","","","","NA"
"-80.38","43.46","KITCHENER/WATERLOO","6144239","2025-10-17 17:00","2025","10","17","17:00","","10.9","","6.1","","72","","0.0","","13","","11","","16.1","","97.68","","","","","","NA"
"-80.38","43.46","KITCHENER/WATERLOO","6144239","2025-10-17 18:00","2025","10","17","18:00","","10.6","","6.0","","73","","0.0","","12","","11","","16.1","","97.65","","","","","","NA"
"-80.38","43.46","KITCHENER/WATERLOO","6144239","2025-10-17 19:00","2025","10","17","19:00","","9.4","","7.2","","86","","0.5","","13","","9","","16.1","","97.67","","","","","","Rain"
"-80.38","43.46","KITCHENER/WATERLOO","6144239","2025-10-17 20:00","2025","10","17","20:00","","9.3","","7.5","","88","","0.0","","15","","9","","12.9","","97.61","","","","","","Rain"
"-80.38","43.46","KITCHENER/WATERLOO","6144239","2025-10-17 21:00","2025","10","17","21:00","","9.3","","8.1","","92","","0.2","","13","","9","","16.1","","97.59","","","","","","NA"
"-80.38","43.46","KITCHENER/WATERLOO","6144239","2025-10-17 22:00","2025","10","17","22:00","","9.5","","8.3","","92","","0.0","","12","","5","","16.1","","97.61","","","","","","NA"
"-80.38","43.46","KITCHENER/WATERLOO","6144239","2025-10-17 23:00","2025","10","17","23:00","","9.7","","8.8","","94","","0.0","","13","","8","","16.1","","97.58","","","","","","Rain"
"-80.38","43.46","KITCHENER/WATERLOO","6144239","2025-10-18 00:00","2025","10","18","00:00","","10.3","","9.2","","93","","0.0","","16","","8","","16.1","","97.50","","","","","","NA"
"-80.38","43.46","KITCHENER/WATERLOO","6144239","2025-10-18 01:00","2025","10","18","01:00","","10.6","","9.4","","92","","0.0","","18","","9","","16.1","","97.45","","","","","","NA"
"-80.38","43.46","KITCHENER/WATERLOO","6144239","2025-10-18 02:00","2025","10","18","02:00","","11.6","","9.4","","86","","0.0","","19","","9","","16.1","","97.40","","","","","","NA"
"-80.38","43.46","KITCHENER/WATERLOO","6144239","2025-10-18 03:00","2025","10","18","03:00","","12.0","","9.4","","84","","0.0","","18","","13","","16.1","","97.38","","","","","","NA"
"-80.38","43.46","KITCHENER/WATERLOO","6144239","2025-10-18 04:00","2025","10","18","04:00","","12.1","","9.3","","83","","0.0","","18","","18","","16.1","","97.34","","","","","","NA"
"-80.38","43.46","KITCHENER/WATERLOO","6144239","2025-10-18 05:00","2025","10","18","05:00","","11.6","","9.0","","84","","0.0","","19","","11","","16.1","","97.37","","","","","","NA"
"-80.38","43.46","KITCHENER/WATERLOO","6144239","2025-10-18 06:00","2025","10","18","06:00","","11.5","","8.9","","84","","0.0","","18","","15","","16.1","","97.34","","","","","","NA"
"-80.38","43.46","KITCHENER/WATERLOO","6144239","2025-10-18 07:00","2025","10","18","07:00","","11.7","","8.9","","83","","0.0","","18","","13","","16.1","","97.30","","","","","","NA"
"-80.38","43.46","KITCHENER/WATERLOO","6144239","2025-10-18 08:00","2025","10","18","08:00","","12.3","","9.3","","82","","0.0","","18","","13","","16.1","","97.31","","","","","","NA"
"-80.38","43.46","KITCHENER/WATERLOO","6144239","2025-10-18 09:00","2025","10","18","09:00","","13.9","","10.0","","77","","0.0","","18","","21","","16.1","","97.33","","","","","","NA"
"-80.38","43.46","KITCHENER/WATERLOO","6144239","2025-10-18 10:00","2025","10","18","10:00","","17.1","","9.7","","61","","0.0","","19","","22","","16.1","","97.30","","","","","","NA"
"-80.38","43.46","KITCHENER/WATERLOO","6144239","2025-10-18 11:00","2025","10","18","11:00","","18.9","","10.2","","57","","0.0","","19","","26","","16.1","","97.29","","","","","","NA"
"-80.38","43.46","KITCHENER/WATERLOO","6144239","2025-10-18 12:00","2025","10","18","12:00","","21.1","","11.2","","53","","0.0","","19","","22","","16.1","","97.19","","","","","","NA"
"-80.38","43.46","KITCHENER/WATERLOO","6144239","2025-10-18 13:00","2025","10","18","13:00","","22.3","","11.9","","51","","0.0","","20","","22","","16.1","","97.10","","25","","","","NA"
"-80.38","43.46","KITCHENER/WATERLOO","6144239","2025-10-18 14:00","2025","10","18","14:00","","22.0","","12.7","","55","","0.0","","18","","21","","16.1","","97.02","","25","","","","NA"
"-80.38","43.46","KITCHENER/WATERLOO","6144239","2025-10-18 15:00","2025","10","18","15:00","","22.5","","13.1","","55","","0.0","","19","","28","","16.1","","96.98","","25","","","","NA"
"-80.38","43.46","KITCHENER/WATERLOO","6144239","2025-10-18 16:00","2025","10","18","16:00","","21.6","","12.7","","57","","0.0","","17","","24","","16.1","","96.97","","","","","","NA"
"-80.38","43.46","KITCHENER/WATERLOO","6144239","2025-10-18 17:00","2025","10","18","17:00","","20.0","","12.1","","60","","0.0","","19","","18","","16.1","","97.03","","","","","","NA"
"-80.38","43.46","KITCHENER/WATERLOO","6144239","2025-10-18 18:00","2025","10","18","18:00","","18.1","","12.0","","67","","0.0","","15","","11","","16.1","","96.98","","","","","","NA"
"-80.38","43.46","KITCHENER/WATERLOO","6144239","2025-10-18 19:00","2025","10","18","19:00","","17.8","","12.1","","69","","0.0","","15","","9","","16.1","","97.03","","","","","","NA"
"-80.38","43.46","KITCHENER/WATERLOO","6144239","2025-10-18 20:00","2025","10","18","20:00","","17.6","","12.0","","70","","0.0","","14","","13","","16.1","","97.03","","","","","","NA"
"-80.38","43.46","KITCHENER/WATERLOO","6144239","2025-10-18 21:00","2025","10","18","21:00","","17.8","","12.3","","70","","0.0","","14","","13","","16.1","","96.97","","","","","","NA"
"-80.38","43.46","KITCHENER/WATERLOO","6144239","2025-10-18 22:00","2025","10","18","22:00","","16.9","","12.5","","75","","0.0","","11","","5","","16.1","","96.96","","","","","","NA"
"-80.38","43.46","KITCHENER/WATERLOO","6144239","2025-10-18 23:00","2025","10","18","23:00","","15.1","","12.3","","83","","0.0","","11","","11","","16.1","","96.89","","","","","","NA"
"-80.38","43.46","KITCHENER/WATERLOO","6144239","2025-10-19 00:00","2025","10","19","00:00","","16.8","","13.0","","78","","0.0","","14","","15","","16.1","","96.81","","","","","","NA"
"-80.38","43.46","KITCHENER/WATERLOO","6144239","2025-10-19 01:00","2025","10","19","01:00","","16.4","","13.2","","81","","0.0","","14","","13","","16.1","","96.75","","","","","","NA"
"-80.38","43.46","KITCHENER/WATERLOO","6144239","2025-10-19 02:00","2025","10","19","02:00","","16.2","","13.5","","84","","0.0","","13","","13","","16.1","","96.64","","","","","","NA"
"-80.38","43.46","KITCHENER/WATERLOO","6144239","2025-10-19 03:00","2025","10","19","03:00","","17.6","","14.0","","79","","0.0","","15","","13","","16.1","","96.51","","","","","","NA"
"-80.38","43.46","KITCHENER/WATERLOO","6144239","2025-10-19 04:00","2025","10","19","04:00","","17.8","","14.0","","78","","0.0","","16","","13","","16.1","","96.46","","","","","","NA"
"-80.38","43.46","KITCHENER/WATERLOO","6144239","2025-10-19 05:00","2025","10","19","05:00","","19.0","","14.1","","73","","0.0","","15","","17","","16.1","","96.35","","","","","","NA"
"-80.38","43.46","KITCHENER/WATERLOO","6144239","2025-10-19 06:00","2025","10","19","06:00","","19.0","","13.9","","72","","0.0","","15","","21","","16.1","","96.29","","","","","","NA"
"-80.38","43.46","KITCHENER/WATERLOO","6144239","2025-10-19 07:00","2025","10","19","07:00","","19.1","","14.0","","72","","0.0","","15","","26","","16.1","","96.25","","","","","","NA"
"-80.38","43.46","KITCHENER/WATERLOO","6144239","2025-10-19 08:00","2025","10","19","08:00","","19.7","","14.1","","70","","0.0","","16","","24","","16.1","","96.19","","","","","","NA"
"-80.38","43.46","KITCHENER/WATERLOO","6144239","2025-10-19 09:00","2025","10","19","09:00","","20.6","","13.9","","65","","0.0","","17","","35","","16.1","","96.14","","","","","","NA"
"-80.38","43.46","KITCHENER/WATERLOO","6144239","2025-10-19 10:00","2025","10","19","10:00","","20.7","","14.0","","65","","0.0","","17","","30","","16.1","","96.06","","","","","","NA"
"-80.38","43.46","KITCHENER/WATERLOO","6144239","2025-10-19 11:00","2025","10","19","11:00","","20.2","","14.3","","68","","0.0","","17","","35","","16.1","","95.98","","","","","","Rain"
"-80.38","43.46","KITCHENER/WATERLOO","6144239","2025-10-19 12:00","2025","10","19","12:00","","20.5","","14.5","","68","","0.0","","17","","28","","16.1","","95.86","","","","","","NA"
"-80.38","43.46","KITCHENER/WATERLOO","6144239","2025-10-19 13:00","2025","10","19","13:00","","17.5","","15.9","","90","","4.0","","18","","22","","6.4","","95.77","","","","","","Moderate Rain,Fog"
"-80.38","43.46","KITCHENER/WATERLOO","6144239","2025-10-19 14:00","2025","10","19","14:00","","15.9","","14.1","","89","","6.3","","21","","26","","16.1","","95.78","","","","","","Rain"
"-80.38","43.46","KITCHENER/WATERLOO","6144239","2025-10-19 15:00","2025","10","19","15:00","","15.7","","14.7","","94","","1.2","","20","","22","","16.1","","95.81","","","","","","Rain"
"-80.38","43.46","KITCHENER/WATERLOO","6144239","2025-10-19 16:00","2025","10","19","16:00","","15.9","","14.6","","92","","0.2","","19","","24","","16.1","","95.88","","","","","","Rain"
"-80.38","43.46","KITCHENER/WATERLOO","6144239","2025-10-19 17:00","2025","10","19","17:00","","15.2","","13.4","","89","","0.0","","22","","24","","16.1","","95.96","","","","","","NA"
"-80.38","43.46","KITCHENER/WATERLOO","6144239","2025-10-19 18:00","2025","10","19","18:00","","14.3","","12.8","","90","","0.0","","22","","17","","16.1","","96.06","","","","","","NA"
"-80.38","43.46","KITCHENER/WATERLOO","6144239","2025-10-19 19:00","2025","10","19","19:00","","13.8","","12.3","","91","","0.0","","21","","17","","16.1","","96.10","","","","","","NA"
"-80.38","43.46","KITCHENER/WATERLOO","6144239","2025-10-19 20:00","2025","10","19","20:00","","13.6","","12.0","","90","","0.0","","22","","17","","16.1","","96.17","","","","","","NA"
"-80.38","43.46","KITCHENER/WATERLOO","6144239","2025-10-19 21:00","2025","10","19","21:00","","13.3","","12.2","","93","","0.0","","19","","13","","16.1","","96.23","","","","","","NA"
"-80.38","43.46","KITCHENER/WATERLOO","6144239","2025-10-19 22:00","2025","10","19","22:00","","11.8","","11.0","","95","","2.2","","30","","24","","3.2","","96.35","","","","","","Moderate Rain,Fog"
"-80.38","43.46","KITCHENER/WATERLOO","6144239","2025-10-19 23:00","2025","10","19","23:00","","10.6","","9.5","","93","","0.2","","30","","26","","9.7","","96.43","","","","","","Rain,Fog"
"-80.38","43.46","KITCHENER/WATERLOO","6144239","2025-10-20 00:00","2025","10","20","00:00","","10.0","","8.9","","93","","0.2","","30","","24","","11.3","","96.51","","","","","","Rain"
"-80.38","43.46","KITCHENER/WATERLOO","6144239","2025-10-20 01:00","2025","10","20","01:00","","9.7","","8.2","","90","","0.0","","30","","24","","16.1","","96.54","","","","","","NA"
"-80.38","43.46","KITCHENER/WATERLOO","6144239","2025-10-20 02:00","2025","10","20","02:00","","9.4","","7.7","","89","","0.0","","30","","24","","16.1","","96.65","","","","","","NA"
"-80.38","43.46","KITCHENER/WATERLOO","6144239","2025-10-20 03:00","2025","10","20","03:00","","9.2","","7.8","","91","","0.0","","30","","26","","16.1","","96.68","","","","","","Rain"
"-80.38","43.46","KITCHENER/WATERLOO","6144239","2025-10-20 04:00","2025","10","20","04:00","","9.1","","6.8","","85","","0.0","","31","","28","","16.1","","96.76","","","","","","NA"
"-80.38","43.46","KITCHENER/WATERLOO","6144239","2025-10-20 05:00","2025","10","20","05:00","","9.1","","6.9","","86","","0.0","","31","","17","","16.1","","96.88","","","","","","NA"
"-80.38","43.46","KITCHENER/WATERLOO","6144239","2025-10-20 06:00","2025","10","20","06:00","","9.1","","6.7","","85","","0.0","","29","","22","","16.1","","96.98","","","","","","NA"
"-80.38","43.46","KITCHENER/WATERLOO","6144239","2025-10-20 07:00","2025","10","20","07:00","","8.8","","6.8","","87","","0.0","","29","","15","","16.1","","97.11","","","","","","NA"
"-80.38","43.46","KITCHENER/WATERLOO","6144239","2025-10-20 08:00","2025","10","20","08:00","","8.3","","7.2","","93","","0.0","","29","","17","","4.8","","97.24","","","","","","Rain,Fog"
"-80.38","43.46","KITCHENER/WATERLOO","6144239","2025-10-20 09:00","2025","10","20","09:00","","10.0","","8.2","","88","","1.2","","29","","18","","16.1","","97.30","","","","","","NA"
"-80.38","43.46","KITCHENER/WATERLOO","6144239","2025-10-20 10:00","2025","10","20","10:00","","9.9","","6.8","","81","","0.0","","28","","28","","16.1","","97.38","","","","","","Rain"
"-80.38","43.46","KITCHENER/WATERLOO","6144239","2025-10-20 11:00","2025","10","20","11:00","","12.4","","6.5","","67","","0.0","","29","","21","","16.1","","97.44","","","","","","NA"
"-80.38","43.46","KITCHENER/WATERLOO","6144239","2025-10-20 12:00","2025","10","20","12:00","","12.5","","3.4","","54","","0.0","","30","","32","","16.1","","97.46","","","","","","NA"
"-80.38","43.46","KITCHENER/WATERLOO","6144239","2025-10-20 13:00","2025","10","20","13:00","","12.6","","3.3","","53","","0.0","","30","","30","","16.1","","97.47","","","","","","NA"
"-80.38","43.46","KITCHENER/WATERLOO","6144239","2025-10-20 14:00","2025","10","20","14:00","","13.0","","5.0","","58","","0.0","","28","","32","","16.1","","97.49","","","","","","NA"
"-80.38","43.46","KITCHENER/WATERLOO","6144239","2025-10-20 15:00","2025","10","20","15:00","","12.7","","5.0","","59","","0.0","","29","","26","","16.1","","97.49","","","","","","NA"
"-80.38","43.46","KITCHENER/WATERLOO","6144239","2025-10-20 16:00","2025","10","20","16:00","","12.1","","5.3","","63","","0.0","","28","","21","","16.1","","97.50","","","","","","NA"
"-80.38","43.46","KITCHENER/WATERLOO","6144239","2025-10-20 17:00","2025","10","20","17:00","","11.1","","3.2","","58","","0.0","","28","","18","","16.1","","97.54","","","","","","NA"
"-80.38","43.46","KITCHENER/WATERLOO","6144239","2025-10-20 18:00","2025","10","20","18:00","","7.4","","3.2","","75","","0.0","","26","","9","","16.1","","97.55","","","","","","NA"
"-80.38","43.46","KITCHENER/WATERLOO","6144239","2025-10-20 19:00","2025","10","20","19:00","","7.4","","3.5","","76","","0.0","","25","","5","","16.1","","97.58","","","","","","NA"
"-80.38","43.46","KITCHENER/WATERLOO","6144239","2025-10-20 20:00","2025","10","20","20:00","","4.6","","3.3","","91","","0.0","","","","0","","16.1","","97.59","","","","","","NA"
"-80.38","43.46","KITCHENER/WATERLOO","6144239","2025-10-20 21:00","2025","10","20","21:00","","3.5","","3.1","","97","","0.0","","","M","4","","16.1","","97.55","","","","","","NA"
"-80.38","43.46","KITCHENER/WATERLOO","6144239","2025-10-20 22:00","2025","10","20","22:00","","2.6","","2.3","","98","","0.0","","7","","4","","4.8","","97.52","","","","","","Fog"
"-80.38","43.46","KITCHENER/WATERLOO","6144239","2025-10-20 23:00","2025","10","20","23:00","","2.0","","1.7","","98","","0.0","","6","","4","","6.4","","97.47","","","","","","Fog"
"-80.38","43.46","KITCHENER/WATERLOO","6144239","2025-10-21 00:00","2025","10","21","00:00","","1.4","","1.1","","98","","0.0","","6","","4","","1.2","","97.42","","","","","","Fog"
"-80.38","43.46","KITCHENER/WATERLOO","6144239","2025-10-21 01:00","2025","10","21","01:00","","1.5","","1.4","","99","","0.0","","","","0","","1.2","","97.37","","","","","","Fog"
"-80.38","43.46","KITCHENER/WATERLOO","6144239","2025-10-21 02:00","2025","10","21","02:00","","0.4","","0.3","","99","","0.0","","8","","4","","0.6","","97.30","","","","","","Fog"
"-80.38","43.46","KITCHENER/WATERLOO","6144239","2025-10-21 03:00","2025","10","21","03:00","","1.5","","1.4","","99","","0.0","","9","","4","","2.0","","97.19","","","","","","Fog"
"-80.38","43.46","KITCHENER/WATERLOO","6144239","2025-10-21 04:00","2025","10","21","04:00","","1.9","","1.7","","99","","0.0","","10","","5","","16.1","","97.06","","","","","","NA"
"-80.38","43.46","KITCHENER/WATERLOO","6144239","2025-10-21 05:00","2025","10","21","05:00","","2.0","","1.8","","98","","0.0","","11","","11","","16.1","","96.91","","","","","","NA"
"-80.38","43.46","KITCHENER/WATERLOO","6144239","2025-10-21 06:00","2025","10","21","06:00","","5.3","","4.6","","95","","0.0","","13","","9","","16.1","","96.85","","","","","","NA"
"-80.38","43.46","KITCHENER/WATERLOO","6144239","2025-10-21 07:00","2025","10","21","07:00","","6.8","","5.8","","93","","0.0","","14","","8","","16.1","","96.76","","","","","","NA"
"-80.38","43.46","KITCHENER/WATERLOO","6144239","2025-10-21 08:00","2025","10","21","08:00","","8.2","","6.5","","89","","0.0","","15","","13","","16.1","","96.70","","","","","","NA"
"-80.38","43.46","KITCHENER/WATERLOO","6144239","2025-10-21 09:00","2025","10","21","09:00","","9.4","","7.7","","89","","0.5","","13","","13","","12.9","","96.58","","","","","","Moderate Rain"
"-80.38","43.46","KITCHENER/WATERLOO","6144239","2025-10-21 10:00","2025","10","21","10:00","","10.9","","9.2","","89","","0.0","","21","","18","","16.1","","96.67","","","","","","NA"
"-80.38","43.46","KITCHENER/WATERLOO","6144239","2025-10-21 11:00","2025","10","21","11:00","","11.5","","8.6","","82","","0.0","","25","","26","","16.1","","96.64","","","","","","NA"
"-80.38","43.46","KITCHENER/WATERLOO","6144239","2025-10-21 12:00","2025","10","21","12:00","","12.2","","8.0","","75","","0.0","","23","","22","","16.1","","96.63","","","","","","NA"
"-80.38","43.46","KITCHENER/WATERLOO","6144239","2025-10-21 13:00","2025","10","21","13:00","","12.7","","5.8","","62","","0.0","","24","","28","","16.1","","96.63","","","","","","NA"
"-80.38","43.46","KITCHENER/WATERLOO","6144239","2025-10-21 14:00","2025","10","21","14:00","","13.8","","5.2","","56","","0.0","","25","","21","","16.1","","96.61","","","","","","NA"
"-80.38","43.46","KITCHENER/WATERLOO","6144239","2025-10-21 15:00","2025","10","21","15:00","","14.5","","4.1","","49","","0.0","","23","","32","","16.1","","96.60","","","","","","NA"
"-80.38","43.46","KITCHENER/WATERLOO","6144239","2025-10-21 16:00","2025","10","21","16:00","","13.5","","3.5","","51","","0.0","","24","","22","","16.1","","96.62","","","","","","NA"
"-80.38","43.46","KITCHENER/WATERLOO","6144239","2025-10-21 17:00","2025","10","21","17:00"
"-80.38","43.46","KITCHENER/WATERLOO","6144239","2025-10-21 18:00","2025","10","21","18:00"
"-80.38","43.46","KITCHENER/WATERLOO","6144239","2025-10-21 19:00","2025","10","21","19:00"
"-80.38","43.46","KITCHENER/WATERLOO","6144239","2025-10-21 20:00","2025","10","21","20:00"
"-80.38","43.46","KITCHENER/WATERLOO","6144239","2025-10-21 21:00","2025","10","21","21:00"
"-80.38","43.46","KITCHENER/WATERLOO","6144239","2025-10-21 22:00","2025","10","21","22:00"
"-80.38","43.46","KITCHENER/WATERLOO","6144239","2025-10-21 23:00","2025","10","21","23:00"
"-80.38","43.46","KITCHENER/WATERLOO","6144239","2025-10-22 00:00","2025","10","22","00:00"
"-80.38","43.46","KITCHENER/WATERLOO","6144239","2025-10-22 01:00","2025","10","22","01:00"
"-80.38","43.46","KITCHENER/WATERLOO","6144239","2025-10-22 02:00","2025","10","22","02:00"
"-80.38","43.46","KITCHENER/WATERLOO","6144239","2025-10-22 03:00","2025","10","22","03:00"
"-80.38","43.46","KITCHENER/WATERLOO","6144239","2025-10-22 04:00","2025","10","22","04:00"
"-80.38","43.46","KITCHENER/WATERLOO","6144239","2025-10-22 05:00","2025","10","22","05:00"
"-80.38","43.46","KITCHENER/WATERLOO","6144239","2025-10-22 06:00","2025","10","22","06:00"
"-80.38","43.46","KITCHENER/WATERLOO","6144239","2025-10-22 07:00","2025","10","22","07:00"
"-80.38","43.46","KITCHENER/WATERLOO","6144239","2025-10-22 08:00","2025","10","22","08:00","","5.2","","3.9","","91","","0.0","","23","","11","","16.1","","96.48","","","","","","NA"
"-80.38","43.46","KITCHENER/WATERLOO","6144239","2025-10-22 09:00","2025","10","22","09:00","","6.1","","4.5","","89","","0.0","","23","","17","","16.1","","96.51","","","","","","NA"
"-80.38","43.46","KITCHENER/WATERLOO","6144239","2025-10-22 10:00","2025","10","22","10:00","","7.1","","4.7","","85","","0.0","","25","","17","","16.1","","96.49","","","","","","NA"
"-80.38","43.46","KITCHENER/WATERLOO","6144239","2025-10-22 11:00","2025","10","22","11:00","","7.9","","4.5","","79","","0.0","","24","","13","","16.1","","96.48","","","","","","NA"
"-80.38","43.46","KITCHENER/WATERLOO","6144239","2025-10-22 12:00","2025","10","22","12:00","","7.4","","5.1","","85","","0.8","","23","","11","","16.1","","96.44","","","","","","Rain"
"-80.38","43.46","KITCHENER/WATERLOO","6144239","2025-10-22 13:00","2025","10","22","13:00","","7.7","","5.4","","85","","1.0","","24","","18","","16.1","","96.40","","","","","","Rain"
"-80.38","43.46","KITCHENER/WATERLOO","6144239","2025-10-22 14:00","2025","10","22","14:00","","7.9","","5.9","","87","","0.0","","23","","11","","16.1","","96.38","","","","","","Rain"
"-80.38","43.46","KITCHENER/WATERLOO","6144239","2025-10-22 15:00","2025","10","22","15:00","","6.8","","5.2","","90","","2.2","","28","","15","","16.1","","96.41","","","","","","Rain"
"-80.38","43.46","KITCHENER/WATERLOO","6144239","2025-10-22 16:00","2025","10","22","16:00","","7.6","","5.8","","88","","0.0","","24","","15","","16.1","","96.44","","","","","","NA"
"-80.38","43.46","KITCHENER/WATERLOO","6144239","2025-10-22 17:00","2025","10","22","17:00","","7.4","","5.9","","90","","0.0","","27","","11","","16.1","","96.49","","","","","","NA"
"-80.38","43.46","KITCHENER/WATERLOO","6144239","2025-10-22 18:00","2025","10","22","18:00","","6.6","","5.7","","94","","0.0","","26","","9","","16.1","","96.54","","","","","","NA"
"-80.38","43.46","KITCHENER/WATERLOO","6144239","2025-10-22 19:00","2025","10","22","19:00","","5.1","","4.5","","96","","0.0","","25","","11","","16.1","","96.59","","","","","","NA"
"-80.38","43.46","KITCHENER/WATERLOO","6144239","2025-10-22 20:00","2025","10","22","20:00","","4.7","","4.1","","96","","0.0","","25","","9","","16.1","","96.63","","","","","","NA"
"-80.38","43.46","KITCHENER/WATERLOO","6144239","2025-10-22 21:00","2025","10","22","21:00","","4.9","","4.2","","95","","0.0","","24","","9","","16.1","","96.65","","","","","","NA"
"-80.38","43.46","KITCHENER/WATERLOO","6144239","2025-10-22 22:00","2025","10","22","22:00","","5.5","","4.5","","93","","0.2","","24","","11","","16.1","","96.69","","","","","","NA"
"-80.38","43.46","KITCHENER/WATERLOO","6144239","2025-10-22 23:00","2025","10","22","23:00","","5.6","","4.4","","92","","0.0","","24","","15","","16.1","","96.69","","","","","","NA"
"-80.38","43.46","KITCHENER/WATERLOO","6144239","2025-10-23 00:00","2025","10","23","00:00","","5.9","","4.6","","91","","0.0","","24","","21","","16.1","","96.69","","","","","","Rain"
"-80.38","43.46","KITCHENER/WATERLOO","6144239","2025-10-23 01:00","2025","10","23","01:00","","6.3","","4.7","","89","","0.0","","26","","22","","16.1","","96.71","","","","","","NA"
"-80.38","43.46","KITCHENER/WATERLOO","6144239","2025-10-23 02:00","2025","10","23","02:00","","6.2","","4.5","","89","","0.0","","27","","18","","16.1","","96.75","","","","","","NA"
"-80.38","43.46","KITCHENER/WATERLOO","6144239","2025-10-23 03:00","2025","10","23","03:00","","5.9","","4.4","","90","","0.0","","26","","18","","16.1","","96.78","","","","","","NA"
"-80.38","43.46","KITCHENER/WATERLOO","6144239","2025-10-23 04:00","2025","10","23","04:00","","5.7","","4.1","","89","","0.0","","26","","18","","16.1","","96.83","","","","","","NA"
"-80.38","43.46","KITCHENER/WATERLOO","6144239","2025-10-23 05:00","2025","10","23","05:00","","6.2","","4.5","","89","","0.0","","27","","15","","16.1","","96.89","","","","","","NA"
"-80.38","43.46","KITCHENER/WATERLOO","6144239","2025-10-23 06:00","2025","10","23","06:00","","6.1","","4.7","","91","","0.0","","27","","15","","16.1","","96.98","","","","","","NA"
"-80.38","43.46","KITCHENER/WATERLOO","6144239","2025-10-23 07:00","2025","10","23","07:00","","5.9","","3.9","","87","","0.0","","28","","13","","16.1","","97.05","","","","","","NA"
"-80.38","43.46","KITCHENER/WATERLOO","6144239","2025-10-23 08:00","2025","10","23","08:00","","6.2","","4.4","","88","","0.0","","28","","17","","16.1","","97.14","","","","","","NA"
"-80.38","43.46","KITCHENER/WATERLOO","6144239","2025-10-23 09:00","2025","10","23","09:00","","8.1","","5.0","","81","","0.0","","26","","26","","16.1","","97.20","","","","","","NA"
"-80.38","43.46","KITCHENER/WATERLOO","6144239","2025-10-23 10:00","2025","10","23","10:00","","8.3","","4.4","","77","","0.0","","28","","24","","16.1","","97.27","","","","","","NA"
"-80.38","43.46","KITCHENER/WATERLOO","6144239","2025-10-23 11:00","2025","10","23","11:00","","8.9","","4.1","","72","","0.0","","28","","24","","16.1","","97.31","","","","","","NA"
"-80.38","43.46","KITCHENER/WATERLOO","6144239","2025-10-23 12:00","2025","10","23","12:00","","9.3","","4.1","","70","","0.0","","28","","30","","16.1","","97.32","","","","","","NA"
"-80.38","43.46","KITCHENER/WATERLOO","6144239","2025-10-23 13:00","2025","10","23","13:00","","8.8","","4.4","","74","","0.0","","27","","26","","16.1","","97.33","","","","","","Rain"
"-80.38","43.46","KITCHENER/WATERLOO","6144239","2025-10-23 14:00","2025","10","23","14:00","","9.0","","4.5","","73","","0.0","","25","","22","","16.1","","97.35","","","","","","NA"
"-80.38","43.46","KITCHENER/WATERLOO","6144239","2025-10-23 15:00","2025","10","23","15:00","","8.7","","4.9","","77","","0.0","","27","","24","","16.1","","97.39","","","","","","NA"
"-80.38","43.46","KITCHENER/WATERLOO","6144239","2025-10-23 16:00","2025","10","23","16:00","","7.7","","5.3","","85","","0.8","","26","","15","","16.1","","97.45","","","","","","Rain"
"-80.38","43.46","KITCHENER/WATERLOO","6144239","2025-10-23 17:00","2025","10","23","17:00","","6.2","","4.7","","90","","0.5","","30","","17","","6.4","","97.57","","","","","","Rain,Fog"
"-80.38","43.46","KITCHENER/WATERLOO","6144239","2025-10-23 18:00","2025","10","23","18:00","","6.2","","4.9","","91","","0.0","","28","","15","","16.1","","97.64","","","","","","NA"
"-80.38","43.46","KITCHENER/WATERLOO","6144239","2025-10-23 19:00","2025","10","23","19:00","","5.9","","4.4","","90","","0.0","","27","","9","","16.1","","97.69","","","","","","NA"
"-80.38","43.46","KITCHENER/WATERLOO","6144239","2025-10-23 20:00","2025","10","23","20:00","","5.4","","3.9","","90","","0.0","","27","","9","","16.1","","97.74","","","","","","NA"
"-80.38","43.46","KITCHENER/WATERLOO","6144239","2025-10-23 21:00","2025","10","23","21:00","","4.3","","3.2","","92","","0.0","","27","","11","","16.1","","97.78","","","","","","NA"
"-80.38","43.46","KITCHENER/WATERLOO","6144239","2025-10-23 22:00","2025","10","23","22:00","","4.5","","3.5","","93","","0.0","","24","","8","","16.1","","97.78","","","","","","NA"
"-80.38","43.46","KITCHENER/WATERLOO","6144239","2025-10-23 23:00","2025","10","23","23:00","","4.8","","3.6","","92","","0.2","","25","","11","","16.1","","97.79","","","","","","NA"
"-80.38","43.46","KITCHENER/WATERLOO","6144239","2025-10-24 00:00","2025","10","24","00:00","","4.6","","3.7","","94","","0.0","","27","","9","","16.1","","97.79","","","","","","NA"
"-80.38","43.46","KITCHENER/WATERLOO","6144239","2025-10-24 01:00","2025","10","24","01:00","","4.8","","3.6","","92","","0.0","","27","","13","","16.1","","97.80","","","","","","NA"
"-80.38","43.46","KITCHENER/WATERLOO","6144239","2025-10-24 02:00","2025","10","24","02:00","","4.2","","2.7","","90","","0.0","","28","","11","","16.1","","97.81","","","","","","NA"
"-80.38","43.46","KITCHENER/WATERLOO","6144239","2025-10-24 03:00","2025","10","24","03:00","","4.0","","2.7","","91","","0.0","","27","","9","","16.1","","97.84","","","","","","NA"
"-80.38","43.46","KITCHENER/WATERLOO","6144239","2025-10-24 04:00","2025","10","24","04:00","","4.5","","2.9","","89","","0.0","","27","","9","","16.1","","97.88","","","","","","NA"
"-80.38","43.46","KITCHENER/WATERLOO","6144239","2025-10-24 05:00","2025","10","24","05:00","","5.0","","3.0","","87","","0.0","","26","","17","","16.1","","97.93","","","","","","NA"
"-80.38","43.46","KITCHENER/WATERLOO","6144239","2025-10-24 06:00","2025","10","24","06:00","","4.6","","2.8","","88","","0.0","","27","","15","","16.1","","97.97","","","","","","NA"
"-80.38","43.46","KITCHENER/WATERLOO","6144239","2025-10-24 07:00","2025","10","24","07:00","","4.8","","3.0","","88","","0.0","","28","","13","","16.1","","98.03","","","","","","NA"
"-80.38","43.46","KITCHENER/WATERLOO","6144239","2025-10-24 08:00","2025","10","24","08:00","","5.2","","3.5","","89","","0.0","","28","","11","","16.1","","98.11","","","","","","NA"
"-80.38","43.46","KITCHENER/WATERLOO","6144239","2025-10-24 09:00","2025","10","24","09:00","","6.5","","3.7","","82","","0.0","","30","","21","","16.1","","98.15","","","","","","NA"
"-80.38","43.46","KITCHENER/WATERLOO","6144239","2025-10-24 10:00","2025","10","24","10:00","","7.4","","4.1","","80","","0.0","","28","","22","","16.1","","98.19","","","","","","NA"
"-80.38","43.46","KITCHENER/WATERLOO","6144239","2025-10-24 11:00","2025","10","24","11:00","","8.1","","3.6","","73","","0.0","","32","","22","","16.1","","98.22","","","","","","NA"
"-80.38","43.46","KITCHENER/WATERLOO","6144239","2025-10-24 12:00","2025","10","24","12:00","","8.8","","3.5","","69","","0.0","","32","","15","","16.1","","98.25","","","","","","NA"
"-80.38","43.46","KITCHENER/WATERLOO","6144239","2025-10-24 13:00","2025","10","24","13:00","","9.0","","3.3","","67","","0.0","","31","","17","","16.1","","98.27","","","","","","NA"
"-80.38","43.46","KITCHENER/WATERLOO","6144239","2025-10-24 14:00","2025","10","24","14:00","","9.3","","3.2","","65","","0.0","","27","","18","","16.1","","98.29","","","","","","NA"
"-80.38","43.46","KITCHENER/WATERLOO","6144239","2025-10-24 15:00","2025","10","24","15:00","","7.3","","2.3","","70","","0.0","","34","","18","","16.1","","98.36","","","","","","NA"
"-80.38","43.46","KITCHENER/WATERLOO","6144239","2025-10-24 16:00","2025","10","24","16:00","","7.1","","4.3","","82","","0.0","","28","","11","","16.1","","98.42","","","","","","NA"
"-80.38","43.46","KITCHENER/WATERLOO","6144239","2025-10-24 17:00","2025","10","24","17:00","","6.3","","3.4","","82","","0.0","","34","","13","","16.1","","98.47","","","","","","Rain"
"-80.38","43.46","KITCHENER/WATERLOO","6144239","2025-10-24 18:00","2025","10","24","18:00","","5.8","","4.0","","88","","0.2","","31","","15","","16.1","","98.54","","","","","","Rain"
"-80.38","43.46","KITCHENER/WATERLOO","6144239","2025-10-24 19:00","2025","10","24","19:00","","4.4","","3.4","","93","","0.0","","25","","5","","16.1","","98.58","","","","","","NA"
"-80.38","43.46","KITCHENER/WATERLOO","6144239","2025-10-24 20:00","2025","10","24","20:00","","3.6","","3.0","","96","","0.0","","26","","8","","16.1","","98.61","","","","","","NA"
"-80.38","43.46","KITCHENER/WATERLOO","6144239","2025-10-24 21:00","2025","10","24","21:00","","3.1","","2.5","","96","","0.0","","29","","5","","16.1","","98.66","","","","","","NA"
"-80.38","43.46","KITCHENER/WATERLOO","6144239","2025-10-24 22:00","2025","10","24","22:00","","1.9","","1.3","","96","","0.0","","29","","9","","16.1","","98.67","","","","","","NA"
"-80.38","43.46","KITCHENER/WATERLOO","6144239","2025-10-24 23:00","2025","10","24","23:00","","1.5","","1.2","","98","","0.0","","29","","4","","0.6","","98.71","","","","","","Fog"
"-80.38","43.46","KITCHENER/WATERLOO","6144239","2025-10-25 00:00","2025","10","25","00:00","","2.4","","2.1","","98","","0.0","","23","","8","","16.1","","98.74","","","","","","NA"
"-80.38","43.46","KITCHENER/WATERLOO","6144239","2025-10-25 01:00","2025","10","25","01:00","","3.1","","3.0","","99","","0.0","","","M","4","","16.1","","98.76","","","","","","NA"
"-80.38","43.46","KITCHENER/WATERLOO","6144239","2025-10-25 02:00","2025","10","25","02:00","","1.7","","1.6","","99","","0.0","","","","0","","4.8","","98.77","","","","","","Fog"
"-80.38","43.46","KITCHENER/WATERLOO","6144239","2025-10-25 03:00","2025","10","25","03:00","","3.1","","3.0","","99","","0.0","","25","","4","","16.1","","98.78","","","","","","NA"
"-80.38","43.46","KITCHENER/WATERLOO","6144239","2025-10-25 04:00","2025","10","25","04:00","","4.0","","3.9","","99","","0.0","","","","0","","16.1","","98.82","","","","","","NA"
"-80.38","43.46","KITCHENER/WATERLOO","6144239","2025-10-25 05:00","2025","10","25","05:00","","4.2","","4.1","","99","","0.0","","","","0","","16.1","","98.85","","","","","","NA"
"-80.38","43.46","KITCHENER/WATERLOO","6144239","2025-10-25 06:00","2025","10","25","06:00","","4.5","","4.4","","99","","0.0","","","","0","","16.1","","98.89","","","","","","NA"
"-80.38","43.46","KITCHENER/WATERLOO","6144239","2025-10-25 07:00","2025","10","25","07:00","","3.6","","3.5","","99","","0.0","","","","0","","4.8","","98.97","","","","","","Fog"
"-80.38","43.46","KITCHENER/WATERLOO","6144239","2025-10-25 08:00","2025","10","25","08:00","","5.5","","4.9","","96","","0.0","","27","","8","","16.1","","99.07","","","","","","NA"
"-80.38","43.46","KITCHENER/WATERLOO","6144239","2025-10-25 09:00","2025","10","25","09:00","","6.7","","5.1","","89","","0.2","","28","","15","","16.1","","99.09","","","","","","NA"
"-80.38","43.46","KITCHENER/WATERLOO","6144239","2025-10-25 10:00","2025","10","25","10:00","","7.9","","4.9","","82","","0.0","","30","","8","","16.1","","99.09","","","","","","NA"
"-80.38","43.46","KITCHENER/WATERLOO","6144239","2025-10-25 11:00","2025","10","25","11:00","","9.5","","4.0","","68","","0.0","","30","","13","","16.1","","99.04","","","","","","NA"
"-80.38","43.46","KITCHENER/WATERLOO","6144239","2025-10-25 12:00","2025","10","25","12:00","","10.2","","3.9","","65","","0.0","","31","","13","","16.1","","99.01","","","","","","NA"
"-80.38","43.46","KITCHENER/WATERLOO","6144239","2025-10-25 13:00","2025","10","25","13:00","","9.9","","3.4","","64","","0.0","","27","","13","","16.1","","98.99","","","","","","NA"
"-80.38","43.46","KITCHENER/WATERLOO","6144239","2025-10-25 14:00","2025","10","25","14:00","","10.0","","3.2","","62","","0.0","","32","","17","","16.1","","98.97","","","","","","NA"
"-80.38","43.46","KITCHENER/WATERLOO","6144239","2025-10-25 15:00","2025","10","25","15:00","","9.6","","3.0","","63","","0.0","","30","","17","","16.1","","98.96","","","","","","NA"
"-80.38","43.46","KITCHENER/WATERLOO","6144239","2025-10-25 16:00","2025","10","25","16:00","","9.4","","3.2","","65","","0.0","","29","","17","","16.1","","98.98","","","","","","NA"
"-80.38","43.46","KITCHENER/WATERLOO","6144239","2025-10-25 17:00","2025","10","25","17:00","","8.3","","3.1","","70","","0.0","","29","","13","","16.1","","98.99","","","","","","NA"
"-80.38","43.46","KITCHENER/WATERLOO","6144239","2025-10-25 18:00","2025","10","25","18:00","","6.8","","3.1","","77","","0.0","","32","","8","","16.1","","99.03","","","","","","NA"
"-80.38","43.46","KITCHENER/WATERLOO","6144239","2025-10-25 19:00","2025","10","25","19:00","","3.7","","2.8","","94","","0.0","","","M","4","","16.1","","99.07","","","","","","NA"
"-80.38","43.46","KITCHENER/WATERLOO","6144239","2025-10-25 20:00","2025","10","25","20:00","","1.7","","1.1","","96","","0.0","","34","","4","","16.1","","99.08","","","","","","NA"
"-80.38","43.46","KITCHENER/WATERLOO","6144239","2025-10-25 21:00","2025","10","25","21:00","","2.5","","2.1","","97","","0.0","","35","","5","","16.1","","99.10","","","","","","NA"
"-80.38","43.46","KITCHENER/WATERLOO","6144239","2025-10-25 22:00","2025","10","25","22:00","","0.5","","0.1","","97","","0.0","","32","","4","","4.8","","99.11","","","","","","Fog"
"-80.38","43.46","KITCHENER/WATERLOO","6144239","2025-10-25 23:00","2025","10","25","23:00","","-0.4","","-0.8","","97","","0.0","","33","","5","","9.7","","99.12","","","","-2","","Fog"
"-80.38","43.46","KITCHENER/WATERLOO","6144239","2025-10-26 00:00","2025","10","26","00:00","","-1.0","","-1.3","","98","","0.0","","27","","5","","1.6","","99.10","","","","-3","","Fog"
"-80.38","43.46","KITCHENER/WATERLOO","6144239","2025-10-26 01:00","2025","10","26","01:00","","-1.7","","-1.9","","98","","0.0","","30","","5","","0.6","","99.11","","","","-4","","Freezing Fog"
"-80.38","43.46","KITCHENER/WATERLOO","6144239","2025-10-26 02:00","2025","10","26","02:00","","-1.3","","-1.4","","99","","0.0","","35","","4","","0.6","","99.13","","","","-3","","Freezing Fog"
"-80.38","43.46","KITCHENER/WATERLOO","6144239","2025-10-26 03:00","2025","10","26","03:00","","-1.8","","-2.1","","98","","0.0","","35","","4","","0.6","","99.15","","","","-3","","Freezing Fog"
"-80.38","43.46","KITCHENER/WATERLOO","6144239","2025-10-26 04:00","2025","10","26","04:00","","-3.6","","-4.0","","97","","0.0","","","","0","","16.1","","99.20","","","","","","NA"
"-80.38","43.46","KITCHENER/WATERLOO","6144239","2025-10-26 05:00","2025","10","26","05:00","","-4.2","","-4.6","","97","","0.0","","33","","8","","4.8","","99.23","","","","-8","","Fog"
"-80.38","43.46","KITCHENER/WATERLOO","6144239","2025-10-26 06:00","2025","10","26","06:00","","-3.1","","-3.5","","97","","0.0","","33","","8","","16.1","","99.27","","","","-6","","NA"
"-80.38","43.46","KITCHENER/WATERLOO","6144239","2025-10-26 07:00","2025","10","26","07:00","","-2.3","","-2.7","","97","","0.0","","34","","8","","16.1","","99.32","","","","-5","","NA"
"-80.38","43.46","KITCHENER/WATERLOO","6144239","2025-10-26 08:00","2025","10","26","08:00","","-1.3","","-1.7","","97","","0.0","","34","","8","","16.1","","99.36","","","","-4","","NA"
"-80.38","43.46","KITCHENER/WATERLOO","6144239","2025-10-26 09:00","2025","10","26","09:00","","1.4","","0.3","","92","","0.0","","2","","5","","16.1","","99.37","","","","","","NA"
"-80.38","43.46","KITCHENER/WATERLOO","6144239","2025-10-26 10:00","2025","10","26","10:00","","4.3","","-0.6","","71","","0.0","","2","","9","","16.1","","99.37","","","","","","NA"
"-80.38","43.46","KITCHENER/WATERLOO","6144239","2025-10-26 11:00","2025","10","26","11:00","","5.6","","-1.5","","60","","0.0","","3","","9","","16.1","","99.37","","","","","","NA"
"-80.38","43.46","KITCHENER/WATERLOO","6144239","2025-10-26 12:00","2025","10","26","12:00","","6.8","","-1.5","","55","","0.0","","","M","4","","16.1","","99.35","","","","","","NA"
"-80.38","43.46","KITCHENER/WATERLOO","6144239","2025-10-26 13:00","2025","10","26","13:00","","8.4","","-2.8","","45","","0.0","","9","","8","","16.1","","99.28","","","","","","NA"
"-80.38","43.46","KITCHENER/WATERLOO","6144239","2025-10-26 14:00","2025","10","26","14:00","","9.2","","-3.4","","41","","0.0","","3","","9","","16.1","","99.20","","","","","","NA"
"-80.38","43.46","KITCHENER/WATERLOO","6144239","2025-10-26 15:00","2025","10","26","15:00","","9.5","","-3.3","","41","","0.0","","33","","9","","16.1","","99.17","","","","","","NA"
"-80.38","43.46","KITCHENER/WATERLOO","6144239","2025-10-26 16:00","2025","10","26","16:00","","9.3","","-4.5","","38","","0.0","","2","","9","","16.1","","99.14","","","","","","NA"
"-80.38","43.46","KITCHENER/WATERLOO","6144239","2025-10-26 17:00","2025","10","26","17:00","","8.0","","-4.2","","42","","0.0","","3","","8","","16.1","","99.12","","","","","","NA"
"-80.38","43.46","KITCHENER/WATERLOO","6144239","2025-10-26 18:00","2025","10","26","18:00","","3.6","","-3.7","","59","","0.0","","7","","9","","16.1","","99.13","","","","","","NA"
"-80.38","43.46","KITCHENER/WATERLOO","6144239","2025-10-26 19:00","2025","10","26","19:00","","1.9","","-2.8","","71","","0.0","","6","","9","","16.1","","99.14","","","","","","NA"
"-80.38","43.46","KITCHENER/WATERLOO","6144239","2025-10-26 20:00","2025","10","26","20:00","","1.3","","-2.7","","75","","0.0","","8","","9","","16.1","","99.19","","","","","","NA"
"-80.38","43.46","KITCHENER/WATERLOO","6144239","2025-10-26 21:00","2025","10","26","21:00","","1.8","","-2.5","","73","","0.0","","5","","8","","16.1","","99.21","","","","","","NA"
"-80.38","43.46","KITCHENER/WATERLOO","6144239","2025-10-26 22:00","2025","10","26","22:00","","-0.3","","-3.5","","79","","0.0","","3","","5","","16.1","","99.22","","","","-2","","NA"
"-80.38","43.46","KITCHENER/WATERLOO","6144239","2025-10-26 23:00","2025","10","26","23:00","","-2.0","","-2.9","","94","","0.0","","33","","5","","16.1","","99.22","","","","-4","","NA"
"-80.38","43.46","KITCHENER/WATERLOO","6144239","2025-10-27 00:00","2025","10","27","00:00","","-1.9","","-3.3","","91","","0.0","","4","","5","","16.1","","99.18","","","","-4","","NA"
"-80.38","43.46","KITCHENER/WATERLOO","6144239","2025-10-27 01:00","2025","10","27","01:00","","-2.9","","-3.6","","95","","0.0","","","","0","","16.1","","99.16","","","","","","NA"
"-80.38","43.46","KITCHENER/WATERLOO","6144239","2025-10-27 02:00","2025","10","27","02:00","","-1.6","","-3.5","","87","","0.0","","16","","5","","16.1","","99.16","","","","-3","","NA"
"-80.38","43.46","KITCHENER/WATERLOO","6144239","2025-10-27 03:00","2025","10","27","03:00","","-3.3","","-4.2","","93","","0.0","","3","","5","","16.1","","99.11","","","","-5","","NA"
"-80.38","43.46","KITCHENER/WATERLOO","6144239","2025-10-27 04:00","2025","10","27","04:00","","-4.1","","-4.6","","96","","0.0","","","","0","","16.1","","99.10","","","","","","NA"
"-80.38","43.46","KITCHENER/WATERLOO","6144239","2025-10-27 05:00","2025","10","27","05:00","","-0.3","","-2.6","","85","","0.0","","3","","8","","16.1","","99.11","","","","-3","","NA"
"-80.38","43.46","KITCHENER/WATERLOO","6144239","2025-10-27 06:00","2025","10","27","06:00","","-0.2","","-2.6","","84","","0.0","","4","","9","","16.1","","99.10","","","","-3","","NA"
"-80.38","43.46","KITCHENER/WATERLOO","6144239","2025-10-27 07:00","2025","10","27","07:00","","-0.6","","-2.8","","85","","0.0","","5","","9","","16.1","","99.09","","","","-4","","NA"
"-80.38","43.46","KITCHENER/WATERLOO","6144239","2025-10-27 08:00","2025","10","27","08:00","","0.2","","-1.6","","88","","0.0","","3","","5","","16.1","","99.16","","","","","","NA"
"-80.38","43.46","KITCHENER/WATERLOO","6144239","2025-10-27 09:00","2025","10","27","09:00","","3.0","","-0.1","","80","","0.0","","6","","13","","16.1","","99.15","","","","","","NA"
"-80.38","43.46","KITCHENER/WATERLOO","6144239","2025-10-27 10:00","2025","10","27","10:00","","4.6","","0.4","","74","","0.0","","8","","8","","16.1","","99.16","","","","","","NA"
"-80.38","43.46","KITCHENER/WATERLOO","6144239","2025-10-27 11:00","2025","10","27","11:00","","6.6","","1.9","","72","","0.0","","9","","17","","16.1","","99.15","","","","","","NA"
"-80.38","43.46","KITCHENER/WATERLOO","6144239","2025-10-27 12:00","2025","10","27","12:00","","7.2","","1.7","","68","","0.0","","7","","17","","16.1","","99.09","","","","","","NA"
"-80.38","43.46","KITCHENER/WATERLOO","6144239","2025-10-27 13:00","2025","10","27","13:00","","7.8","","2.0","","67","","0.0","","7","","17","","16.1","","99.03","","","","","","NA"
"-80.38","43.46","KITCHENER/WATERLOO","6144239","2025-10-27 14:00","2025","10","27","14:00","","8.1","","2.2","","66","","0.0","","9","","18","","16.1","","98.99","","","","","","NA"
"-80.38","43.46","KITCHENER/WATERLOO","6144239","2025-10-27 15:00","2025","10","27","15:00","","8.1","","2.6","","68","","0.0","","8","","18","","16.1","","98.93","","","","","","NA"
"-80.38","43.46","KITCHENER/WATERLOO","6144239","2025-10-27 16:00","2025","10","27","16:00","","7.5","","2.7","","72","","0.0","","8","","18","","16.1","","98.90","","","","","","NA"
"-80.38","43.46","KITCHENER/WATERLOO","6144239","2025-10-27 17:00","2025","10","27","17:00","","6.0","","2.5","","78","","0.0","","7","","24","","16.1","","98.87","","","","","","NA"
"-80.38","43.46","KITCHENER/WATERLOO","6144239","2025-10-27 18:00","2025","10","27","18:00","","3.6","","1.4","","86","","0.0","","7","","9","","16.1","","98.91","","","","","","NA"
"-80.38","43.46","KITCHENER/WATERLOO","6144239","2025-10-27 19:00","2025","10","27","19:00","","3.0","","0.7","","85","","0.0","","8","","4","","16.1","","98.92","","","","","","NA"
"-80.38","43.46","KITCHENER/WATERLOO","6144239","2025-10-27 20:00","2025","10","27","20:00","","1.5","","0.1","","90","","0.0","","5","","4","","16.1","","98.93","","","","","","NA"
"-80.38","43.46","KITCHENER/WATERLOO","6144239","2025-10-27 21:00","2025","10","27","21:00","","1.1","","-0.2","","91","","0.0","","7","","13","","16.1","","98.96","","","","","","NA"
"-80.38","43.46","KITCHENER/WATERLOO","6144239","2025-10-27 22:00","2025","10","27","22:00","","2.3","","0.7","","89","","0.0","","7","","11","","16.1","","98.98","","","","","","NA"
"-80.38","43.46","KITCHENER/WATERLOO","6144239","2025-10-27 23:00","2025","10","27","23:00","","1.5","","0.5","","93","","0.0","","7","","13","","16.1","","98.99","","","","","","NA"
"-80.38","43.46","KITCHENER/WATERLOO","6144239","2025-10-28 00:00","2025","10","28","00:00","","2.9","","1.4","","90","","0.0","","7","","18","","16.1","","98.94","","","","","","NA"
"-80.38","43.46","KITCHENER/WATERLOO","6144239","2025-10-28 01:00","2025","10","28","01:00","","1.6","","0.7","","94","","0.0","","9","","9","","16.1","","98.92","","","","","","NA"
"-80.38","43.46","KITCHENER/WATERLOO","6144239","2025-10-28 02:00","2025","10","28","02:00","","0.4","","0.0","","97","","0.0","","","","0","","11.3","","98.92","","","","","","NA"
"-80.38","43.46","KITCHENER/WATERLOO","6144239","2025-10-28 03:00","2025","10","28","03:00","","1.6","","1.3","","98","","0.0","","7","","5","","14.5","","98.90","","","","","","NA"
"-80.38","43.46","KITCHENER/WATERLOO","6144239","2025-10-28 04:00","2025","10","28","04:00","","3.6","","2.7","","94","","0.0","","5","","8","","16.1","","98.91","","","","","","NA"
"-80.38","43.46","KITCHENER/WATERLOO","6144239","2025-10-28 05:00","2025","10","28","05:00","","2.4","","1.4","","93","","0.0","","6","","11","","16.1","","98.92","","","","","","NA"
"-80.38","43.46","KITCHENER/WATERLOO","6144239","2025-10-28 06:00","2025","10","28","06:00","","2.4","","1.3","","92","","0.0","","5","","9","","16.1","","98.92","","","","","","NA"
"-80.38","43.46","KITCHENER/WATERLOO","6144239","2025-10-28 07:00","2025","10","28","07:00","","2.3","","1.7","","96","","0.0","","5","","13","","16.1","","98.95","","","","","","NA"
"-80.38","43.46","KITCHENER/WATERLOO","6144239","2025-10-28 08:00","2025","10","28","08:00","","3.7","","3.1","","96","","0.0","","6","","13","","16.1","","98.99","","","","","","NA"
"-80.38","43.46","KITCHENER/WATERLOO","6144239","2025-10-28 09:00","2025","10","28","09:00","","6.9","","4.7","","86","","0.0","","8","","13","","16.1","","98.99","","","","","","NA"
"-80.38","43.46","KITCHENER/WATERLOO","6144239","2025-10-28 10:00","2025","10","28","10:00","","9.3","","5.0","","74","","0.0","","8","","18","","16.1","","98.97","","","","","","NA"
"-80.38","43.46","KITCHENER/WATERLOO","6144239","2025-10-28 11:00","2025","10","28","11:00","","9.8","","1.5","","56","","0.0","","9","","32","","16.1","","98.96","","","","","","NA"
"-80.38","43.46","KITCHENER/WATERLOO","6144239","2025-10-28 12:00","2025","10","28","12:00","","9.5","","2.3","","61","","0.0","","9","","30","","16.1","","98.89","","","","","","NA"
"-80.38","43.46","KITCHENER/WATERLOO","6144239","2025-10-28 13:00","2025","10","28","13:00","","9.6","","2.7","","62","","0.0","","9","","30","","16.1","","98.83","","","","","","NA"
"-80.38","43.46","KITCHENER/WATERLOO","6144239","2025-10-28 14:00","2025","10","28","14:00","","9.3","","3.9","","69","","0.0","","7","","28","","16.1","","98.76","","","","","","NA"
"-80.38","43.46","KITCHENER/WATERLOO","6144239","2025-10-28 15:00","2025","10","28","15:00","","8.7","","4.2","","73","","0.0","","7","","32","","16.1","","98.74","","","","","","NA"
"-80.38","43.46","KITCHENER/WATERLOO","6144239","2025-10-28 16:00","2025","10","28","16:00","","8.6","","3.3","","69","","0.0","","9","","30","","16.1","","98.70","","","","","","NA"
"-80.38","43.46","KITCHENER/WATERLOO","6144239","2025-10-28 17:00","2025","10","28","17:00","","7.3","","3.0","","74","","0.0","","8","","22","","16.1","","98.69","","","","","","NA"
"-80.38","43.46","KITCHENER/WATERLOO","6144239","2025-10-28 18:00","2025","10","28","18:00","","5.1","","2.6","","84","","0.0","","7","","15","","16.1","","98.71","","","","","","NA"
"-80.38","43.46","KITCHENER/WATERLOO","6144239","2025-10-28 19:00","2025","10","28","19:00","","5.2","","2.7","","84","","0.0","","5","","8","","16.1","","98.71","","","","","","NA"
"-80.38","43.46","KITCHENER/WATERLOO","6144239","2025-10-28 20:00","2025","10","28","20:00","","2.9","","1.8","","92","","0.0","","2","","8","","16.1","","98.67","","","","","","NA"
"-80.38","43.46","KITCHENER/WATERLOO","6144239","2025-10-28 21:00","2025","10","28","21:00","","4.2","","2.2","","87","","0.0","","4","","9","","16.1","","98.65","","","","","","NA"
"-80.38","43.46","KITCHENER/WATERLOO","6144239","2025-10-28 22:00","2025","10","28","22:00","","3.3","","2.2","","93","","0.0","","5","","8","","16.1","","98.63","","","","","","NA"
"-80.38","43.46","KITCHENER/WATERLOO","6144239","2025-10-28 23:00","2025","10","28","23:00","","3.1","","2.1","","93","","0.0","","5","","5","","16.1","","98.59","","","","","","NA"
"-80.38","43.46","KITCHENER/WATERLOO","6144239","2025-10-29 00:00","2025","10","29","00:00","","4.6","","1.5","","80","","0.0","","5","","13","","16.1","","98.55","","","","","","NA"
"-80.38","43.46","KITCHENER/WATERLOO","6144239","2025-10-29 01:00","2025","10","29","01:00","","3.4","","0.6","","82","","0.0","","6","","11","","16.1","","98.53","","","","","","NA"
"-80.38","43.46","KITCHENER/WATERLOO","6144239","2025-10-29 02:00","2025","10","29","02:00","","4.0","","1.0","","81","","0.0","","5","","13","","16.1","","98.54","","","","","","NA"
"-80.38","43.46","KITCHENER/WATERLOO","6144239","2025-10-29 03:00","2025","10","29","03:00","","3.7","","0.9","","82","","0.0","","5","","11","","16.1","","98.50","","","","","","NA"
"-80.38","43.46","KITCHENER/WATERLOO","6144239","2025-10-29 04:00","2025","10","29","04:00","","3.3","","0.9","","84","","0.0","","4","","9","","16.1","","98.45","","","","","","NA"
"-80.38","43.46","KITCHENER/WATERLOO","6144239","2025-10-29 05:00","2025","10","29","05:00","","2.9","","0.1","","82","","0.0","","5","","9","","16.1","","98.45","","","","","","NA"
"-80.38","43.46","KITCHENER/WATERLOO","6144239","2025-10-29 06:00","2025","10","29","06:00","","3.3","","0.5","","82","","0.0","","3","","8","","16.1","","98.42","","","","","","NA"
"-80.38","43.46","KITCHENER/WATERLOO","6144239","2025-10-29 07:00","2025","10","29","07:00","","3.7","","1.1","","83","","0.0","","3","","9","","16.1","","98.41","","","","","","NA"
"-80.38","43.46","KITCHENER/WATERLOO","6144239","2025-10-29 08:00","2025","10","29","08:00","","4.8","","1.8","","81","","0.0","","3","","13","","16.1","","98.40","","","","","","NA"
"-80.38","43.46","KITCHENER/WATERLOO","6144239","2025-10-29 09:00","2025","10","29","09:00","","6.2","","2.7","","78","","0.0","","6","","17","","16.1","","98.39","","","","","","NA"
"-80.38","43.46","KITCHENER/WATERLOO","6144239","2025-10-29 10:00","2025","10","29","10:00","","8.5","","3.4","","70","","0.0","","6","","15","","16.1","","98.37","","","","","","NA"
"-80.38","43.46","KITCHENER/WATERLOO","6144239","2025-10-29 11:00","2025","10","29","11:00","","9.6","","4.2","","69","","0.0","","6","","15","","16.1","","98.31","","","","","","NA"
"-80.38","43.46","KITCHENER/WATERLOO","6144239","2025-10-29 12:00","2025","10","29","12:00","","10.8","","4.3","","64","","0.0","","7","","21","","16.1","","98.21","","","","","","NA"
"-80.38","43.46","KITCHENER/WATERLOO","6144239","2025-10-29 13:00","2025","10","29","13:00","","9.9","","3.4","","64","","0.0","","9","","18","","16.1","","98.15","","","","","","NA"
"-80.38","43.46","KITCHENER/WATERLOO","6144239","2025-10-29 14:00","2025","10","29","14:00","","10.0","","4.0","","66","","0.0","","9","","18","","16.1","","98.09","","","","","","NA"
"-80.38","43.46","KITCHENER/WATERLOO","6144239","2025-10-29 15:00","2025","10","29","15:00","","10.6","","3.2","","60","","0.0","","7","","18","","16.1","","98.03","","","","","","NA"
"-80.38","43.46","KITCHENER/WATERLOO","6144239","2025-10-29 16:00","2025","10","29","16:00","","9.8","","3.2","","63","","0.0","","9","","18","","16.1","","98.00","","","","","","NA"
"-80.38","43.46","KITCHENER/WATERLOO","6144239","2025-10-29 17:00","2025","10","29","17:00","","7.8","","2.9","","71","","0.0","","10","","13","","16.1","","97.98","","","","","","NA"
"-80.38","43.46","KITCHENER/WATERLOO","6144239","2025-10-29 18:00","2025","10","29","18:00","","5.4","","3.1","","85","","0.0","","8","","8","","16.1","","98.02","","","","","","NA"
"-80.38","43.46","KITCHENER/WATERLOO","6144239","2025-10-29 19:00","2025","10","29","19:00","","3.5","","2.5","","93","","0.0","","","M","4","","16.1","","98.02","","","","","","NA"
"-80.38","43.46","KITCHENER/WATERLOO","6144239","2025-10-29 20:00","2025","10","29","20:00","","2.0","","1.7","","98","","0.0","","2","","5","","16.1","","98.02","","","","","","NA"
"-80.38","43.46","KITCHENER/WATERLOO","6144239","2025-10-29 21:00","2025","10","29","21:00","","4.9","","2.8","","86","","0.0","","4","","8","","16.1","","97.95","","","","","","NA"
"-80.38","43.46","KITCHENER/WATERLOO","6144239","2025-10-29 22:00","2025","10","29","22:00","","5.4","","3.1","","85","","0.0","","5","","9","","16.1","","97.91","","","","","","NA"
"-80.38","43.46","KITCHENER/WATERLOO","6144239","2025-10-29 23:00","2025","10","29","23:00","","4.1","","2.6","","90","","0.0","","6","","15","","16.1","","97.85","","","","","","NA"
"-80.38","43.46","KITCHENER/WATERLOO","6144239","2025-10-30 00:00","2025","10","30","00:00","","4.8","","3.1","","89","","0.0","","6","","11","","16.1","","97.76","","","","","","NA"
"-80.38","43.46","KITCHENER/WATERLOO","6144239","2025-10-30 01:00","2025","10","30","01:00","","5.2","","3.8","","91","","0.0","","6","","11","","16.1","","97.68","","","","","","NA"
"-80.38","43.46","KITCHENER/WATERLOO","6144239","2025-10-30 02:00","2025","10","30","02:00","","6.0","","4.0","","87","","0.0","","5","","9","","16.1","","97.65","","","","","","NA"
"-80.38","43.46","KITCHENER/WATERLOO","6144239","2025-10-30 03:00","2025","10","30","03:00","","5.9","","3.9","","87","","0.0","","4","","9","","16.1","","97.54","","","","","","NA"
"-80.38","43.46","KITCHENER/WATERLOO","6144239","2025-10-30 04:00","2025","10","30","04:00","","5.5","","3.7","","88","","0.0","","36","","9","","16.1","","97.43","","","","","","NA"
"-80.38","43.46","KITCHENER/WATERLOO","6144239","2025-10-30 05:00","2025","10","30","05:00","","6.1","","3.8","","85","","0.0","","4","","11","","16.1","","97.35","","","","","","NA"
"-80.38","43.46","KITCHENER/WATERLOO","6144239","2025-10-30 06:00","2025","10","30","06:00","","6.3","","3.8","","84","","0.0","","5","","15","","16.1","","97.34","","","","","","NA"
"-80.38","43.46","KITCHENER/WATERLOO","6144239","2025-10-30 07:00","2025","10","30","07:00","","6.4","","3.9","","84","","0.0","","5","","17","","16.1","","97.25","","","","","","NA"
"-80.38","43.46","KITCHENER/WATERLOO","6144239","2025-10-30 08:00","2025","10","30","08:00","","6.8","","4.0","","82","","0.0","","6","","18","","16.1","","97.18","","","","","","NA"
"-80.38","43.46","KITCHENER/WATERLOO","6144239","2025-10-30 09:00","2025","10","30","09:00","","7.0","","4.2","","82","","0.0","","6","","21","","16.1","","97.12","","","","","","NA"
"-80.38","43.46","KITCHENER/WATERLOO","6144239","2025-10-30 10:00","2025","10","30","10:00","","6.4","","4.4","","87","","0.0","","5","","22","","16.1","","97.02","","","","","","Rain"
"-80.38","43.46","KITCHENER/WATERLOO","6144239","2025-10-30 11:00","2025","10","30","11:00","","6.2","","5.1","","93","","0.8","","5","","15","","14.5","","96.95","","","","","","Moderate Rain"
"-80.38","43.46","KITCHENER/WATERLOO","6144239","2025-10-30 12:00","2025","10","30","12:00","","6.6","","5.4","","92","","0.8","","3","","18","","16.1","","96.70","","","","","","Rain"
"-80.38","43.46","KITCHENER/WATERLOO","6144239","2025-10-30 13:00","2025","10","30","13:00","","7.1","","5.6","","90","","0.5","","4","","26","","16.1","","96.54","","","","","","Rain"
"-80.38","43.46","KITCHENER/WATERLOO","6144239","2025-10-30 14:00","2025","10","30","14:00","","6.9","","4.6","","85","","0.0","","4","","21","","16.1","","96.46","","","","","","NA"
"-80.38","43.46","KITCHENER/WATERLOO","6144239","2025-10-30 15:00","2025","10","30","15:00","","6.3","","4.8","","90","","0.0","","1","","22","","8.1","","96.42","","","","","","Fog"
"-80.38","43.46","KITCHENER/WATERLOO","6144239","2025-10-30 16:00","2025","10","30","16:00","","6.0","","4.7","","91","","0.0","","1","","21","","8.1","","96.38","","","","","","Fog"
"-80.38","43.46","KITCHENER/WATERLOO","6144239","2025-10-30 17:00","2025","10","30","17:00","","5.3","","4.4","","94","","2.0","","36","","21","","3.2","","96.38","","","","","","Rain,Fog"
"-80.38","43.46","KITCHENER/WATERLOO","6144239","2025-10-30 18:00","2025","10","30","18:00","","4.9","","3.9","","93","","2.0","","36","","17","","16.1","","96.37","","","","","","Moderate Rain"
"-80.38","43.46","KITCHENER/WATERLOO","6144239","2025-10-30 19:00","2025","10","30","19:00","","4.8","","3.8","","93","","4.5","","34","","22","","14.5","","96.34","","","","","","Rain"
"-80.38","43.46","KITCHENER/WATERLOO","6144239","2025-10-30 20:00","2025","10","30","20:00","","4.8","","3.7","","93","","1.0","","33","","21","","11.3","","96.31","","","","","","Rain"
"-80.38","43.46","KITCHENER/WATERLOO","6144239","2025-10-30 21:00","2025","10","30","21:00","","4.9","","3.9","","93","","0.2","","33","","18","","16.1","","96.26","","","","","","Rain"
"-80.38","43.46","KITCHENER/WATERLOO","6144239","2025-10-30 22:00","2025","10","30","22:00","","4.9","","3.9","","93","","0.0","","32","","22","","16.1","","96.19","","","","","","Rain"
"-80.38","43.46","KITCHENER/WATERLOO","6144239","2025-10-30 23:00","2025","10","30","23:00","","5.0","","4.0","","93","","0.5","","31","","13","","16.1","","96.15","","","","","","Rain"
"-80.38","43.46","KITCHENER/WATERLOO","6144239","2025-10-31 00:00","2025","10","31","00:00","","5.1","","3.4","","89","","0.5","","32","","22","","16.1","","96.11","","","","","","Rain"
"-80.38","43.46","KITCHENER/WATERLOO","6144239","2025-10-31 01:00","2025","10","31","01:00","","4.9","","3.1","","88","","0.0","","32","","22","","16.1","","96.10","","","","","","Rain"
"-80.38","43.46","KITCHENER/WATERLOO","6144239","2025-10-31 02:00","2025","10","31","02:00","","4.8","","2.6","","86","","0.0","","32","","24","","16.1","","96.08","","","","","","NA"
"-80.38","43.46","KITCHENER/WATERLOO","6144239","2025-10-31 03:00","2025","10","31","03:00","","4.8","","3.5","","91","","0.5","","30","","18","","16.1","","96.05","","","","","","Rain"
"-80.38","43.46","KITCHENER/WATERLOO","6144239","2025-10-31 04:00","2025","10","31","04:00","","5.0","","2.7","","85","","0.0","","31","","22","","16.1","","96.01","","","","","","Rain"
"-80.38","43.46","KITCHENER/WATERLOO","6144239","2025-10-31 05:00","2025","10","31","05:00","","5.0","","3.5","","90","","0.0","","29","","18","","16.1","","96.05","","","","","","NA"
"-80.38","43.46","KITCHENER/WATERLOO","6144239","2025-10-31 06:00","2025","10","31","06:00","","5.2","","3.2","","87","","0.2","","30","","21","","16.1","","96.07","","","","","","NA"
"-80.38","43.46","KITCHENER/WATERLOO","6144239","2025-10-31 07:00","2025","10","31","07:00","","5.5","","2.5","","81","","0.0","","29","","26","","16.1","","96.04","","","","","","NA"
"-80.38","43.46","KITCHENER/WATERLOO","6144239","2025-10-31 08:00","2025","10","31","08:00","","5.7","","2.7","","81","","0.0","","28","","24","","16.1","","96.05","","","","","","NA"
"-80.38","43.46","KITCHENER/WATERLOO","6144239","2025-10-31 09:00","2025","10","31","09:00","","6.2","","2.6","","78","","0.0","","30","","28","","16.1","","96.08","","","","","","NA"
"-80.38","43.46","KITCHENER/WATERLOO","6144239","2025-10-31 10:00","2025","10","31","10:00","","7.3","","2.2","","70","","0.0","","30","","39","","16.1","","96.09","","","","","","NA"
"-80.38","43.46","KITCHENER/WATERLOO","6144239","2025-10-31 11:00","2025","10","31","11:00","","8.1","","1.3","","62","","0.0","","30","","35","","16.1","","96.13","","","","","","NA"
"-80.38","43.46","KITCHENER/WATERLOO","6144239","2025-10-31 12:00","2025","10","31","12:00","","9.0","","0.9","","57","","0.0","","29","","39","","16.1","","96.10","","","","","","NA"
"-80.38","43.46","KITCHENER/WATERLOO","6144239","2025-10-31 13:00","2025","10","31","13:00","","9.6","","-1.1","","47","","0.0","","29","","48","","16.1","","96.13","","","","","","NA"
"-80.38","43.46","KITCHENER/WATERLOO","6144239","2025-10-31 14:00","2025","10","31","14:00","","10.0","","0.1","","50","","0.0","","29","","35","","16.1","","96.23","","","","","","NA"
"-80.38","43.46","KITCHENER/WATERLOO","6144239","2025-10-31 15:00","2025","10","31","15:00","","8.6","","-0.5","","53","","0.0","","29","","45","","16.1","","96.39","","","","","","NA"
"-80.38","43.46","KITCHENER/WATERLOO","6144239","2025-10-31 16:00","2025","10","31","16:00","","7.1","","-1.1","","56","","0.0","","29","","39","","16.1","","96.53","","","","","","NA"
"-80.38","43.46","KITCHENER/WATERLOO","6144239","2025-10-31 17:00","2025","10","31","17:00","","6.4","","-0.6","","61","","0.0","","29","","43","","16.1","","96.64","","","","","","NA"
"-80.38","43.46","KITCHENER/WATERLOO","6144239","2025-10-31 18:00","2025","10","31","18:00","","5.6","","0.1","","68","","0.0","","30","","37","","16.1","","96.74","","","","","","NA"
"-80.38","43.46","KITCHENER/WATERLOO","6144239","2025-10-31 19:00","2025","10","31","19:00","","5.3","","-0.5","","66","","0.0","","31","","28","","16.1","","96.83","","","","","","NA"
"-80.38","43.46","KITCHENER/WATERLOO","6144239","2025-10-31 20:00","2025","10","31","20:00","","5.9","","-0.6","","63","","0.0","","29","","26","","16.1","","96.91","","","","","","NA"
"-80.38","43.46","KITCHENER/WATERLOO","6144239","2025-10-31 21:00","2025","10","31","21:00","","5.6","","0.6","","70","","0.0","","29","","18","","16.1","","96.96","","","","","","NA"
"-80.38","43.46","KITCHENER/WATERLOO","6144239","2025-10-31 22:00","2025","10","31","22:00","","5.3","","1.1","","74","","0.0","","29","","18","","16.1","","97.01","","","","","","NA"
"-80.38","43.46","KITCHENER/WATERLOO","6144239","2025-10-31 23:00","2025","10","31","23:00","","5.5","","0.9","","72","","0.0","","29","","18","","16.1","","97.05","","","","","","NA"
