"Longitude (x)","Latitude (y)","Station Name","Climate ID","Date/Time (LST)","Year","Month","Day","Time (LST)","Flag","Temp (°C)","Temp Flag","Dew Point Temp (°C)","Dew Point Temp Flag","Rel Hum (%)","Rel Hum Flag","Precip. Amount (mm)","Precip. Amount Flag","Wind Dir (10s deg)","Wind Dir Flag","Wind Spd (km/h)","Wind Spd Flag","Visibility (km)","Visibility Flag","Stn Press (kPa)","Stn Press Flag","Hmdx","Hmdx Flag","Wind Chill","Wind Chill Flag","Weather"
"-80.38","43.46","KITCHENER/WATERLOO","6144239","2024-08-01 00:00","2024","08","01","00:00","","18.6","","18.6","","100","","0.0","","","","0","","12.9","","97.68","","","","","","NA"
"-80.38","43.46","KITCHENER/WATERLOO","6144239","2024-08-01 01:00","2024","08","01","01:00","","18.5","","18.5","","100","","0.0","","","","0","","8.1","","97.70","","","","","","Fog"
"-80.38","43.46","KITCHENER/WATERLOO","6144239","2024-08-01 02:00","2024","08","01","02:00","","18.0","","18.0","","100","","0.0","","","","0","","4.8","","97.64","","","","","","Fog"
"-80.38","43.46","KITCHENER/WATERLOO","6144239","2024-08-01 03:00","2024","08","01","03:00","","17.7","","17.7","","100","","0.0","","33","","4","","4.8","","97.62","","","","","","Fog"
"-80.38","43.46","KITCHENER/WATERLOO","6144239","2024-08-01 04:00","2024","08","01","04:00","","18.9","","18.9","","100","","0.0","","34","","5","","9.7","","97.66","","","","","","Fog"
"-80.38","43.46","KITCHENER/WATERLOO","6144239","2024-08-01 05:00","2024","08","01","05:00","","18.7","","18.7","","100","","0.0","","","","0","","8.1","","97.72","","","","","","Fog"
"-80.38","43.46","KITCHENER/WATERLOO","6144239","2024-08-01 06:00","2024","08","01","06:00","","20.6","","20.3","","98","","0.0","","7","","8","","9.7","","97.72","","28","","","","Fog"
"-80.38","43.46","KITCHENER/WATERLOO","6144239","2024-08-01 07:00","2024","08","01","07:00","","21.2","","20.9","","98","","0.0","","","","0","","11.3","","97.75","","30","","","","NA"
"-80.38","43.46","KITCHENER/WATERLOO","6144239","2024-08-01 08:00","2024","08","01","08:00","","23.0","","21.1","","89","","0.0","","","M","4","","16.1","","97.79","","32","","","","NA"
"-80.38","43.46","KITCHENER/WATERLOO","6144239","2024-08-01 09:00","2024","08","01","09:00","","25.7","","20.8","","74","","0.0","","7","","11","","16.1","","97.79","","34","","","","NA"
"-80.38","43.46","KITCHENER/WATERLOO","6144239","2024-08-01 10:00","2024","08","01","10:00","","26.9","","21.7","","73","","0.0","","12","","8","","16.1","","97.81","","36","","","","NA"
"-80.38","43.46","KITCHENER/WATERLOO","6144239","2024-08-01 11:00","2024","08","01","11:00","","27.9","","21.9","","69","","0.0","","10","","9","","16.1","","97.81","","37","","","","NA"
"-80.38","43.46","KITCHENER/WATERLOO","6144239","2024-08-01 12:00","2024","08","01","12:00","","28.6","","22.5","","69","","0.0","","17","","9","","16.1","","97.74","","38","","","","NA"
"-80.38","43.46","KITCHENER/WATERLOO","6144239","2024-08-01 13:00","2024","08","01","13:00","","28.9","","23.6","","73","","0.0","","8","","11","","16.1","","97.69","","40","","","","NA"
"-80.38","43.46","KITCHENER/WATERLOO","6144239","2024-08-01 14:00","2024","08","01","14:00","","29.7","","22.8","","66","","0.0","","10","","8","","16.1","","97.65","","40","","","","NA"
"-80.38","43.46","KITCHENER/WATERLOO","6144239","2024-08-01 15:00","2024","08","01","15:00","","28.7","","22.5","","69","","0.0","","4","","5","","16.1","","97.61","","38","","","","NA"
"-80.38","43.46","KITCHENER/WATERLOO","6144239","2024-08-01 16:00","2024","08","01","16:00","","27.8","","22.1","","71","","0.0","","7","","17","","14.5","","97.59","","37","","","","NA"
"-80.38","43.46","KITCHENER/WATERLOO","6144239","2024-08-01 17:00","2024","08","01","17:00","","24.7","","22.5","","88","","11.2","","6","","13","","16.1","","97.63","","34","","","","Thunderstorms,Rain"
"-80.38","43.46","KITCHENER/WATERLOO","6144239","2024-08-01 18:00","2024","08","01","18:00","","24.7","","23.1","","91","","0.0","","12","","9","","16.1","","97.57","","35","","","","Rain"
"-80.38","43.46","KITCHENER/WATERLOO","6144239","2024-08-01 19:00","2024","08","01","19:00","","24.6","","23.7","","95","","0.0","","","M","4","","16.1","","97.55","","36","","","","NA"
"-80.38","43.46","KITCHENER/WATERLOO","6144239","2024-08-01 20:00","2024","08","01","20:00","","22.4","","22.4","","100","","0.0","","6","","8","","6.4","","97.57","","32","","","","Fog"
"-80.38","43.46","KITCHENER/WATERLOO","6144239","2024-08-01 21:00","2024","08","01","21:00","","22.7","","22.5","","99","","0.0","","","","0","","14.5","","97.63","","32","","","","NA"
"-80.38","43.46","KITCHENER/WATERLOO","6144239","2024-08-01 22:00","2024","08","01","22:00","","21.5","","21.5","","100","","0.0","","","M","4","","9.7","","97.64","","30","","","","Fog"
"-80.38","43.46","KITCHENER/WATERLOO","6144239","2024-08-01 23:00","2024","08","01","23:00","","21.9","","21.9","","100","","0.0","","6","","9","","6.4","","97.59","","31","","","","Fog"
"-80.38","43.46","KITCHENER/WATERLOO","6144239","2024-08-02 00:00","2024","08","02","00:00","","21.4","","21.4","","100","","0.0","","6","","4","","2.8","","97.56","","30","","","","Fog"
"-80.38","43.46","KITCHENER/WATERLOO","6144239","2024-08-02 01:00","2024","08","02","01:00","","21.3","","21.3","","100","","0.0","","8","","4","","2.4","","97.55","","30","","","","Fog"
"-80.38","43.46","KITCHENER/WATERLOO","6144239","2024-08-02 02:00","2024","08","02","02:00","","20.6","","20.6","","100","","0.0","","","","0","","0.4","","97.51","","29","","","","Rain,Fog"
"-80.38","43.46","KITCHENER/WATERLOO","6144239","2024-08-02 03:00","2024","08","02","03:00","","20.3","","20.3","","100","","0.0","","","","0","","1.2","","97.49","","28","","","","Fog"
"-80.38","43.46","KITCHENER/WATERLOO","6144239","2024-08-02 04:00","2024","08","02","04:00","","20.8","","20.8","","100","","0.0","","9","","5","","2.0","","97.48","","29","","","","Fog"
"-80.38","43.46","KITCHENER/WATERLOO","6144239","2024-08-02 05:00","2024","08","02","05:00","","20.6","","20.6","","100","","0.0","","7","","5","","1.2","","97.45","","29","","","","Rain,Fog"
"-80.38","43.46","KITCHENER/WATERLOO","6144239","2024-08-02 06:00","2024","08","02","06:00","","20.8","","20.8","","100","","0.0","","4","","5","","0.6","","97.46","","29","","","","Rain,Fog"
"-80.38","43.46","KITCHENER/WATERLOO","6144239","2024-08-02 07:00","2024","08","02","07:00","","21.5","","21.5","","100","","0.0","","5","","4","","2.0","","97.48","","30","","","","Fog"
"-80.38","43.46","KITCHENER/WATERLOO","6144239","2024-08-02 08:00","2024","08","02","08:00","","22.1","","22.1","","100","","0.0","","11","","4","","3.2","","97.48","","32","","","","Fog"
"-80.38","43.46","KITCHENER/WATERLOO","6144239","2024-08-02 09:00","2024","08","02","09:00","","23.7","","23.3","","98","","0.0","","18","","8","","4.8","","97.49","","34","","","","Fog"
"-80.38","43.46","KITCHENER/WATERLOO","6144239","2024-08-02 10:00","2024","08","02","10:00","","24.3","","23.1","","93","","0.0","","16","","5","","9.7","","97.52","","35","","","","Fog"
"-80.38","43.46","KITCHENER/WATERLOO","6144239","2024-08-02 11:00","2024","08","02","11:00","","23.8","","23.1","","96","","0.2","","14","","11","","11.3","","97.51","","34","","","","Rain"
"-80.38","43.46","KITCHENER/WATERLOO","6144239","2024-08-02 12:00","2024","08","02","12:00","","25.6","","22.1","","81","","0.0","","16","","8","","16.1","","97.50","","35","","","","NA"
"-80.38","43.46","KITCHENER/WATERLOO","6144239","2024-08-02 13:00","2024","08","02","13:00","","27.3","","22.3","","74","","0.0","","16","","13","","16.1","","97.44","","37","","","","NA"
"-80.38","43.46","KITCHENER/WATERLOO","6144239","2024-08-02 14:00","2024","08","02","14:00","","26.8","","20.2","","67","","0.0","","13","","18","","16.1","","97.44","","35","","","","NA"
"-80.38","43.46","KITCHENER/WATERLOO","6144239","2024-08-02 15:00","2024","08","02","15:00","","25.2","","19.6","","71","","0.0","","20","","9","","16.1","","97.45","","32","","","","NA"
"-80.38","43.46","KITCHENER/WATERLOO","6144239","2024-08-02 16:00","2024","08","02","16:00","","25.5","","19.8","","70","","0.0","","15","","9","","11.3","","97.40","","33","","","","NA"
"-80.38","43.46","KITCHENER/WATERLOO","6144239","2024-08-02 17:00","2024","08","02","17:00","","26.0","","19.6","","68","","0.0","","15","","5","","16.1","","97.34","","33","","","","NA"
"-80.38","43.46","KITCHENER/WATERLOO","6144239","2024-08-02 18:00","2024","08","02","18:00","","23.9","","22.1","","90","","0.0","","","","0","","16.1","","97.33","","33","","","","NA"
"-80.38","43.46","KITCHENER/WATERLOO","6144239","2024-08-02 19:00","2024","08","02","19:00","","22.5","","22.1","","98","","0.0","","34","","4","","16.1","","97.36","","32","","","","NA"
"-80.38","43.46","KITCHENER/WATERLOO","6144239","2024-08-02 20:00","2024","08","02","20:00","","21.2","","20.9","","98","","0.0","","14","","5","","16.1","","97.41","","30","","","","NA"
"-80.38","43.46","KITCHENER/WATERLOO","6144239","2024-08-02 21:00","2024","08","02","21:00","","19.8","","19.8","","100","","0.0","","","","0","","16.1","","97.45","","","","","","NA"
"-80.38","43.46","KITCHENER/WATERLOO","6144239","2024-08-02 22:00","2024","08","02","22:00","","19.4","","19.4","","100","","0.0","","35","","5","","8.1","","97.45","","","","","","Fog"
"-80.38","43.46","KITCHENER/WATERLOO","6144239","2024-08-02 23:00","2024","08","02","23:00","","19.6","","19.6","","100","","0.0","","16","","5","","11.3","","97.45","","","","","","NA"
"-80.38","43.46","KITCHENER/WATERLOO","6144239","2024-08-03 00:00","2024","08","03","00:00","","20.1","","20.1","","100","","0.0","","","M","4","","14.5","","97.44","","28","","","","NA"
"-80.38","43.46","KITCHENER/WATERLOO","6144239","2024-08-03 01:00","2024","08","03","01:00","","20.0","","20.0","","100","","0.0","","","","0","","11.3","","97.40","","28","","","","NA"
"-80.38","43.46","KITCHENER/WATERLOO","6144239","2024-08-03 02:00","2024","08","03","02:00","","20.0","","20.0","","100","","0.0","","34","","8","","8.1","","97.38","","28","","","","Fog"
"-80.38","43.46","KITCHENER/WATERLOO","6144239","2024-08-03 03:00","2024","08","03","03:00","","20.0","","20.0","","100","","0.0","","31","","5","","8.1","","97.37","","28","","","","Fog"
"-80.38","43.46","KITCHENER/WATERLOO","6144239","2024-08-03 04:00","2024","08","03","04:00","","19.8","","19.8","","100","","0.0","","32","","4","","6.4","","97.36","","","","","","Fog"
"-80.38","43.46","KITCHENER/WATERLOO","6144239","2024-08-03 05:00","2024","08","03","05:00","","20.0","","20.0","","100","","0.0","","32","","11","","6.4","","97.38","","28","","","","Fog"
"-80.38","43.46","KITCHENER/WATERLOO","6144239","2024-08-03 06:00","2024","08","03","06:00","","20.3","","20.3","","100","","0.0","","","","0","","9.7","","97.39","","28","","","","Fog"
"-80.38","43.46","KITCHENER/WATERLOO","6144239","2024-08-03 07:00","2024","08","03","07:00","","21.1","","21.1","","100","","0.0","","29","","9","","8.1","","97.42","","30","","","","Fog"
"-80.38","43.46","KITCHENER/WATERLOO","6144239","2024-08-03 08:00","2024","08","03","08:00","","22.7","","21.8","","94","","0.0","","29","","5","","16.1","","97.42","","32","","","","NA"
"-80.38","43.46","KITCHENER/WATERLOO","6144239","2024-08-03 09:00","2024","08","03","09:00","","25.8","","21.2","","75","","0.0","","30","","17","","16.1","","97.39","","34","","","","NA"
"-80.38","43.46","KITCHENER/WATERLOO","6144239","2024-08-03 10:00","2024","08","03","10:00","","25.7","","20.6","","73","","0.0","","28","","9","","16.1","","97.44","","34","","","","NA"
"-80.38","43.46","KITCHENER/WATERLOO","6144239","2024-08-03 11:00","2024","08","03","11:00","","25.9","","20.9","","74","","0.0","","27","","11","","16.1","","97.44","","34","","","","NA"
"-80.38","43.46","KITCHENER/WATERLOO","6144239","2024-08-03 12:00","2024","08","03","12:00","","26.3","","20.5","","70","","0.0","","23","","11","","16.1","","97.42","","34","","","","NA"
"-80.38","43.46","KITCHENER/WATERLOO","6144239","2024-08-03 13:00","2024","08","03","13:00","","27.1","","20.6","","67","","0.0","","26","","15","","16.1","","97.39","","35","","","","NA"
"-80.38","43.46","KITCHENER/WATERLOO","6144239","2024-08-03 14:00","2024","08","03","14:00","","27.2","","21.1","","69","","0.0","","30","","13","","16.1","","97.38","","36","","","","NA"
"-80.38","43.46","KITCHENER/WATERLOO","6144239","2024-08-03 15:00","2024","08","03","15:00","","27.7","","19.1","","59","","0.0","","29","","11","","16.1","","97.36","","35","","","","NA"
"-80.38","43.46","KITCHENER/WATERLOO","6144239","2024-08-03 16:00","2024","08","03","16:00","","28.1","","18.8","","57","","0.0","","29","","18","","16.1","","97.34","","35","","","","NA"
"-80.38","43.46","KITCHENER/WATERLOO","6144239","2024-08-03 17:00","2024","08","03","17:00","","27.4","","16.3","","50","","0.0","","29","","18","","16.1","","97.32","","32","","","","NA"
"-80.38","43.46","KITCHENER/WATERLOO","6144239","2024-08-03 18:00","2024","08","03","18:00","","26.4","","17.3","","57","","0.0","","30","","18","","16.1","","97.34","","32","","","","NA"
"-80.38","43.46","KITCHENER/WATERLOO","6144239","2024-08-03 19:00","2024","08","03","19:00","","24.4","","17.1","","63","","0.0","","29","","13","","16.1","","97.33","","30","","","","NA"
"-80.38","43.46","KITCHENER/WATERLOO","6144239","2024-08-03 20:00","2024","08","03","20:00","","22.0","","17.4","","75","","0.0","","30","","13","","16.1","","97.38","","28","","","","NA"
"-80.38","43.46","KITCHENER/WATERLOO","6144239","2024-08-03 21:00","2024","08","03","21:00","","20.6","","19.1","","91","","0.0","","31","","11","","16.1","","97.49","","27","","","","NA"
"-80.38","43.46","KITCHENER/WATERLOO","6144239","2024-08-03 22:00","2024","08","03","22:00","","19.5","","18.5","","94","","0.0","","31","","9","","16.1","","97.51","","","","","","NA"
"-80.38","43.46","KITCHENER/WATERLOO","6144239","2024-08-03 23:00","2024","08","03","23:00","","18.0","","18.0","","100","","0.0","","31","","9","","14.5","","97.49","","","","","","NA"
"-80.38","43.46","KITCHENER/WATERLOO","6144239","2024-08-04 00:00","2024","08","04","00:00","","17.1","","17.1","","100","","0.0","","31","","8","","14.5","","97.50","","","","","","NA"
"-80.38","43.46","KITCHENER/WATERLOO","6144239","2024-08-04 01:00","2024","08","04","01:00","","17.3","","17.3","","100","","0.0","","","M","4","","11.3","","97.49","","","","","","NA"
"-80.38","43.46","KITCHENER/WATERLOO","6144239","2024-08-04 02:00","2024","08","04","02:00","","16.1","","16.1","","100","","0.0","","30","","8","","2.8","","97.52","","","","","","Fog"
"-80.38","43.46","KITCHENER/WATERLOO","6144239","2024-08-04 03:00","2024","08","04","03:00","","15.6","","15.6","","100","","0.0","","31","","5","","4.0","","97.54","","","","","","Fog"
"-80.38","43.46","KITCHENER/WATERLOO","6144239","2024-08-04 04:00","2024","08","04","04:00","","16.2","","16.2","","100","","0.0","","31","","5","","9.7","","97.53","","","","","","Fog"
"-80.38","43.46","KITCHENER/WATERLOO","6144239","2024-08-04 05:00","2024","08","04","05:00","","15.5","","15.5","","100","","0.0","","30","","11","","9.7","","97.59","","","","","","Fog"
"-80.38","43.46","KITCHENER/WATERLOO","6144239","2024-08-04 06:00","2024","08","04","06:00","","17.0","","17.0","","100","","0.0","","30","","13","","12.9","","97.61","","","","","","NA"
"-80.38","43.46","KITCHENER/WATERLOO","6144239","2024-08-04 07:00","2024","08","04","07:00","","18.6","","17.6","","94","","0.0","","30","","8","","16.1","","97.65","","","","","","NA"
"-80.38","43.46","KITCHENER/WATERLOO","6144239","2024-08-04 08:00","2024","08","04","08:00","","21.2","","18.0","","82","","0.0","","31","","13","","16.1","","97.69","","27","","","","Rain"
"-80.38","43.46","KITCHENER/WATERLOO","6144239","2024-08-04 09:00","2024","08","04","09:00","","24.2","","17.0","","64","","0.0","","30","","13","","16.1","","97.70","","29","","","","NA"
"-80.38","43.46","KITCHENER/WATERLOO","6144239","2024-08-04 10:00","2024","08","04","10:00","","25.2","","16.8","","59","","0.0","","32","","17","","16.1","","97.74","","30","","","","NA"
"-80.38","43.46","KITCHENER/WATERLOO","6144239","2024-08-04 11:00","2024","08","04","11:00","","25.7","","16.1","","55","","0.0","","31","","18","","16.1","","97.78","","30","","","","NA"
"-80.38","43.46","KITCHENER/WATERLOO","6144239","2024-08-04 12:00","2024","08","04","12:00","","24.0","","16.6","","63","","0.0","","32","","11","","16.1","","97.83","","29","","","","NA"
"-80.38","43.46","KITCHENER/WATERLOO","6144239","2024-08-04 13:00","2024","08","04","13:00","","24.4","","17.7","","66","","0.0","","31","","9","","16.1","","97.83","","30","","","","NA"
"-80.38","43.46","KITCHENER/WATERLOO","6144239","2024-08-04 14:00","2024","08","04","14:00","","25.1","","15.5","","55","","0.0","","30","","11","","16.1","","97.82","","29","","","","NA"
"-80.38","43.46","KITCHENER/WATERLOO","6144239","2024-08-04 15:00","2024","08","04","15:00","","26.2","","14.9","","49","","0.0","","30","","15","","16.1","","97.82","","30","","","","NA"
"-80.38","43.46","KITCHENER/WATERLOO","6144239","2024-08-04 16:00","2024","08","04","16:00","","27.1","","15.8","","50","","0.0","","25","","15","","16.1","","97.80","","32","","","","NA"
"-80.38","43.46","KITCHENER/WATERLOO","6144239","2024-08-04 17:00","2024","08","04","17:00","","27.0","","17.1","","54","","0.0","","29","","13","","16.1","","97.80","","32","","","","NA"
"-80.38","43.46","KITCHENER/WATERLOO","6144239","2024-08-04 18:00","2024","08","04","18:00","","26.2","","16.7","","55","","0.0","","28","","18","","16.1","","97.81","","31","","","","NA"
"-80.38","43.46","KITCHENER/WATERLOO","6144239","2024-08-04 19:00","2024","08","04","19:00","","24.5","","17.4","","64","","0.0","","27","","13","","16.1","","97.82","","30","","","","NA"
"-80.38","43.46","KITCHENER/WATERLOO","6144239","2024-08-04 20:00","2024","08","04","20:00","","21.6","","17.4","","77","","0.0","","31","","5","","16.1","","97.84","","27","","","","NA"
"-80.38","43.46","KITCHENER/WATERLOO","6144239","2024-08-04 21:00","2024","08","04","21:00","","18.9","","17.7","","93","","0.0","","","","0","","16.1","","97.89","","","","","","NA"
"-80.38","43.46","KITCHENER/WATERLOO","6144239","2024-08-04 22:00","2024","08","04","22:00","","17.1","","16.3","","95","","0.0","","5","","8","","16.1","","97.89","","","","","","NA"
"-80.38","43.46","KITCHENER/WATERLOO","6144239","2024-08-04 23:00","2024","08","04","23:00","","17.6","","17.6","","100","","0.0","","13","","4","","16.1","","97.90","","","","","","NA"
"-80.38","43.46","KITCHENER/WATERLOO","6144239","2024-08-05 00:00","2024","08","05","00:00","","18.6","","17.8","","95","","0.0","","18","","4","","16.1","","97.88","","","","","","NA"
"-80.38","43.46","KITCHENER/WATERLOO","6144239","2024-08-05 01:00","2024","08","05","01:00","","18.7","","18.2","","97","","0.0","","6","","4","","16.1","","97.89","","","","","","NA"
"-80.38","43.46","KITCHENER/WATERLOO","6144239","2024-08-05 02:00","2024","08","05","02:00","","17.7","","17.7","","100","","0.0","","3","","4","","16.1","","97.85","","","","","","NA"
"-80.38","43.46","KITCHENER/WATERLOO","6144239","2024-08-05 03:00","2024","08","05","03:00","","17.9","","17.9","","100","","0.0","","13","","4","","16.1","","97.81","","","","","","NA"
"-80.38","43.46","KITCHENER/WATERLOO","6144239","2024-08-05 04:00","2024","08","05","04:00","","18.5","","18.3","","99","","0.0","","20","","9","","14.5","","97.77","","","","","","Thunderstorms"
"-80.38","43.46","KITCHENER/WATERLOO","6144239","2024-08-05 05:00","2024","08","05","05:00","","19.4","","19.4","","100","","0.8","","19","","8","","8.1","","97.72","","","","","","Fog"
"-80.38","43.46","KITCHENER/WATERLOO","6144239","2024-08-05 06:00","2024","08","05","06:00","","19.5","","19.5","","100","","0.0","","","M","4","","8.1","","97.73","","","","","","Fog"
"-80.38","43.46","KITCHENER/WATERLOO","6144239","2024-08-05 07:00","2024","08","05","07:00","","20.9","","20.3","","96","","0.0","","","M","4","","11.3","","97.78","","29","","","","NA"
"-80.38","43.46","KITCHENER/WATERLOO","6144239","2024-08-05 08:00","2024","08","05","08:00","","21.8","","21.0","","95","","0.0","","1","","9","","12.9","","97.83","","30","","","","NA"
"-80.38","43.46","KITCHENER/WATERLOO","6144239","2024-08-05 09:00","2024","08","05","09:00","","22.6","","20.5","","88","","0.0","","29","","8","","16.1","","97.81","","31","","","","NA"
"-80.38","43.46","KITCHENER/WATERLOO","6144239","2024-08-05 10:00","2024","08","05","10:00","","23.8","","21.0","","84","","0.0","","","","0","","14.5","","97.75","","32","","","","NA"
"-80.38","43.46","KITCHENER/WATERLOO","6144239","2024-08-05 11:00","2024","08","05","11:00","","26.9","","19.8","","65","","0.0","","25","","13","","16.1","","97.79","","34","","","","NA"
"-80.38","43.46","KITCHENER/WATERLOO","6144239","2024-08-05 12:00","2024","08","05","12:00","","27.1","","20.1","","65","","0.0","","26","","13","","16.1","","97.75","","35","","","","NA"
"-80.38","43.46","KITCHENER/WATERLOO","6144239","2024-08-05 13:00","2024","08","05","13:00","","27.6","","18.7","","58","","0.0","","29","","21","","16.1","","97.67","","34","","","","NA"
"-80.38","43.46","KITCHENER/WATERLOO","6144239","2024-08-05 14:00","2024","08","05","14:00","","28.3","","19.4","","58","","0.0","","28","","17","","16.1","","97.65","","35","","","","NA"
"-80.38","43.46","KITCHENER/WATERLOO","6144239","2024-08-05 15:00","2024","08","05","15:00","","27.9","","19.9","","61","","0.0","","30","","17","","16.1","","97.61","","35","","","","NA"
"-80.38","43.46","KITCHENER/WATERLOO","6144239","2024-08-05 16:00","2024","08","05","16:00","","25.6","","20.7","","74","","0.0","","19","","21","","16.1","","97.61","","34","","","","NA"
"-80.38","43.46","KITCHENER/WATERLOO","6144239","2024-08-05 17:00","2024","08","05","17:00","","25.7","","21.1","","75","","0.0","","23","","15","","16.1","","97.61","","34","","","","Rain"
"-80.38","43.46","KITCHENER/WATERLOO","6144239","2024-08-05 18:00","2024","08","05","18:00","","24.7","","21.1","","80","","0.2","","32","","13","","16.1","","97.65","","33","","","","Rain"
"-80.38","43.46","KITCHENER/WATERLOO","6144239","2024-08-05 19:00","2024","08","05","19:00","","23.0","","20.4","","85","","0.0","","31","","13","","16.1","","97.71","","31","","","","NA"
"-80.38","43.46","KITCHENER/WATERLOO","6144239","2024-08-05 20:00","2024","08","05","20:00","","21.9","","19.5","","86","","0.0","","31","","13","","16.1","","97.77","","29","","","","NA"
"-80.38","43.46","KITCHENER/WATERLOO","6144239","2024-08-05 21:00","2024","08","05","21:00","","21.3","","18.8","","85","","0.0","","33","","13","","16.1","","97.81","","28","","","","NA"
"-80.38","43.46","KITCHENER/WATERLOO","6144239","2024-08-05 22:00","2024","08","05","22:00","","20.4","","18.6","","89","","0.0","","32","","15","","16.1","","97.84","","27","","","","NA"
"-80.38","43.46","KITCHENER/WATERLOO","6144239","2024-08-05 23:00","2024","08","05","23:00","","19.4","","16.4","","83","","0.0","","32","","15","","16.1","","97.87","","","","","","NA"
"-80.38","43.46","KITCHENER/WATERLOO","6144239","2024-08-06 00:00","2024","08","06","00:00","","18.5","","16.3","","87","","0.0","","31","","9","","16.1","","97.86","","","","","","NA"
"-80.38","43.46","KITCHENER/WATERLOO","6144239","2024-08-06 01:00","2024","08","06","01:00","","17.7","","16.6","","93","","0.0","","32","","8","","16.1","","97.82","","","","","","NA"
"-80.38","43.46","KITCHENER/WATERLOO","6144239","2024-08-06 02:00","2024","08","06","02:00","","17.0","","16.5","","97","","0.0","","32","","4","","16.1","","97.79","","","","","","NA"
"-80.38","43.46","KITCHENER/WATERLOO","6144239","2024-08-06 03:00","2024","08","06","03:00","","17.1","","16.6","","97","","0.0","","31","","5","","16.1","","97.83","","","","","","Rain"
"-80.38","43.46","KITCHENER/WATERLOO","6144239","2024-08-06 04:00","2024","08","06","04:00","","17.4","","16.9","","97","","0.0","","34","","9","","16.1","","97.83","","","","","","NA"
"-80.38","43.46","KITCHENER/WATERLOO","6144239","2024-08-06 05:00","2024","08","06","05:00","","17.3","","17.1","","99","","0.0","","33","","5","","16.1","","97.86","","","","","","Rain"
"-80.38","43.46","KITCHENER/WATERLOO","6144239","2024-08-06 06:00","2024","08","06","06:00","","17.4","","17.2","","99","","0.0","","5","","5","","16.1","","97.87","","","","","","NA"
"-80.38","43.46","KITCHENER/WATERLOO","6144239","2024-08-06 07:00","2024","08","06","07:00","","17.9","","17.0","","94","","0.0","","4","","13","","16.1","","97.91","","","","","","NA"
"-80.38","43.46","KITCHENER/WATERLOO","6144239","2024-08-06 08:00","2024","08","06","08:00","","17.7","","17.1","","96","","0.2","","9","","8","","16.1","","97.96","","","","","","Rain"
"-80.38","43.46","KITCHENER/WATERLOO","6144239","2024-08-06 09:00","2024","08","06","09:00","","17.7","","17.3","","97","","0.0","","6","","15","","16.1","","97.90","","","","","","Rain"
"-80.38","43.46","KITCHENER/WATERLOO","6144239","2024-08-06 10:00","2024","08","06","10:00","","17.9","","16.0","","88","","0.0","","6","","13","","16.1","","98.02","","","","","","Rain"
"-80.38","43.46","KITCHENER/WATERLOO","6144239","2024-08-06 11:00","2024","08","06","11:00","","17.5","","15.9","","90","","0.2","","6","","17","","16.1","","97.92","","","","","","Rain"
"-80.38","43.46","KITCHENER/WATERLOO","6144239","2024-08-06 12:00","2024","08","06","12:00","","18.1","","15.4","","84","","0.2","","7","","22","","16.1","","97.93","","","","","","Rain"
"-80.38","43.46","KITCHENER/WATERLOO","6144239","2024-08-06 13:00","2024","08","06","13:00","","18.2","","16.5","","90","","0.2","","7","","17","","16.1","","97.85","","","","","","Rain"
"-80.38","43.46","KITCHENER/WATERLOO","6144239","2024-08-06 14:00","2024","08","06","14:00","","18.2","","17.1","","93","","0.0","","6","","17","","16.1","","97.86","","","","","","Rain"
"-80.38","43.46","KITCHENER/WATERLOO","6144239","2024-08-06 15:00","2024","08","06","15:00","","18.0","","16.1","","88","","0.2","","4","","15","","16.1","","97.82","","","","","","Rain"
"-80.38","43.46","KITCHENER/WATERLOO","6144239","2024-08-06 16:00","2024","08","06","16:00","","18.5","","16.5","","88","","0.0","","6","","17","","16.1","","97.77","","","","","","NA"
"-80.38","43.46","KITCHENER/WATERLOO","6144239","2024-08-06 17:00","2024","08","06","17:00","","18.9","","15.7","","81","","0.0","","6","","17","","16.1","","97.80","","","","","","NA"
"-80.38","43.46","KITCHENER/WATERLOO","6144239","2024-08-06 18:00","2024","08","06","18:00","","19.3","","13.9","","71","","0.0","","5","","21","","16.1","","97.81","","","","","","NA"
"-80.38","43.46","KITCHENER/WATERLOO","6144239","2024-08-06 19:00","2024","08","06","19:00","","18.3","","13.1","","72","","0.0","","4","","13","","16.1","","97.83","","","","","","NA"
"-80.38","43.46","KITCHENER/WATERLOO","6144239","2024-08-06 20:00","2024","08","06","20:00","","16.8","","13.3","","79","","0.0","","3","","9","","16.1","","97.83","","","","","","NA"
"-80.38","43.46","KITCHENER/WATERLOO","6144239","2024-08-06 21:00","2024","08","06","21:00","","15.9","","13.3","","85","","0.0","","3","","8","","16.1","","97.87","","","","","","NA"
"-80.38","43.46","KITCHENER/WATERLOO","6144239","2024-08-06 22:00","2024","08","06","22:00","","14.0","","13.3","","95","","0.0","","","M","4","","16.1","","97.90","","","","","","NA"
"-80.38","43.46","KITCHENER/WATERLOO","6144239","2024-08-06 23:00","2024","08","06","23:00","","13.4","","13.4","","100","","0.0","","2","","4","","16.1","","97.92","","","","","","NA"
"-80.38","43.46","KITCHENER/WATERLOO","6144239","2024-08-07 00:00","2024","08","07","00:00","","11.6","","11.6","","100","","0.0","","4","","8","","16.1","","97.91","","","","","","NA"
"-80.38","43.46","KITCHENER/WATERLOO","6144239","2024-08-07 01:00","2024","08","07","01:00","","14.1","","12.4","","90","","0.0","","5","","9","","16.1","","97.89","","","","","","NA"
"-80.38","43.46","KITCHENER/WATERLOO","6144239","2024-08-07 02:00","2024","08","07","02:00","","13.1","","11.7","","91","","0.0","","1","","9","","16.1","","97.89","","","","","","NA"
"-80.38","43.46","KITCHENER/WATERLOO","6144239","2024-08-07 03:00","2024","08","07","03:00","","12.0","","10.9","","93","","0.0","","1","","9","","16.1","","97.90","","","","","","NA"
"-80.38","43.46","KITCHENER/WATERLOO","6144239","2024-08-07 04:00","2024","08","07","04:00","","11.6","","10.5","","93","","0.0","","1","","9","","16.1","","97.89","","","","","","NA"
"-80.38","43.46","KITCHENER/WATERLOO","6144239","2024-08-07 05:00","2024","08","07","05:00","","12.1","","10.4","","89","","0.0","","2","","9","","16.1","","97.90","","","","","","NA"
"-80.38","43.46","KITCHENER/WATERLOO","6144239","2024-08-07 06:00","2024","08","07","06:00","","12.3","","10.5","","89","","0.0","","2","","8","","16.1","","97.94","","","","","","NA"
"-80.38","43.46","KITCHENER/WATERLOO","6144239","2024-08-07 07:00","2024","08","07","07:00","","15.3","","12.6","","84","","0.0","","5","","8","","16.1","","97.99","","","","","","NA"
"-80.38","43.46","KITCHENER/WATERLOO","6144239","2024-08-07 08:00","2024","08","07","08:00","","17.9","","12.6","","71","","0.0","","4","","13","","16.1","","98.03","","","","","","NA"
"-80.38","43.46","KITCHENER/WATERLOO","6144239","2024-08-07 09:00","2024","08","07","09:00","","20.4","","12.6","","60","","0.0","","6","","21","","16.1","","98.01","","","","","","NA"
"-80.38","43.46","KITCHENER/WATERLOO","6144239","2024-08-07 10:00","2024","08","07","10:00","","21.9","","11.5","","51","","0.0","","8","","28","","16.1","","98.00","","","","","","NA"
"-80.38","43.46","KITCHENER/WATERLOO","6144239","2024-08-07 11:00","2024","08","07","11:00","","22.8","","11.8","","49","","0.0","","7","","22","","16.1","","97.95","","25","","","","NA"
"-80.38","43.46","KITCHENER/WATERLOO","6144239","2024-08-07 12:00","2024","08","07","12:00","","23.3","","10.6","","44","","0.0","","6","","21","","16.1","","97.94","","25","","","","NA"
"-80.38","43.46","KITCHENER/WATERLOO","6144239","2024-08-07 13:00","2024","08","07","13:00","","23.4","","11.9","","48","","0.0","","7","","15","","16.1","","97.92","","26","","","","NA"
"-80.38","43.46","KITCHENER/WATERLOO","6144239","2024-08-07 14:00","2024","08","07","14:00","","23.9","","11.7","","46","","0.0","","11","","22","","16.1","","97.90","","26","","","","NA"
"-80.38","43.46","KITCHENER/WATERLOO","6144239","2024-08-07 15:00","2024","08","07","15:00","","23.9","","11.4","","45","","0.0","","9","","21","","16.1","","97.88","","26","","","","NA"
"-80.38","43.46","KITCHENER/WATERLOO","6144239","2024-08-07 16:00","2024","08","07","16:00","","23.7","","9.9","","41","","0.0","","7","","24","","16.1","","97.85","","25","","","","NA"
"-80.38","43.46","KITCHENER/WATERLOO","6144239","2024-08-07 17:00","2024","08","07","17:00","","22.9","","11.6","","49","","0.0","","9","","17","","16.1","","97.81","","25","","","","NA"
"-80.38","43.46","KITCHENER/WATERLOO","6144239","2024-08-07 18:00","2024","08","07","18:00","","21.1","","11.5","","54","","0.0","","10","","21","","16.1","","97.82","","","","","","NA"
"-80.38","43.46","KITCHENER/WATERLOO","6144239","2024-08-07 19:00","2024","08","07","19:00","","19.9","","12.3","","61","","0.0","","10","","13","","16.1","","97.84","","","","","","NA"
"-80.38","43.46","KITCHENER/WATERLOO","6144239","2024-08-07 20:00","2024","08","07","20:00","","17.1","","12.9","","76","","0.0","","11","","9","","16.1","","97.84","","","","","","NA"
"-80.38","43.46","KITCHENER/WATERLOO","6144239","2024-08-07 21:00","2024","08","07","21:00","","15.2","","13.2","","88","","0.0","","6","","5","","16.1","","97.84","","","","","","NA"
"-80.38","43.46","KITCHENER/WATERLOO","6144239","2024-08-07 22:00","2024","08","07","22:00","","14.4","","13.5","","94","","0.0","","4","","9","","16.1","","97.82","","","","","","NA"
"-80.38","43.46","KITCHENER/WATERLOO","6144239","2024-08-07 23:00","2024","08","07","23:00","","14.1","","13.5","","96","","0.0","","4","","8","","16.1","","97.83","","","","","","NA"
"-80.38","43.46","KITCHENER/WATERLOO","6144239","2024-08-08 00:00","2024","08","08","00:00","","13.5","","13.2","","98","","0.0","","6","","5","","16.1","","97.82","","","","","","NA"
"-80.38","43.46","KITCHENER/WATERLOO","6144239","2024-08-08 01:00","2024","08","08","01:00","","13.8","","13.2","","96","","0.0","","7","","9","","16.1","","97.75","","","","","","NA"
"-80.38","43.46","KITCHENER/WATERLOO","6144239","2024-08-08 02:00","2024","08","08","02:00","","14.5","","13.5","","93","","0.0","","2","","5","","16.1","","97.73","","","","","","NA"
"-80.38","43.46","KITCHENER/WATERLOO","6144239","2024-08-08 03:00","2024","08","08","03:00","","14.9","","14.1","","95","","0.0","","4","","8","","16.1","","97.70","","","","","","NA"
"-80.38","43.46","KITCHENER/WATERLOO","6144239","2024-08-08 04:00","2024","08","08","04:00","","14.9","","14.3","","96","","0.0","","7","","11","","16.1","","97.65","","","","","","NA"
"-80.38","43.46","KITCHENER/WATERLOO","6144239","2024-08-08 05:00","2024","08","08","05:00","","15.2","","14.7","","97","","0.0","","4","","9","","16.1","","97.63","","","","","","NA"
"-80.38","43.46","KITCHENER/WATERLOO","6144239","2024-08-08 06:00","2024","08","08","06:00","","15.1","","15.1","","100","","0.0","","2","","5","","16.1","","97.68","","","","","","NA"
"-80.38","43.46","KITCHENER/WATERLOO","6144239","2024-08-08 07:00","2024","08","08","07:00","","17.1","","16.4","","95","","0.0","","6","","8","","16.1","","97.70","","","","","","NA"
"-80.38","43.46","KITCHENER/WATERLOO","6144239","2024-08-08 08:00","2024","08","08","08:00","","18.7","","17.7","","94","","0.0","","8","","8","","16.1","","97.66","","","","","","NA"
"-80.38","43.46","KITCHENER/WATERLOO","6144239","2024-08-08 09:00","2024","08","08","09:00","","20.1","","18.4","","90","","0.0","","8","","11","","16.1","","97.64","","26","","","","NA"
"-80.38","43.46","KITCHENER/WATERLOO","6144239","2024-08-08 10:00","2024","08","08","10:00","","20.7","","18.7","","88","","0.0","","8","","11","","16.1","","97.64","","27","","","","NA"
"-80.38","43.46","KITCHENER/WATERLOO","6144239","2024-08-08 11:00","2024","08","08","11:00","","22.5","","19.7","","84","","0.0","","12","","11","","16.1","","97.58","","30","","","","NA"
"-80.38","43.46","KITCHENER/WATERLOO","6144239","2024-08-08 12:00","2024","08","08","12:00","","23.6","","20.3","","81","","0.0","","14","","8","","16.1","","97.55","","31","","","","NA"
"-80.38","43.46","KITCHENER/WATERLOO","6144239","2024-08-08 13:00","2024","08","08","13:00","","23.3","","19.9","","81","","0.0","","14","","15","","16.1","","97.54","","31","","","","NA"
"-80.38","43.46","KITCHENER/WATERLOO","6144239","2024-08-08 14:00","2024","08","08","14:00","","22.6","","20.3","","87","","0.0","","15","","15","","16.1","","97.55","","30","","","","NA"
"-80.38","43.46","KITCHENER/WATERLOO","6144239","2024-08-08 15:00","2024","08","08","15:00","","23.0","","20.8","","87","","0.0","","11","","9","","16.1","","97.51","","31","","","","Rain"
"-80.38","43.46","KITCHENER/WATERLOO","6144239","2024-08-08 16:00","2024","08","08","16:00","","23.2","","20.8","","86","","0.0","","7","","9","","16.1","","97.49","","31","","","","NA"
"-80.38","43.46","KITCHENER/WATERLOO","6144239","2024-08-08 17:00","2024","08","08","17:00","","22.8","","21.1","","90","","0.0","","6","","5","","16.1","","97.47","","31","","","","Rain"
"-80.38","43.46","KITCHENER/WATERLOO","6144239","2024-08-08 18:00","2024","08","08","18:00","","22.6","","21.6","","94","","0.0","","10","","8","","16.1","","97.47","","32","","","","NA"
"-80.38","43.46","KITCHENER/WATERLOO","6144239","2024-08-08 19:00","2024","08","08","19:00","","22.3","","21.5","","95","","0.0","","8","","5","","16.1","","97.49","","31","","","","NA"
"-80.38","43.46","KITCHENER/WATERLOO","6144239","2024-08-08 20:00","2024","08","08","20:00","","21.6","","21.3","","98","","0.0","","11","","8","","16.1","","97.47","","30","","","","NA"
"-80.38","43.46","KITCHENER/WATERLOO","6144239","2024-08-08 21:00","2024","08","08","21:00","","20.9","","20.7","","99","","0.0","","8","","8","","16.1","","97.48","","29","","","","NA"
"-80.38","43.46","KITCHENER/WATERLOO","6144239","2024-08-08 22:00","2024","08","08","22:00","","20.9","","20.7","","99","","0.0","","11","","9","","16.1","","97.47","","29","","","","NA"
"-80.38","43.46","KITCHENER/WATERLOO","6144239","2024-08-08 23:00","2024","08","08","23:00","","20.7","","20.7","","100","","0.0","","10","","8","","16.1","","97.42","","29","","","","NA"
"-80.38","43.46","KITCHENER/WATERLOO","6144239","2024-08-09 00:00","2024","08","09","00:00","","20.5","","20.5","","100","","0.0","","8","","5","","16.1","","97.38","","28","","","","NA"
"-80.38","43.46","KITCHENER/WATERLOO","6144239","2024-08-09 01:00","2024","08","09","01:00","","19.9","","19.9","","100","","0.0","","8","","5","","12.9","","97.33","","","","","","NA"
"-80.38","43.46","KITCHENER/WATERLOO","6144239","2024-08-09 02:00","2024","08","09","02:00","","20.3","","20.3","","100","","0.0","","8","","5","","11.3","","97.28","","28","","","","NA"
"-80.38","43.46","KITCHENER/WATERLOO","6144239","2024-08-09 03:00","2024","08","09","03:00","","20.9","","20.9","","100","","8.6","","17","","11","","3.6","","97.25","","29","","","","Thunderstorms,Moderate Rain,Fog"
"-80.38","43.46","KITCHENER/WATERLOO","6144239","2024-08-09 04:00","2024","08","09","04:00","","20.8","","20.8","","100","","2.8","","","","0","","11.3","","97.21","","29","","","","Rain"
"-80.38","43.46","KITCHENER/WATERLOO","6144239","2024-08-09 05:00","2024","08","09","05:00","","20.6","","20.6","","100","","0.2","","36","","5","","4.8","","97.17","","29","","","","Rain,Fog"
"-80.38","43.46","KITCHENER/WATERLOO","6144239","2024-08-09 06:00","2024","08","09","06:00","","20.6","","20.6","","100","","0.0","","2","","4","","4.8","","97.17","","29","","","","Fog"
"-80.38","43.46","KITCHENER/WATERLOO","6144239","2024-08-09 07:00","2024","08","09","07:00","","20.8","","20.8","","100","","0.0","","30","","5","","4.8","","97.14","","29","","","","Fog"
"-80.38","43.46","KITCHENER/WATERLOO","6144239","2024-08-09 08:00","2024","08","09","08:00","","21.2","","21.2","","100","","0.0","","35","","11","","8.1","","97.12","","30","","","","Fog"
"-80.38","43.46","KITCHENER/WATERLOO","6144239","2024-08-09 09:00","2024","08","09","09:00","","22.3","","20.8","","91","","0.0","","36","","11","","16.1","","97.07","","31","","","","NA"
"-80.38","43.46","KITCHENER/WATERLOO","6144239","2024-08-09 10:00","2024","08","09","10:00","","23.4","","19.2","","77","","0.0","","36","","15","","16.1","","97.03","","30","","","","Rain"
"-80.38","43.46","KITCHENER/WATERLOO","6144239","2024-08-09 11:00","2024","08","09","11:00","","23.9","","18.1","","70","","0.0","","34","","18","","16.1","","97.00","","30","","","","NA"
"-80.38","43.46","KITCHENER/WATERLOO","6144239","2024-08-09 12:00","2024","08","09","12:00","","25.6","","16.7","","57","","0.0","","33","","24","","16.1","","97.00","","31","","","","NA"
"-80.38","43.46","KITCHENER/WATERLOO","6144239","2024-08-09 13:00","2024","08","09","13:00","","25.7","","18.8","","65","","0.0","","32","","13","","16.1","","97.00","","32","","","","NA"
"-80.38","43.46","KITCHENER/WATERLOO","6144239","2024-08-09 14:00","2024","08","09","14:00","","25.7","","18.3","","63","","0.0","","29","","24","","16.1","","97.01","","32","","","","NA"
"-80.38","43.46","KITCHENER/WATERLOO","6144239","2024-08-09 15:00","2024","08","09","15:00","","25.5","","17.5","","61","","0.0","","30","","30","","16.1","","97.05","","31","","","","NA"
"-80.38","43.46","KITCHENER/WATERLOO","6144239","2024-08-09 16:00","2024","08","09","16:00","","24.5","","15.5","","57","","0.0","","28","","28","","16.1","","97.13","","29","","","","NA"
"-80.38","43.46","KITCHENER/WATERLOO","6144239","2024-08-09 17:00","2024","08","09","17:00","","23.5","","12.7","","50","","0.0","","30","","26","","16.1","","97.19","","26","","","","NA"
"-80.38","43.46","KITCHENER/WATERLOO","6144239","2024-08-09 18:00","2024","08","09","18:00","","21.9","","12.8","","56","","0.0","","30","","28","","16.1","","97.26","","25","","","","NA"
"-80.38","43.46","KITCHENER/WATERLOO","6144239","2024-08-09 19:00","2024","08","09","19:00","","19.9","","12.3","","61","","0.0","","31","","17","","16.1","","97.35","","","","","","NA"
"-80.38","43.46","KITCHENER/WATERLOO","6144239","2024-08-09 20:00","2024","08","09","20:00","","17.8","","12.5","","71","","0.0","","27","","9","","16.1","","97.42","","","","","","NA"
"-80.38","43.46","KITCHENER/WATERLOO","6144239","2024-08-09 21:00","2024","08","09","21:00","","15.4","","13.5","","88","","0.0","","25","","5","","16.1","","97.45","","","","","","NA"
"-80.38","43.46","KITCHENER/WATERLOO","6144239","2024-08-09 22:00","2024","08","09","22:00","","15.1","","13.0","","87","","0.0","","22","","4","","16.1","","97.45","","","","","","NA"
"-80.38","43.46","KITCHENER/WATERLOO","6144239","2024-08-09 23:00","2024","08","09","23:00","","15.5","","12.9","","84","","0.0","","25","","8","","16.1","","97.46","","","","","","NA"
"-80.38","43.46","KITCHENER/WATERLOO","6144239","2024-08-10 00:00","2024","08","10","00:00","","15.8","","13.7","","87","","0.0","","23","","13","","16.1","","97.47","","","","","","NA"
"-80.38","43.46","KITCHENER/WATERLOO","6144239","2024-08-10 01:00","2024","08","10","01:00","","16.7","","14.4","","86","","0.0","","26","","18","","16.1","","97.51","","","","","","NA"
"-80.38","43.46","KITCHENER/WATERLOO","6144239","2024-08-10 02:00","2024","08","10","02:00","","16.5","","13.6","","83","","0.0","","27","","17","","16.1","","97.52","","","","","","NA"
"-80.38","43.46","KITCHENER/WATERLOO","6144239","2024-08-10 03:00","2024","08","10","03:00","","15.6","","13.3","","86","","0.0","","26","","18","","16.1","","97.54","","","","","","NA"
"-80.38","43.46","KITCHENER/WATERLOO","6144239","2024-08-10 04:00","2024","08","10","04:00","","14.7","","13.0","","90","","0.0","","26","","11","","16.1","","97.52","","","","","","NA"
"-80.38","43.46","KITCHENER/WATERLOO","6144239","2024-08-10 05:00","2024","08","10","05:00","","13.8","","13.0","","95","","0.0","","24","","11","","16.1","","97.55","","","","","","NA"
"-80.38","43.46","KITCHENER/WATERLOO","6144239","2024-08-10 06:00","2024","08","10","06:00","","14.2","","13.3","","94","","0.0","","23","","13","","16.1","","97.59","","","","","","NA"
"-80.38","43.46","KITCHENER/WATERLOO","6144239","2024-08-10 07:00","2024","08","10","07:00","","15.8","","13.7","","87","","0.0","","24","","18","","16.1","","97.62","","","","","","NA"
"-80.38","43.46","KITCHENER/WATERLOO","6144239","2024-08-10 08:00","2024","08","10","08:00","","17.7","","14.3","","80","","0.0","","24","","22","","16.1","","97.67","","","","","","NA"
"-80.38","43.46","KITCHENER/WATERLOO","6144239","2024-08-10 09:00","2024","08","10","09:00","","18.6","","12.6","","68","","0.0","","25","","24","","16.1","","97.68","","","","","","NA"
"-80.38","43.46","KITCHENER/WATERLOO","6144239","2024-08-10 10:00","2024","08","10","10:00","","19.4","","12.5","","64","","0.0","","24","","22","","16.1","","97.71","","","","","","NA"
"-80.38","43.46","KITCHENER/WATERLOO","6144239","2024-08-10 11:00","2024","08","10","11:00","","20.4","","12.2","","59","","0.0","","24","","30","","16.1","","97.71","","","","","","NA"
"-80.38","43.46","KITCHENER/WATERLOO","6144239","2024-08-10 12:00","2024","08","10","12:00","","21.4","","10.5","","49","","0.0","","24","","28","","16.1","","97.68","","","","","","NA"
"-80.38","43.46","KITCHENER/WATERLOO","6144239","2024-08-10 13:00","2024","08","10","13:00","","20.7","","9.9","","50","","0.0","","28","","28","","16.1","","97.68","","","","","","NA"
"-80.38","43.46","KITCHENER/WATERLOO","6144239","2024-08-10 14:00","2024","08","10","14:00","","21.8","","10.6","","49","","0.0","","25","","34","","16.1","","97.67","","","","","","NA"
"-80.38","43.46","KITCHENER/WATERLOO","6144239","2024-08-10 15:00","2024","08","10","15:00","","20.5","","10.9","","54","","0.0","","27","","30","","16.1","","97.68","","","","","","NA"
"-80.38","43.46","KITCHENER/WATERLOO","6144239","2024-08-10 16:00","2024","08","10","16:00","","19.3","","10.8","","58","","0.0","","26","","22","","16.1","","97.70","","","","","","NA"
"-80.38","43.46","KITCHENER/WATERLOO","6144239","2024-08-10 17:00","2024","08","10","17:00","","19.2","","11.6","","61","","0.0","","25","","18","","16.1","","97.71","","","","","","NA"
"-80.38","43.46","KITCHENER/WATERLOO","6144239","2024-08-10 18:00","2024","08","10","18:00","","18.9","","12.0","","64","","0.0","","24","","22","","16.1","","97.70","","","","","","NA"
"-80.38","43.46","KITCHENER/WATERLOO","6144239","2024-08-10 19:00","2024","08","10","19:00","","18.5","","12.3","","67","","0.0","","24","","17","","16.1","","97.70","","","","","","NA"
"-80.38","43.46","KITCHENER/WATERLOO","6144239","2024-08-10 20:00","2024","08","10","20:00","","18.0","","12.3","","69","","0.0","","25","","15","","16.1","","97.71","","","","","","NA"
"-80.38","43.46","KITCHENER/WATERLOO","6144239","2024-08-10 21:00","2024","08","10","21:00","","17.8","","12.6","","71","","0.0","","28","","17","","16.1","","97.75","","","","","","NA"
"-80.38","43.46","KITCHENER/WATERLOO","6144239","2024-08-10 22:00","2024","08","10","22:00","","17.4","","12.8","","74","","0.0","","27","","15","","16.1","","97.75","","","","","","NA"
"-80.38","43.46","KITCHENER/WATERLOO","6144239","2024-08-10 23:00","2024","08","10","23:00","","15.9","","12.7","","81","","0.0","","24","","15","","16.1","","97.77","","","","","","NA"
"-80.38","43.46","KITCHENER/WATERLOO","6144239","2024-08-11 00:00","2024","08","11","00:00","","15.1","","11.9","","81","","0.0","","24","","13","","16.1","","97.78","","","","","","NA"
"-80.38","43.46","KITCHENER/WATERLOO","6144239","2024-08-11 01:00","2024","08","11","01:00","","14.1","","11.8","","86","","0.0","","23","","13","","16.1","","97.76","","","","","","NA"
"-80.38","43.46","KITCHENER/WATERLOO","6144239","2024-08-11 02:00","2024","08","11","02:00","","13.9","","11.6","","86","","0.0","","23","","18","","16.1","","97.73","","","","","","NA"
"-80.38","43.46","KITCHENER/WATERLOO","6144239","2024-08-11 03:00","2024","08","11","03:00","","14.4","","12.1","","86","","0.0","","25","","13","","16.1","","97.70","","","","","","NA"
"-80.38","43.46","KITCHENER/WATERLOO","6144239","2024-08-11 04:00","2024","08","11","04:00","","14.6","","12.3","","86","","0.0","","23","","13","","16.1","","97.68","","","","","","NA"
"-80.38","43.46","KITCHENER/WATERLOO","6144239","2024-08-11 05:00","2024","08","11","05:00","","14.9","","12.8","","87","","0.0","","25","","15","","16.1","","97.70","","","","","","NA"
"-80.38","43.46","KITCHENER/WATERLOO","6144239","2024-08-11 06:00","2024","08","11","06:00","","14.2","","12.9","","92","","0.0","","23","","13","","16.1","","97.68","","","","","","NA"
"-80.38","43.46","KITCHENER/WATERLOO","6144239","2024-08-11 07:00","2024","08","11","07:00","","16.4","","13.8","","84","","0.0","","25","","21","","16.1","","97.69","","","","","","NA"
"-80.38","43.46","KITCHENER/WATERLOO","6144239","2024-08-11 08:00","2024","08","11","08:00","","17.4","","13.6","","78","","0.0","","25","","18","","16.1","","97.73","","","","","","NA"
"-80.38","43.46","KITCHENER/WATERLOO","6144239","2024-08-11 09:00","2024","08","11","09:00","","17.6","","12.7","","73","","0.0","","26","","28","","16.1","","97.72","","","","","","NA"
"-80.38","43.46","KITCHENER/WATERLOO","6144239","2024-08-11 10:00","2024","08","11","10:00","","18.7","","11.5","","63","","0.0","","27","","32","","16.1","","97.72","","","","","","NA"
"-80.38","43.46","KITCHENER/WATERLOO","6144239","2024-08-11 11:00","2024","08","11","11:00","","18.7","","14.8","","78","","0.0","","27","","21","","16.1","","97.72","","","","","","Rain"
"-80.38","43.46","KITCHENER/WATERLOO","6144239","2024-08-11 12:00","2024","08","11","12:00","","20.3","","12.1","","59","","0.0","","26","","32","","16.1","","97.66","","","","","","NA"
"-80.38","43.46","KITCHENER/WATERLOO","6144239","2024-08-11 13:00","2024","08","11","13:00","","15.3","","13.0","","86","","0.5","","30","","30","","14.5","","97.73","","","","","","Rain"
"-80.38","43.46","KITCHENER/WATERLOO","6144239","2024-08-11 14:00","2024","08","11","14:00","","18.7","","13.0","","69","","1.0","","28","","26","","16.1","","97.69","","","","","","NA"
"-80.38","43.46","KITCHENER/WATERLOO","6144239","2024-08-11 15:00","2024","08","11","15:00","","19.6","","11.7","","60","","0.0","","27","","32","","16.1","","97.70","","","","","","NA"
"-80.38","43.46","KITCHENER/WATERLOO","6144239","2024-08-11 16:00","2024","08","11","16:00","","19.1","","11.2","","60","","0.0","","27","","26","","16.1","","97.71","","","","","","NA"
"-80.38","43.46","KITCHENER/WATERLOO","6144239","2024-08-11 17:00","2024","08","11","17:00","","20.4","","11.8","","58","","0.0","","26","","26","","16.1","","97.71","","","","","","NA"
"-80.38","43.46","KITCHENER/WATERLOO","6144239","2024-08-11 18:00","2024","08","11","18:00","","19.5","","10.8","","57","","0.0","","28","","28","","16.1","","97.68","","","","","","NA"
"-80.38","43.46","KITCHENER/WATERLOO","6144239","2024-08-11 19:00","2024","08","11","19:00","","18.1","","11.3","","64","","0.0","","28","","13","","16.1","","97.71","","","","","","NA"
"-80.38","43.46","KITCHENER/WATERLOO","6144239","2024-08-11 20:00","2024","08","11","20:00","","17.6","","12.0","","69","","0.0","","26","","8","","16.1","","97.73","","","","","","NA"
"-80.38","43.46","KITCHENER/WATERLOO","6144239","2024-08-11 21:00","2024","08","11","21:00","","17.4","","12.4","","72","","0.0","","27","","13","","16.1","","97.74","","","","","","NA"
"-80.38","43.46","KITCHENER/WATERLOO","6144239","2024-08-11 22:00","2024","08","11","22:00","","17.0","","13.6","","80","","0.0","","26","","11","","16.1","","97.76","","","","","","NA"
"-80.38","43.46","KITCHENER/WATERLOO","6144239","2024-08-11 23:00","2024","08","11","23:00","","15.0","","13.5","","91","","0.0","","29","","13","","16.1","","97.78","","","","","","NA"
"-80.38","43.46","KITCHENER/WATERLOO","6144239","2024-08-12 00:00","2024","08","12","00:00","","14.0","","13.7","","98","","0.0","","30","","8","","16.1","","97.79","","","","","","NA"
"-80.38","43.46","KITCHENER/WATERLOO","6144239","2024-08-12 01:00","2024","08","12","01:00","","13.0","","13.0","","100","","0.0","","25","","9","","16.1","","97.77","","","","","","NA"
"-80.38","43.46","KITCHENER/WATERLOO","6144239","2024-08-12 02:00","2024","08","12","02:00","","13.9","","13.0","","94","","0.0","","27","","13","","16.1","","97.78","","","","","","NA"
"-80.38","43.46","KITCHENER/WATERLOO","6144239","2024-08-12 03:00","2024","08","12","03:00","","13.5","","13.0","","97","","0.0","","30","","9","","16.1","","97.82","","","","","","NA"
"-80.38","43.46","KITCHENER/WATERLOO","6144239","2024-08-12 04:00","2024","08","12","04:00","","13.1","","12.8","","98","","0.0","","30","","8","","16.1","","97.83","","","","","","NA"
"-80.38","43.46","KITCHENER/WATERLOO","6144239","2024-08-12 05:00","2024","08","12","05:00","","12.3","","12.3","","100","","0.0","","28","","5","","16.1","","97.85","","","","","","NA"
"-80.38","43.46","KITCHENER/WATERLOO","6144239","2024-08-12 06:00","2024","08","12","06:00","","12.5","","12.5","","100","","0.0","","30","","11","","16.1","","97.89","","","","","","NA"
"-80.38","43.46","KITCHENER/WATERLOO","6144239","2024-08-12 07:00","2024","08","12","07:00","","14.1","","13.2","","94","","0.0","","29","","13","","16.1","","97.89","","","","","","NA"
"-80.38","43.46","KITCHENER/WATERLOO","6144239","2024-08-12 08:00","2024","08","12","08:00","","15.9","","14.4","","90","","0.0","","30","","15","","16.1","","97.92","","","","","","NA"
"-80.38","43.46","KITCHENER/WATERLOO","6144239","2024-08-12 09:00","2024","08","12","09:00","","16.9","","14.5","","85","","0.0","","30","","15","","16.1","","97.95","","","","","","NA"
"-80.38","43.46","KITCHENER/WATERLOO","6144239","2024-08-12 10:00","2024","08","12","10:00","","19.5","","14.1","","70","","0.0","","29","","26","","16.1","","97.98","","","","","","NA"
"-80.38","43.46","KITCHENER/WATERLOO","6144239","2024-08-12 11:00","2024","08","12","11:00","","21.0","","14.7","","67","","0.0","","31","","18","","16.1","","98.00","","25","","","","NA"
"-80.38","43.46","KITCHENER/WATERLOO","6144239","2024-08-12 12:00","2024","08","12","12:00","","22.2","","14.3","","60","","0.0","","31","","24","","16.1","","97.99","","26","","","","NA"
"-80.38","43.46","KITCHENER/WATERLOO","6144239","2024-08-12 13:00","2024","08","12","13:00","","20.3","","14.4","","68","","0.0","","30","","18","","16.1","","98.01","","","","","","NA"
"-80.38","43.46","KITCHENER/WATERLOO","6144239","2024-08-12 14:00","2024","08","12","14:00","","23.1","","15.1","","60","","0.0","","29","","28","","16.1","","97.96","","27","","","","NA"
"-80.38","43.46","KITCHENER/WATERLOO","6144239","2024-08-12 15:00","2024","08","12","15:00","","22.3","","14.3","","60","","0.0","","30","","24","","16.1","","97.96","","26","","","","NA"
"-80.38","43.46","KITCHENER/WATERLOO","6144239","2024-08-12 16:00","2024","08","12","16:00","","22.6","","13.7","","57","","0.0","","31","","22","","16.1","","97.94","","26","","","","NA"
"-80.38","43.46","KITCHENER/WATERLOO","6144239","2024-08-12 17:00","2024","08","12","17:00","","22.8","","13.9","","57","","0.0","","30","","24","","16.1","","97.93","","26","","","","NA"
"-80.38","43.46","KITCHENER/WATERLOO","6144239","2024-08-12 18:00","2024","08","12","18:00","","21.8","","14.5","","63","","0.0","","33","","17","","16.1","","97.92","","25","","","","NA"
"-80.38","43.46","KITCHENER/WATERLOO","6144239","2024-08-12 19:00","2024","08","12","19:00","","19.8","","14.0","","69","","0.0","","32","","13","","16.1","","97.96","","","","","","NA"
"-80.38","43.46","KITCHENER/WATERLOO","6144239","2024-08-12 20:00","2024","08","12","20:00","","17.6","","14.7","","83","","0.0","","32","","8","","16.1","","98.00","","","","","","NA"
"-80.38","43.46","KITCHENER/WATERLOO","6144239","2024-08-12 21:00","2024","08","12","21:00","","16.4","","14.5","","88","","0.0","","29","","9","","16.1","","98.08","","","","","","NA"
"-80.38","43.46","KITCHENER/WATERLOO","6144239","2024-08-12 22:00","2024","08","12","22:00","","15.8","","14.5","","92","","0.0","","30","","11","","16.1","","98.10","","","","","","NA"
"-80.38","43.46","KITCHENER/WATERLOO","6144239","2024-08-12 23:00","2024","08","12","23:00","","15.8","","14.5","","92","","0.0","","30","","11","","16.1","","98.11","","","","","","NA"
"-80.38","43.46","KITCHENER/WATERLOO","6144239","2024-08-13 00:00","2024","08","13","00:00","","14.4","","14.1","","98","","0.0","","33","","8","","16.1","","98.10","","","","","","NA"
"-80.38","43.46","KITCHENER/WATERLOO","6144239","2024-08-13 01:00","2024","08","13","01:00","","13.8","","13.8","","100","","0.0","","28","","5","","16.1","","98.11","","","","","","NA"
"-80.38","43.46","KITCHENER/WATERLOO","6144239","2024-08-13 02:00","2024","08","13","02:00","","12.3","","12.3","","100","","0.0","","35","","4","","2.8","","98.11","","","","","","Fog"
"-80.38","43.46","KITCHENER/WATERLOO","6144239","2024-08-13 03:00","2024","08","13","03:00","","12.3","","12.3","","100","","0.0","","34","","5","","0.4","","98.13","","","","","","Fog"
"-80.38","43.46","KITCHENER/WATERLOO","6144239","2024-08-13 04:00","2024","08","13","04:00","","12.2","","12.2","","100","","0.0","","","M","4","","3.2","","98.16","","","","","","Fog"
"-80.38","43.46","KITCHENER/WATERLOO","6144239","2024-08-13 05:00","2024","08","13","05:00","","11.5","","11.5","","100","","0.0","","28","","5","","1.6","","98.21","","","","","","Fog"
"-80.38","43.46","KITCHENER/WATERLOO","6144239","2024-08-13 06:00","2024","08","13","06:00","","12.7","","12.7","","100","","0.0","","33","","4","","14.5","","98.24","","","","","","NA"
"-80.38","43.46","KITCHENER/WATERLOO","6144239","2024-08-13 07:00","2024","08","13","07:00","","14.1","","14.1","","100","","0.0","","31","","8","","16.1","","98.26","","","","","","NA"
"-80.38","43.46","KITCHENER/WATERLOO","6144239","2024-08-13 08:00","2024","08","13","08:00","","16.6","","15.2","","91","","0.0","","29","","5","","16.1","","98.27","","","","","","NA"
"-80.38","43.46","KITCHENER/WATERLOO","6144239","2024-08-13 09:00","2024","08","13","09:00","","19.3","","16.0","","81","","0.0","","","","0","","16.1","","98.26","","","","","","NA"
"-80.38","43.46","KITCHENER/WATERLOO","6144239","2024-08-13 10:00","2024","08","13","10:00","","21.4","","14.5","","64","","0.0","","","M","5","","16.1","","98.26","","25","","","","NA"
"-80.38","43.46","KITCHENER/WATERLOO","6144239","2024-08-13 11:00","2024","08","13","11:00","","22.4","","13.6","","57","","0.0","","12","","5","","16.1","","98.27","","26","","","","NA"
"-80.38","43.46","KITCHENER/WATERLOO","6144239","2024-08-13 12:00","2024","08","13","12:00","","23.6","","14.2","","55","","0.0","","11","","8","","16.1","","98.25","","27","","","","NA"
"-80.38","43.46","KITCHENER/WATERLOO","6144239","2024-08-13 13:00","2024","08","13","13:00","","24.2","","13.8","","52","","0.0","","","M","5","","16.1","","98.22","","27","","","","NA"
"-80.38","43.46","KITCHENER/WATERLOO","6144239","2024-08-13 14:00","2024","08","13","14:00","","25.0","","13.3","","48","","0.0","","","M","5","","16.1","","98.19","","28","","","","NA"
"-80.38","43.46","KITCHENER/WATERLOO","6144239","2024-08-13 15:00","2024","08","13","15:00","","24.8","","13.4","","49","","0.0","","34","","8","","16.1","","98.16","","28","","","","NA"
"-80.38","43.46","KITCHENER/WATERLOO","6144239","2024-08-13 16:00","2024","08","13","16:00","","24.5","","14.1","","52","","0.0","","31","","8","","16.1","","98.13","","28","","","","NA"
"-80.38","43.46","KITCHENER/WATERLOO","6144239","2024-08-13 17:00","2024","08","13","17:00","","24.5","","14.5","","53","","0.0","","34","","5","","16.1","","98.13","","28","","","","NA"
"-80.38","43.46","KITCHENER/WATERLOO","6144239","2024-08-13 18:00","2024","08","13","18:00","","23.4","","15.7","","61","","0.0","","31","","5","","16.1","","98.14","","28","","","","NA"
"-80.38","43.46","KITCHENER/WATERLOO","6144239","2024-08-13 19:00","2024","08","13","19:00","","20.9","","15.2","","69","","0.0","","31","","9","","16.1","","98.16","","25","","","","NA"
"-80.38","43.46","KITCHENER/WATERLOO","6144239","2024-08-13 20:00","2024","08","13","20:00","","16.4","","15.4","","94","","0.0","","34","","5","","16.1","","98.20","","","","","","NA"
"-80.38","43.46","KITCHENER/WATERLOO","6144239","2024-08-13 21:00","2024","08","13","21:00","","15.9","","15.4","","97","","0.0","","1","","5","","16.1","","98.23","","","","","","NA"
"-80.38","43.46","KITCHENER/WATERLOO","6144239","2024-08-13 22:00","2024","08","13","22:00","","15.9","","14.7","","93","","0.0","","","","0","","16.1","","98.24","","","","","","NA"
"-80.38","43.46","KITCHENER/WATERLOO","6144239","2024-08-13 23:00","2024","08","13","23:00","","14.1","","14.1","","100","","0.0","","32","","4","","16.1","","98.27","","","","","","NA"
"-80.38","43.46","KITCHENER/WATERLOO","6144239","2024-08-14 00:00","2024","08","14","00:00","","14.3","","14.3","","100","","0.0","","33","","5","","16.1","","98.28","","","","","","NA"
"-80.38","43.46","KITCHENER/WATERLOO","6144239","2024-08-14 01:00","2024","08","14","01:00","","12.9","","12.9","","100","","0.0","","30","","5","","9.7","","98.28","","","","","","Fog"
"-80.38","43.46","KITCHENER/WATERLOO","6144239","2024-08-14 02:00","2024","08","14","02:00","","12.9","","12.9","","100","","0.0","","","","0","","16.1","","98.30","","","","","","NA"
"-80.38","43.46","KITCHENER/WATERLOO","6144239","2024-08-14 03:00","2024","08","14","03:00","","13.3","","13.3","","100","","0.0","","","","0","","9.7","","98.32","","","","","","Fog"
"-80.38","43.46","KITCHENER/WATERLOO","6144239","2024-08-14 04:00","2024","08","14","04:00","","12.1","","12.1","","100","","0.0","","32","","5","","4.8","","98.32","","","","","","Fog"
"-80.38","43.46","KITCHENER/WATERLOO","6144239","2024-08-14 05:00","2024","08","14","05:00","","11.4","","11.4","","100","","0.0","","30","","4","","3.2","","98.35","","","","","","Fog"
"-80.38","43.46","KITCHENER/WATERLOO","6144239","2024-08-14 06:00","2024","08","14","06:00","","11.1","","11.1","","100","","0.0","","31","","4","","4.8","","98.38","","","","","","Fog"
"-80.38","43.46","KITCHENER/WATERLOO","6144239","2024-08-14 07:00","2024","08","14","07:00","","13.9","","13.9","","100","","0.0","","30","","8","","16.1","","98.42","","","","","","NA"
"-80.38","43.46","KITCHENER/WATERLOO","6144239","2024-08-14 08:00","2024","08","14","08:00","","17.6","","14.6","","82","","0.0","","35","","5","","16.1","","98.44","","","","","","NA"
"-80.38","43.46","KITCHENER/WATERLOO","6144239","2024-08-14 09:00","2024","08","14","09:00","","21.2","","14.0","","63","","0.0","","32","","5","","16.1","","98.45","","25","","","","NA"
"-80.38","43.46","KITCHENER/WATERLOO","6144239","2024-08-14 10:00","2024","08","14","10:00","","23.0","","13.4","","54","","0.0","","","M","4","","16.1","","98.48","","26","","","","NA"
"-80.38","43.46","KITCHENER/WATERLOO","6144239","2024-08-14 11:00","2024","08","14","11:00","","24.6","","13.8","","51","","0.0","","34","","13","","16.1","","98.48","","28","","","","NA"
"-80.38","43.46","KITCHENER/WATERLOO","6144239","2024-08-14 12:00","2024","08","14","12:00","","25.0","","13.0","","47","","0.0","","33","","11","","16.1","","98.42","","28","","","","NA"
"-80.38","43.46","KITCHENER/WATERLOO","6144239","2024-08-14 13:00","2024","08","14","13:00","","25.2","","12.3","","44","","0.0","","34","","8","","16.1","","98.39","","28","","","","NA"
"-80.38","43.46","KITCHENER/WATERLOO","6144239","2024-08-14 14:00","2024","08","14","14:00","","25.6","","13.4","","46","","0.0","","32","","9","","16.1","","98.35","","29","","","","NA"
"-80.38","43.46","KITCHENER/WATERLOO","6144239","2024-08-14 15:00","2024","08","14","15:00","","26.0","","12.2","","42","","0.0","","35","","5","","16.1","","98.32","","28","","","","NA"
"-80.38","43.46","KITCHENER/WATERLOO","6144239","2024-08-14 16:00","2024","08","14","16:00","","26.3","","12.2","","41","","0.0","","34","","8","","16.1","","98.29","","29","","","","NA"
"-80.38","43.46","KITCHENER/WATERLOO","6144239","2024-08-14 17:00","2024","08","14","17:00","","26.1","","11.0","","38","","0.0","","33","","8","","16.1","","98.25","","28","","","","NA"
"-80.38","43.46","KITCHENER/WATERLOO","6144239","2024-08-14 18:00","2024","08","14","18:00","","25.0","","12.7","","46","","0.0","","32","","5","","16.1","","98.25","","28","","","","NA"
"-80.38","43.46","KITCHENER/WATERLOO","6144239","2024-08-14 19:00","2024","08","14","19:00","","20.5","","14.9","","70","","0.0","","31","","9","","16.1","","98.27","","","","","","NA"
"-80.38","43.46","KITCHENER/WATERLOO","6144239","2024-08-14 20:00","2024","08","14","20:00","","18.0","","13.6","","75","","0.0","","","","0","","4.8","","98.28","","","","","","Haze"
"-80.38","43.46","KITCHENER/WATERLOO","6144239","2024-08-14 21:00","2024","08","14","21:00","","16.1","","14.5","","90","","0.0","","","","0","","16.1","","98.30","","","","","","NA"
"-80.38","43.46","KITCHENER/WATERLOO","6144239","2024-08-14 22:00","2024","08","14","22:00","","17.2","","14.1","","82","","0.0","","31","","8","","16.1","","98.33","","","","","","NA"
"-80.38","43.46","KITCHENER/WATERLOO","6144239","2024-08-14 23:00","2024","08","14","23:00","","16.0","","14.4","","90","","0.0","","31","","8","","16.1","","98.30","","","","","","NA"
"-80.38","43.46","KITCHENER/WATERLOO","6144239","2024-08-15 00:00","2024","08","15","00:00","","15.6","","15.0","","96","","0.0","","33","","5","","16.1","","98.28","","","","","","NA"
"-80.38","43.46","KITCHENER/WATERLOO","6144239","2024-08-15 01:00","2024","08","15","01:00","","13.1","","13.1","","100","","0.0","","31","","5","","9.7","","98.26","","","","","","Fog"
"-80.38","43.46","KITCHENER/WATERLOO","6144239","2024-08-15 02:00","2024","08","15","02:00","","13.3","","13.3","","100","","0.0","","","","0","","2.0","","98.23","","","","","","Fog"
"-80.38","43.46","KITCHENER/WATERLOO","6144239","2024-08-15 03:00","2024","08","15","03:00","","12.4","","12.4","","100","","0.0","","30","","5","","2.4","","98.24","","","","","","Fog"
"-80.38","43.46","KITCHENER/WATERLOO","6144239","2024-08-15 04:00","2024","08","15","04:00","","11.9","","11.9","","100","","0.0","","30","","8","","1.6","","98.24","","","","","","Fog"
"-80.38","43.46","KITCHENER/WATERLOO","6144239","2024-08-15 05:00","2024","08","15","05:00","","11.8","","11.8","","100","","0.0","","32","","4","","0.4","","98.25","","","","","","Fog"
"-80.38","43.46","KITCHENER/WATERLOO","6144239","2024-08-15 06:00","2024","08","15","06:00","","10.8","","10.8","","100","","0.0","","31","","5","","1.2","","98.31","","","","","","Fog"
"-80.38","43.46","KITCHENER/WATERLOO","6144239","2024-08-15 07:00","2024","08","15","07:00","","15.0","","15.0","","100","","0.0","","33","","4","","14.5","","98.36","","","","","","NA"
"-80.38","43.46","KITCHENER/WATERLOO","6144239","2024-08-15 08:00","2024","08","15","08:00","","18.1","","16.2","","89","","0.0","","2","","4","","16.1","","98.34","","","","","","NA"
"-80.38","43.46","KITCHENER/WATERLOO","6144239","2024-08-15 09:00","2024","08","15","09:00","","21.8","","16.2","","70","","0.0","","","","0","","16.1","","98.32","","27","","","","NA"
"-80.38","43.46","KITCHENER/WATERLOO","6144239","2024-08-15 10:00","2024","08","15","10:00","","24.5","","15.6","","57","","0.0","","","M","5","","16.1","","98.31","","29","","","","NA"
"-80.38","43.46","KITCHENER/WATERLOO","6144239","2024-08-15 11:00","2024","08","15","11:00","","24.9","","13.7","","49","","0.0","","","M","4","","16.1","","98.26","","28","","","","NA"
"-80.38","43.46","KITCHENER/WATERLOO","6144239","2024-08-15 12:00","2024","08","15","12:00","","25.6","","13.8","","48","","0.0","","24","","5","","11.3","","98.21","","29","","","","NA"
"-80.38","43.46","KITCHENER/WATERLOO","6144239","2024-08-15 13:00","2024","08","15","13:00","","26.8","","14.4","","46","","0.0","","","M","9","","12.9","","98.17","","30","","","","NA"
"-80.38","43.46","KITCHENER/WATERLOO","6144239","2024-08-15 14:00","2024","08","15","14:00","","27.2","","14.1","","44","","0.0","","19","","13","","16.1","","98.12","","31","","","","NA"
"-80.38","43.46","KITCHENER/WATERLOO","6144239","2024-08-15 15:00","2024","08","15","15:00","","27.0","","13.9","","44","","0.0","","17","","15","","16.1","","98.06","","30","","","","NA"
"-80.38","43.46","KITCHENER/WATERLOO","6144239","2024-08-15 16:00","2024","08","15","16:00","","27.1","","14.6","","46","","0.0","","18","","17","","16.1","","98.02","","31","","","","NA"
"-80.38","43.46","KITCHENER/WATERLOO","6144239","2024-08-15 17:00","2024","08","15","17:00","","26.3","","14.6","","48","","0.0","","19","","8","","14.5","","98.01","","30","","","","NA"
"-80.38","43.46","KITCHENER/WATERLOO","6144239","2024-08-15 18:00","2024","08","15","18:00","","25.4","","14.8","","51","","0.0","","17","","9","","16.1","","97.98","","29","","","","NA"
"-80.38","43.46","KITCHENER/WATERLOO","6144239","2024-08-15 19:00","2024","08","15","19:00","","22.8","","16.3","","66","","0.0","","15","","9","","16.1","","97.98","","28","","","","NA"
"-80.38","43.46","KITCHENER/WATERLOO","6144239","2024-08-15 20:00","2024","08","15","20:00","","18.9","","16.4","","85","","0.0","","","M","4","","9.7","","98.01","","","","","","Haze"
"-80.38","43.46","KITCHENER/WATERLOO","6144239","2024-08-15 21:00","2024","08","15","21:00","","16.2","","16.2","","100","","0.0","","9","","4","","14.5","","98.04","","","","","","NA"
"-80.38","43.46","KITCHENER/WATERLOO","6144239","2024-08-15 22:00","2024","08","15","22:00","","14.8","","14.8","","100","","0.0","","","","0","","9.7","","98.02","","","","","","Fog"
"-80.38","43.46","KITCHENER/WATERLOO","6144239","2024-08-15 23:00","2024","08","15","23:00","","14.1","","14.1","","100","","0.0","","","M","4","","9.7","","97.99","","","","","","Fog"
"-80.38","43.46","KITCHENER/WATERLOO","6144239","2024-08-16 00:00","2024","08","16","00:00","","13.9","","13.9","","100","","0.0","","6","","5","","4.8","","97.97","","","","","","Fog"
"-80.38","43.46","KITCHENER/WATERLOO","6144239","2024-08-16 01:00","2024","08","16","01:00","","13.4","","13.4","","100","","0.0","","6","","4","","3.6","","97.92","","","","","","Fog"
"-80.38","43.46","KITCHENER/WATERLOO","6144239","2024-08-16 02:00","2024","08","16","02:00","","12.7","","12.7","","100","","0.0","","","M","4","","0.4","","97.89","","","","","","Fog"
"-80.38","43.46","KITCHENER/WATERLOO","6144239","2024-08-16 03:00","2024","08","16","03:00","","13.1","","13.1","","100","","0.0","","","","0","","2.8","","97.86","","","","","","Fog"
"-80.38","43.46","KITCHENER/WATERLOO","6144239","2024-08-16 04:00","2024","08","16","04:00","","13.3","","13.3","","100","","0.0","","","","0","","2.8","","97.80","","","","","","Fog"
"-80.38","43.46","KITCHENER/WATERLOO","6144239","2024-08-16 05:00","2024","08","16","05:00","","13.7","","13.7","","100","","0.0","","6","","5","","6.4","","97.80","","","","","","Fog"
"-80.38","43.46","KITCHENER/WATERLOO","6144239","2024-08-16 06:00","2024","08","16","06:00","","16.1","","16.1","","100","","0.0","","9","","8","","11.3","","97.74","","","","","","NA"
"-80.38","43.46","KITCHENER/WATERLOO","6144239","2024-08-16 07:00","2024","08","16","07:00","","18.4","","16.8","","90","","0.0","","","M","4","","16.1","","97.77","","","","","","NA"
"-80.38","43.46","KITCHENER/WATERLOO","6144239","2024-08-16 08:00","2024","08","16","08:00","","20.6","","18.0","","85","","0.0","","14","","15","","16.1","","97.76","","27","","","","NA"
"-80.38","43.46","KITCHENER/WATERLOO","6144239","2024-08-16 09:00","2024","08","16","09:00","","21.8","","18.1","","79","","0.0","","15","","15","","16.1","","97.75","","28","","","","NA"
"-80.38","43.46","KITCHENER/WATERLOO","6144239","2024-08-16 10:00","2024","08","16","10:00","","23.3","","18.5","","74","","0.0","","16","","8","","16.1","","97.72","","30","","","","NA"
"-80.38","43.46","KITCHENER/WATERLOO","6144239","2024-08-16 11:00","2024","08","16","11:00","","24.0","","17.9","","68","","0.0","","12","","9","","16.1","","97.68","","30","","","","NA"
"-80.38","43.46","KITCHENER/WATERLOO","6144239","2024-08-16 12:00","2024","08","16","12:00","","24.3","","17.8","","66","","0.0","","15","","9","","16.1","","97.64","","30","","","","NA"
"-80.38","43.46","KITCHENER/WATERLOO","6144239","2024-08-16 13:00","2024","08","16","13:00","","23.3","","18.7","","75","","0.0","","13","","15","","16.1","","97.61","","30","","","","NA"
"-80.38","43.46","KITCHENER/WATERLOO","6144239","2024-08-16 14:00","2024","08","16","14:00","","23.6","","17.9","","70","","0.0","","13","","21","","16.1","","97.54","","30","","","","NA"
"-80.38","43.46","KITCHENER/WATERLOO","6144239","2024-08-16 15:00","2024","08","16","15:00","","23.3","","17.5","","69","","0.0","","12","","18","","16.1","","97.48","","29","","","","NA"
"-80.38","43.46","KITCHENER/WATERLOO","6144239","2024-08-16 16:00","2024","08","16","16:00","","23.9","","17.5","","67","","0.0","","14","","26","","16.1","","97.42","","30","","","","NA"
"-80.38","43.46","KITCHENER/WATERLOO","6144239","2024-08-16 17:00","2024","08","16","17:00","","21.1","","19.1","","88","","1.8","","19","","11","","6.4","","97.47","","28","","","","Moderate Rain,Fog"
"-80.38","43.46","KITCHENER/WATERLOO","6144239","2024-08-16 18:00","2024","08","16","18:00","","20.0","","20.0","","100","","3.2","","10","","13","","4.8","","97.39","","28","","","","Moderate Rain,Fog"
"-80.38","43.46","KITCHENER/WATERLOO","6144239","2024-08-16 19:00","2024","08","16","19:00","","19.8","","19.8","","100","","1.5","","13","","13","","9.7","","97.39","","","","","","Rain,Fog"
"-80.38","43.46","KITCHENER/WATERLOO","6144239","2024-08-16 20:00","2024","08","16","20:00","","19.7","","19.7","","100","","0.0","","13","","9","","9.7","","97.37","","","","","","Rain,Fog"
"-80.38","43.46","KITCHENER/WATERLOO","6144239","2024-08-16 21:00","2024","08","16","21:00","","19.8","","19.8","","100","","0.0","","15","","13","","8.1","","97.35","","","","","","Fog"
"-80.38","43.46","KITCHENER/WATERLOO","6144239","2024-08-16 22:00","2024","08","16","22:00","","19.8","","19.8","","100","","0.0","","16","","9","","6.4","","97.33","","","","","","Fog"
"-80.38","43.46","KITCHENER/WATERLOO","6144239","2024-08-16 23:00","2024","08","16","23:00","","19.9","","19.9","","100","","0.0","","19","","9","","6.4","","97.30","","","","","","Fog"
"-80.38","43.46","KITCHENER/WATERLOO","6144239","2024-08-17 00:00","2024","08","17","00:00","","19.8","","19.8","","100","","0.0","","18","","8","","0.8","","97.24","","","","","","Fog"
"-80.38","43.46","KITCHENER/WATERLOO","6144239","2024-08-17 01:00","2024","08","17","01:00","","20.0","","20.0","","100","","0.0","","21","","11","","1.6","","97.21","","28","","","","Fog"
"-80.38","43.46","KITCHENER/WATERLOO","6144239","2024-08-17 02:00","2024","08","17","02:00","","20.1","","20.1","","100","","0.0","","19","","5","","3.2","","97.21","","28","","","","Fog"
"-80.38","43.46","KITCHENER/WATERLOO","6144239","2024-08-17 03:00","2024","08","17","03:00","","20.1","","20.1","","100","","0.0","","17","","5","","4.0","","97.16","","28","","","","Fog"
"-80.38","43.46","KITCHENER/WATERLOO","6144239","2024-08-17 04:00","2024","08","17","04:00","","20.0","","20.0","","100","","0.0","","11","","5","","3.2","","97.11","","28","","","","Fog"
"-80.38","43.46","KITCHENER/WATERLOO","6144239","2024-08-17 05:00","2024","08","17","05:00","","20.1","","20.1","","100","","0.0","","8","","4","","3.6","","97.09","","28","","","","Fog"
"-80.38","43.46","KITCHENER/WATERLOO","6144239","2024-08-17 06:00","2024","08","17","06:00","","20.2","","20.2","","100","","0.0","","11","","9","","2.0","","97.11","","28","","","","Fog"
"-80.38","43.46","KITCHENER/WATERLOO","6144239","2024-08-17 07:00","2024","08","17","07:00","","20.9","","20.9","","100","","0.0","","13","","11","","4.0","","97.12","","29","","","","Fog"
"-80.38","43.46","KITCHENER/WATERLOO","6144239","2024-08-17 08:00","2024","08","17","08:00","","21.2","","21.2","","100","","0.0","","17","","9","","4.8","","97.10","","30","","","","Fog"
"-80.38","43.46","KITCHENER/WATERLOO","6144239","2024-08-17 09:00","2024","08","17","09:00","","22.4","","22.2","","99","","0.0","","15","","11","","14.5","","97.08","","32","","","","NA"
"-80.38","43.46","KITCHENER/WATERLOO","6144239","2024-08-17 10:00","2024","08","17","10:00","","22.0","","22.0","","100","","4.3","","21","","13","","3.6","","97.10","","31","","","","Thunderstorms,Heavy Rain,Fog"
"-80.38","43.46","KITCHENER/WATERLOO","6144239","2024-08-17 11:00","2024","08","17","11:00","","21.5","","21.5","","100","","8.4","","18","","5","","9.7","","97.05","","30","","","","Thunderstorms,Rain,Fog"
"-80.38","43.46","KITCHENER/WATERLOO","6144239","2024-08-17 12:00","2024","08","17","12:00","","24.7","","22.8","","89","","0.8","","19","","13","","16.1","","96.95","","35","","","","NA"
"-80.38","43.46","KITCHENER/WATERLOO","6144239","2024-08-17 13:00","2024","08","17","13:00","","23.9","","22.4","","91","","0.5","","22","","9","","16.1","","96.93","","34","","","","Rain"
"-80.38","43.46","KITCHENER/WATERLOO","6144239","2024-08-17 14:00","2024","08","17","14:00","","23.8","","21.8","","88","","0.0","","21","","22","","16.1","","96.91","","33","","","","NA"
"-80.38","43.46","KITCHENER/WATERLOO","6144239","2024-08-17 15:00","2024","08","17","15:00","","25.7","","21.0","","75","","0.0","","20","","26","","16.1","","96.86","","34","","","","NA"
"-80.38","43.46","KITCHENER/WATERLOO","6144239","2024-08-17 16:00","2024","08","17","16:00","","25.4","","20.4","","74","","0.0","","20","","21","","16.1","","96.83","","33","","","","NA"
"-80.38","43.46","KITCHENER/WATERLOO","6144239","2024-08-17 17:00","2024","08","17","17:00","","25.9","","20.7","","73","","0.0","","21","","17","","16.1","","96.83","","34","","","","NA"
"-80.38","43.46","KITCHENER/WATERLOO","6144239","2024-08-17 18:00","2024","08","17","18:00","","23.5","","20.2","","82","","0.0","","19","","13","","16.1","","96.84","","31","","","","NA"
"-80.38","43.46","KITCHENER/WATERLOO","6144239","2024-08-17 19:00","2024","08","17","19:00","","22.5","","20.0","","86","","0.0","","20","","13","","16.1","","96.86","","30","","","","NA"
"-80.38","43.46","KITCHENER/WATERLOO","6144239","2024-08-17 20:00","2024","08","17","20:00","","20.9","","20.0","","95","","0.0","","14","","9","","16.1","","96.89","","28","","","","NA"
"-80.38","43.46","KITCHENER/WATERLOO","6144239","2024-08-17 21:00","2024","08","17","21:00","","21.9","","20.9","","94","","0.2","","17","","11","","16.1","","96.92","","30","","","","NA"
"-80.38","43.46","KITCHENER/WATERLOO","6144239","2024-08-17 22:00","2024","08","17","22:00","","21.4","","20.8","","96","","0.2","","19","","15","","16.1","","96.86","","30","","","","NA"
"-80.38","43.46","KITCHENER/WATERLOO","6144239","2024-08-17 23:00","2024","08","17","23:00","","21.0","","20.7","","98","","0.0","","20","","15","","16.1","","96.85","","29","","","","NA"
"-80.38","43.46","KITCHENER/WATERLOO","6144239","2024-08-18 00:00","2024","08","18","00:00","","20.3","","20.1","","99","","0.0","","","","0","","16.1","","96.81","","28","","","","NA"
"-80.38","43.46","KITCHENER/WATERLOO","6144239","2024-08-18 01:00","2024","08","18","01:00","","20.0","","19.8","","99","","0.0","","16","","9","","16.1","","96.85","","27","","","","NA"
"-80.38","43.46","KITCHENER/WATERLOO","6144239","2024-08-18 02:00","2024","08","18","02:00","","19.6","","19.6","","100","","0.0","","16","","9","","16.1","","96.80","","","","","","NA"
"-80.38","43.46","KITCHENER/WATERLOO","6144239","2024-08-18 03:00","2024","08","18","03:00","","19.0","","19.0","","100","","0.0","","","M","8","","16.1","","96.80","","","","","","NA"
"-80.38","43.46","KITCHENER/WATERLOO","6144239","2024-08-18 04:00","2024","08","18","04:00","","19.4","","19.4","","100","","0.0","","15","","9","","16.1","","96.80","","","","","","NA"
"-80.38","43.46","KITCHENER/WATERLOO","6144239","2024-08-18 05:00","2024","08","18","05:00","","19.4","","19.4","","100","","0.0","","18","","9","","11.3","","96.80","","","","","","NA"
"-80.38","43.46","KITCHENER/WATERLOO","6144239","2024-08-18 06:00","2024","08","18","06:00","","19.5","","19.5","","100","","0.0","","23","","8","","4.0","","96.84","","","","","","Fog"
"-80.38","43.46","KITCHENER/WATERLOO","6144239","2024-08-18 07:00","2024","08","18","07:00","","20.0","","20.0","","100","","0.0","","20","","9","","8.1","","96.85","","28","","","","Fog"
"-80.38","43.46","KITCHENER/WATERLOO","6144239","2024-08-18 08:00","2024","08","18","08:00","","21.6","","20.0","","90","","0.0","","20","","13","","16.1","","96.86","","29","","","","NA"
"-80.38","43.46","KITCHENER/WATERLOO","6144239","2024-08-18 09:00","2024","08","18","09:00","","22.1","","19.7","","86","","0.0","","20","","13","","16.1","","96.86","","29","","","","NA"
"-80.38","43.46","KITCHENER/WATERLOO","6144239","2024-08-18 10:00","2024","08","18","10:00","","23.9","","19.7","","77","","0.0","","18","","13","","16.1","","96.85","","31","","","","NA"
"-80.38","43.46","KITCHENER/WATERLOO","6144239","2024-08-18 11:00","2024","08","18","11:00","","23.0","","19.7","","81","","0.0","","17","","13","","16.1","","96.83","","30","","","","NA"
"-80.38","43.46","KITCHENER/WATERLOO","6144239","2024-08-18 12:00","2024","08","18","12:00","","21.3","","20.6","","96","","1.5","","1","","15","","16.1","","96.83","","29","","","","Rain"
"-80.38","43.46","KITCHENER/WATERLOO","6144239","2024-08-18 13:00","2024","08","18","13:00","","21.7","","20.4","","92","","12.4","","13","","9","","16.1","","96.80","","30","","","","Rain"
"-80.38","43.46","KITCHENER/WATERLOO","6144239","2024-08-18 14:00","2024","08","18","14:00","","21.6","","21.0","","96","","0.8","","22","","9","","16.1","","96.80","","30","","","","Moderate Rain"
"-80.38","43.46","KITCHENER/WATERLOO","6144239","2024-08-18 15:00","2024","08","18","15:00","","22.2","","20.4","","90","","0.0","","33","","11","","16.1","","96.80","","30","","","","NA"
"-80.38","43.46","KITCHENER/WATERLOO","6144239","2024-08-18 16:00","2024","08","18","16:00","","22.4","","19.1","","82","","0.0","","36","","11","","16.1","","96.83","","29","","","","NA"
"-80.38","43.46","KITCHENER/WATERLOO","6144239","2024-08-18 17:00","2024","08","18","17:00","","21.3","","19.7","","91","","1.0","","34","","13","","16.1","","96.86","","29","","","","Rain"
"-80.38","43.46","KITCHENER/WATERLOO","6144239","2024-08-18 18:00","2024","08","18","18:00","","19.5","","19.5","","100","","7.0","","35","","15","","14.5","","96.92","","","","","","Moderate Rain"
"-80.38","43.46","KITCHENER/WATERLOO","6144239","2024-08-18 19:00","2024","08","18","19:00","","19.7","","19.4","","98","","0.0","","34","","22","","16.1","","97.00","","","","","","NA"
"-80.38","43.46","KITCHENER/WATERLOO","6144239","2024-08-18 20:00","2024","08","18","20:00","","18.7","","18.5","","99","","0.0","","33","","22","","16.1","","97.09","","","","","","NA"
"-80.38","43.46","KITCHENER/WATERLOO","6144239","2024-08-18 21:00","2024","08","18","21:00","","18.0","","17.2","","95","","0.0","","34","","18","","16.1","","97.15","","","","","","NA"
"-80.38","43.46","KITCHENER/WATERLOO","6144239","2024-08-18 22:00","2024","08","18","22:00","","17.5","","16.1","","92","","0.0","","34","","24","","16.1","","97.20","","","","","","NA"
"-80.38","43.46","KITCHENER/WATERLOO","6144239","2024-08-18 23:00","2024","08","18","23:00","","16.9","","15.2","","90","","0.2","","34","","22","","16.1","","97.23","","","","","","NA"
"-80.38","43.46","KITCHENER/WATERLOO","6144239","2024-08-19 00:00","2024","08","19","00:00","","16.4","","14.6","","89","","0.0","","33","","21","","16.1","","97.24","","","","","","NA"
"-80.38","43.46","KITCHENER/WATERLOO","6144239","2024-08-19 01:00","2024","08","19","01:00","","16.2","","14.4","","89","","0.0","","35","","17","","16.1","","97.22","","","","","","NA"
"-80.38","43.46","KITCHENER/WATERLOO","6144239","2024-08-19 02:00","2024","08","19","02:00","","15.9","","14.1","","89","","0.0","","35","","24","","16.1","","97.21","","","","","","NA"
"-80.38","43.46","KITCHENER/WATERLOO","6144239","2024-08-19 03:00","2024","08","19","03:00","","15.8","","14.3","","90","","0.0","","35","","17","","16.1","","97.23","","","","","","NA"
"-80.38","43.46","KITCHENER/WATERLOO","6144239","2024-08-19 04:00","2024","08","19","04:00","","15.5","","13.9","","90","","0.0","","35","","21","","16.1","","97.26","","","","","","NA"
"-80.38","43.46","KITCHENER/WATERLOO","6144239","2024-08-19 05:00","2024","08","19","05:00","","15.1","","13.4","","90","","0.0","","33","","21","","16.1","","97.27","","","","","","NA"
"-80.38","43.46","KITCHENER/WATERLOO","6144239","2024-08-19 06:00","2024","08","19","06:00","","14.6","","13.2","","91","","0.0","","33","","18","","16.1","","97.34","","","","","","NA"
"-80.38","43.46","KITCHENER/WATERLOO","6144239","2024-08-19 07:00","2024","08","19","07:00","","14.4","","12.7","","90","","0.0","","35","","26","","16.1","","97.38","","","","","","NA"
"-80.38","43.46","KITCHENER/WATERLOO","6144239","2024-08-19 08:00","2024","08","19","08:00","","14.8","","12.3","","85","","0.0","","34","","21","","16.1","","97.46","","","","","","NA"
"-80.38","43.46","KITCHENER/WATERLOO","6144239","2024-08-19 09:00","2024","08","19","09:00","","14.5","","12.1","","86","","0.0","","35","","22","","16.1","","97.50","","","","","","NA"
"-80.38","43.46","KITCHENER/WATERLOO","6144239","2024-08-19 10:00","2024","08","19","10:00","","14.6","","12.0","","84","","0.0","","33","","24","","16.1","","97.56","","","","","","NA"
"-80.38","43.46","KITCHENER/WATERLOO","6144239","2024-08-19 11:00","2024","08","19","11:00","","14.5","","11.5","","82","","0.0","","33","","22","","16.1","","97.60","","","","","","NA"
"-80.38","43.46","KITCHENER/WATERLOO","6144239","2024-08-19 12:00","2024","08","19","12:00","","15.9","","10.6","","71","","0.0","","35","","28","","16.1","","97.60","","","","","","NA"
"-80.38","43.46","KITCHENER/WATERLOO","6144239","2024-08-19 13:00","2024","08","19","13:00","","17.1","","11.2","","68","","0.0","","36","","21","","16.1","","97.62","","","","","","NA"
"-80.38","43.46","KITCHENER/WATERLOO","6144239","2024-08-19 14:00","2024","08","19","14:00","","17.8","","10.8","","63","","0.0","","35","","28","","16.1","","97.62","","","","","","NA"
"-80.38","43.46","KITCHENER/WATERLOO","6144239","2024-08-19 15:00","2024","08","19","15:00","","17.6","","10.2","","61","","0.0","","34","","24","","16.1","","97.64","","","","","","NA"
"-80.38","43.46","KITCHENER/WATERLOO","6144239","2024-08-19 16:00","2024","08","19","16:00","","16.9","","10.6","","66","","0.0","","34","","26","","16.1","","97.69","","","","","","NA"
"-80.38","43.46","KITCHENER/WATERLOO","6144239","2024-08-19 17:00","2024","08","19","17:00","","15.7","","9.6","","67","","0.0","","34","","24","","16.1","","97.75","","","","","","NA"
"-80.38","43.46","KITCHENER/WATERLOO","6144239","2024-08-19 18:00","2024","08","19","18:00","","15.0","","8.7","","66","","0.0","","35","","22","","16.1","","97.81","","","","","","NA"
"-80.38","43.46","KITCHENER/WATERLOO","6144239","2024-08-19 19:00","2024","08","19","19:00","","14.1","","8.1","","67","","0.0","","36","","24","","16.1","","97.89","","","","","","NA"
"-80.38","43.46","KITCHENER/WATERLOO","6144239","2024-08-19 20:00","2024","08","19","20:00","","11.6","","8.7","","82","","0.0","","33","","8","","16.1","","97.94","","","","","","NA"
"-80.38","43.46","KITCHENER/WATERLOO","6144239","2024-08-19 21:00","2024","08","19","21:00","","10.8","","9.1","","89","","0.0","","35","","8","","16.1","","98.02","","","","","","NA"
"-80.38","43.46","KITCHENER/WATERLOO","6144239","2024-08-19 22:00","2024","08","19","22:00","","10.1","","8.6","","90","","0.0","","34","","5","","16.1","","98.07","","","","","","NA"
"-80.38","43.46","KITCHENER/WATERLOO","6144239","2024-08-19 23:00","2024","08","19","23:00","","8.1","","7.8","","98","","0.0","","33","","4","","16.1","","98.10","","","","","","NA"
"-80.38","43.46","KITCHENER/WATERLOO","6144239","2024-08-20 00:00","2024","08","20","00:00","","8.6","","8.2","","97","","0.0","","33","","8","","16.1","","98.10","","","","","","NA"
"-80.38","43.46","KITCHENER/WATERLOO","6144239","2024-08-20 01:00","2024","08","20","01:00","","8.3","","7.6","","95","","0.0","","33","","9","","16.1","","98.09","","","","","","NA"
"-80.38","43.46","KITCHENER/WATERLOO","6144239","2024-08-20 02:00","2024","08","20","02:00","","8.5","","7.3","","92","","0.0","","32","","8","","16.1","","98.11","","","","","","NA"
"-80.38","43.46","KITCHENER/WATERLOO","6144239","2024-08-20 03:00","2024","08","20","03:00","","7.2","","6.8","","97","","0.0","","30","","9","","16.1","","98.11","","","","","","NA"
"-80.38","43.46","KITCHENER/WATERLOO","6144239","2024-08-20 04:00","2024","08","20","04:00","","7.6","","7.0","","96","","0.0","","32","","9","","16.1","","98.13","","","","","","NA"
"-80.38","43.46","KITCHENER/WATERLOO","6144239","2024-08-20 05:00","2024","08","20","05:00","","8.1","","7.7","","97","","0.0","","33","","15","","16.1","","98.15","","","","","","NA"
"-80.38","43.46","KITCHENER/WATERLOO","6144239","2024-08-20 06:00","2024","08","20","06:00","","8.1","","8.0","","99","","0.0","","32","","9","","16.1","","98.21","","","","","","NA"
"-80.38","43.46","KITCHENER/WATERLOO","6144239","2024-08-20 07:00","2024","08","20","07:00","","10.8","","9.8","","94","","0.0","","33","","11","","16.1","","98.24","","","","","","NA"
"-80.38","43.46","KITCHENER/WATERLOO","6144239","2024-08-20 08:00","2024","08","20","08:00","","12.9","","10.5","","85","","0.0","","34","","13","","16.1","","98.27","","","","","","NA"
"-80.38","43.46","KITCHENER/WATERLOO","6144239","2024-08-20 09:00","2024","08","20","09:00","","14.0","","8.6","","70","","0.0","","36","","21","","16.1","","98.29","","","","","","NA"
"-80.38","43.46","KITCHENER/WATERLOO","6144239","2024-08-20 10:00","2024","08","20","10:00","","16.4","","7.2","","54","","0.0","","1","","26","","16.1","","98.28","","","","","","NA"
"-80.38","43.46","KITCHENER/WATERLOO","6144239","2024-08-20 11:00","2024","08","20","11:00","","16.2","","7.2","","55","","0.0","","35","","17","","16.1","","98.29","","","","","","NA"
"-80.38","43.46","KITCHENER/WATERLOO","6144239","2024-08-20 12:00","2024","08","20","12:00","","16.8","","6.0","","49","","0.0","","34","","21","","16.1","","98.25","","","","","","NA"
"-80.38","43.46","KITCHENER/WATERLOO","6144239","2024-08-20 13:00","2024","08","20","13:00","","18.2","","5.3","","42","","0.0","","35","","24","","16.1","","98.21","","","","","","NA"
"-80.38","43.46","KITCHENER/WATERLOO","6144239","2024-08-20 14:00","2024","08","20","14:00","","18.8","","7.1","","46","","0.0","","35","","22","","16.1","","98.20","","","","","","NA"
"-80.38","43.46","KITCHENER/WATERLOO","6144239","2024-08-20 15:00","2024","08","20","15:00","","19.4","","6.4","","42","","0.0","","33","","24","","16.1","","98.16","","","","","","NA"
"-80.38","43.46","KITCHENER/WATERLOO","6144239","2024-08-20 16:00","2024","08","20","16:00","","17.9","","6.3","","46","","0.0","","32","","24","","16.1","","98.20","","","","","","NA"
"-80.38","43.46","KITCHENER/WATERLOO","6144239","2024-08-20 17:00","2024","08","20","17:00","","17.8","","6.1","","46","","0.0","","34","","15","","16.1","","98.22","","","","","","NA"
"-80.38","43.46","KITCHENER/WATERLOO","6144239","2024-08-20 18:00","2024","08","20","18:00","","16.6","","5.2","","47","","0.0","","34","","13","","16.1","","98.23","","","","","","NA"
"-80.38","43.46","KITCHENER/WATERLOO","6144239","2024-08-20 19:00","2024","08","20","19:00","","14.6","","7.9","","64","","0.0","","32","","13","","16.1","","98.27","","","","","","NA"
"-80.38","43.46","KITCHENER/WATERLOO","6144239","2024-08-20 20:00","2024","08","20","20:00","","12.8","","7.5","","70","","0.0","","31","","11","","16.1","","98.31","","","","","","NA"
"-80.38","43.46","KITCHENER/WATERLOO","6144239","2024-08-20 21:00","2024","08","20","21:00","","11.1","","7.4","","78","","0.0","","30","","9","","16.1","","98.36","","","","","","NA"
"-80.38","43.46","KITCHENER/WATERLOO","6144239","2024-08-20 22:00","2024","08","20","22:00","","10.6","","7.7","","82","","0.0","","29","","9","","16.1","","98.35","","","","","","NA"
"-80.38","43.46","KITCHENER/WATERLOO","6144239","2024-08-20 23:00","2024","08","20","23:00","","10.9","","8.4","","85","","0.0","","32","","11","","16.1","","98.38","","","","","","NA"
"-80.38","43.46","KITCHENER/WATERLOO","6144239","2024-08-21 00:00","2024","08","21","00:00","","10.0","","8.6","","91","","0.0","","32","","9","","16.1","","98.36","","","","","","NA"
"-80.38","43.46","KITCHENER/WATERLOO","6144239","2024-08-21 01:00","2024","08","21","01:00","","9.8","","8.9","","94","","0.0","","33","","8","","16.1","","98.36","","","","","","NA"
"-80.38","43.46","KITCHENER/WATERLOO","6144239","2024-08-21 02:00","2024","08","21","02:00","","9.0","","8.3","","96","","0.0","","31","","8","","16.1","","98.36","","","","","","NA"
"-80.38","43.46","KITCHENER/WATERLOO","6144239","2024-08-21 03:00","2024","08","21","03:00","","8.6","","8.5","","99","","0.0","","31","","5","","16.1","","98.37","","","","","","NA"
"-80.38","43.46","KITCHENER/WATERLOO","6144239","2024-08-21 04:00","2024","08","21","04:00","","8.1","","8.0","","99","","0.0","","32","","5","","16.1","","98.39","","","","","","NA"
"-80.38","43.46","KITCHENER/WATERLOO","6144239","2024-08-21 05:00","2024","08","21","05:00","","6.9","","6.9","","100","","0.0","","30","","5","","14.5","","98.38","","","","","","NA"
"-80.38","43.46","KITCHENER/WATERLOO","6144239","2024-08-21 06:00","2024","08","21","06:00","","7.6","","7.6","","100","","0.0","","","M","4","","16.1","","98.43","","","","","","NA"
"-80.38","43.46","KITCHENER/WATERLOO","6144239","2024-08-21 07:00","2024","08","21","07:00","","10.4","","9.1","","92","","0.0","","30","","11","","16.1","","98.45","","","","","","NA"
"-80.38","43.46","KITCHENER/WATERLOO","6144239","2024-08-21 08:00","2024","08","21","08:00","","13.8","","9.8","","77","","0.0","","31","","13","","16.1","","98.45","","","","","","NA"
"-80.38","43.46","KITCHENER/WATERLOO","6144239","2024-08-21 09:00","2024","08","21","09:00","","16.8","","10.4","","65","","0.0","","32","","22","","16.1","","98.48","","","","","","NA"
"-80.38","43.46","KITCHENER/WATERLOO","6144239","2024-08-21 10:00","2024","08","21","10:00","","17.7","","8.2","","54","","0.0","","34","","24","","16.1","","98.50","","","","","","NA"
"-80.38","43.46","KITCHENER/WATERLOO","6144239","2024-08-21 11:00","2024","08","21","11:00","","19.1","","8.5","","50","","0.0","","35","","21","","16.1","","98.48","","","","","","NA"
"-80.38","43.46","KITCHENER/WATERLOO","6144239","2024-08-21 12:00","2024","08","21","12:00","","18.1","","7.9","","51","","0.0","","34","","24","","16.1","","98.49","","","","","","NA"
"-80.38","43.46","KITCHENER/WATERLOO","6144239","2024-08-21 13:00","2024","08","21","13:00","","18.7","","9.7","","56","","0.0","","32","","18","","16.1","","98.48","","","","","","NA"
"-80.38","43.46","KITCHENER/WATERLOO","6144239","2024-08-21 14:00","2024","08","21","14:00","","19.1","","9.1","","52","","0.0","","35","","18","","16.1","","98.43","","","","","","NA"
"-80.38","43.46","KITCHENER/WATERLOO","6144239","2024-08-21 15:00","2024","08","21","15:00","","19.6","","8.5","","48","","0.0","","33","","17","","16.1","","98.38","","","","","","NA"
"-80.38","43.46","KITCHENER/WATERLOO","6144239","2024-08-21 16:00","2024","08","21","16:00","","19.0","","8.0","","48","","0.0","","34","","18","","16.1","","98.34","","","","","","NA"
"-80.38","43.46","KITCHENER/WATERLOO","6144239","2024-08-21 17:00","2024","08","21","17:00","","19.1","","7.7","","47","","0.0","","33","","21","","16.1","","98.34","","","","","","NA"
"-80.38","43.46","KITCHENER/WATERLOO","6144239","2024-08-21 18:00","2024","08","21","18:00","","17.6","","8.5","","55","","0.0","","33","","11","","16.1","","98.37","","","","","","NA"
"-80.38","43.46","KITCHENER/WATERLOO","6144239","2024-08-21 19:00","2024","08","21","19:00","","15.7","","8.3","","61","","0.0","","35","","8","","16.1","","98.42","","","","","","NA"
"-80.38","43.46","KITCHENER/WATERLOO","6144239","2024-08-21 20:00","2024","08","21","20:00","","13.3","","8.9","","74","","0.0","","35","","5","","16.1","","98.43","","","","","","NA"
"-80.38","43.46","KITCHENER/WATERLOO","6144239","2024-08-21 21:00","2024","08","21","21:00","","10.7","","8.6","","87","","0.0","","31","","5","","16.1","","98.47","","","","","","NA"
"-80.38","43.46","KITCHENER/WATERLOO","6144239","2024-08-21 22:00","2024","08","21","22:00","","10.0","","8.6","","91","","0.0","","31","","9","","16.1","","98.48","","","","","","NA"
"-80.38","43.46","KITCHENER/WATERLOO","6144239","2024-08-21 23:00","2024","08","21","23:00","","9.9","","9.1","","95","","0.0","","29","","8","","16.1","","98.50","","","","","","NA"
"-80.38","43.46","KITCHENER/WATERLOO","6144239","2024-08-22 00:00","2024","08","22","00:00","","9.9","","9.5","","97","","0.0","","30","","5","","16.1","","98.50","","","","","","NA"
"-80.38","43.46","KITCHENER/WATERLOO","6144239","2024-08-22 01:00","2024","08","22","01:00","","9.5","","9.2","","98","","0.0","","32","","5","","16.1","","98.48","","","","","","NA"
"-80.38","43.46","KITCHENER/WATERLOO","6144239","2024-08-22 02:00","2024","08","22","02:00","","8.6","","8.6","","100","","0.0","","31","","9","","16.1","","98.49","","","","","","NA"
"-80.38","43.46","KITCHENER/WATERLOO","6144239","2024-08-22 03:00","2024","08","22","03:00","","8.7","","8.7","","100","","0.0","","31","","5","","16.1","","98.50","","","","","","NA"
"-80.38","43.46","KITCHENER/WATERLOO","6144239","2024-08-22 04:00","2024","08","22","04:00","","8.5","","8.5","","100","","0.0","","30","","5","","16.1","","98.52","","","","","","NA"
"-80.38","43.46","KITCHENER/WATERLOO","6144239","2024-08-22 05:00","2024","08","22","05:00","","8.3","","8.3","","100","","0.0","","31","","5","","16.1","","98.56","","","","","","NA"
"-80.38","43.46","KITCHENER/WATERLOO","6144239","2024-08-22 06:00","2024","08","22","06:00","","8.1","","8.1","","100","","0.0","","31","","5","","16.1","","98.61","","","","","","NA"
"-80.38","43.46","KITCHENER/WATERLOO","6144239","2024-08-22 07:00","2024","08","22","07:00","","11.8","","10.4","","91","","0.0","","30","","9","","16.1","","98.65","","","","","","NA"
"-80.38","43.46","KITCHENER/WATERLOO","6144239","2024-08-22 08:00","2024","08","22","08:00","","15.7","","12.5","","81","","0.0","","29","","17","","16.1","","98.67","","","","","","NA"
"-80.38","43.46","KITCHENER/WATERLOO","6144239","2024-08-22 09:00","2024","08","22","09:00","","18.4","","12.7","","69","","0.0","","30","","22","","16.1","","98.66","","","","","","NA"
"-80.38","43.46","KITCHENER/WATERLOO","6144239","2024-08-22 10:00","2024","08","22","10:00","","19.6","","12.0","","61","","0.0","","32","","21","","16.1","","98.65","","","","","","NA"
"-80.38","43.46","KITCHENER/WATERLOO","6144239","2024-08-22 11:00","2024","08","22","11:00","","21.5","","11.5","","52","","0.0","","31","","17","","16.1","","98.63","","","","","","NA"
"-80.38","43.46","KITCHENER/WATERLOO","6144239","2024-08-22 12:00","2024","08","22","12:00","","21.9","","12.4","","55","","0.0","","33","","18","","16.1","","98.59","","","","","","NA"
"-80.38","43.46","KITCHENER/WATERLOO","6144239","2024-08-22 13:00","2024","08","22","13:00","","22.5","","13.1","","55","","0.0","","30","","17","","16.1","","98.54","","25","","","","NA"
"-80.38","43.46","KITCHENER/WATERLOO","6144239","2024-08-22 14:00","2024","08","22","14:00","","23.0","","12.1","","50","","0.0","","31","","21","","16.1","","98.51","","25","","","","NA"
"-80.38","43.46","KITCHENER/WATERLOO","6144239","2024-08-22 15:00","2024","08","22","15:00","","23.3","","11.1","","46","","0.0","","30","","18","","16.1","","98.47","","25","","","","NA"
"-80.38","43.46","KITCHENER/WATERLOO","6144239","2024-08-22 16:00","2024","08","22","16:00","","22.9","","11.4","","48","","0.0","","33","","18","","16.1","","98.47","","25","","","","NA"
"-80.38","43.46","KITCHENER/WATERLOO","6144239","2024-08-22 17:00","2024","08","22","17:00","","21.8","","11.3","","51","","0.0","","29","","24","","16.1","","98.47","","","","","","NA"
"-80.38","43.46","KITCHENER/WATERLOO","6144239","2024-08-22 18:00","2024","08","22","18:00","","20.5","","10.3","","52","","0.0","","29","","22","","16.1","","98.51","","","","","","NA"
"-80.38","43.46","KITCHENER/WATERLOO","6144239","2024-08-22 19:00","2024","08","22","19:00","","18.0","","10.2","","60","","0.0","","27","","15","","16.1","","98.54","","","","","","NA"
"-80.38","43.46","KITCHENER/WATERLOO","6144239","2024-08-22 20:00","2024","08","22","20:00","","16.3","","10.2","","67","","0.0","","28","","8","","16.1","","98.55","","","","","","NA"
"-80.38","43.46","KITCHENER/WATERLOO","6144239","2024-08-22 21:00","2024","08","22","21:00","","12.6","","10.6","","87","","0.0","","","","0","","16.1","","98.58","","","","","","NA"
"-80.38","43.46","KITCHENER/WATERLOO","6144239","2024-08-22 22:00","2024","08","22","22:00","","11.2","","10.9","","98","","0.0","","","","0","","16.1","","98.61","","","","","","NA"
"-80.38","43.46","KITCHENER/WATERLOO","6144239","2024-08-22 23:00","2024","08","22","23:00","","10.3","","10.3","","100","","0.0","","","","0","","16.1","","98.64","","","","","","NA"
"-80.38","43.46","KITCHENER/WATERLOO","6144239","2024-08-23 00:00","2024","08","23","00:00","","9.5","","9.5","","100","","0.0","","","","0","","16.1","","98.65","","","","","","NA"
"-80.38","43.46","KITCHENER/WATERLOO","6144239","2024-08-23 01:00","2024","08","23","01:00","","9.6","","9.6","","100","","0.0","","","","0","","16.1","","98.64","","","","","","NA"
"-80.38","43.46","KITCHENER/WATERLOO","6144239","2024-08-23 02:00","2024","08","23","02:00","","9.5","","9.5","","100","","0.0","","6","","4","","11.3","","98.65","","","","","","NA"
"-80.38","43.46","KITCHENER/WATERLOO","6144239","2024-08-23 03:00","2024","08","23","03:00","","10.1","","10.1","","100","","0.0","","","","0","","16.1","","98.66","","","","","","NA"
"-80.38","43.46","KITCHENER/WATERLOO","6144239","2024-08-23 04:00","2024","08","23","04:00","","8.9","","8.9","","100","","0.0","","8","","4","","9.7","","98.66","","","","","","Fog"
"-80.38","43.46","KITCHENER/WATERLOO","6144239","2024-08-23 05:00","2024","08","23","05:00","","7.9","","7.9","","100","","0.0","","","","0","","12.9","","98.69","","","","","","NA"
"-80.38","43.46","KITCHENER/WATERLOO","6144239","2024-08-23 06:00","2024","08","23","06:00","","8.4","","8.4","","100","","0.0","","","","0","","14.5","","98.73","","","","","","NA"
"-80.38","43.46","KITCHENER/WATERLOO","6144239","2024-08-23 07:00","2024","08","23","07:00","","12.1","","11.8","","98","","0.0","","","","0","","16.1","","98.76","","","","","","NA"
"-80.38","43.46","KITCHENER/WATERLOO","6144239","2024-08-23 08:00","2024","08","23","08:00","","16.9","","12.7","","76","","0.0","","","M","4","","16.1","","98.79","","","","","","NA"
"-80.38","43.46","KITCHENER/WATERLOO","6144239","2024-08-23 09:00","2024","08","23","09:00","","20.6","","13.3","","62","","0.0","","29","","11","","16.1","","98.80","","","","","","NA"
"-80.38","43.46","KITCHENER/WATERLOO","6144239","2024-08-23 10:00","2024","08","23","10:00","","22.3","","12.3","","53","","0.0","","26","","17","","16.1","","98.77","","25","","","","NA"
"-80.38","43.46","KITCHENER/WATERLOO","6144239","2024-08-23 11:00","2024","08","23","11:00","","21.7","","12.0","","53","","0.0","","25","","11","","16.1","","98.75","","","","","","NA"
"-80.38","43.46","KITCHENER/WATERLOO","6144239","2024-08-23 12:00","2024","08","23","12:00","","23.9","","11.3","","45","","0.0","","25","","11","","16.1","","98.73","","26","","","","NA"
"-80.38","43.46","KITCHENER/WATERLOO","6144239","2024-08-23 13:00","2024","08","23","13:00","","23.5","","12.6","","50","","0.0","","22","","13","","16.1","","98.70","","26","","","","NA"
"-80.38","43.46","KITCHENER/WATERLOO","6144239","2024-08-23 14:00","2024","08","23","14:00","","24.5","","12.2","","46","","0.0","","20","","17","","16.1","","98.66","","27","","","","NA"
"-80.38","43.46","KITCHENER/WATERLOO","6144239","2024-08-23 15:00","2024","08","23","15:00","","24.1","","13.1","","50","","0.0","","25","","18","","16.1","","98.66","","27","","","","NA"
"-80.38","43.46","KITCHENER/WATERLOO","6144239","2024-08-23 16:00","2024","08","23","16:00","","23.9","","12.6","","49","","0.0","","24","","15","","16.1","","98.62","","26","","","","NA"
"-80.38","43.46","KITCHENER/WATERLOO","6144239","2024-08-23 17:00","2024","08","23","17:00","","23.7","","12.4","","49","","0.0","","28","","11","","16.1","","98.60","","26","","","","NA"
"-80.38","43.46","KITCHENER/WATERLOO","6144239","2024-08-23 18:00","2024","08","23","18:00","","22.6","","12.9","","54","","0.0","","24","","11","","16.1","","98.60","","25","","","","NA"
"-80.38","43.46","KITCHENER/WATERLOO","6144239","2024-08-23 19:00","2024","08","23","19:00","","20.5","","13.1","","62","","0.0","","23","","15","","16.1","","98.59","","","","","","NA"
"-80.38","43.46","KITCHENER/WATERLOO","6144239","2024-08-23 20:00","2024","08","23","20:00","","19.0","","14.2","","73","","0.0","","22","","11","","16.1","","98.61","","","","","","NA"
"-80.38","43.46","KITCHENER/WATERLOO","6144239","2024-08-23 21:00","2024","08","23","21:00","","16.7","","13.7","","82","","0.0","","19","","5","","16.1","","98.59","","","","","","NA"
"-80.38","43.46","KITCHENER/WATERLOO","6144239","2024-08-23 22:00","2024","08","23","22:00","","14.5","","13.7","","95","","0.0","","","","0","","16.1","","98.62","","","","","","NA"
"-80.38","43.46","KITCHENER/WATERLOO","6144239","2024-08-23 23:00","2024","08","23","23:00","","12.9","","12.9","","100","","0.0","","6","","4","","14.5","","98.62","","","","","","NA"
"-80.38","43.46","KITCHENER/WATERLOO","6144239","2024-08-24 00:00","2024","08","24","00:00","","11.7","","11.7","","100","","0.0","","","","0","","6.4","","98.65","","","","","","Fog"
"-80.38","43.46","KITCHENER/WATERLOO","6144239","2024-08-24 01:00","2024","08","24","01:00","","10.0","","10.0","","100","","0.0","","9","","4","","1.0","","98.63","","","","","","Fog"
"-80.38","43.46","KITCHENER/WATERLOO","6144239","2024-08-24 02:00","2024","08","24","02:00","","10.6","","10.6","","100","","0.0","","5","","4","","0.8","","98.64","","","","","","Fog"
"-80.38","43.46","KITCHENER/WATERLOO","6144239","2024-08-24 03:00","2024","08","24","03:00","","9.6","","9.6","","100","","0.0","","5","","4","","1.2","","98.62","","","","","","Fog"
"-80.38","43.46","KITCHENER/WATERLOO","6144239","2024-08-24 04:00","2024","08","24","04:00","","9.5","","9.5","","100","","0.0","","","","0","","1.0","","98.62","","","","","","Fog"
"-80.38","43.46","KITCHENER/WATERLOO","6144239","2024-08-24 05:00","2024","08","24","05:00","","9.5","","9.5","","100","","0.0","","","","0","","1.2","","98.65","","","","","","Fog"
"-80.38","43.46","KITCHENER/WATERLOO","6144239","2024-08-24 06:00","2024","08","24","06:00","","10.8","","10.8","","100","","0.0","","34","","4","","6.4","","98.68","","","","","","Fog"
"-80.38","43.46","KITCHENER/WATERLOO","6144239","2024-08-24 07:00","2024","08","24","07:00","","12.7","","12.7","","100","","0.0","","","M","4","","4.8","","98.69","","","","","","Fog"
"-80.38","43.46","KITCHENER/WATERLOO","6144239","2024-08-24 08:00","2024","08","24","08:00","","16.5","","16.2","","98","","0.0","","","","0","","11.3","","98.72","","","","","","NA"
"-80.38","43.46","KITCHENER/WATERLOO","6144239","2024-08-24 09:00","2024","08","24","09:00","","20.3","","15.8","","75","","0.0","","","M","4","","16.1","","98.68","","25","","","","NA"
"-80.38","43.46","KITCHENER/WATERLOO","6144239","2024-08-24 10:00","2024","08","24","10:00","","22.4","","15.1","","63","","0.0","","18","","11","","16.1","","98.68","","26","","","","NA"
"-80.38","43.46","KITCHENER/WATERLOO","6144239","2024-08-24 11:00","2024","08","24","11:00","","23.4","","13.6","","54","","0.0","","","M","4","","16.1","","98.62","","27","","","","NA"
"-80.38","43.46","KITCHENER/WATERLOO","6144239","2024-08-24 12:00","2024","08","24","12:00","","24.5","","14.6","","54","","0.0","","22","","11","","16.1","","98.59","","28","","","","NA"
"-80.38","43.46","KITCHENER/WATERLOO","6144239","2024-08-24 13:00","2024","08","24","13:00","","25.4","","14.9","","52","","0.0","","20","","13","","16.1","","98.56","","29","","","","NA"
"-80.38","43.46","KITCHENER/WATERLOO","6144239","2024-08-24 14:00","2024","08","24","14:00","","25.6","","14.2","","49","","0.0","","24","","21","","16.1","","98.52","","29","","","","NA"
"-80.38","43.46","KITCHENER/WATERLOO","6144239","2024-08-24 15:00","2024","08","24","15:00","","25.8","","14.7","","50","","0.0","","24","","15","","16.1","","98.49","","30","","","","NA"
"-80.38","43.46","KITCHENER/WATERLOO","6144239","2024-08-24 16:00","2024","08","24","16:00","","25.8","","14.4","","49","","0.0","","25","","15","","16.1","","98.47","","29","","","","NA"
"-80.38","43.46","KITCHENER/WATERLOO","6144239","2024-08-24 17:00","2024","08","24","17:00","","25.3","","15.0","","52","","0.0","","24","","8","","16.1","","98.45","","29","","","","NA"
"-80.38","43.46","KITCHENER/WATERLOO","6144239","2024-08-24 18:00","2024","08","24","18:00","","24.3","","15.7","","58","","0.0","","24","","9","","16.1","","98.42","","29","","","","NA"
"-80.38","43.46","KITCHENER/WATERLOO","6144239","2024-08-24 19:00","2024","08","24","19:00","","22.5","","15.7","","65","","0.0","","20","","11","","16.1","","98.43","","27","","","","NA"
"-80.38","43.46","KITCHENER/WATERLOO","6144239","2024-08-24 20:00","2024","08","24","20:00","","20.6","","16.0","","75","","0.0","","17","","8","","16.1","","98.45","","25","","","","NA"
"-80.38","43.46","KITCHENER/WATERLOO","6144239","2024-08-24 21:00","2024","08","24","21:00","","20.6","","15.2","","71","","0.0","","21","","9","","16.1","","98.49","","25","","","","NA"
"-80.38","43.46","KITCHENER/WATERLOO","6144239","2024-08-24 22:00","2024","08","24","22:00","","16.6","","15.7","","95","","0.0","","","","0","","16.1","","98.46","","","","","","NA"
"-80.38","43.46","KITCHENER/WATERLOO","6144239","2024-08-24 23:00","2024","08","24","23:00","","14.7","","14.7","","100","","0.0","","7","","4","","16.1","","98.46","","","","","","NA"
"-80.38","43.46","KITCHENER/WATERLOO","6144239","2024-08-25 00:00","2024","08","25","00:00","","14.6","","14.6","","100","","0.0","","34","","4","","16.1","","98.48","","","","","","NA"
"-80.38","43.46","KITCHENER/WATERLOO","6144239","2024-08-25 01:00","2024","08","25","01:00","","14.7","","14.7","","100","","0.0","","33","","4","","11.3","","98.49","","","","","","NA"
"-80.38","43.46","KITCHENER/WATERLOO","6144239","2024-08-25 02:00","2024","08","25","02:00","","14.1","","14.1","","100","","0.0","","","","0","","0.6","","98.49","","","","","","Fog"
"-80.38","43.46","KITCHENER/WATERLOO","6144239","2024-08-25 03:00","2024","08","25","03:00","","13.1","","13.1","","100","","0.0","","","","0","","4.8","","98.48","","","","","","Fog"
"-80.38","43.46","KITCHENER/WATERLOO","6144239","2024-08-25 04:00","2024","08","25","04:00","","12.9","","12.9","","100","","0.0","","35","","4","","1.6","","98.49","","","","","","Fog"
"-80.38","43.46","KITCHENER/WATERLOO","6144239","2024-08-25 05:00","2024","08","25","05:00","","12.7","","12.7","","100","","0.0","","34","","5","","2.4","","98.55","","","","","","Fog"
"-80.38","43.46","KITCHENER/WATERLOO","6144239","2024-08-25 06:00","2024","08","25","06:00","","12.3","","12.3","","100","","0.0","","","","0","","1.2","","98.62","","","","","","Fog"
"-80.38","43.46","KITCHENER/WATERLOO","6144239","2024-08-25 07:00","2024","08","25","07:00","","14.8","","14.8","","100","","0.0","","","","0","","9.7","","98.66","","","","","","Fog"
"-80.38","43.46","KITCHENER/WATERLOO","6144239","2024-08-25 08:00","2024","08","25","08:00","","18.5","","16.6","","89","","0.0","","","","0","","16.1","","98.67","","","","","","NA"
"-80.38","43.46","KITCHENER/WATERLOO","6144239","2024-08-25 09:00","2024","08","25","09:00","","22.0","","15.6","","67","","0.0","","","M","4","","16.1","","98.68","","26","","","","NA"
"-80.38","43.46","KITCHENER/WATERLOO","6144239","2024-08-25 10:00","2024","08","25","10:00","","24.1","","15.4","","58","","0.0","","","M","4","","16.1","","98.67","","28","","","","NA"
"-80.38","43.46","KITCHENER/WATERLOO","6144239","2024-08-25 11:00","2024","08","25","11:00","","25.2","","15.9","","56","","0.0","","18","","5","","16.1","","98.67","","30","","","","NA"
"-80.38","43.46","KITCHENER/WATERLOO","6144239","2024-08-25 12:00","2024","08","25","12:00","","26.9","","17.0","","54","","0.0","","16","","13","","8.1","","98.63","","32","","","","Haze"
"-80.38","43.46","KITCHENER/WATERLOO","6144239","2024-08-25 13:00","2024","08","25","13:00","","27.1","","15.7","","49","","0.0","","16","","11","","6.4","","98.60","","32","","","","Haze"
"-80.38","43.46","KITCHENER/WATERLOO","6144239","2024-08-25 14:00","2024","08","25","14:00","","27.2","","15.1","","47","","0.0","","17","","9","","6.4","","98.55","","31","","","","Haze"
"-80.38","43.46","KITCHENER/WATERLOO","6144239","2024-08-25 15:00","2024","08","25","15:00","","26.5","","15.0","","49","","0.0","","14","","11","","16.1","","98.51","","30","","","","NA"
"-80.38","43.46","KITCHENER/WATERLOO","6144239","2024-08-25 16:00","2024","08","25","16:00","","27.7","","15.2","","46","","0.0","","18","","11","","16.1","","98.47","","32","","","","NA"
"-80.38","43.46","KITCHENER/WATERLOO","6144239","2024-08-25 17:00","2024","08","25","17:00","","25.3","","18.7","","67","","0.0","","","","0","","16.1","","98.45","","32","","","","NA"
"-80.38","43.46","KITCHENER/WATERLOO","6144239","2024-08-25 18:00","2024","08","25","18:00","","26.0","","18.3","","62","","0.0","","8","","5","","16.1","","98.45","","32","","","","NA"
"-80.38","43.46","KITCHENER/WATERLOO","6144239","2024-08-25 19:00","2024","08","25","19:00","","22.7","","17.5","","72","","0.0","","9","","4","","16.1","","98.46","","28","","","","NA"
"-80.38","43.46","KITCHENER/WATERLOO","6144239","2024-08-25 20:00","2024","08","25","20:00","","18.3","","17.9","","98","","0.0","","","","0","","16.1","","98.49","","","","","","NA"
"-80.38","43.46","KITCHENER/WATERLOO","6144239","2024-08-25 21:00","2024","08","25","21:00","","17.8","","16.6","","93","","0.0","","","","0","","16.1","","98.52","","","","","","NA"
"-80.38","43.46","KITCHENER/WATERLOO","6144239","2024-08-25 22:00","2024","08","25","22:00","","16.5","","16.5","","100","","0.0","","","M","4","","16.1","","98.54","","","","","","NA"
"-80.38","43.46","KITCHENER/WATERLOO","6144239","2024-08-25 23:00","2024","08","25","23:00","","16.5","","16.5","","100","","0.0","","11","","5","","16.1","","98.52","","","","","","NA"
"-80.38","43.46","KITCHENER/WATERLOO","6144239","2024-08-26 00:00","2024","08","26","00:00","","17.0","","16.4","","96","","0.0","","","M","4","","16.1","","98.50","","","","","","NA"
"-80.38","43.46","KITCHENER/WATERLOO","6144239","2024-08-26 01:00","2024","08","26","01:00","","14.5","","14.5","","100","","0.0","","","","0","","16.1","","98.48","","","","","","NA"
"-80.38","43.46","KITCHENER/WATERLOO","6144239","2024-08-26 02:00","2024","08","26","02:00","","14.0","","14.0","","100","","0.0","","","","0","","2.0","","98.46","","","","","","Fog"
"-80.38","43.46","KITCHENER/WATERLOO","6144239","2024-08-26 03:00","2024","08","26","03:00","","13.7","","13.7","","100","","0.0","","","","0","","1.6","","98.45","","","","","","Fog"
"-80.38","43.46","KITCHENER/WATERLOO","6144239","2024-08-26 04:00","2024","08","26","04:00","","12.8","","12.8","","100","","0.0","","","","0","","1.2","","98.44","","","","","","Fog"
"-80.38","43.46","KITCHENER/WATERLOO","6144239","2024-08-26 05:00","2024","08","26","05:00","","14.0","","14.0","","100","","0.0","","33","","5","","1.2","","98.47","","","","","","Fog"
"-80.38","43.46","KITCHENER/WATERLOO","6144239","2024-08-26 06:00","2024","08","26","06:00","","13.5","","13.5","","100","","0.0","","","","0","","2.8","","98.50","","","","","","Fog"
"-80.38","43.46","KITCHENER/WATERLOO","6144239","2024-08-26 07:00","2024","08","26","07:00","","16.8","","16.8","","100","","0.0","","","","0","","11.3","","98.50","","","","","","NA"
"-80.38","43.46","KITCHENER/WATERLOO","6144239","2024-08-26 08:00","2024","08","26","08:00","","20.2","","17.7","","86","","0.0","","","M","4","","16.1","","98.50","","26","","","","NA"
"-80.38","43.46","KITCHENER/WATERLOO","6144239","2024-08-26 09:00","2024","08","26","09:00","","23.5","","16.8","","66","","0.0","","","M","4","","9.7","","98.50","","29","","","","Haze"
"-80.38","43.46","KITCHENER/WATERLOO","6144239","2024-08-26 10:00","2024","08","26","10:00","","25.3","","16.8","","59","","0.0","","18","","9","","16.1","","98.49","","30","","","","NA"
"-80.38","43.46","KITCHENER/WATERLOO","6144239","2024-08-26 11:00","2024","08","26","11:00","","26.5","","18.3","","60","","0.0","","18","","5","","16.1","","98.45","","33","","","","NA"
"-80.38","43.46","KITCHENER/WATERLOO","6144239","2024-08-26 12:00","2024","08","26","12:00","","26.5","","17.6","","58","","0.0","","20","","11","","16.1","","98.41","","32","","","","NA"
"-80.38","43.46","KITCHENER/WATERLOO","6144239","2024-08-26 13:00","2024","08","26","13:00","","27.5","","17.8","","55","","0.0","","18","","11","","16.1","","98.37","","33","","","","NA"
"-80.38","43.46","KITCHENER/WATERLOO","6144239","2024-08-26 14:00","2024","08","26","14:00","","28.2","","17.2","","51","","0.0","","21","","9","","16.1","","98.33","","34","","","","NA"
"-80.38","43.46","KITCHENER/WATERLOO","6144239","2024-08-26 15:00","2024","08","26","15:00","","27.6","","17.9","","55","","0.0","","18","","13","","16.1","","98.29","","34","","","","NA"
"-80.38","43.46","KITCHENER/WATERLOO","6144239","2024-08-26 16:00","2024","08","26","16:00","","27.8","","18.6","","57","","0.0","","18","","9","","16.1","","98.26","","34","","","","NA"
"-80.38","43.46","KITCHENER/WATERLOO","6144239","2024-08-26 17:00","2024","08","26","17:00","","27.6","","18.6","","57","","0.0","","15","","15","","16.1","","98.22","","34","","","","NA"
"-80.38","43.46","KITCHENER/WATERLOO","6144239","2024-08-26 18:00","2024","08","26","18:00","","26.5","","18.9","","63","","0.0","","18","","13","","16.1","","98.21","","33","","","","NA"
"-80.38","43.46","KITCHENER/WATERLOO","6144239","2024-08-26 19:00","2024","08","26","19:00","","24.9","","19.2","","70","","0.0","","17","","13","","16.1","","98.23","","32","","","","NA"
"-80.38","43.46","KITCHENER/WATERLOO","6144239","2024-08-26 20:00","2024","08","26","20:00","","22.3","","19.1","","82","","0.0","","13","","8","","16.1","","98.26","","29","","","","NA"
"-80.38","43.46","KITCHENER/WATERLOO","6144239","2024-08-26 21:00","2024","08","26","21:00","","21.0","","18.7","","86","","0.0","","11","","5","","16.1","","98.25","","28","","","","NA"
"-80.38","43.46","KITCHENER/WATERLOO","6144239","2024-08-26 22:00","2024","08","26","22:00","","19.9","","18.1","","89","","0.0","","13","","5","","16.1","","98.25","","","","","","NA"
"-80.38","43.46","KITCHENER/WATERLOO","6144239","2024-08-26 23:00","2024","08","26","23:00","","20.3","","19.0","","92","","0.0","","13","","4","","16.1","","98.21","","27","","","","NA"
"-80.38","43.46","KITCHENER/WATERLOO","6144239","2024-08-27 00:00","2024","08","27","00:00","","18.5","","18.5","","100","","0.0","","12","","4","","16.1","","98.20","","","","","","NA"
"-80.38","43.46","KITCHENER/WATERLOO","6144239","2024-08-27 01:00","2024","08","27","01:00","","18.6","","18.6","","100","","0.0","","10","","4","","11.3","","98.18","","","","","","NA"
"-80.38","43.46","KITCHENER/WATERLOO","6144239","2024-08-27 02:00","2024","08","27","02:00","","17.3","","17.3","","100","","0.0","","","","0","","2.8","","98.13","","","","","","Fog"
"-80.38","43.46","KITCHENER/WATERLOO","6144239","2024-08-27 03:00","2024","08","27","03:00","","16.6","","16.6","","100","","0.0","","","M","4","","0.4","","98.11","","","","","","Fog"
"-80.38","43.46","KITCHENER/WATERLOO","6144239","2024-08-27 04:00","2024","08","27","04:00","","18.4","","18.4","","100","","0.0","","14","","4","","9.7","","98.09","","","","","","Fog"
"-80.38","43.46","KITCHENER/WATERLOO","6144239","2024-08-27 05:00","2024","08","27","05:00","","18.8","","18.8","","100","","0.0","","12","","4","","11.3","","98.11","","","","","","NA"
"-80.38","43.46","KITCHENER/WATERLOO","6144239","2024-08-27 06:00","2024","08","27","06:00","","18.5","","18.5","","100","","0.0","","7","","5","","8.1","","98.12","","","","","","Fog"
"-80.38","43.46","KITCHENER/WATERLOO","6144239","2024-08-27 07:00","2024","08","27","07:00","","20.9","","20.3","","96","","0.0","","13","","4","","14.5","","98.07","","29","","","","NA"
"-80.38","43.46","KITCHENER/WATERLOO","6144239","2024-08-27 08:00","2024","08","27","08:00","","22.7","","20.9","","89","","0.0","","19","","8","","16.1","","98.08","","31","","","","NA"
"-80.38","43.46","KITCHENER/WATERLOO","6144239","2024-08-27 09:00","2024","08","27","09:00","","25.0","","21.6","","81","","0.0","","18","","11","","16.1","","98.01","","34","","","","NA"
"-80.38","43.46","KITCHENER/WATERLOO","6144239","2024-08-27 10:00","2024","08","27","10:00","","27.0","","22.3","","75","","0.0","","18","","15","","16.1","","97.95","","37","","","","NA"
"-80.38","43.46","KITCHENER/WATERLOO","6144239","2024-08-27 11:00","2024","08","27","11:00","","28.5","","21.6","","66","","0.0","","18","","21","","16.1","","97.83","","37","","","","NA"
"-80.38","43.46","KITCHENER/WATERLOO","6144239","2024-08-27 12:00","2024","08","27","12:00","","29.7","","21.3","","60","","0.0","","21","","21","","16.1","","97.83","","38","","","","NA"
"-80.38","43.46","KITCHENER/WATERLOO","6144239","2024-08-27 13:00","2024","08","27","13:00","","30.6","","21.9","","59","","0.0","","25","","24","","16.1","","97.82","","40","","","","NA"
"-80.38","43.46","KITCHENER/WATERLOO","6144239","2024-08-27 14:00","2024","08","27","14:00","","30.7","","20.5","","54","","0.0","","26","","22","","16.1","","97.78","","39","","","","NA"
"-80.38","43.46","KITCHENER/WATERLOO","6144239","2024-08-27 15:00","2024","08","27","15:00","","29.1","","20.8","","60","","0.0","","23","","22","","16.1","","97.79","","37","","","","NA"
"-80.38","43.46","KITCHENER/WATERLOO","6144239","2024-08-27 16:00","2024","08","27","16:00","","29.2","","21.4","","62","","0.0","","23","","24","","16.1","","97.75","","38","","","","NA"
"-80.38","43.46","KITCHENER/WATERLOO","6144239","2024-08-27 17:00","2024","08","27","17:00","","28.4","","21.9","","67","","0.0","","23","","21","","16.1","","97.74","","38","","","","NA"
"-80.38","43.46","KITCHENER/WATERLOO","6144239","2024-08-27 18:00","2024","08","27","18:00","","27.3","","22.4","","74","","0.0","","24","","18","","16.1","","97.70","","37","","","","NA"
"-80.38","43.46","KITCHENER/WATERLOO","6144239","2024-08-27 19:00","2024","08","27","19:00","","25.1","","19.6","","71","","0.0","","29","","37","","14.5","","97.78","","32","","","","NA"
"-80.38","43.46","KITCHENER/WATERLOO","6144239","2024-08-27 20:00","2024","08","27","20:00","","22.5","","21.2","","92","","0.5","","24","","11","","16.1","","97.68","","31","","","","Rain"
"-80.38","43.46","KITCHENER/WATERLOO","6144239","2024-08-27 21:00","2024","08","27","21:00","","22.1","","21.3","","95","","0.0","","20","","5","","16.1","","97.57","","31","","","","Rain"
"-80.38","43.46","KITCHENER/WATERLOO","6144239","2024-08-27 22:00","2024","08","27","22:00","","21.3","","20.9","","98","","0.0","","34","","9","","16.1","","97.70","","30","","","","NA"
"-80.38","43.46","KITCHENER/WATERLOO","6144239","2024-08-27 23:00","2024","08","27","23:00","","20.9","","20.7","","99","","0.0","","30","","8","","16.1","","97.72","","29","","","","NA"
"-80.38","43.46","KITCHENER/WATERLOO","6144239","2024-08-28 00:00","2024","08","28","00:00","","21.1","","20.5","","96","","0.0","","26","","21","","16.1","","97.77","","29","","","","NA"
"-80.38","43.46","KITCHENER/WATERLOO","6144239","2024-08-28 01:00","2024","08","28","01:00","","19.5","","19.5","","100","","0.0","","28","","8","","16.1","","97.72","","","","","","NA"
"-80.38","43.46","KITCHENER/WATERLOO","6144239","2024-08-28 02:00","2024","08","28","02:00","","19.1","","19.1","","100","","0.0","","23","","9","","9.7","","97.71","","","","","","Fog"
"-80.38","43.46","KITCHENER/WATERLOO","6144239","2024-08-28 03:00","2024","08","28","03:00","","19.6","","19.6","","100","","0.0","","24","","11","","6.4","","97.73","","","","","","Fog"
"-80.38","43.46","KITCHENER/WATERLOO","6144239","2024-08-28 04:00","2024","08","28","04:00","","19.9","","19.9","","100","","0.0","","25","","13","","4.8","","97.79","","","","","","Fog"
"-80.38","43.46","KITCHENER/WATERLOO","6144239","2024-08-28 05:00","2024","08","28","05:00","","20.0","","20.0","","100","","0.0","","28","","11","","4.8","","97.82","","28","","","","Fog"
"-80.38","43.46","KITCHENER/WATERLOO","6144239","2024-08-28 06:00","2024","08","28","06:00","","19.8","","19.8","","100","","0.0","","33","","5","","4.8","","97.85","","","","","","Fog"
"-80.38","43.46","KITCHENER/WATERLOO","6144239","2024-08-28 07:00","2024","08","28","07:00","","20.7","","20.7","","100","","0.0","","35","","4","","4.0","","97.84","","29","","","","Fog"
"-80.38","43.46","KITCHENER/WATERLOO","6144239","2024-08-28 08:00","2024","08","28","08:00","","21.4","","21.1","","98","","0.0","","32","","8","","6.4","","97.90","","30","","","","Fog"
"-80.38","43.46","KITCHENER/WATERLOO","6144239","2024-08-28 09:00","2024","08","28","09:00","","21.6","","21.0","","96","","0.0","","29","","13","","14.5","","97.96","","30","","","","NA"
"-80.38","43.46","KITCHENER/WATERLOO","6144239","2024-08-28 10:00","2024","08","28","10:00","","22.9","","20.6","","87","","0.0","","34","","8","","16.1","","97.93","","31","","","","NA"
"-80.38","43.46","KITCHENER/WATERLOO","6144239","2024-08-28 11:00","2024","08","28","11:00","","23.7","","21.3","","86","","0.0","","28","","8","","16.1","","97.95","","32","","","","NA"
"-80.38","43.46","KITCHENER/WATERLOO","6144239","2024-08-28 12:00","2024","08","28","12:00","","24.6","","20.6","","78","","0.0","","","M","8","","16.1","","97.91","","33","","","","NA"
"-80.38","43.46","KITCHENER/WATERLOO","6144239","2024-08-28 13:00","2024","08","28","13:00","","27.1","","20.8","","68","","0.0","","18","","8","","16.1","","97.90","","35","","","","NA"
"-80.38","43.46","KITCHENER/WATERLOO","6144239","2024-08-28 14:00","2024","08","28","14:00","","27.0","","20.2","","66","","0.0","","27","","9","","16.1","","97.91","","35","","","","NA"
"-80.38","43.46","KITCHENER/WATERLOO","6144239","2024-08-28 15:00","2024","08","28","15:00","","26.0","","21.5","","76","","0.0","","20","","9","","16.1","","97.93","","35","","","","NA"
"-80.38","43.46","KITCHENER/WATERLOO","6144239","2024-08-28 16:00","2024","08","28","16:00","","23.2","","21.3","","89","","0.0","","10","","22","","16.1","","97.95","","32","","","","NA"
"-80.38","43.46","KITCHENER/WATERLOO","6144239","2024-08-28 17:00","2024","08","28","17:00","","22.0","","20.8","","93","","0.0","","9","","13","","16.1","","98.01","","30","","","","NA"
"-80.38","43.46","KITCHENER/WATERLOO","6144239","2024-08-28 18:00","2024","08","28","18:00","","20.4","","20.1","","98","","0.2","","9","","15","","6.4","","98.08","","28","","","","Rain,Fog"
"-80.38","43.46","KITCHENER/WATERLOO","6144239","2024-08-28 19:00","2024","08","28","19:00","","19.1","","19.1","","100","","1.2","","9","","11","","4.8","","98.16","","","","","","Rain,Fog"
"-80.38","43.46","KITCHENER/WATERLOO","6144239","2024-08-28 20:00","2024","08","28","20:00","","17.9","","17.9","","100","","0.0","","5","","13","","12.9","","98.25","","","","","","NA"
"-80.38","43.46","KITCHENER/WATERLOO","6144239","2024-08-28 21:00","2024","08","28","21:00","","17.5","","17.5","","100","","0.0","","5","","9","","12.9","","98.28","","","","","","NA"
"-80.38","43.46","KITCHENER/WATERLOO","6144239","2024-08-28 22:00","2024","08","28","22:00","","17.1","","16.9","","99","","0.0","","6","","17","","16.1","","98.33","","","","","","NA"
"-80.38","43.46","KITCHENER/WATERLOO","6144239","2024-08-28 23:00","2024","08","28","23:00","","16.6","","16.6","","100","","0.0","","7","","11","","16.1","","98.36","","","","","","NA"
"-80.38","43.46","KITCHENER/WATERLOO","6144239","2024-08-29 00:00","2024","08","29","00:00","","16.5","","16.2","","98","","0.0","","8","","13","","16.1","","98.35","","","","","","NA"
"-80.38","43.46","KITCHENER/WATERLOO","6144239","2024-08-29 01:00","2024","08","29","01:00","","16.1","","16.1","","100","","0.0","","7","","11","","16.1","","98.37","","","","","","NA"
"-80.38","43.46","KITCHENER/WATERLOO","6144239","2024-08-29 02:00","2024","08","29","02:00","","16.1","","16.1","","100","","0.0","","8","","8","","16.1","","98.38","","","","","","NA"
"-80.38","43.46","KITCHENER/WATERLOO","6144239","2024-08-29 03:00","2024","08","29","03:00","","16.4","","15.6","","95","","0.0","","6","","5","","16.1","","98.42","","","","","","NA"
"-80.38","43.46","KITCHENER/WATERLOO","6144239","2024-08-29 04:00","2024","08","29","04:00","","16.5","","15.5","","94","","0.0","","6","","8","","16.1","","98.45","","","","","","NA"
"-80.38","43.46","KITCHENER/WATERLOO","6144239","2024-08-29 05:00","2024","08","29","05:00","","16.4","","15.3","","93","","0.0","","6","","9","","16.1","","98.50","","","","","","NA"
"-80.38","43.46","KITCHENER/WATERLOO","6144239","2024-08-29 06:00","2024","08","29","06:00","","16.3","","15.2","","93","","0.0","","7","","11","","16.1","","98.56","","","","","","NA"
"-80.38","43.46","KITCHENER/WATERLOO","6144239","2024-08-29 07:00","2024","08","29","07:00","","16.3","","14.5","","89","","0.0","","8","","13","","16.1","","98.59","","","","","","NA"
"-80.38","43.46","KITCHENER/WATERLOO","6144239","2024-08-29 08:00","2024","08","29","08:00","","16.7","","14.5","","87","","0.0","","9","","8","","16.1","","98.61","","","","","","NA"
"-80.38","43.46","KITCHENER/WATERLOO","6144239","2024-08-29 09:00","2024","08","29","09:00","","17.2","","14.6","","85","","0.0","","10","","5","","16.1","","98.64","","","","","","NA"
"-80.38","43.46","KITCHENER/WATERLOO","6144239","2024-08-29 10:00","2024","08","29","10:00","","18.5","","15.8","","84","","0.0","","7","","9","","16.1","","98.61","","","","","","NA"
"-80.38","43.46","KITCHENER/WATERLOO","6144239","2024-08-29 11:00","2024","08","29","11:00","","19.6","","16.2","","80","","0.0","","11","","9","","16.1","","98.60","","","","","","NA"
"-80.38","43.46","KITCHENER/WATERLOO","6144239","2024-08-29 12:00","2024","08","29","12:00","","19.9","","16.2","","79","","0.0","","8","","9","","16.1","","98.59","","","","","","NA"
"-80.38","43.46","KITCHENER/WATERLOO","6144239","2024-08-29 13:00","2024","08","29","13:00","","19.5","","16.6","","83","","0.0","","7","","15","","16.1","","98.61","","","","","","NA"
"-80.38","43.46","KITCHENER/WATERLOO","6144239","2024-08-29 14:00","2024","08","29","14:00","","19.9","","16.3","","80","","0.0","","7","","11","","16.1","","98.60","","","","","","NA"
"-80.38","43.46","KITCHENER/WATERLOO","6144239","2024-08-29 15:00","2024","08","29","15:00","","20.1","","16.5","","79","","0.0","","9","","11","","16.1","","98.58","","25","","","","NA"
"-80.38","43.46","KITCHENER/WATERLOO","6144239","2024-08-29 16:00","2024","08","29","16:00","","20.5","","16.5","","77","","0.0","","10","","11","","16.1","","98.55","","25","","","","NA"
"-80.38","43.46","KITCHENER/WATERLOO","6144239","2024-08-29 17:00","2024","08","29","17:00","","19.3","","16.4","","83","","0.0","","9","","17","","16.1","","98.56","","","","","","NA"
"-80.38","43.46","KITCHENER/WATERLOO","6144239","2024-08-29 18:00","2024","08","29","18:00","","18.9","","16.2","","84","","0.0","","8","","13","","16.1","","98.54","","","","","","NA"
"-80.38","43.46","KITCHENER/WATERLOO","6144239","2024-08-29 19:00","2024","08","29","19:00","","16.9","","14.9","","88","","0.0","","12","","5","","16.1","","98.54","","","","","","NA"
"-80.38","43.46","KITCHENER/WATERLOO","6144239","2024-08-29 20:00","2024","08","29","20:00","","15.0","","15.0","","100","","0.0","","7","","5","","16.1","","98.51","","","","","","NA"
"-80.38","43.46","KITCHENER/WATERLOO","6144239","2024-08-29 21:00","2024","08","29","21:00","","14.6","","14.0","","96","","0.0","","6","","4","","16.1","","98.51","","","","","","NA"
"-80.38","43.46","KITCHENER/WATERLOO","6144239","2024-08-29 22:00","2024","08","29","22:00","","13.3","","12.6","","96","","0.0","","6","","8","","16.1","","98.51","","","","","","NA"
"-80.38","43.46","KITCHENER/WATERLOO","6144239","2024-08-29 23:00","2024","08","29","23:00","","12.7","","12.7","","100","","0.0","","","","0","","16.1","","98.52","","","","","","NA"
"-80.38","43.46","KITCHENER/WATERLOO","6144239","2024-08-30 00:00","2024","08","30","00:00","","12.0","","12.0","","100","","0.0","","","","0","","4.0","","98.53","","","","","","Fog"
"-80.38","43.46","KITCHENER/WATERLOO","6144239","2024-08-30 01:00","2024","08","30","01:00","","11.6","","11.6","","100","","0.0","","7","","4","","1.6","","98.49","","","","","","Fog"
"-80.38","43.46","KITCHENER/WATERLOO","6144239","2024-08-30 02:00","2024","08","30","02:00","","10.5","","10.5","","100","","0.0","","9","","5","","3.2","","98.46","","","","","","Fog"
"-80.38","43.46","KITCHENER/WATERLOO","6144239","2024-08-30 03:00","2024","08","30","03:00","","10.1","","10.1","","100","","0.0","","6","","4","","1.2","","98.36","","","","","","Fog"
"-80.38","43.46","KITCHENER/WATERLOO","6144239","2024-08-30 04:00","2024","08","30","04:00","","10.6","","10.6","","100","","0.0","","7","","9","","4.8","","98.28","","","","","","Fog"
"-80.38","43.46","KITCHENER/WATERLOO","6144239","2024-08-30 05:00","2024","08","30","05:00","","11.2","","11.2","","100","","0.0","","30","","5","","1.6","","98.30","","","","","","Fog"
"-80.38","43.46","KITCHENER/WATERLOO","6144239","2024-08-30 06:00","2024","08","30","06:00","","11.2","","11.2","","100","","0.0","","1","","5","","4.8","","98.31","","","","","","Fog"
"-80.38","43.46","KITCHENER/WATERLOO","6144239","2024-08-30 07:00","2024","08","30","07:00","","13.6","","13.6","","100","","0.2","","","","0","","6.4","","98.29","","","","","","Fog"
"-80.38","43.46","KITCHENER/WATERLOO","6144239","2024-08-30 08:00","2024","08","30","08:00","","17.4","","17.1","","98","","0.0","","10","","9","","16.1","","98.28","","","","","","NA"
"-80.38","43.46","KITCHENER/WATERLOO","6144239","2024-08-30 09:00","2024","08","30","09:00","","20.4","","18.0","","86","","0.0","","10","","11","","16.1","","98.25","","26","","","","NA"
"-80.38","43.46","KITCHENER/WATERLOO","6144239","2024-08-30 10:00","2024","08","30","10:00","","22.7","","17.7","","73","","0.0","","12","","9","","16.1","","98.26","","28","","","","NA"
"-80.38","43.46","KITCHENER/WATERLOO","6144239","2024-08-30 11:00","2024","08","30","11:00","","24.2","","18.2","","69","","0.0","","14","","15","","16.1","","98.21","","30","","","","NA"
"-80.38","43.46","KITCHENER/WATERLOO","6144239","2024-08-30 12:00","2024","08","30","12:00","","25.4","","18.5","","65","","0.0","","14","","15","","16.1","","98.14","","32","","","","NA"
"-80.38","43.46","KITCHENER/WATERLOO","6144239","2024-08-30 13:00","2024","08","30","13:00","","27.2","","18.7","","59","","0.0","","16","","13","","9.7","","98.06","","34","","","","Haze"
"-80.38","43.46","KITCHENER/WATERLOO","6144239","2024-08-30 14:00","2024","08","30","14:00","","27.9","","19.4","","59","","0.0","","16","","15","","9.7","","98.04","","35","","","","Haze"
"-80.38","43.46","KITCHENER/WATERLOO","6144239","2024-08-30 15:00","2024","08","30","15:00","","28.4","","19.5","","58","","0.0","","16","","18","","16.1","","97.97","","36","","","","NA"
"-80.38","43.46","KITCHENER/WATERLOO","6144239","2024-08-30 16:00","2024","08","30","16:00","","28.2","","20.5","","62","","0.0","","17","","18","","16.1","","97.90","","36","","","","NA"
"-80.38","43.46","KITCHENER/WATERLOO","6144239","2024-08-30 17:00","2024","08","30","17:00","","27.8","","21.3","","67","","0.0","","16","","21","","16.1","","97.83","","36","","","","NA"
"-80.38","43.46","KITCHENER/WATERLOO","6144239","2024-08-30 18:00","2024","08","30","18:00","","26.6","","21.0","","71","","0.0","","16","","18","","16.1","","97.78","","35","","","","NA"
"-80.38","43.46","KITCHENER/WATERLOO","6144239","2024-08-30 19:00","2024","08","30","19:00","","24.5","","21.1","","81","","0.0","","15","","11","","16.1","","97.77","","33","","","","NA"
"-80.38","43.46","KITCHENER/WATERLOO","6144239","2024-08-30 20:00","2024","08","30","20:00","","23.5","","21.3","","87","","0.0","","15","","11","","16.1","","97.75","","32","","","","NA"
"-80.38","43.46","KITCHENER/WATERLOO","6144239","2024-08-30 21:00","2024","08","30","21:00","","23.8","","21.2","","85","","0.0","","17","","9","","16.1","","97.80","","32","","","","NA"
"-80.38","43.46","KITCHENER/WATERLOO","6144239","2024-08-30 22:00","2024","08","30","22:00","","21.4","","21.2","","99","","8.9","","23","","15","","11.3","","97.90","","30","","","","Thunderstorms,Moderate Rain"
"-80.38","43.46","KITCHENER/WATERLOO","6144239","2024-08-30 23:00","2024","08","30","23:00","","20.9","","20.4","","97","","3.0","","","M","4","","16.1","","97.79","","29","","","","Rain"
"-80.38","43.46","KITCHENER/WATERLOO","6144239","2024-08-31 00:00","2024","08","31","00:00","","20.3","","20.3","","100","","3.0","","30","","15","","4.8","","97.80","","28","","","","Thunderstorms,Moderate Rain,Fog"
"-80.38","43.46","KITCHENER/WATERLOO","6144239","2024-08-31 01:00","2024","08","31","01:00","","20.9","","20.9","","100","","16.0","","19","","18","","4.0","","97.77","","29","","","","Thunderstorms,Moderate Rain,Fog"
"-80.38","43.46","KITCHENER/WATERLOO","6144239","2024-08-31 02:00","2024","08","31","02:00","","20.2","","20.2","","100","","0.0","","","M","4","","16.1","","97.74","","28","","","","NA"
"-80.38","43.46","KITCHENER/WATERLOO","6144239","2024-08-31 03:00","2024","08","31","03:00","","20.3","","20.3","","100","","0.2","","21","","9","","16.1","","97.74","","28","","","","NA"
"-80.38","43.46","KITCHENER/WATERLOO","6144239","2024-08-31 04:00","2024","08","31","04:00","","20.1","","20.1","","100","","0.0","","","M","4","","9.7","","97.67","","28","","","","Fog"
"-80.38","43.46","KITCHENER/WATERLOO","6144239","2024-08-31 05:00","2024","08","31","05:00","","20.5","","20.5","","100","","0.0","","27","","8","","9.7","","97.68","","28","","","","Fog"
"-80.38","43.46","KITCHENER/WATERLOO","6144239","2024-08-31 06:00","2024","08","31","06:00","","20.7","","20.7","","100","","0.0","","29","","15","","8.1","","97.73","","29","","","","Fog"
"-80.38","43.46","KITCHENER/WATERLOO","6144239","2024-08-31 07:00","2024","08","31","07:00","","20.8","","20.8","","100","","0.0","","31","","11","","9.7","","97.72","","29","","","","Fog"
"-80.38","43.46","KITCHENER/WATERLOO","6144239","2024-08-31 08:00","2024","08","31","08:00","","21.1","","21.1","","100","","0.0","","32","","11","","6.4","","97.69","","30","","","","Fog"
"-80.38","43.46","KITCHENER/WATERLOO","6144239","2024-08-31 09:00","2024","08","31","09:00","","22.5","","21.5","","94","","0.0","","32","","9","","16.1","","97.74","","31","","","","NA"
"-80.38","43.46","KITCHENER/WATERLOO","6144239","2024-08-31 10:00","2024","08","31","10:00","","23.3","","20.2","","83","","0.0","","31","","13","","16.1","","97.76","","31","","","","NA"
"-80.38","43.46","KITCHENER/WATERLOO","6144239","2024-08-31 11:00","2024","08","31","11:00","","24.4","","19.9","","76","","0.0","","28","","13","","16.1","","97.78","","32","","","","NA"
"-80.38","43.46","KITCHENER/WATERLOO","6144239","2024-08-31 12:00","2024","08","31","12:00","","24.5","","17.1","","63","","0.0","","29","","24","","16.1","","97.76","","30","","","","NA"
"-80.38","43.46","KITCHENER/WATERLOO","6144239","2024-08-31 13:00","2024","08","31","13:00","","25.0","","16.1","","57","","0.0","","30","","21","","16.1","","97.74","","30","","","","NA"
"-80.38","43.46","KITCHENER/WATERLOO","6144239","2024-08-31 14:00","2024","08","31","14:00","","25.6","","16.1","","55","","0.0","","32","","22","","16.1","","97.68","","30","","","","NA"
"-80.38","43.46","KITCHENER/WATERLOO","6144239","2024-08-31 15:00","2024","08","31","15:00","","25.8","","15.8","","54","","0.0","","31","","18","","16.1","","97.63","","30","","","","NA"
"-80.38","43.46","KITCHENER/WATERLOO","6144239","2024-08-31 16:00","2024","08","31","16:00","","25.4","","15.1","","52","","0.0","","29","","21","","16.1","","97.57","","29","","","","NA"
"-80.38","43.46","KITCHENER/WATERLOO","6144239","2024-08-31 17:00","2024","08","31","17:00","","24.7","","14.4","","52","","0.0","","29","","18","","16.1","","97.58","","28","","","","NA"
"-80.38","43.46","KITCHENER/WATERLOO","6144239","2024-08-31 18:00","2024","08","31","18:00","","23.2","","14.9","","59","","0.0","","28","","9","","16.1","","97.58","","27","","","","NA"
"-80.38","43.46","KITCHENER/WATERLOO","6144239","2024-08-31 19:00","2024","08","31","19:00","","20.2","","14.0","","67","","0.0","","28","","9","","16.1","","97.59","","","","","","NA"
"-80.38","43.46","KITCHENER/WATERLOO","6144239","2024-08-31 20:00","2024","08","31","20:00","","18.2","","14.8","","80","","0.0","","27","","5","","16.1","","97.61","","","","","","NA"
"-80.38","43.46","KITCHENER/WATERLOO","6144239","2024-08-31 21:00","2024","08","31","21:00","","16.2","","14.9","","92","","0.0","","20","","4","","16.1","","97.63","","","","","","NA"
"-80.38","43.46","KITCHENER/WATERLOO","6144239","2024-08-31 22:00","2024","08","31","22:00","","14.7","","14.7","","100","","0.0","","19","","4","","16.1","","97.59","","","","","","NA"
"-80.38","43.46","KITCHENER/WATERLOO","6144239","2024-08-31 23:00","2024","08","31","23:00","","14.3","","14.3","","100","","0.0","","","","0","","16.1","","97.53","","","","","","NA"
