"Longitude (x)","Latitude (y)","Station Name","Climate ID","Date/Time (LST)","Year","Month","Day","Time (LST)","Flag","Temp (°C)","Temp Flag","Dew Point Temp (°C)","Dew Point Temp Flag","Rel Hum (%)","Rel Hum Flag","Precip. Amount (mm)","Precip. Amount Flag","Wind Dir (10s deg)","Wind Dir Flag","Wind Spd (km/h)","Wind Spd Flag","Visibility (km)","Visibility Flag","Stn Press (kPa)","Stn Press Flag","Hmdx","Hmdx Flag","Wind Chill","Wind Chill Flag","Weather"
"-80.38","43.46","KITCHENER/WATERLOO","6144239","2025-11-01 00:00","2025","11","01","00:00","","5.6","","0.4","","69","","0.0","","29","","17","","16.1","","97.10","","","","","","NA"
"-80.38","43.46","KITCHENER/WATERLOO","6144239","2025-11-01 01:00","2025","11","01","01:00","","5.5","","0.8","","72","","0.0","","28","","13","","16.1","","97.14","","","","","","NA"
"-80.38","43.46","KITCHENER/WATERLOO","6144239","2025-11-01 02:00","2025","11","01","02:00","","4.5","","0.8","","77","","0.0","","29","","13","","16.1","","97.19","","","","","","NA"
"-80.38","43.46","KITCHENER/WATERLOO","6144239","2025-11-01 03:00","2025","11","01","03:00","","2.2","","0.1","","86","","0.0","","26","","9","","16.1","","97.25","","","","","","NA"
"-80.38","43.46","KITCHENER/WATERLOO","6144239","2025-11-01 04:00","2025","11","01","04:00","","2.7","","0.9","","88","","0.0","","28","","13","","16.1","","97.31","","","","","","NA"
"-80.38","43.46","KITCHENER/WATERLOO","6144239","2025-11-01 05:00","2025","11","01","05:00","","2.4","","0.9","","90","","0.0","","29","","9","","16.1","","97.36","","","","","","NA"
"-80.38","43.46","KITCHENER/WATERLOO","6144239","2025-11-01 06:00","2025","11","01","06:00","","3.2","","1.6","","89","","0.0","","27","","9","","16.1","","97.43","","","","","","NA"
"-80.38","43.46","KITCHENER/WATERLOO","6144239","2025-11-01 07:00","2025","11","01","07:00","","3.1","","1.1","","87","","0.0","","27","","9","","16.1","","97.50","","","","","","NA"
"-80.38","43.46","KITCHENER/WATERLOO","6144239","2025-11-01 08:00","2025","11","01","08:00","","3.8","","1.8","","87","","0.0","","","M","4","","16.1","","97.59","","","","","","NA"
"-80.38","43.46","KITCHENER/WATERLOO","6144239","2025-11-01 09:00","2025","11","01","09:00","","5.2","","2.1","","80","","0.0","","28","","9","","16.1","","97.68","","","","","","NA"
"-80.38","43.46","KITCHENER/WATERLOO","6144239","2025-11-01 10:00","2025","11","01","10:00","","5.6","","1.9","","77","","0.0","","31","","8","","16.1","","97.74","","","","","","NA"
"-80.38","43.46","KITCHENER/WATERLOO","6144239","2025-11-01 11:00","2025","11","01","11:00","","6.6","","2.2","","74","","0.0","","27","","13","","16.1","","97.76","","","","","","NA"
"-80.38","43.46","KITCHENER/WATERLOO","6144239","2025-11-01 12:00","2025","11","01","12:00","","7.3","","2.5","","71","","0.0","","31","","13","","16.1","","97.76","","","","","","NA"
"-80.38","43.46","KITCHENER/WATERLOO","6144239","2025-11-01 13:00","2025","11","01","13:00","","7.2","","2.3","","71","","0.0","","33","","18","","16.1","","97.77","","","","","","NA"
"-80.38","43.46","KITCHENER/WATERLOO","6144239","2025-11-01 14:00","2025","11","01","14:00","","8.0","","2.2","","67","","0.0","","33","","18","","16.1","","97.79","","","","","","NA"
"-80.38","43.46","KITCHENER/WATERLOO","6144239","2025-11-01 15:00","2025","11","01","15:00","","8.7","","2.0","","63","","0.0","","28","","17","","16.1","","97.82","","","","","","NA"
"-80.38","43.46","KITCHENER/WATERLOO","6144239","2025-11-01 16:00","2025","11","01","16:00","","7.8","","1.5","","64","","0.0","","29","","17","","16.1","","97.87","","","","","","NA"
"-80.38","43.46","KITCHENER/WATERLOO","6144239","2025-11-01 17:00","2025","11","01","17:00","","6.2","","1.0","","69","","0.0","","30","","9","","16.1","","97.92","","","","","","NA"
"-80.38","43.46","KITCHENER/WATERLOO","6144239","2025-11-01 18:00","2025","11","01","18:00","","3.9","","1.1","","82","","0.0","","31","","8","","16.1","","97.97","","","","","","NA"
"-80.38","43.46","KITCHENER/WATERLOO","6144239","2025-11-01 19:00","2025","11","01","19:00","","3.8","","0.7","","80","","0.0","","35","","5","","16.1","","98.06","","","","","","NA"
"-80.38","43.46","KITCHENER/WATERLOO","6144239","2025-11-01 20:00","2025","11","01","20:00","","0.9","","-0.9","","88","","0.0","","29","","4","","16.1","","98.12","","","","","","NA"
"-80.38","43.46","KITCHENER/WATERLOO","6144239","2025-11-01 21:00","2025","11","01","21:00","","0.1","","-0.6","","95","","0.0","","30","","4","","16.1","","98.18","","","","","","NA"
"-80.38","43.46","KITCHENER/WATERLOO","6144239","2025-11-01 22:00","2025","11","01","22:00","","0.2","","-0.4","","96","","0.0","","","","0","","16.1","","98.21","","","","","","NA"
"-80.38","43.46","KITCHENER/WATERLOO","6144239","2025-11-01 23:00","2025","11","01","23:00","","0.6","","-0.3","","94","","0.0","","33","","5","","16.1","","98.25","","","","","","NA"
"-80.38","43.46","KITCHENER/WATERLOO","6144239","2025-11-02 00:00","2025","11","02","00:00","","-0.5","","-1.1","","96","","0.0","","","","0","","16.1","","98.29","","","","","","NA"
"-80.38","43.46","KITCHENER/WATERLOO","6144239","2025-11-02 01:00","2025","11","02","01:00","","-2.9","","-3.3","","97","","0.0","","","M","4","","16.1","","98.31","","","","-4","","NA"
"-80.38","43.46","KITCHENER/WATERLOO","6144239","2025-11-02 02:00","2025","11","02","02:00","","-2.7","","-3.3","","96","","0.0","","35","","4","","12.9","","98.34","","","","-4","","NA"
"-80.38","43.46","KITCHENER/WATERLOO","6144239","2025-11-02 03:00","2025","11","02","03:00","","-2.0","","-2.6","","96","","0.0","","","","0","","16.1","","98.37","","","","","","NA"
"-80.38","43.46","KITCHENER/WATERLOO","6144239","2025-11-02 04:00","2025","11","02","04:00","","-2.8","","-3.4","","95","","0.0","","10","","5","","16.1","","98.37","","","","-5","","NA"
"-80.38","43.46","KITCHENER/WATERLOO","6144239","2025-11-02 05:00","2025","11","02","05:00","","-3.8","","-4.4","","96","","0.0","","","","0","","16.1","","98.45","","","","","","NA"
"-80.38","43.46","KITCHENER/WATERLOO","6144239","2025-11-02 06:00","2025","11","02","06:00","","-3.9","","-4.5","","96","","0.0","","","","0","","16.1","","98.50","","","","","","NA"
"-80.38","43.46","KITCHENER/WATERLOO","6144239","2025-11-02 07:00","2025","11","02","07:00","","-3.8","","-4.3","","97","","0.0","","","","0","","16.1","","98.54","","","","","","NA"
"-80.38","43.46","KITCHENER/WATERLOO","6144239","2025-11-02 08:00","2025","11","02","08:00","","-2.1","","-2.7","","96","","0.0","","13","","5","","16.1","","98.59","","","","-4","","NA"
"-80.38","43.46","KITCHENER/WATERLOO","6144239","2025-11-02 09:00","2025","11","02","09:00","","1.4","","-0.1","","90","","0.0","","","M","4","","16.1","","98.65","","","","","","NA"
"-80.38","43.46","KITCHENER/WATERLOO","6144239","2025-11-02 10:00","2025","11","02","10:00","","5.5","","1.2","","74","","0.0","","13","","5","","16.1","","98.63","","","","","","NA"
"-80.38","43.46","KITCHENER/WATERLOO","6144239","2025-11-02 11:00","2025","11","02","11:00","","6.9","","0.5","","64","","0.0","","14","","13","","16.1","","98.61","","","","","","NA"
"-80.38","43.46","KITCHENER/WATERLOO","6144239","2025-11-02 12:00","2025","11","02","12:00","","7.4","","1.6","","66","","0.0","","16","","11","","16.1","","98.55","","","","","","NA"
"-80.38","43.46","KITCHENER/WATERLOO","6144239","2025-11-02 13:00","2025","11","02","13:00","","8.4","","2.2","","65","","0.0","","17","","9","","16.1","","98.44","","","","","","NA"
"-80.38","43.46","KITCHENER/WATERLOO","6144239","2025-11-02 14:00","2025","11","02","14:00","","9.6","","2.8","","62","","0.0","","18","","13","","16.1","","98.35","","","","","","NA"
"-80.38","43.46","KITCHENER/WATERLOO","6144239","2025-11-02 15:00","2025","11","02","15:00","","9.9","","4.4","","68","","0.0","","18","","9","","16.1","","98.32","","","","","","NA"
"-80.38","43.46","KITCHENER/WATERLOO","6144239","2025-11-02 16:00","2025","11","02","16:00","","10.0","","5.2","","72","","0.0","","18","","11","","16.1","","98.28","","","","","","NA"
"-80.38","43.46","KITCHENER/WATERLOO","6144239","2025-11-02 17:00","2025","11","02","17:00","","9.2","","5.0","","75","","0.0","","18","","11","","16.1","","98.25","","","","","","NA"
"-80.38","43.46","KITCHENER/WATERLOO","6144239","2025-11-02 18:00","2025","11","02","18:00","","7.6","","1.7","","66","","0.0","","19","","13","","16.1","","98.28","","","","","","NA"
"-80.38","43.46","KITCHENER/WATERLOO","6144239","2025-11-02 19:00","2025","11","02","19:00","","6.5","","1.2","","69","","0.0","","19","","13","","16.1","","98.26","","","","","","NA"
"-80.38","43.46","KITCHENER/WATERLOO","6144239","2025-11-02 20:00","2025","11","02","20:00","","5.4","","1.3","","75","","0.0","","21","","9","","16.1","","98.24","","","","","","NA"
"-80.38","43.46","KITCHENER/WATERLOO","6144239","2025-11-02 21:00","2025","11","02","21:00","","4.9","","1.9","","81","","0.0","","20","","9","","16.1","","98.19","","","","","","NA"
"-80.38","43.46","KITCHENER/WATERLOO","6144239","2025-11-02 22:00","2025","11","02","22:00","","4.7","","2.3","","84","","0.0","","21","","13","","16.1","","98.18","","","","","","NA"
"-80.38","43.46","KITCHENER/WATERLOO","6144239","2025-11-02 23:00","2025","11","02","23:00","","4.8","","2.3","","84","","0.0","","19","","11","","16.1","","98.10","","","","","","NA"
"-80.38","43.46","KITCHENER/WATERLOO","6144239","2025-11-03 00:00","2025","11","03","00:00","","5.4","","1.7","","77","","0.0","","22","","17","","16.1","","98.09","","","","","","NA"
"-80.38","43.46","KITCHENER/WATERLOO","6144239","2025-11-03 01:00","2025","11","03","01:00","","5.0","","1.8","","80","","0.0","","21","","13","","16.1","","98.04","","","","","","NA"
"-80.38","43.46","KITCHENER/WATERLOO","6144239","2025-11-03 02:00","2025","11","03","02:00","","4.0","","1.9","","86","","0.0","","23","","13","","16.1","","98.01","","","","","","NA"
"-80.38","43.46","KITCHENER/WATERLOO","6144239","2025-11-03 03:00","2025","11","03","03:00","","4.8","","2.5","","85","","0.0","","23","","15","","16.1","","97.87","","","","","","NA"
"-80.38","43.46","KITCHENER/WATERLOO","6144239","2025-11-03 04:00","2025","11","03","04:00","","5.6","","2.6","","81","","0.0","","22","","15","","16.1","","97.78","","","","","","NA"
"-80.38","43.46","KITCHENER/WATERLOO","6144239","2025-11-03 05:00","2025","11","03","05:00","","6.1","","3.0","","80","","0.0","","22","","17","","16.1","","97.74","","","","","","NA"
"-80.38","43.46","KITCHENER/WATERLOO","6144239","2025-11-03 06:00","2025","11","03","06:00","","6.3","","2.5","","77","","0.0","","22","","18","","16.1","","97.69","","","","","","NA"
"-80.38","43.46","KITCHENER/WATERLOO","6144239","2025-11-03 07:00","2025","11","03","07:00","","6.5","","2.0","","73","","0.0","","20","","22","","16.1","","97.55","","","","","","NA"
"-80.38","43.46","KITCHENER/WATERLOO","6144239","2025-11-03 08:00","2025","11","03","08:00","","6.5","","2.0","","73","","0.0","","22","","21","","16.1","","97.53","","","","","","NA"
"-80.38","43.46","KITCHENER/WATERLOO","6144239","2025-11-03 09:00","2025","11","03","09:00","","7.1","","1.5","","67","","0.0","","21","","34","","16.1","","97.42","","","","","","NA"
"-80.38","43.46","KITCHENER/WATERLOO","6144239","2025-11-03 10:00","2025","11","03","10:00","","6.8","","1.6","","70","","0.0","","23","","39","","16.1","","97.44","","","","","","Rain"
"-80.38","43.46","KITCHENER/WATERLOO","6144239","2025-11-03 11:00","2025","11","03","11:00","","4.7","","3.1","","89","","3.0","","23","","28","","16.1","","97.40","","","","","","Moderate Rain"
"-80.38","43.46","KITCHENER/WATERLOO","6144239","2025-11-03 12:00","2025","11","03","12:00","","5.1","","3.6","","90","","0.8","","23","","24","","16.1","","97.30","","","","","","Rain"
"-80.38","43.46","KITCHENER/WATERLOO","6144239","2025-11-03 13:00","2025","11","03","13:00","","5.8","","4.3","","90","","0.0","","24","","34","","16.1","","97.22","","","","","","NA"
"-80.38","43.46","KITCHENER/WATERLOO","6144239","2025-11-03 14:00","2025","11","03","14:00","","8.7","","5.9","","82","","0.0","","24","","30","","16.1","","97.19","","","","","","NA"
"-80.38","43.46","KITCHENER/WATERLOO","6144239","2025-11-03 15:00","2025","11","03","15:00","","9.4","","3.4","","66","","0.0","","27","","41","","16.1","","97.21","","","","","","NA"
"-80.38","43.46","KITCHENER/WATERLOO","6144239","2025-11-03 16:00","2025","11","03","16:00","","9.7","","2.8","","62","","0.0","","27","","34","","16.1","","97.30","","","","","","NA"
"-80.38","43.46","KITCHENER/WATERLOO","6144239","2025-11-03 17:00","2025","11","03","17:00","","8.5","","4.3","","75","","0.2","","24","","21","","16.1","","97.35","","","","","","NA"
"-80.38","43.46","KITCHENER/WATERLOO","6144239","2025-11-03 18:00","2025","11","03","18:00","","8.9","","1.5","","60","","0.0","","26","","22","","16.1","","97.44","","","","","","NA"
"-80.38","43.46","KITCHENER/WATERLOO","6144239","2025-11-03 19:00","2025","11","03","19:00","","8.3","","0.1","","56","","0.0","","27","","26","","16.1","","97.50","","","","","","NA"
"-80.38","43.46","KITCHENER/WATERLOO","6144239","2025-11-03 20:00","2025","11","03","20:00","","7.7","","-0.5","","56","","0.0","","27","","21","","16.1","","97.60","","","","","","NA"
"-80.38","43.46","KITCHENER/WATERLOO","6144239","2025-11-03 21:00","2025","11","03","21:00","","7.6","","-0.4","","57","","0.0","","26","","21","","16.1","","97.65","","","","","","NA"
"-80.38","43.46","KITCHENER/WATERLOO","6144239","2025-11-03 22:00","2025","11","03","22:00","","7.1","","-0.6","","58","","0.0","","26","","22","","16.1","","97.71","","","","","","NA"
"-80.38","43.46","KITCHENER/WATERLOO","6144239","2025-11-03 23:00","2025","11","03","23:00","","6.4","","0.1","","64","","0.0","","26","","17","","16.1","","97.78","","","","","","NA"
"-80.38","43.46","KITCHENER/WATERLOO","6144239","2025-11-04 00:00","2025","11","04","00:00","","6.0","","0.1","","66","","0.0","","28","","17","","16.1","","97.84","","","","","","NA"
"-80.38","43.46","KITCHENER/WATERLOO","6144239","2025-11-04 01:00","2025","11","04","01:00","","4.1","","-0.5","","72","","0.0","","27","","15","","16.1","","97.89","","","","","","NA"
"-80.38","43.46","KITCHENER/WATERLOO","6144239","2025-11-04 02:00","2025","11","04","02:00","","3.3","","-0.8","","75","","0.0","","27","","11","","16.1","","97.96","","","","","","NA"
"-80.38","43.46","KITCHENER/WATERLOO","6144239","2025-11-04 03:00","2025","11","04","03:00","","3.1","","-0.8","","76","","0.0","","26","","11","","16.1","","97.99","","","","","","NA"
"-80.38","43.46","KITCHENER/WATERLOO","6144239","2025-11-04 04:00","2025","11","04","04:00","","3.1","","-1.8","","70","","0.0","","25","","13","","16.1","","98.02","","","","","","NA"
"-80.38","43.46","KITCHENER/WATERLOO","6144239","2025-11-04 05:00","2025","11","04","05:00","","2.5","","-2.2","","71","","0.0","","23","","9","","16.1","","98.06","","","","","","NA"
"-80.38","43.46","KITCHENER/WATERLOO","6144239","2025-11-04 06:00","2025","11","04","06:00","","2.9","","-1.9","","71","","0.0","","24","","8","","16.1","","98.08","","","","","","NA"
"-80.38","43.46","KITCHENER/WATERLOO","6144239","2025-11-04 07:00","2025","11","04","07:00","","3.8","","0.1","","77","","0.0","","24","","11","","16.1","","98.11","","","","","","NA"
"-80.38","43.46","KITCHENER/WATERLOO","6144239","2025-11-04 08:00","2025","11","04","08:00","","5.1","","1.2","","76","","0.0","","25","","17","","16.1","","98.16","","","","","","NA"
"-80.38","43.46","KITCHENER/WATERLOO","6144239","2025-11-04 09:00","2025","11","04","09:00","","7.5","","1.4","","65","","0.0","","25","","21","","16.1","","98.21","","","","","","NA"
"-80.38","43.46","KITCHENER/WATERLOO","6144239","2025-11-04 10:00","2025","11","04","10:00","","9.4","","1.9","","59","","0.0","","26","","26","","16.1","","98.22","","","","","","NA"
"-80.38","43.46","KITCHENER/WATERLOO","6144239","2025-11-04 11:00","2025","11","04","11:00","","10.9","","1.4","","52","","0.0","","28","","28","","16.1","","98.22","","","","","","NA"
"-80.38","43.46","KITCHENER/WATERLOO","6144239","2025-11-04 12:00","2025","11","04","12:00","","11.6","","0.9","","48","","0.0","","28","","30","","16.1","","98.17","","","","","","NA"
"-80.38","43.46","KITCHENER/WATERLOO","6144239","2025-11-04 13:00","2025","11","04","13:00","","11.6","","-1.3","","41","","0.0","","27","","30","","16.1","","98.13","","","","","","NA"
"-80.38","43.46","KITCHENER/WATERLOO","6144239","2025-11-04 14:00","2025","11","04","14:00","","11.1","","-1.4","","42","","0.0","","26","","28","","16.1","","98.11","","","","","","NA"
"-80.38","43.46","KITCHENER/WATERLOO","6144239","2025-11-04 15:00","2025","11","04","15:00","","9.9","","-0.7","","48","","0.0","","27","","30","","16.1","","98.11","","","","","","NA"
"-80.38","43.46","KITCHENER/WATERLOO","6144239","2025-11-04 16:00","2025","11","04","16:00","","9.9","","-0.3","","49","","0.0","","29","","21","","16.1","","98.13","","","","","","NA"
"-80.38","43.46","KITCHENER/WATERLOO","6144239","2025-11-04 17:00","2025","11","04","17:00","","9.2","","-1.2","","48","","0.0","","29","","15","","16.1","","98.15","","","","","","NA"
"-80.38","43.46","KITCHENER/WATERLOO","6144239","2025-11-04 18:00","2025","11","04","18:00","","7.4","","1.3","","65","","0.0","","30","","9","","16.1","","98.22","","","","","","NA"
"-80.38","43.46","KITCHENER/WATERLOO","6144239","2025-11-04 19:00","2025","11","04","19:00","","6.6","","-0.8","","59","","0.0","","26","","8","","16.1","","98.22","","","","","","NA"
"-80.38","43.46","KITCHENER/WATERLOO","6144239","2025-11-04 20:00","2025","11","04","20:00","","5.0","","-0.9","","65","","0.0","","20","","8","","16.1","","98.19","","","","","","NA"
"-80.38","43.46","KITCHENER/WATERLOO","6144239","2025-11-04 21:00","2025","11","04","21:00","","3.9","","0.1","","76","","0.0","","","","0","","16.1","","98.13","","","","","","NA"
"-80.38","43.46","KITCHENER/WATERLOO","6144239","2025-11-04 22:00","2025","11","04","22:00","","4.3","","-0.2","","73","","0.0","","19","","5","","16.1","","98.11","","","","","","NA"
"-80.38","43.46","KITCHENER/WATERLOO","6144239","2025-11-04 23:00","2025","11","04","23:00","","5.4","","-0.2","","67","","0.0","","19","","5","","16.1","","98.02","","","","","","NA"
"-80.38","43.46","KITCHENER/WATERLOO","6144239","2025-11-05 00:00","2025","11","05","00:00","","5.5","","-0.6","","65","","0.0","","","","0","","16.1","","98.04","","","","","","NA"
"-80.38","43.46","KITCHENER/WATERLOO","6144239","2025-11-05 01:00","2025","11","05","01:00","","4.3","","1.3","","81","","0.0","","11","","5","","16.1","","97.97","","","","","","NA"
"-80.38","43.46","KITCHENER/WATERLOO","6144239","2025-11-05 02:00","2025","11","05","02:00","","4.7","","1.3","","79","","0.0","","","","0","","16.1","","97.88","","","","","","NA"
"-80.38","43.46","KITCHENER/WATERLOO","6144239","2025-11-05 03:00","2025","11","05","03:00","","4.5","","1.7","","82","","0.0","","7","","4","","16.1","","97.76","","","","","","NA"
"-80.38","43.46","KITCHENER/WATERLOO","6144239","2025-11-05 04:00","2025","11","05","04:00","","5.1","","0.8","","74","","0.0","","12","","5","","16.1","","97.60","","","","","","NA"
"-80.38","43.46","KITCHENER/WATERLOO","6144239","2025-11-05 05:00","2025","11","05","05:00","","6.0","","0.1","","66","","0.0","","12","","9","","16.1","","97.43","","","","","","NA"
"-80.38","43.46","KITCHENER/WATERLOO","6144239","2025-11-05 06:00","2025","11","05","06:00","","6.8","","2.7","","75","","0.0","","14","","17","","16.1","","97.24","","","","","","NA"
"-80.38","43.46","KITCHENER/WATERLOO","6144239","2025-11-05 07:00","2025","11","05","07:00","","7.4","","3.5","","76","","0.0","","14","","15","","16.1","","97.06","","","","","","NA"
"-80.38","43.46","KITCHENER/WATERLOO","6144239","2025-11-05 08:00","2025","11","05","08:00","","8.5","","3.2","","69","","0.0","","17","","22","","16.1","","96.90","","","","","","NA"
"-80.38","43.46","KITCHENER/WATERLOO","6144239","2025-11-05 09:00","2025","11","05","09:00","","9.5","","4.4","","70","","0.0","","19","","21","","16.1","","96.75","","","","","","NA"
"-80.38","43.46","KITCHENER/WATERLOO","6144239","2025-11-05 10:00","2025","11","05","10:00","","10.8","","6.2","","73","","0.0","","23","","24","","16.1","","96.69","","","","","","NA"
"-80.38","43.46","KITCHENER/WATERLOO","6144239","2025-11-05 11:00","2025","11","05","11:00","","10.6","","5.9","","73","","0.0","","24","","22","","16.1","","96.61","","","","","","NA"
"-80.38","43.46","KITCHENER/WATERLOO","6144239","2025-11-05 12:00","2025","11","05","12:00","","10.6","","6.2","","74","","0.0","","25","","34","","16.1","","96.53","","","","","","NA"
"-80.38","43.46","KITCHENER/WATERLOO","6144239","2025-11-05 13:00","2025","11","05","13:00","","10.0","","6.7","","80","","0.0","","24","","28","","16.1","","96.47","","","","","","NA"
"-80.38","43.46","KITCHENER/WATERLOO","6144239","2025-11-05 14:00","2025","11","05","14:00","","9.7","","7.7","","87","","0.0","","25","","22","","16.1","","96.46","","","","","","Rain"
"-80.38","43.46","KITCHENER/WATERLOO","6144239","2025-11-05 15:00","2025","11","05","15:00","","8.6","","6.2","","85","","0.2","","28","","32","","16.1","","96.58","","","","","","Rain"
"-80.38","43.46","KITCHENER/WATERLOO","6144239","2025-11-05 16:00","2025","11","05","16:00","","8.1","","5.2","","82","","0.0","","30","","28","","16.1","","96.69","","","","","","NA"
"-80.38","43.46","KITCHENER/WATERLOO","6144239","2025-11-05 17:00","2025","11","05","17:00","","7.1","","3.7","","79","","0.0","","30","","37","","16.1","","96.84","","","","","","NA"
"-80.38","43.46","KITCHENER/WATERLOO","6144239","2025-11-05 18:00","2025","11","05","18:00","","6.1","","3.4","","83","","0.2","","31","","28","","16.1","","97.04","","","","","","Rain"
"-80.38","43.46","KITCHENER/WATERLOO","6144239","2025-11-05 19:00","2025","11","05","19:00","","5.3","","3.5","","88","","0.2","","29","","28","","16.1","","97.20","","","","","","Rain"
"-80.38","43.46","KITCHENER/WATERLOO","6144239","2025-11-05 20:00","2025","11","05","20:00","","4.3","","2.3","","87","","0.8","","31","","28","","16.1","","97.35","","","","","","Rain"
"-80.38","43.46","KITCHENER/WATERLOO","6144239","2025-11-05 21:00","2025","11","05","21:00","","3.9","","1.9","","87","","0.0","","29","","22","","16.1","","97.43","","","","","","NA"
"-80.38","43.46","KITCHENER/WATERLOO","6144239","2025-11-05 22:00","2025","11","05","22:00","","4.0","","0.9","","80","","0.0","","30","","26","","16.1","","97.51","","","","","","NA"
"-80.38","43.46","KITCHENER/WATERLOO","6144239","2025-11-05 23:00","2025","11","05","23:00","","3.5","","-0.3","","76","","0.0","","28","","24","","16.1","","97.59","","","","","","NA"
"-80.38","43.46","KITCHENER/WATERLOO","6144239","2025-11-06 00:00","2025","11","06","00:00","","3.5","","-0.3","","76","","0.0","","30","","35","","16.1","","97.63","","","","","","NA"
"-80.38","43.46","KITCHENER/WATERLOO","6144239","2025-11-06 01:00","2025","11","06","01:00","","2.9","","-0.7","","77","","0.0","","28","","26","","16.1","","97.70","","","","","","NA"
"-80.38","43.46","KITCHENER/WATERLOO","6144239","2025-11-06 02:00","2025","11","06","02:00","","3.0","","0.1","","81","","0.0","","30","","21","","16.1","","97.78","","","","","","NA"
"-80.38","43.46","KITCHENER/WATERLOO","6144239","2025-11-06 03:00","2025","11","06","03:00","","2.8","","0.2","","83","","0.0","","31","","17","","16.1","","97.83","","","","","","NA"
"-80.38","43.46","KITCHENER/WATERLOO","6144239","2025-11-06 04:00","2025","11","06","04:00","","2.3","","0.2","","86","","0.0","","29","","21","","16.1","","97.91","","","","","","NA"
"-80.38","43.46","KITCHENER/WATERLOO","6144239","2025-11-06 05:00","2025","11","06","05:00","","1.5","","0.0","","90","","0.0","","28","","13","","16.1","","97.96","","","","","","NA"
"-80.38","43.46","KITCHENER/WATERLOO","6144239","2025-11-06 06:00","2025","11","06","06:00","","2.5","","0.2","","85","","0.0","","28","","22","","16.1","","98.06","","","","","","NA"
"-80.38","43.46","KITCHENER/WATERLOO","6144239","2025-11-06 07:00","2025","11","06","07:00","","2.3","","-0.1","","84","","0.0","","29","","15","","16.1","","98.14","","","","","","NA"
"-80.38","43.46","KITCHENER/WATERLOO","6144239","2025-11-06 08:00","2025","11","06","08:00","","2.4","","0.0","","84","","0.0","","29","","9","","16.1","","98.21","","","","","","NA"
"-80.38","43.46","KITCHENER/WATERLOO","6144239","2025-11-06 09:00","2025","11","06","09:00","","3.2","","-0.9","","75","","0.0","","29","","11","","16.1","","98.27","","","","","","NA"
"-80.38","43.46","KITCHENER/WATERLOO","6144239","2025-11-06 10:00","2025","11","06","10:00","","3.7","","-1.8","","67","","0.0","","30","","15","","16.1","","98.33","","","","","","NA"
"-80.38","43.46","KITCHENER/WATERLOO","6144239","2025-11-06 11:00","2025","11","06","11:00","","4.7","","-1.7","","63","","0.0","","34","","9","","16.1","","98.34","","","","","","NA"
"-80.38","43.46","KITCHENER/WATERLOO","6144239","2025-11-06 12:00","2025","11","06","12:00","","5.0","","-1.6","","62","","0.0","","26","","8","","16.1","","98.28","","","","","","NA"
"-80.38","43.46","KITCHENER/WATERLOO","6144239","2025-11-06 13:00","2025","11","06","13:00","","5.4","","-0.7","","65","","0.0","","30","","15","","16.1","","98.24","","","","","","NA"
"-80.38","43.46","KITCHENER/WATERLOO","6144239","2025-11-06 14:00","2025","11","06","14:00","","5.9","","-1.4","","60","","0.0","","27","","18","","16.1","","98.18","","","","","","NA"
"-80.38","43.46","KITCHENER/WATERLOO","6144239","2025-11-06 15:00","2025","11","06","15:00","","6.0","","-1.2","","60","","0.0","","29","","18","","16.1","","98.14","","","","","","NA"
"-80.38","43.46","KITCHENER/WATERLOO","6144239","2025-11-06 16:00","2025","11","06","16:00","","5.3","","-2.1","","59","","0.0","","28","","18","","16.1","","98.15","","","","","","NA"
"-80.38","43.46","KITCHENER/WATERLOO","6144239","2025-11-06 17:00","2025","11","06","17:00","","4.2","","-2.2","","63","","0.0","","27","","11","","16.1","","98.15","","","","","","NA"
"-80.38","43.46","KITCHENER/WATERLOO","6144239","2025-11-06 18:00","2025","11","06","18:00","","2.9","","-3.4","","64","","0.0","","27","","13","","16.1","","98.16","","","","","","NA"
"-80.38","43.46","KITCHENER/WATERLOO","6144239","2025-11-06 19:00","2025","11","06","19:00","","0.9","","-3.6","","72","","0.0","","22","","4","","16.1","","98.11","","","","","","NA"
"-80.38","43.46","KITCHENER/WATERLOO","6144239","2025-11-06 20:00","2025","11","06","20:00","","-1.7","","-4.4","","82","","0.0","","16","","5","","16.1","","98.05","","","","-4","","NA"
"-80.38","43.46","KITCHENER/WATERLOO","6144239","2025-11-06 21:00","2025","11","06","21:00","","-2.1","","-4.7","","83","","0.0","","15","","4","","16.1","","97.98","","","","-4","","NA"
"-80.38","43.46","KITCHENER/WATERLOO","6144239","2025-11-06 22:00","2025","11","06","22:00","","-0.6","","-1.9","","91","","0.0","","","","0","","16.1","","97.94","","","","","","NA"
"-80.38","43.46","KITCHENER/WATERLOO","6144239","2025-11-06 23:00","2025","11","06","23:00","","-0.4","","-1.8","","91","","0.0","","9","","4","","16.1","","97.84","","","","-2","","NA"
"-80.38","43.46","KITCHENER/WATERLOO","6144239","2025-11-07 00:00","2025","11","07","00:00","","0.9","","-1.5","","84","","0.0","","14","","9","","16.1","","97.74","","","","","","NA"
"-80.38","43.46","KITCHENER/WATERLOO","6144239","2025-11-07 01:00","2025","11","07","01:00","","1.8","","-1.9","","77","","0.0","","15","","11","","16.1","","97.69","","","","","","NA"
"-80.38","43.46","KITCHENER/WATERLOO","6144239","2025-11-07 02:00","2025","11","07","02:00","","1.6","","-2.4","","75","","0.0","","14","","8","","16.1","","97.59","","","","","","NA"
"-80.38","43.46","KITCHENER/WATERLOO","6144239","2025-11-07 03:00","2025","11","07","03:00","","1.0","","-2.0","","80","","0.0","","12","","9","","16.1","","97.45","","","","","","NA"
"-80.38","43.46","KITCHENER/WATERLOO","6144239","2025-11-07 04:00","2025","11","07","04:00","","2.9","","-0.1","","81","","0.0","","14","","13","","16.1","","97.26","","","","","","NA"
"-80.38","43.46","KITCHENER/WATERLOO","6144239","2025-11-07 05:00","2025","11","07","05:00","","4.3","","0.5","","76","","0.0","","14","","22","","16.1","","97.06","","","","","","NA"
"-80.38","43.46","KITCHENER/WATERLOO","6144239","2025-11-07 06:00","2025","11","07","06:00","","4.6","","1.0","","77","","0.0","","15","","22","","16.1","","96.90","","","","","","NA"
"-80.38","43.46","KITCHENER/WATERLOO","6144239","2025-11-07 07:00","2025","11","07","07:00","","4.9","","1.2","","77","","0.0","","14","","21","","16.1","","96.70","","","","","","NA"
"-80.38","43.46","KITCHENER/WATERLOO","6144239","2025-11-07 08:00","2025","11","07","08:00","","5.7","","0.9","","71","","0.0","","16","","26","","16.1","","96.53","","","","","","NA"
"-80.38","43.46","KITCHENER/WATERLOO","6144239","2025-11-07 09:00","2025","11","07","09:00","","6.8","","-0.2","","61","","0.0","","15","","22","","16.1","","96.38","","","","","","NA"
"-80.38","43.46","KITCHENER/WATERLOO","6144239","2025-11-07 10:00","2025","11","07","10:00","","5.6","","2.2","","79","","0.8","","17","","13","","8.1","","96.30","","","","","","Moderate Rain"
"-80.38","43.46","KITCHENER/WATERLOO","6144239","2025-11-07 11:00","2025","11","07","11:00","","5.4","","3.4","","87","","3.0","","17","","13","","14.5","","96.15","","","","","","Moderate Rain"
"-80.38","43.46","KITCHENER/WATERLOO","6144239","2025-11-07 12:00","2025","11","07","12:00","","6.6","","5.6","","93","","1.0","","19","","15","","16.1","","95.99","","","","","","NA"
"-80.38","43.46","KITCHENER/WATERLOO","6144239","2025-11-07 13:00","2025","11","07","13:00","","8.1","","6.7","","91","","0.0","","22","","30","","12.9","","95.87","","","","","","Rain"
"-80.38","43.46","KITCHENER/WATERLOO","6144239","2025-11-07 14:00","2025","11","07","14:00","","8.4","","7.5","","94","","0.2","","23","","28","","4.0","","95.85","","","","","","Rain,Fog"
"-80.38","43.46","KITCHENER/WATERLOO","6144239","2025-11-07 15:00","2025","11","07","15:00","","8.8","","7.7","","93","","0.0","","24","","21","","14.5","","95.87","","","","","","NA"
"-80.38","43.46","KITCHENER/WATERLOO","6144239","2025-11-07 16:00","2025","11","07","16:00","","8.8","","7.7","","93","","0.0","","24","","21","","6.4","","95.92","","","","","","Fog"
"-80.38","43.46","KITCHENER/WATERLOO","6144239","2025-11-07 17:00","2025","11","07","17:00","","8.8","","7.6","","92","","0.0","","24","","21","","11.3","","95.94","","","","","","NA"
"-80.38","43.46","KITCHENER/WATERLOO","6144239","2025-11-07 18:00","2025","11","07","18:00","","8.7","","7.6","","93","","0.0","","23","","21","","8.1","","95.97","","","","","","Fog"
"-80.38","43.46","KITCHENER/WATERLOO","6144239","2025-11-07 19:00","2025","11","07","19:00","","9.0","","7.6","","91","","0.0","","24","","24","","8.1","","96.01","","","","","","Fog"
"-80.38","43.46","KITCHENER/WATERLOO","6144239","2025-11-07 20:00","2025","11","07","20:00","","9.2","","7.5","","89","","0.0","","24","","21","","12.9","","96.07","","","","","","NA"
"-80.38","43.46","KITCHENER/WATERLOO","6144239","2025-11-07 21:00","2025","11","07","21:00","","9.4","","7.3","","87","","0.0","","25","","26","","16.1","","96.12","","","","","","NA"
"-80.38","43.46","KITCHENER/WATERLOO","6144239","2025-11-07 22:00","2025","11","07","22:00","","8.7","","5.5","","80","","0.0","","28","","28","","16.1","","96.19","","","","","","NA"
"-80.38","43.46","KITCHENER/WATERLOO","6144239","2025-11-07 23:00","2025","11","07","23:00","","8.3","","4.9","","79","","0.0","","27","","22","","16.1","","96.28","","","","","","NA"
"-80.38","43.46","KITCHENER/WATERLOO","6144239","2025-11-08 00:00","2025","11","08","00:00","","7.7","","4.3","","79","","0.0","","28","","15","","16.1","","96.37","","","","","","NA"
"-80.38","43.46","KITCHENER/WATERLOO","6144239","2025-11-08 01:00","2025","11","08","01:00","","6.6","","2.7","","76","","0.0","","31","","22","","16.1","","96.48","","","","","","NA"
"-80.38","43.46","KITCHENER/WATERLOO","6144239","2025-11-08 02:00","2025","11","08","02:00","","5.5","","2.0","","78","","0.0","","30","","26","","16.1","","96.58","","","","","","NA"
"-80.38","43.46","KITCHENER/WATERLOO","6144239","2025-11-08 03:00","2025","11","08","03:00","","4.1","","0.4","","77","","0.0","","30","","18","","16.1","","96.66","","","","","","NA"
"-80.38","43.46","KITCHENER/WATERLOO","6144239","2025-11-08 04:00","2025","11","08","04:00","","3.9","","1.5","","84","","0.0","","31","","15","","16.1","","96.72","","","","","","NA"
"-80.38","43.46","KITCHENER/WATERLOO","6144239","2025-11-08 05:00","2025","11","08","05:00","","3.3","","0.4","","81","","0.0","","32","","22","","16.1","","96.84","","","","","","NA"
"-80.38","43.46","KITCHENER/WATERLOO","6144239","2025-11-08 06:00","2025","11","08","06:00","","1.8","","-0.8","","83","","0.0","","32","","17","","16.1","","96.95","","","","","","NA"
"-80.38","43.46","KITCHENER/WATERLOO","6144239","2025-11-08 07:00","2025","11","08","07:00","","0.7","","-1.2","","87","","0.0","","31","","11","","16.1","","97.08","","","","","","NA"
"-80.38","43.46","KITCHENER/WATERLOO","6144239","2025-11-08 08:00","2025","11","08","08:00","","0.2","","-1.5","","89","","0.0","","29","","4","","16.1","","97.12","","","","","","NA"
"-80.38","43.46","KITCHENER/WATERLOO","6144239","2025-11-08 09:00","2025","11","08","09:00","","2.0","","-0.7","","83","","0.0","","33","","11","","16.1","","97.19","","","","","","NA"
"-80.38","43.46","KITCHENER/WATERLOO","6144239","2025-11-08 10:00","2025","11","08","10:00","","3.6","","-2.3","","66","","0.0","","33","","13","","16.1","","97.22","","","","","","NA"
"-80.38","43.46","KITCHENER/WATERLOO","6144239","2025-11-08 11:00","2025","11","08","11:00","","3.0","","-2.0","","70","","0.0","","32","","17","","16.1","","97.27","","","","","","NA"
"-80.38","43.46","KITCHENER/WATERLOO","6144239","2025-11-08 12:00","2025","11","08","12:00","","3.6","","-3.0","","62","","0.0","","30","","18","","16.1","","97.30","","","","","","NA"
"-80.38","43.46","KITCHENER/WATERLOO","6144239","2025-11-08 13:00","2025","11","08","13:00","","3.8","","-3.4","","60","","0.0","","32","","17","","16.1","","97.27","","","","","","NA"
"-80.38","43.46","KITCHENER/WATERLOO","6144239","2025-11-08 14:00","2025","11","08","14:00","","3.6","","-3.2","","61","","0.0","","35","","8","","16.1","","97.31","","","","","","NA"
"-80.38","43.46","KITCHENER/WATERLOO","6144239","2025-11-08 15:00","2025","11","08","15:00","","3.9","","-3.4","","59","","0.0","","30","","11","","16.1","","97.31","","","","","","NA"
"-80.38","43.46","KITCHENER/WATERLOO","6144239","2025-11-08 16:00","2025","11","08","16:00","","3.4","","-3.5","","61","","0.0","","35","","8","","16.1","","97.36","","","","","","NA"
"-80.38","43.46","KITCHENER/WATERLOO","6144239","2025-11-08 17:00","2025","11","08","17:00","","2.5","","-3.4","","65","","0.0","","35","","4","","16.1","","97.35","","","","","","NA"
"-80.38","43.46","KITCHENER/WATERLOO","6144239","2025-11-08 18:00","2025","11","08","18:00","","1.9","","-2.8","","71","","0.0","","33","","8","","16.1","","97.40","","","","","","NA"
"-80.38","43.46","KITCHENER/WATERLOO","6144239","2025-11-08 19:00","2025","11","08","19:00","","1.2","","-1.9","","80","","0.0","","32","","8","","16.1","","97.45","","","","","","NA"
"-80.38","43.46","KITCHENER/WATERLOO","6144239","2025-11-08 20:00","2025","11","08","20:00","","1.5","","-3.3","","70","","0.0","","35","","8","","16.1","","97.48","","","","","","NA"
"-80.38","43.46","KITCHENER/WATERLOO","6144239","2025-11-08 21:00","2025","11","08","21:00","","1.0","","-3.9","","70","","0.0","","5","","8","","16.1","","97.49","","","","","","NA"
"-80.38","43.46","KITCHENER/WATERLOO","6144239","2025-11-08 22:00","2025","11","08","22:00","","0.8","","-4.1","","70","","0.0","","3","","9","","16.1","","97.48","","","","","","NA"
"-80.38","43.46","KITCHENER/WATERLOO","6144239","2025-11-08 23:00","2025","11","08","23:00","","0.2","","-2.9","","80","","0.0","","6","","13","","8.1","","97.49","","","","","","Snow"
"-80.38","43.46","KITCHENER/WATERLOO","6144239","2025-11-09 00:00","2025","11","09","00:00","","-0.8","","-2.1","","91","","0.0","","6","","9","","4.0","","97.47","","","","-4","","Snow"
"-80.38","43.46","KITCHENER/WATERLOO","6144239","2025-11-09 01:00","2025","11","09","01:00","","-1.1","","-2.5","","90","","0.0","","6","","9","","3.2","","97.47","","","","-4","","Snow"
"-80.38","43.46","KITCHENER/WATERLOO","6144239","2025-11-09 02:00","2025","11","09","02:00","","-1.1","","-3.4","","84","","0.0","","5","","11","","16.1","","97.47","","","","-5","","Snow"
"-80.38","43.46","KITCHENER/WATERLOO","6144239","2025-11-09 03:00","2025","11","09","03:00","","-0.9","","-4.1","","79","","0.0","","5","","13","","16.1","","97.42","","","","-5","","Snow"
"-80.38","43.46","KITCHENER/WATERLOO","6144239","2025-11-09 04:00","2025","11","09","04:00","","-1.1","","-3.6","","83","","0.0","","4","","8","","8.1","","97.41","","","","-4","","Snow"
"-80.38","43.46","KITCHENER/WATERLOO","6144239","2025-11-09 05:00","2025","11","09","05:00","","-1.2","","-3.1","","87","","0.2","","2","","9","","4.8","","97.37","","","","-4","","Snow"
"-80.38","43.46","KITCHENER/WATERLOO","6144239","2025-11-09 06:00","2025","11","09","06:00","","-1.3","","-2.6","","91","","0.2","","2","","11","","4.0","","97.30","","","","-5","","Snow"
"-80.38","43.46","KITCHENER/WATERLOO","6144239","2025-11-09 07:00","2025","11","09","07:00","","-1.4","","-2.4","","93","","0.5","","4","","13","","1.6","","97.28","","","","-6","","Snow"
"-80.38","43.46","KITCHENER/WATERLOO","6144239","2025-11-09 08:00","2025","11","09","08:00","","-1.5","","-2.5","","93","","0.5","","5","","15","","1.6","","97.31","","","","-6","","Snow"
"-80.38","43.46","KITCHENER/WATERLOO","6144239","2025-11-09 09:00","2025","11","09","09:00","","-1.4","","-2.8","","90","","0.5","","4","","17","","3.2","","97.33","","","","-7","","Snow"
"-80.38","43.46","KITCHENER/WATERLOO","6144239","2025-11-09 10:00","2025","11","09","10:00","","-1.6","","-3.0","","90","","0.5","","4","","17","","1.6","","97.26","","","","-7","","Snow"
"-80.38","43.46","KITCHENER/WATERLOO","6144239","2025-11-09 11:00","2025","11","09","11:00","","-1.6","","-3.2","","89","","0.2","","3","","15","","2.4","","97.19","","","","-6","","Snow"
"-80.38","43.46","KITCHENER/WATERLOO","6144239","2025-11-09 12:00","2025","11","09","12:00","","-2.1","","-3.8","","88","","0.2","","2","","21","","2.4","","97.18","","","","-8","","Snow"
"-80.38","43.46","KITCHENER/WATERLOO","6144239","2025-11-09 13:00","2025","11","09","13:00","","-2.2","","-3.5","","91","","1.0","","2","","17","","1.0","","97.16","","","","-8","","Snow"
"-80.38","43.46","KITCHENER/WATERLOO","6144239","2025-11-09 14:00","2025","11","09","14:00","","-2.3","","-4.0","","89","","1.2","","3","","22","","1.2","","97.15","","","","-8","","Snow"
"-80.38","43.46","KITCHENER/WATERLOO","6144239","2025-11-09 15:00","2025","11","09","15:00","","-2.1","","-4.5","","84","","0.2","","1","","28","","6.4","","97.20","","","","-9","","Snow"
"-80.38","43.46","KITCHENER/WATERLOO","6144239","2025-11-09 16:00","2025","11","09","16:00","","-2.5","","-4.4","","87","","0.2","","1","","21","","4.0","","97.28","","","","-9","","Snow"
"-80.38","43.46","KITCHENER/WATERLOO","6144239","2025-11-09 17:00","2025","11","09","17:00","","-2.7","","-5.1","","84","","0.0","","1","","17","","8.1","","97.39","","","","-8","","Snow"
"-80.38","43.46","KITCHENER/WATERLOO","6144239","2025-11-09 18:00","2025","11","09","18:00","","-3.0","","-5.5","","83","","0.0","","1","","22","","16.1","","97.42","","","","-9","","Snow"
"-80.38","43.46","KITCHENER/WATERLOO","6144239","2025-11-09 19:00","2025","11","09","19:00","","-3.3","","-5.6","","84","","0.2","","36","","17","","4.8","","97.45","","","","-9","","Snow"
"-80.38","43.46","KITCHENER/WATERLOO","6144239","2025-11-09 20:00","2025","11","09","20:00","","-3.2","","-6.0","","81","","0.0","","36","","21","","16.1","","97.51","","","","-9","","Snow"
"-80.38","43.46","KITCHENER/WATERLOO","6144239","2025-11-09 21:00","2025","11","09","21:00","","-3.2","","-6.0","","81","","0.0","","34","","18","","14.5","","97.53","","","","-9","","Snow"
"-80.38","43.46","KITCHENER/WATERLOO","6144239","2025-11-09 22:00","2025","11","09","22:00","","-3.6","","-5.9","","84","","0.0","","35","","22","","4.8","","97.51","","","","-10","","Snow"
"-80.38","43.46","KITCHENER/WATERLOO","6144239","2025-11-09 23:00","2025","11","09","23:00","","-3.7","","-6.0","","84","","0.0","","34","","18","","12.9","","97.55","","","","-10","","Snow"
"-80.38","43.46","KITCHENER/WATERLOO","6144239","2025-11-10 00:00","2025","11","10","00:00","","-3.6","","-6.7","","79","","0.0","","34","","15","","11.3","","97.61","","","","-9","","Snow"
"-80.38","43.46","KITCHENER/WATERLOO","6144239","2025-11-10 01:00","2025","11","10","01:00","","-3.8","","-7.1","","78","","0.0","","35","","15","","16.1","","97.54","","","","-9","","Snow"
"-80.38","43.46","KITCHENER/WATERLOO","6144239","2025-11-10 02:00","2025","11","10","02:00","","-4.1","","-7.7","","76","","0.0","","35","","18","","16.1","","97.56","","","","-10","","NA"
"-80.38","43.46","KITCHENER/WATERLOO","6144239","2025-11-10 03:00","2025","11","10","03:00","","-4.2","","-7.7","","77","","0.0","","34","","15","","16.1","","97.56","","","","-10","","NA"
"-80.38","43.46","KITCHENER/WATERLOO","6144239","2025-11-10 04:00","2025","11","10","04:00","","-3.9","","-7.7","","75","","0.0","","33","","15","","16.1","","97.53","","","","-9","","Snow"
"-80.38","43.46","KITCHENER/WATERLOO","6144239","2025-11-10 05:00","2025","11","10","05:00","","-3.7","","-7.3","","76","","0.0","","34","","13","","16.1","","97.52","","","","-9","","Snow"
"-80.38","43.46","KITCHENER/WATERLOO","6144239","2025-11-10 06:00","2025","11","10","06:00","","-3.8","","-7.3","","77","","0.0","","31","","21","","16.1","","97.49","","","","-10","","Snow"
"-80.38","43.46","KITCHENER/WATERLOO","6144239","2025-11-10 07:00","2025","11","10","07:00","","-4.3","","-6.8","","83","","0.0","","31","","13","","16.1","","97.53","","","","-9","","Snow"
"-80.38","43.46","KITCHENER/WATERLOO","6144239","2025-11-10 08:00","2025","11","10","08:00","","-4.5","","-7.0","","83","","0.0","","32","","13","","8.1","","97.56","","","","-10","","Snow"
"-80.38","43.46","KITCHENER/WATERLOO","6144239","2025-11-10 09:00","2025","11","10","09:00","","-4.1","","-6.9","","81","","0.0","","31","","13","","14.5","","97.54","","","","-9","","NA"
"-80.38","43.46","KITCHENER/WATERLOO","6144239","2025-11-10 10:00","2025","11","10","10:00","","-3.4","","-6.7","","78","","0.0","","33","","17","","16.1","","97.53","","","","-9","","NA"
"-80.38","43.46","KITCHENER/WATERLOO","6144239","2025-11-10 11:00","2025","11","10","11:00","","-3.0","","-6.7","","76","","0.0","","31","","17","","16.1","","97.51","","","","-9","","NA"
"-80.38","43.46","KITCHENER/WATERLOO","6144239","2025-11-10 12:00","2025","11","10","12:00","","-2.7","","-6.6","","75","","0.0","","32","","15","","12.9","","97.45","","","","-8","","Snow"
"-80.38","43.46","KITCHENER/WATERLOO","6144239","2025-11-10 13:00","2025","11","10","13:00","","-2.4","","-6.7","","73","","0.0","","31","","18","","16.1","","97.38","","","","-8","","Snow"
"-80.38","43.46","KITCHENER/WATERLOO","6144239","2025-11-10 14:00","2025","11","10","14:00","","-2.0","","-5.8","","75","","0.0","","30","","21","","16.1","","97.32","","","","-8","","NA"
"-80.38","43.46","KITCHENER/WATERLOO","6144239","2025-11-10 15:00","2025","11","10","15:00","","-2.6","","-6.3","","76","","0.0","","32","","15","","6.4","","97.29","","","","-8","","Snow"
"-80.38","43.46","KITCHENER/WATERLOO","6144239","2025-11-10 16:00","2025","11","10","16:00","","-2.8","","-7.0","","73","","0.0","","30","","18","","16.1","","97.29","","","","-8","","NA"
"-80.38","43.46","KITCHENER/WATERLOO","6144239","2025-11-10 17:00","2025","11","10","17:00","","-3.2","","-7.0","","75","","0.0","","30","","18","","16.1","","97.30","","","","-9","","NA"
"-80.38","43.46","KITCHENER/WATERLOO","6144239","2025-11-10 18:00","2025","11","10","18:00","","-3.4","","-6.0","","82","","0.0","","30","","18","","16.1","","97.34","","","","-9","","Snow"
"-80.38","43.46","KITCHENER/WATERLOO","6144239","2025-11-10 19:00","2025","11","10","19:00","","-3.8","","-6.2","","84","","0.0","","30","","17","","9.7","","97.35","","","","-10","","Snow"
"-80.38","43.46","KITCHENER/WATERLOO","6144239","2025-11-10 20:00","2025","11","10","20:00","","-3.9","","-6.1","","85","","0.0","","30","","21","","6.4","","97.31","","","","-10","","Snow"
"-80.38","43.46","KITCHENER/WATERLOO","6144239","2025-11-10 21:00","2025","11","10","21:00","","-4.0","","-6.0","","86","","0.0","","29","","24","","6.4","","97.28","","","","-11","","Snow"
"-80.38","43.46","KITCHENER/WATERLOO","6144239","2025-11-10 22:00","2025","11","10","22:00","","-3.9","","-5.9","","86","","0.0","","30","","24","","4.8","","97.23","","","","-11","","Snow"
"-80.38","43.46","KITCHENER/WATERLOO","6144239","2025-11-10 23:00","2025","11","10","23:00","","-3.7","","-7.3","","76","","0.0","","31","","26","","16.1","","97.18","","","","-11","","Snow"
"-80.38","43.46","KITCHENER/WATERLOO","6144239","2025-11-11 00:00","2025","11","11","00:00","","-3.7","","-9.0","","67","","0.0","","30","","21","","16.1","","97.14","","","","-10","","NA"
"-80.38","43.46","KITCHENER/WATERLOO","6144239","2025-11-11 01:00","2025","11","11","01:00","","-4.0","","-7.8","","75","","0.0","","29","","17","","16.1","","97.06","","","","-10","","NA"
"-80.38","43.46","KITCHENER/WATERLOO","6144239","2025-11-11 02:00","2025","11","11","02:00","","-4.0","","-6.3","","84","","0.0","","27","","17","","11.3","","97.04","","","","-10","","Snow"
"-80.38","43.46","KITCHENER/WATERLOO","6144239","2025-11-11 03:00","2025","11","11","03:00","","-3.9","","-5.5","","89","","0.0","","26","","9","","9.7","","97.02","","","","-8","","Snow"
"-80.38","43.46","KITCHENER/WATERLOO","6144239","2025-11-11 04:00","2025","11","11","04:00","","-3.7","","-5.3","","89","","0.0","","27","","11","","16.1","","96.97","","","","-8","","NA"
"-80.38","43.46","KITCHENER/WATERLOO","6144239","2025-11-11 05:00","2025","11","11","05:00","","-3.3","","-4.9","","89","","0.0","","28","","15","","16.1","","96.96","","","","-8","","Snow"
"-80.38","43.46","KITCHENER/WATERLOO","6144239","2025-11-11 06:00","2025","11","11","06:00","","-3.2","","-5.2","","86","","0.0","","29","","17","","16.1","","96.95","","","","-9","","Snow"
"-80.38","43.46","KITCHENER/WATERLOO","6144239","2025-11-11 07:00","2025","11","11","07:00","","-3.1","","-4.8","","88","","0.0","","30","","15","","16.1","","96.98","","","","-8","","NA"
"-80.38","43.46","KITCHENER/WATERLOO","6144239","2025-11-11 08:00","2025","11","11","08:00","","-3.1","","-4.8","","88","","0.0","","28","","15","","16.1","","97.06","","","","-8","","NA"
"-80.38","43.46","KITCHENER/WATERLOO","6144239","2025-11-11 09:00","2025","11","11","09:00","","-1.2","","-3.4","","85","","0.0","","29","","22","","16.1","","97.09","","","","-7","","NA"
"-80.38","43.46","KITCHENER/WATERLOO","6144239","2025-11-11 10:00","2025","11","11","10:00","","-0.2","","-3.0","","81","","0.0","","29","","24","","16.1","","97.11","","","","-6","","NA"
"-80.38","43.46","KITCHENER/WATERLOO","6144239","2025-11-11 11:00","2025","11","11","11:00","","0.7","","-3.1","","76","","0.0","","28","","24","","16.1","","97.10","","","","","","NA"
"-80.38","43.46","KITCHENER/WATERLOO","6144239","2025-11-11 12:00","2025","11","11","12:00","","0.7","","-1.5","","85","","0.0","","28","","34","","4.8","","97.04","","","","","","Rain,Fog"
"-80.38","43.46","KITCHENER/WATERLOO","6144239","2025-11-11 13:00","2025","11","11","13:00","","1.7","","-3.4","","69","","0.0","","26","","37","","16.1","","97.03","","","","","","NA"
"-80.38","43.46","KITCHENER/WATERLOO","6144239","2025-11-11 14:00","2025","11","11","14:00","","0.8","","-2.3","","80","","0.0","","25","","30","","16.1","","97.06","","","","","","NA"
"-80.38","43.46","KITCHENER/WATERLOO","6144239","2025-11-11 15:00","2025","11","11","15:00","","1.1","","-3.8","","70","","0.0","","25","","32","","16.1","","97.08","","","","","","NA"
"-80.38","43.46","KITCHENER/WATERLOO","6144239","2025-11-11 16:00","2025","11","11","16:00","","0.3","","-4.4","","71","","0.0","","24","","26","","16.1","","97.09","","","","","","NA"
"-80.38","43.46","KITCHENER/WATERLOO","6144239","2025-11-11 17:00","2025","11","11","17:00","","0.1","","-4.2","","73","","0.0","","23","","22","","16.1","","97.06","","","","","","NA"
"-80.38","43.46","KITCHENER/WATERLOO","6144239","2025-11-11 18:00","2025","11","11","18:00","","0.1","","-4.2","","73","","0.0","","22","","21","","16.1","","97.01","","","","","","NA"
"-80.38","43.46","KITCHENER/WATERLOO","6144239","2025-11-11 19:00","2025","11","11","19:00","","-0.1","","-3.4","","79","","0.0","","22","","21","","16.1","","97.00","","","","-6","","NA"
"-80.38","43.46","KITCHENER/WATERLOO","6144239","2025-11-11 20:00","2025","11","11","20:00","","-1.0","","-2.7","","88","","0.0","","21","","17","","4.8","","97.00","","","","-6","","Snow"
"-80.38","43.46","KITCHENER/WATERLOO","6144239","2025-11-11 21:00","2025","11","11","21:00","","-1.2","","-3.1","","87","","0.0","","23","","18","","6.4","","96.94","","","","-6","","Snow"
"-80.38","43.46","KITCHENER/WATERLOO","6144239","2025-11-11 22:00","2025","11","11","22:00","","-0.3","","-3.2","","81","","0.0","","23","","21","","16.1","","96.84","","","","-6","","Snow"
"-80.38","43.46","KITCHENER/WATERLOO","6144239","2025-11-11 23:00","2025","11","11","23:00","","0.5","","-4.7","","68","","0.0","","23","","26","","16.1","","96.73","","","","","","Rain"
"-80.38","43.46","KITCHENER/WATERLOO","6144239","2025-11-12 00:00","2025","11","12","00:00","","0.4","","-4.6","","69","","0.0","","23","","22","","16.1","","96.65","","","","","","NA"
"-80.38","43.46","KITCHENER/WATERLOO","6144239","2025-11-12 01:00","2025","11","12","01:00","","0.2","","-4.3","","72","","0.0","","22","","22","","16.1","","96.53","","","","","","NA"
"-80.38","43.46","KITCHENER/WATERLOO","6144239","2025-11-12 02:00","2025","11","12","02:00","","0.2","","-3.9","","74","","0.0","","23","","30","","16.1","","96.50","","","","","","NA"
"-80.38","43.46","KITCHENER/WATERLOO","6144239","2025-11-12 03:00","2025","11","12","03:00","","-0.1","","-2.6","","83","","0.0","","23","","22","","16.1","","96.46","","","","-6","","NA"
"-80.38","43.46","KITCHENER/WATERLOO","6144239","2025-11-12 04:00","2025","11","12","04:00","","0.3","","-2.9","","79","","0.0","","23","","21","","16.1","","96.42","","","","","","NA"
"-80.38","43.46","KITCHENER/WATERLOO","6144239","2025-11-12 05:00","2025","11","12","05:00","","0.4","","-2.8","","79","","0.0","","23","","22","","16.1","","96.39","","","","","","Rain"
"-80.38","43.46","KITCHENER/WATERLOO","6144239","2025-11-12 06:00","2025","11","12","06:00","","0.7","","-2.4","","80","","0.0","","24","","22","","16.1","","96.42","","","","","","Rain"
"-80.38","43.46","KITCHENER/WATERLOO","6144239","2025-11-12 07:00","2025","11","12","07:00","","0.4","","-1.8","","85","","0.0","","22","","18","","16.1","","96.42","","","","","","Snow"
"-80.38","43.46","KITCHENER/WATERLOO","6144239","2025-11-12 08:00","2025","11","12","08:00","","0.7","","-1.2","","87","","0.0","","23","","21","","16.1","","96.44","","","","","","Snow"
"-80.38","43.46","KITCHENER/WATERLOO","6144239","2025-11-12 09:00","2025","11","12","09:00","","1.2","","-0.4","","89","","0.0","","24","","17","","16.1","","96.43","","","","","","NA"
"-80.38","43.46","KITCHENER/WATERLOO","6144239","2025-11-12 10:00","2025","11","12","10:00","","1.9","","0.3","","89","","0.0","","25","","24","","16.1","","96.44","","","","","","Rain"
"-80.38","43.46","KITCHENER/WATERLOO","6144239","2025-11-12 11:00","2025","11","12","11:00","","2.9","","1.0","","87","","0.0","","24","","21","","16.1","","96.47","","","","","","NA"
"-80.38","43.46","KITCHENER/WATERLOO","6144239","2025-11-12 12:00","2025","11","12","12:00","","3.4","","1.5","","87","","0.0","","25","","21","","16.1","","96.45","","","","","","NA"
"-80.38","43.46","KITCHENER/WATERLOO","6144239","2025-11-12 13:00","2025","11","12","13:00","","4.6","","2.2","","84","","0.0","","26","","26","","16.1","","96.45","","","","","","NA"
"-80.38","43.46","KITCHENER/WATERLOO","6144239","2025-11-12 14:00","2025","11","12","14:00","","4.8","","2.6","","86","","0.0","","26","","30","","16.1","","96.51","","","","","","Rain"
"-80.38","43.46","KITCHENER/WATERLOO","6144239","2025-11-12 15:00","2025","11","12","15:00","","5.6","","3.0","","84","","0.0","","26","","24","","16.1","","96.53","","","","","","NA"
"-80.38","43.46","KITCHENER/WATERLOO","6144239","2025-11-12 16:00","2025","11","12","16:00","","5.4","","3.1","","85","","0.0","","25","","30","","16.1","","96.62","","","","","","NA"
"-80.38","43.46","KITCHENER/WATERLOO","6144239","2025-11-12 17:00","2025","11","12","17:00","","4.7","","2.6","","86","","0.2","","27","","37","","8.1","","96.73","","","","","","Rain,Fog"
"-80.38","43.46","KITCHENER/WATERLOO","6144239","2025-11-12 18:00","2025","11","12","18:00","","4.6","","2.3","","85","","0.5","","27","","26","","16.1","","96.82","","","","","","NA"
"-80.38","43.46","KITCHENER/WATERLOO","6144239","2025-11-12 19:00","2025","11","12","19:00","","4.0","","2.0","","87","","0.8","","28","","24","","11.3","","96.91","","","","","","Rain"
"-80.38","43.46","KITCHENER/WATERLOO","6144239","2025-11-12 20:00","2025","11","12","20:00","","3.9","","1.4","","84","","0.2","","27","","26","","16.1","","97.00","","","","","","NA"
"-80.38","43.46","KITCHENER/WATERLOO","6144239","2025-11-12 21:00","2025","11","12","21:00","","3.6","","1.2","","84","","0.0","","30","","22","","9.7","","97.05","","","","","","Rain"
"-80.38","43.46","KITCHENER/WATERLOO","6144239","2025-11-12 22:00","2025","11","12","22:00","","3.2","","1.2","","87","","0.0","","26","","11","","16.1","","97.06","","","","","","Rain"
"-80.38","43.46","KITCHENER/WATERLOO","6144239","2025-11-12 23:00","2025","11","12","23:00","","3.6","","0.3","","79","","0.0","","26","","18","","16.1","","97.06","","","","","","NA"
"-80.38","43.46","KITCHENER/WATERLOO","6144239","2025-11-13 00:00","2025","11","13","00:00","","3.9","","-0.6","","73","","0.0","","26","","21","","16.1","","97.10","","","","","","NA"
"-80.38","43.46","KITCHENER/WATERLOO","6144239","2025-11-13 01:00","2025","11","13","01:00","","3.5","","0.0","","78","","0.0","","26","","22","","16.1","","97.13","","","","","","NA"
"-80.38","43.46","KITCHENER/WATERLOO","6144239","2025-11-13 02:00","2025","11","13","02:00","","2.4","","0.3","","86","","0.2","","29","","13","","16.1","","97.19","","","","","","Rain"
"-80.38","43.46","KITCHENER/WATERLOO","6144239","2025-11-13 03:00","2025","11","13","03:00","","2.5","","-0.6","","80","","0.0","","29","","28","","16.1","","97.23","","","","","","Rain"
"-80.38","43.46","KITCHENER/WATERLOO","6144239","2025-11-13 04:00","2025","11","13","04:00","","2.5","","-1.2","","76","","0.0","","28","","18","","16.1","","97.21","","","","","","NA"
"-80.38","43.46","KITCHENER/WATERLOO","6144239","2025-11-13 05:00","2025","11","13","05:00","","2.1","","-1.5","","77","","0.0","","26","","18","","16.1","","97.27","","","","","","NA"
"-80.38","43.46","KITCHENER/WATERLOO","6144239","2025-11-13 06:00","2025","11","13","06:00","","1.9","","-1.6","","78","","0.0","","28","","17","","16.1","","97.32","","","","","","NA"
"-80.38","43.46","KITCHENER/WATERLOO","6144239","2025-11-13 07:00","2025","11","13","07:00","","1.1","","-2.1","","79","","0.0","","29","","13","","16.1","","97.39","","","","","","NA"
"-80.38","43.46","KITCHENER/WATERLOO","6144239","2025-11-13 08:00","2025","11","13","08:00","","2.6","","-1.4","","75","","0.0","","27","","18","","16.1","","97.46","","","","","","NA"
"-80.38","43.46","KITCHENER/WATERLOO","6144239","2025-11-13 09:00","2025","11","13","09:00","","2.9","","-0.6","","78","","0.0","","32","","21","","12.9","","97.56","","","","","","Rain"
"-80.38","43.46","KITCHENER/WATERLOO","6144239","2025-11-13 10:00","2025","11","13","10:00","","4.6","","0.1","","73","","0.0","","28","","18","","16.1","","97.59","","","","","","NA"
"-80.38","43.46","KITCHENER/WATERLOO","6144239","2025-11-13 11:00","2025","11","13","11:00","","6.3","","0.1","","64","","0.0","","28","","22","","16.1","","97.62","","","","","","NA"
"-80.38","43.46","KITCHENER/WATERLOO","6144239","2025-11-13 12:00","2025","11","13","12:00","","5.7","","-0.6","","64","","0.0","","28","","34","","16.1","","97.60","","","","","","NA"
"-80.38","43.46","KITCHENER/WATERLOO","6144239","2025-11-13 13:00","2025","11","13","13:00","","6.3","","-1.1","","59","","0.0","","29","","28","","16.1","","97.63","","","","","","NA"
"-80.38","43.46","KITCHENER/WATERLOO","6144239","2025-11-13 14:00","2025","11","13","14:00","","5.8","","-0.9","","62","","0.0","","31","","21","","16.1","","97.67","","","","","","NA"
"-80.38","43.46","KITCHENER/WATERLOO","6144239","2025-11-13 15:00","2025","11","13","15:00","","5.4","","-2.5","","57","","0.0","","28","","35","","16.1","","97.69","","","","","","NA"
"-80.38","43.46","KITCHENER/WATERLOO","6144239","2025-11-13 16:00","2025","11","13","16:00","","5.1","","-1.0","","65","","0.0","","29","","18","","16.1","","97.80","","","","","","NA"
"-80.38","43.46","KITCHENER/WATERLOO","6144239","2025-11-13 17:00","2025","11","13","17:00","","3.7","","-2.8","","63","","0.0","","28","","18","","16.1","","97.83","","","","","","NA"
"-80.38","43.46","KITCHENER/WATERLOO","6144239","2025-11-13 18:00","2025","11","13","18:00","","3.8","","-2.6","","63","","0.0","","28","","17","","16.1","","97.91","","","","","","NA"
"-80.38","43.46","KITCHENER/WATERLOO","6144239","2025-11-13 19:00","2025","11","13","19:00","","3.7","","-2.5","","64","","0.0","","26","","17","","16.1","","97.95","","","","","","NA"
"-80.38","43.46","KITCHENER/WATERLOO","6144239","2025-11-13 20:00","2025","11","13","20:00","","2.8","","-2.7","","67","","0.0","","25","","13","","16.1","","97.93","","","","","","NA"
"-80.38","43.46","KITCHENER/WATERLOO","6144239","2025-11-13 21:00","2025","11","13","21:00","","1.5","","-3.0","","72","","0.0","","24","","9","","16.1","","97.95","","","","","","NA"
"-80.38","43.46","KITCHENER/WATERLOO","6144239","2025-11-13 22:00","2025","11","13","22:00","","1.4","","-2.6","","75","","0.0","","25","","8","","16.1","","97.95","","","","","","NA"
"-80.38","43.46","KITCHENER/WATERLOO","6144239","2025-11-13 23:00","2025","11","13","23:00","","-0.1","","-3.4","","79","","0.0","","25","","8","","16.1","","97.96","","","","-3","","NA"
"-80.38","43.46","KITCHENER/WATERLOO","6144239","2025-11-14 00:00","2025","11","14","00:00","","-0.2","","-3.2","","80","","0.0","","20","","8","","16.1","","97.97","","","","-3","","NA"
"-80.38","43.46","KITCHENER/WATERLOO","6144239","2025-11-14 01:00","2025","11","14","01:00","","-1.0","","-3.1","","86","","0.0","","23","","8","","16.1","","97.98","","","","-4","","NA"
"-80.38","43.46","KITCHENER/WATERLOO","6144239","2025-11-14 02:00","2025","11","14","02:00","","0.0","","-2.7","","82","","0.0","","22","","8","","16.1","","98.01","","","","-3","","NA"
"-80.38","43.46","KITCHENER/WATERLOO","6144239","2025-11-14 03:00","2025","11","14","03:00","","0.1","","-2.3","","84","","0.0","","24","","13","","16.1","","98.03","","","","","","NA"
"-80.38","43.46","KITCHENER/WATERLOO","6144239","2025-11-14 04:00","2025","11","14","04:00","","0.0","","-2.4","","84","","0.0","","23","","9","","16.1","","98.05","","","","-3","","NA"
"-80.38","43.46","KITCHENER/WATERLOO","6144239","2025-11-14 05:00","2025","11","14","05:00","","0.2","","-2.4","","83","","0.0","","23","","9","","16.1","","98.06","","","","","","NA"
"-80.38","43.46","KITCHENER/WATERLOO","6144239","2025-11-14 06:00","2025","11","14","06:00","","-2.7","","-4.5","","87","","0.0","","21","","8","","16.1","","98.06","","","","-6","","NA"
"-80.38","43.46","KITCHENER/WATERLOO","6144239","2025-11-14 07:00","2025","11","14","07:00","","-1.5","","-2.7","","91","","0.0","","24","","5","","16.1","","98.05","","","","-3","","NA"
"-80.38","43.46","KITCHENER/WATERLOO","6144239","2025-11-14 08:00","2025","11","14","08:00","","-3.4","","-4.1","","95","","0.0","","6","","5","","16.1","","98.04","","","","-5","","NA"
"-80.38","43.46","KITCHENER/WATERLOO","6144239","2025-11-14 09:00","2025","11","14","09:00","","0.7","","-0.5","","92","","0.0","","","M","4","","16.1","","98.05","","","","","","NA"
"-80.38","43.46","KITCHENER/WATERLOO","6144239","2025-11-14 10:00","2025","11","14","10:00","","2.7","","0.2","","84","","0.0","","","","0","","16.1","","97.99","","","","","","NA"
"-80.38","43.46","KITCHENER/WATERLOO","6144239","2025-11-14 11:00","2025","11","14","11:00","","5.4","","2.0","","79","","0.0","","","","0","","16.1","","97.96","","","","","","NA"
"-80.38","43.46","KITCHENER/WATERLOO","6144239","2025-11-14 12:00","2025","11","14","12:00","","6.4","","-1.8","","56","","0.0","","24","","13","","16.1","","97.91","","","","","","NA"
"-80.38","43.46","KITCHENER/WATERLOO","6144239","2025-11-14 13:00","2025","11","14","13:00","","6.6","","-4.8","","44","","0.0","","26","","18","","16.1","","97.82","","","","","","NA"
"-80.38","43.46","KITCHENER/WATERLOO","6144239","2025-11-14 14:00","2025","11","14","14:00","","6.6","","-3.6","","48","","0.0","","25","","15","","16.1","","97.75","","","","","","NA"
"-80.38","43.46","KITCHENER/WATERLOO","6144239","2025-11-14 15:00","2025","11","14","15:00","","6.9","","-2.8","","50","","0.0","","26","","9","","16.1","","97.71","","","","","","NA"
"-80.38","43.46","KITCHENER/WATERLOO","6144239","2025-11-14 16:00","2025","11","14","16:00","","6.7","","-2.2","","53","","0.0","","28","","5","","16.1","","97.68","","","","","","NA"
"-80.38","43.46","KITCHENER/WATERLOO","6144239","2025-11-14 17:00","2025","11","14","17:00","","5.8","","-2.4","","56","","0.0","","26","","9","","16.1","","97.64","","","","","","NA"
"-80.38","43.46","KITCHENER/WATERLOO","6144239","2025-11-14 18:00","2025","11","14","18:00","","2.5","","-1.6","","74","","0.0","","4","","4","","16.1","","97.66","","","","","","NA"
"-80.38","43.46","KITCHENER/WATERLOO","6144239","2025-11-14 19:00","2025","11","14","19:00","","1.5","","-1.2","","82","","0.0","","","","0","","16.1","","97.66","","","","","","NA"
"-80.38","43.46","KITCHENER/WATERLOO","6144239","2025-11-14 20:00","2025","11","14","20:00","","0.0","","-1.6","","89","","0.0","","","","0","","16.1","","97.64","","","","","","NA"
"-80.38","43.46","KITCHENER/WATERLOO","6144239","2025-11-14 21:00","2025","11","14","21:00","","-2.1","","-3.1","","93","","0.0","","","","0","","16.1","","97.63","","","","","","NA"
"-80.38","43.46","KITCHENER/WATERLOO","6144239","2025-11-14 22:00","2025","11","14","22:00","","-0.3","","-2.7","","84","","0.0","","6","","11","","16.1","","97.58","","","","-4","","NA"
"-80.38","43.46","KITCHENER/WATERLOO","6144239","2025-11-14 23:00","2025","11","14","23:00","","1.0","","-0.4","","90","","0.0","","5","","9","","16.1","","97.53","","","","","","NA"
"-80.38","43.46","KITCHENER/WATERLOO","6144239","2025-11-15 00:00","2025","11","15","00:00","","0.6","","-0.4","","93","","0.0","","10","","8","","12.9","","97.50","","","","","","NA"
"-80.38","43.46","KITCHENER/WATERLOO","6144239","2025-11-15 01:00","2025","11","15","01:00","","1.7","","0.4","","91","","0.0","","12","","8","","16.1","","97.44","","","","","","NA"
"-80.38","43.46","KITCHENER/WATERLOO","6144239","2025-11-15 02:00","2025","11","15","02:00","","1.1","","-0.5","","89","","0.0","","9","","9","","16.1","","97.40","","","","","","NA"
"-80.38","43.46","KITCHENER/WATERLOO","6144239","2025-11-15 03:00","2025","11","15","03:00","","0.8","","-0.4","","92","","0.0","","9","","5","","16.1","","97.35","","","","","","NA"
"-80.38","43.46","KITCHENER/WATERLOO","6144239","2025-11-15 04:00","2025","11","15","04:00","","1.4","","0.4","","93","","0.0","","9","","11","","16.1","","97.24","","","","","","NA"
"-80.38","43.46","KITCHENER/WATERLOO","6144239","2025-11-15 05:00","2025","11","15","05:00","","1.1","","0.2","","94","","0.0","","11","","11","","16.1","","97.15","","","","","","NA"
"-80.38","43.46","KITCHENER/WATERLOO","6144239","2025-11-15 06:00","2025","11","15","06:00","","1.4","","0.7","","95","","0.0","","11","","13","","16.1","","97.04","","","","","","NA"
"-80.38","43.46","KITCHENER/WATERLOO","6144239","2025-11-15 07:00","2025","11","15","07:00","","1.7","","1.0","","95","","0.0","","10","","18","","12.9","","96.94","","","","","","NA"
"-80.38","43.46","KITCHENER/WATERLOO","6144239","2025-11-15 08:00","2025","11","15","08:00","","2.3","","1.4","","94","","0.0","","13","","11","","14.5","","96.85","","","","","","NA"
"-80.38","43.46","KITCHENER/WATERLOO","6144239","2025-11-15 09:00","2025","11","15","09:00","","3.0","","2.0","","93","","0.0","","11","","15","","12.9","","96.72","","","","","","NA"
"-80.38","43.46","KITCHENER/WATERLOO","6144239","2025-11-15 10:00","2025","11","15","10:00","","3.9","","2.0","","87","","0.0","","11","","13","","16.1","","96.58","","","","","","NA"
"-80.38","43.46","KITCHENER/WATERLOO","6144239","2025-11-15 11:00","2025","11","15","11:00","","4.9","","1.5","","79","","0.0","","14","","11","","16.1","","96.43","","","","","","NA"
"-80.38","43.46","KITCHENER/WATERLOO","6144239","2025-11-15 12:00","2025","11","15","12:00","","5.1","","3.3","","88","","0.5","","13","","11","","16.1","","96.21","","","","","","NA"
"-80.38","43.46","KITCHENER/WATERLOO","6144239","2025-11-15 13:00","2025","11","15","13:00","","5.4","","4.1","","91","","0.2","","12","","11","","16.1","","95.98","","","","","","NA"
"-80.38","43.46","KITCHENER/WATERLOO","6144239","2025-11-15 14:00","2025","11","15","14:00","","5.2","","4.3","","94","","0.0","","17","","9","","8.1","","95.73","","","","","","Thunderstorms,Rain,Fog"
"-80.38","43.46","KITCHENER/WATERLOO","6144239","2025-11-15 15:00","2025","11","15","15:00","","6.5","","5.9","","96","","0.0","","14","","5","","4.8","","95.57","","","","","","Fog"
"-80.38","43.46","KITCHENER/WATERLOO","6144239","2025-11-15 16:00","2025","11","15","16:00","","8.0","","7.7","","98","","0.2","","18","","9","","1.2","","95.51","","","","","","Rain,Fog"
"-80.38","43.46","KITCHENER/WATERLOO","6144239","2025-11-15 17:00","2025","11","15","17:00","","11.3","","11.1","","98","","0.0","","22","","17","","3.2","","95.43","","","","","","Rain,Fog"
"-80.38","43.46","KITCHENER/WATERLOO","6144239","2025-11-15 18:00","2025","11","15","18:00","","13.0","","12.2","","95","","0.0","","23","","21","","9.7","","95.37","","","","","","Rain,Fog"
"-80.38","43.46","KITCHENER/WATERLOO","6144239","2025-11-15 19:00","2025","11","15","19:00","","13.5","","11.7","","89","","0.2","","27","","30","","16.1","","95.38","","","","","","NA"
"-80.38","43.46","KITCHENER/WATERLOO","6144239","2025-11-15 20:00","2025","11","15","20:00","","12.4","","10.7","","89","","0.0","","29","","28","","16.1","","95.40","","","","","","Rain"
"-80.38","43.46","KITCHENER/WATERLOO","6144239","2025-11-15 21:00","2025","11","15","21:00","","9.6","","8.0","","90","","0.0","","30","","37","","11.3","","95.41","","","","","","NA"
"-80.38","43.46","KITCHENER/WATERLOO","6144239","2025-11-15 22:00","2025","11","15","22:00","","7.6","","5.9","","89","","0.0","","30","","45","","8.1","","95.53","","","","","","Rain,Fog"
"-80.38","43.46","KITCHENER/WATERLOO","6144239","2025-11-15 23:00","2025","11","15","23:00","","6.7","","4.9","","88","","0.0","","30","","32","","16.1","","95.59","","","","","","NA"
"-80.38","43.46","KITCHENER/WATERLOO","6144239","2025-11-16 00:00","2025","11","16","00:00","","6.5","","3.5","","81","","0.0","","30","","32","","16.1","","95.63","","","","","","NA"
"-80.38","43.46","KITCHENER/WATERLOO","6144239","2025-11-16 01:00","2025","11","16","01:00","","5.1","","3.4","","89","","0.0","","29","","37","","12.9","","95.67","","","","","","Rain"
"-80.38","43.46","KITCHENER/WATERLOO","6144239","2025-11-16 02:00","2025","11","16","02:00","","4.8","","1.6","","80","","0.0","","30","","41","","16.1","","95.75","","","","","","NA"
"-80.38","43.46","KITCHENER/WATERLOO","6144239","2025-11-16 03:00","2025","11","16","03:00","","3.8","","1.2","","83","","0.2","","30","","26","","16.1","","95.80","","","","","","NA"
"-80.38","43.46","KITCHENER/WATERLOO","6144239","2025-11-16 04:00","2025","11","16","04:00","","3.0","","0.1","","81","","0.0","","32","","46","","6.4","","95.84","","","","","","Haze"
"-80.38","43.46","KITCHENER/WATERLOO","6144239","2025-11-16 05:00","2025","11","16","05:00","","2.5","","-0.4","","81","","0.2","","29","","21","","16.1","","95.87","","","","","","NA"
"-80.38","43.46","KITCHENER/WATERLOO","6144239","2025-11-16 06:00","2025","11","16","06:00","","1.3","","-0.4","","89","","0.0","","31","","21","","16.1","","95.94","","","","","","Rain"
"-80.38","43.46","KITCHENER/WATERLOO","6144239","2025-11-16 07:00","2025","11","16","07:00","","1.3","","-0.9","","85","","0.0","","30","","26","","16.1","","95.97","","","","","","NA"
"-80.38","43.46","KITCHENER/WATERLOO","6144239","2025-11-16 08:00","2025","11","16","08:00","","1.1","","-1.8","","81","","0.0","","30","","24","","16.1","","96.08","","","","","","Snow"
"-80.38","43.46","KITCHENER/WATERLOO","6144239","2025-11-16 09:00","2025","11","16","09:00","","2.1","","-4.7","","61","","0.0","","30","","37","","16.1","","96.12","","","","","","NA"
"-80.38","43.46","KITCHENER/WATERLOO","6144239","2025-11-16 10:00","2025","11","16","10:00","","2.4","","-5.7","","55","","0.0","","30","","46","","16.1","","96.18","","","","","","NA"
"-80.38","43.46","KITCHENER/WATERLOO","6144239","2025-11-16 11:00","2025","11","16","11:00","","3.5","","-5.2","","53","","0.0","","31","","34","","16.1","","96.22","","","","","","NA"
"-80.38","43.46","KITCHENER/WATERLOO","6144239","2025-11-16 12:00","2025","11","16","12:00","","3.3","","-5.3","","53","","0.0","","31","","37","","16.1","","96.23","","","","","","NA"
"-80.38","43.46","KITCHENER/WATERLOO","6144239","2025-11-16 13:00","2025","11","16","13:00","","2.4","","-4.5","","60","","0.0","","30","","35","","16.1","","96.25","","","","","","Rain"
"-80.38","43.46","KITCHENER/WATERLOO","6144239","2025-11-16 14:00","2025","11","16","14:00","","2.6","","-6.1","","53","","0.0","","31","","37","","16.1","","96.27","","","","","","NA"
"-80.38","43.46","KITCHENER/WATERLOO","6144239","2025-11-16 15:00","2025","11","16","15:00","","2.2","","-6.1","","54","","0.0","","30","","37","","16.1","","96.35","","","","","","NA"
"-80.38","43.46","KITCHENER/WATERLOO","6144239","2025-11-16 16:00","2025","11","16","16:00","","0.9","","-4.8","","66","","0.0","","29","","37","","16.1","","96.47","","","","","","Snow"
"-80.38","43.46","KITCHENER/WATERLOO","6144239","2025-11-16 17:00","2025","11","16","17:00","","0.5","","-6.8","","58","","0.0","","31","","30","","16.1","","96.54","","","","","","Rain"
"-80.38","43.46","KITCHENER/WATERLOO","6144239","2025-11-16 18:00","2025","11","16","18:00","","0.1","","-7.9","","55","","0.0","","30","","26","","16.1","","96.64","","","","","","NA"
"-80.38","43.46","KITCHENER/WATERLOO","6144239","2025-11-16 19:00","2025","11","16","19:00","","-0.9","","-4.6","","76","","0.0","","29","","22","","16.1","","96.68","","","","-7","","NA"
"-80.38","43.46","KITCHENER/WATERLOO","6144239","2025-11-16 20:00","2025","11","16","20:00","","-0.6","","-3.0","","84","","0.0","","29","","26","","16.1","","96.67","","","","-7","","Snow"
"-80.38","43.46","KITCHENER/WATERLOO","6144239","2025-11-16 21:00","2025","11","16","21:00","","-0.5","","-3.2","","82","","0.0","","30","","22","","12.9","","96.71","","","","-6","","Snow"
"-80.38","43.46","KITCHENER/WATERLOO","6144239","2025-11-16 22:00","2025","11","16","22:00","","-0.9","","-3.3","","84","","0.0","","29","","26","","16.1","","96.71","","","","-7","","Snow"
"-80.38","43.46","KITCHENER/WATERLOO","6144239","2025-11-16 23:00","2025","11","16","23:00","","-1.0","","-2.9","","87","","0.0","","30","","17","","2.8","","96.76","","","","-6","","Snow"
"-80.38","43.46","KITCHENER/WATERLOO","6144239","2025-11-17 00:00","2025","11","17","00:00","","-1.1","","-2.4","","91","","0.2","","29","","22","","6.4","","96.78","","","","-7","","Snow"
"-80.38","43.46","KITCHENER/WATERLOO","6144239","2025-11-17 01:00","2025","11","17","01:00","","-2.6","","-4.3","","88","","0.0","","29","","13","","16.1","","96.79","","","","-7","","NA"
"-80.38","43.46","KITCHENER/WATERLOO","6144239","2025-11-17 02:00","2025","11","17","02:00","","-2.8","","-4.3","","90","","0.0","","29","","13","","16.1","","96.83","","","","-7","","NA"
"-80.38","43.46","KITCHENER/WATERLOO","6144239","2025-11-17 03:00","2025","11","17","03:00","","-2.4","","-4.0","","89","","0.0","","29","","15","","16.1","","96.90","","","","-7","","Snow"
"-80.38","43.46","KITCHENER/WATERLOO","6144239","2025-11-17 04:00","2025","11","17","04:00","","-2.7","","-4.4","","88","","0.0","","26","","15","","16.1","","96.94","","","","-8","","NA"
"-80.38","43.46","KITCHENER/WATERLOO","6144239","2025-11-17 05:00","2025","11","17","05:00","","-1.7","","-4.5","","81","","0.0","","28","","18","","16.1","","96.98","","","","-7","","Snow"
"-80.38","43.46","KITCHENER/WATERLOO","6144239","2025-11-17 06:00","2025","11","17","06:00","","-1.3","","-4.7","","78","","0.0","","29","","15","","16.1","","97.07","","","","-6","","NA"
"-80.38","43.46","KITCHENER/WATERLOO","6144239","2025-11-17 07:00","2025","11","17","07:00","","-2.4","","-5.1","","82","","0.0","","28","","9","","16.1","","97.16","","","","-6","","NA"
"-80.38","43.46","KITCHENER/WATERLOO","6144239","2025-11-17 08:00","2025","11","17","08:00","","-1.3","","-3.5","","85","","0.0","","28","","11","","16.1","","97.25","","","","-5","","NA"
"-80.38","43.46","KITCHENER/WATERLOO","6144239","2025-11-17 09:00","2025","11","17","09:00","","-0.6","","-4.9","","73","","0.0","","31","","13","","16.1","","97.34","","","","-5","","NA"
"-80.38","43.46","KITCHENER/WATERLOO","6144239","2025-11-17 10:00","2025","11","17","10:00","","0.0","","-5.2","","68","","0.0","","30","","18","","16.1","","97.38","","","","-5","","NA"
"-80.38","43.46","KITCHENER/WATERLOO","6144239","2025-11-17 11:00","2025","11","17","11:00","","0.7","","-5.0","","66","","0.0","","29","","21","","16.1","","97.41","","","","","","NA"
"-80.38","43.46","KITCHENER/WATERLOO","6144239","2025-11-17 12:00","2025","11","17","12:00","","2.0","","-4.1","","64","","0.0","","29","","24","","16.1","","97.42","","","","","","NA"
"-80.38","43.46","KITCHENER/WATERLOO","6144239","2025-11-17 13:00","2025","11","17","13:00","","1.3","","-4.3","","67","","0.0","","31","","15","","16.1","","97.46","","","","","","NA"
"-80.38","43.46","KITCHENER/WATERLOO","6144239","2025-11-17 14:00","2025","11","17","14:00","","1.6","","-5.5","","59","","0.0","","30","","30","","16.1","","97.49","","","","","","NA"
"-80.38","43.46","KITCHENER/WATERLOO","6144239","2025-11-17 15:00","2025","11","17","15:00","","1.4","","-5.7","","59","","0.0","","30","","22","","16.1","","97.54","","","","","","NA"
"-80.38","43.46","KITCHENER/WATERLOO","6144239","2025-11-17 16:00","2025","11","17","16:00","","1.0","","-4.7","","66","","0.0","","29","","22","","16.1","","97.60","","","","","","NA"
"-80.38","43.46","KITCHENER/WATERLOO","6144239","2025-11-17 17:00","2025","11","17","17:00","","0.5","","-4.1","","72","","0.0","","29","","24","","16.1","","97.67","","","","","","NA"
"-80.38","43.46","KITCHENER/WATERLOO","6144239","2025-11-17 18:00","2025","11","17","18:00","","0.5","","-3.3","","76","","0.0","","27","","18","","16.1","","97.76","","","","","","NA"
"-80.38","43.46","KITCHENER/WATERLOO","6144239","2025-11-17 19:00","2025","11","17","19:00","","0.5","","-2.4","","81","","0.0","","28","","18","","16.1","","97.82","","","","","","Snow"
"-80.38","43.46","KITCHENER/WATERLOO","6144239","2025-11-17 20:00","2025","11","17","20:00","","0.3","","-2.4","","82","","0.0","","28","","15","","16.1","","97.85","","","","","","Snow"
"-80.38","43.46","KITCHENER/WATERLOO","6144239","2025-11-17 21:00","2025","11","17","21:00","","0.3","","-2.6","","81","","0.0","","28","","11","","16.1","","97.88","","","","","","NA"
"-80.38","43.46","KITCHENER/WATERLOO","6144239","2025-11-17 22:00","2025","11","17","22:00","","0.6","","-2.5","","80","","0.0","","25","","11","","16.1","","97.91","","","","","","NA"
"-80.38","43.46","KITCHENER/WATERLOO","6144239","2025-11-17 23:00","2025","11","17","23:00","","0.6","","-2.3","","81","","0.0","","25","","9","","16.1","","97.94","","","","","","NA"
"-80.38","43.46","KITCHENER/WATERLOO","6144239","2025-11-18 00:00","2025","11","18","00:00","","0.7","","-2.4","","80","","0.0","","27","","8","","16.1","","97.95","","","","","","NA"
"-80.38","43.46","KITCHENER/WATERLOO","6144239","2025-11-18 01:00","2025","11","18","01:00","","0.5","","-2.6","","80","","0.0","","25","","8","","16.1","","97.93","","","","","","NA"
"-80.38","43.46","KITCHENER/WATERLOO","6144239","2025-11-18 02:00","2025","11","18","02:00","","0.9","","-4.3","","68","","0.0","","32","","13","","16.1","","97.97","","","","","","NA"
"-80.38","43.46","KITCHENER/WATERLOO","6144239","2025-11-18 03:00","2025","11","18","03:00","","0.1","","-4.4","","72","","0.0","","27","","11","","16.1","","98.00","","","","","","NA"
"-80.38","43.46","KITCHENER/WATERLOO","6144239","2025-11-18 04:00","2025","11","18","04:00","","-1.9","","-5.0","","79","","0.0","","24","","9","","16.1","","98.04","","","","-5","","NA"
"-80.38","43.46","KITCHENER/WATERLOO","6144239","2025-11-18 05:00","2025","11","18","05:00","","-1.5","","-5.0","","77","","0.0","","26","","11","","16.1","","98.08","","","","-5","","NA"
"-80.38","43.46","KITCHENER/WATERLOO","6144239","2025-11-18 06:00","2025","11","18","06:00","","-2.3","","-5.2","","81","","0.0","","25","","8","","16.1","","98.10","","","","-5","","NA"
"-80.38","43.46","KITCHENER/WATERLOO","6144239","2025-11-18 07:00","2025","11","18","07:00","","-2.3","","-5.2","","81","","0.0","","22","","9","","16.1","","98.16","","","","-6","","NA"
"-80.38","43.46","KITCHENER/WATERLOO","6144239","2025-11-18 08:00","2025","11","18","08:00","","-1.0","","-4.5","","77","","0.0","","","","0","","16.1","","98.16","","","","","","NA"
"-80.38","43.46","KITCHENER/WATERLOO","6144239","2025-11-18 09:00","2025","11","18","09:00","","0.6","","-3.2","","76","","0.0","","23","","8","","16.1","","98.20","","","","","","NA"
"-80.38","43.46","KITCHENER/WATERLOO","6144239","2025-11-18 10:00","2025","11","18","10:00","","2.2","","-3.6","","66","","0.0","","25","","9","","16.1","","98.21","","","","","","NA"
"-80.38","43.46","KITCHENER/WATERLOO","6144239","2025-11-18 11:00","2025","11","18","11:00","","3.2","","-5.6","","52","","0.0","","27","","11","","16.1","","98.19","","","","","","NA"
"-80.38","43.46","KITCHENER/WATERLOO","6144239","2025-11-18 12:00","2025","11","18","12:00","","3.2","","-5.1","","55","","0.0","","28","","11","","16.1","","98.08","","","","","","NA"
"-80.38","43.46","KITCHENER/WATERLOO","6144239","2025-11-18 13:00","2025","11","18","13:00","","4.4","","-5.1","","50","","0.0","","21","","15","","16.1","","98.02","","","","","","NA"
"-80.38","43.46","KITCHENER/WATERLOO","6144239","2025-11-18 14:00","2025","11","18","14:00","","4.1","","-4.9","","52","","0.0","","25","","13","","16.1","","97.98","","","","","","NA"
"-80.38","43.46","KITCHENER/WATERLOO","6144239","2025-11-18 15:00","2025","11","18","15:00","","4.4","","-5.4","","49","","0.0","","26","","5","","16.1","","97.97","","","","","","NA"
"-80.38","43.46","KITCHENER/WATERLOO","6144239","2025-11-18 16:00","2025","11","18","16:00","","4.1","","-4.7","","53","","0.0","","25","","8","","16.1","","97.97","","","","","","NA"
"-80.38","43.46","KITCHENER/WATERLOO","6144239","2025-11-18 17:00","2025","11","18","17:00","","1.7","","-5.2","","60","","0.0","","36","","9","","16.1","","97.93","","","","","","NA"
"-80.38","43.46","KITCHENER/WATERLOO","6144239","2025-11-18 18:00","2025","11","18","18:00","","-1.2","","-4.9","","76","","0.0","","35","","8","","16.1","","97.99","","","","-4","","NA"
"-80.38","43.46","KITCHENER/WATERLOO","6144239","2025-11-18 19:00","2025","11","18","19:00","","-2.9","","-4.8","","87","","0.0","","1","","4","","16.1","","98.02","","","","-4","","NA"
"-80.38","43.46","KITCHENER/WATERLOO","6144239","2025-11-18 20:00","2025","11","18","20:00","","-2.5","","-5.0","","83","","0.0","","35","","4","","16.1","","98.05","","","","-4","","NA"
"-80.38","43.46","KITCHENER/WATERLOO","6144239","2025-11-18 21:00","2025","11","18","21:00","","-3.6","","-5.0","","90","","0.0","","","M","4","","16.1","","98.05","","","","-5","","NA"
"-80.38","43.46","KITCHENER/WATERLOO","6144239","2025-11-18 22:00","2025","11","18","22:00","","-2.8","","-4.5","","88","","0.0","","","","0","","16.1","","98.06","","","","","","NA"
"-80.38","43.46","KITCHENER/WATERLOO","6144239","2025-11-18 23:00","2025","11","18","23:00","","-4.6","","-5.7","","92","","0.0","","1","","5","","16.1","","98.07","","","","-7","","NA"
"-80.38","43.46","KITCHENER/WATERLOO","6144239","2025-11-19 00:00","2025","11","19","00:00","","-3.7","","-4.9","","91","","0.0","","34","","5","","16.1","","98.09","","","","-6","","NA"
"-80.38","43.46","KITCHENER/WATERLOO","6144239","2025-11-19 01:00","2025","11","19","01:00","","-3.3","","-5.3","","86","","0.0","","34","","11","","16.1","","98.10","","","","-8","","NA"
"-80.38","43.46","KITCHENER/WATERLOO","6144239","2025-11-19 02:00","2025","11","19","02:00","","-5.7","","-6.8","","92","","0.0","","29","","5","","16.1","","98.15","","","","-8","","NA"
"-80.38","43.46","KITCHENER/WATERLOO","6144239","2025-11-19 03:00","2025","11","19","03:00","","-5.4","","-6.2","","94","","0.0","","","M","4","","16.1","","98.21","","","","-7","","NA"
"-80.38","43.46","KITCHENER/WATERLOO","6144239","2025-11-19 04:00","2025","11","19","04:00","","-5.1","","-5.9","","94","","0.0","","29","","4","","16.1","","98.23","","","","-7","","NA"
"-80.38","43.46","KITCHENER/WATERLOO","6144239","2025-11-19 05:00","2025","11","19","05:00","","-6.3","","-7.0","","95","","0.0","","29","","8","","16.1","","98.28","","","","-10","","NA"
"-80.38","43.46","KITCHENER/WATERLOO","6144239","2025-11-19 06:00","2025","11","19","06:00","","-6.9","","-7.9","","93","","0.0","","33","","5","","16.1","","98.33","","","","-9","","NA"
"-80.38","43.46","KITCHENER/WATERLOO","6144239","2025-11-19 07:00","2025","11","19","07:00","","-5.7","","-6.5","","94","","0.0","","32","","5","","16.1","","98.39","","","","-8","","NA"
"-80.38","43.46","KITCHENER/WATERLOO","6144239","2025-11-19 08:00","2025","11","19","08:00","","-6.3","","-7.1","","94","","0.0","","","M","4","","16.1","","98.40","","","","-8","","NA"
"-80.38","43.46","KITCHENER/WATERLOO","6144239","2025-11-19 09:00","2025","11","19","09:00","","-2.3","","-4.2","","87","","0.0","","","M","4","","16.1","","98.46","","","","-4","","NA"
"-80.38","43.46","KITCHENER/WATERLOO","6144239","2025-11-19 10:00","2025","11","19","10:00","","0.2","","-3.9","","74","","0.0","","","","0","","16.1","","98.50","","","","","","NA"
"-80.38","43.46","KITCHENER/WATERLOO","6144239","2025-11-19 11:00","2025","11","19","11:00","","2.3","","-4.2","","62","","0.0","","","M","4","","16.1","","98.52","","","","","","NA"
"-80.38","43.46","KITCHENER/WATERLOO","6144239","2025-11-19 12:00","2025","11","19","12:00","","3.4","","-4.5","","56","","0.0","","6","","5","","16.1","","98.47","","","","","","NA"
"-80.38","43.46","KITCHENER/WATERLOO","6144239","2025-11-19 13:00","2025","11","19","13:00","","4.2","","-4.6","","53","","0.0","","30","","17","","16.1","","98.48","","","","","","NA"
"-80.38","43.46","KITCHENER/WATERLOO","6144239","2025-11-19 14:00","2025","11","19","14:00","","4.8","","-5.3","","48","","0.0","","33","","17","","16.1","","98.48","","","","","","NA"
"-80.38","43.46","KITCHENER/WATERLOO","6144239","2025-11-19 15:00","2025","11","19","15:00","","4.2","","-5.2","","51","","0.0","","33","","5","","16.1","","98.45","","","","","","NA"
"-80.38","43.46","KITCHENER/WATERLOO","6144239","2025-11-19 16:00","2025","11","19","16:00","","3.2","","-5.5","","53","","0.0","","36","","5","","16.1","","98.43","","","","","","NA"
"-80.38","43.46","KITCHENER/WATERLOO","6144239","2025-11-19 17:00","2025","11","19","17:00","","1.7","","-4.8","","62","","0.0","","30","","9","","16.1","","98.50","","","","","","NA"
"-80.38","43.46","KITCHENER/WATERLOO","6144239","2025-11-19 18:00","2025","11","19","18:00","","0.8","","-4.7","","67","","0.0","","32","","9","","16.1","","98.53","","","","","","NA"
"-80.38","43.46","KITCHENER/WATERLOO","6144239","2025-11-19 19:00","2025","11","19","19:00","","0.2","","-4.8","","69","","0.0","","32","","8","","16.1","","98.53","","","","","","NA"
"-80.38","43.46","KITCHENER/WATERLOO","6144239","2025-11-19 20:00","2025","11","19","20:00","","-1.3","","-4.4","","80","","0.0","","33","","4","","16.1","","98.55","","","","-3","","NA"
"-80.38","43.46","KITCHENER/WATERLOO","6144239","2025-11-19 21:00","2025","11","19","21:00","","-1.8","","-4.3","","83","","0.0","","3","","8","","16.1","","98.56","","","","-5","","NA"
"-80.38","43.46","KITCHENER/WATERLOO","6144239","2025-11-19 22:00","2025","11","19","22:00","","-2.3","","-4.1","","87","","0.0","","","","0","","16.1","","98.57","","","","","","NA"
"-80.38","43.46","KITCHENER/WATERLOO","6144239","2025-11-19 23:00","2025","11","19","23:00","","-1.6","","-4.1","","83","","0.0","","6","","8","","16.1","","98.51","","","","-5","","NA"
"-80.38","43.46","KITCHENER/WATERLOO","6144239","2025-11-20 00:00","2025","11","20","00:00","","-2.7","","-4.0","","91","","0.0","","5","","5","","16.1","","98.47","","","","-5","","NA"
"-80.38","43.46","KITCHENER/WATERLOO","6144239","2025-11-20 01:00","2025","11","20","01:00","","-3.5","","-5.1","","89","","0.0","","","","0","","16.1","","98.44","","","","","","NA"
"-80.38","43.46","KITCHENER/WATERLOO","6144239","2025-11-20 02:00","2025","11","20","02:00","","-3.9","","-4.6","","95","","0.0","","","","0","","16.1","","98.42","","","","","","NA"
"-80.38","43.46","KITCHENER/WATERLOO","6144239","2025-11-20 03:00","2025","11","20","03:00","","-3.8","","-4.6","","94","","0.0","","","","0","","16.1","","98.41","","","","","","NA"
"-80.38","43.46","KITCHENER/WATERLOO","6144239","2025-11-20 04:00","2025","11","20","04:00","","-3.5","","-4.5","","93","","0.0","","29","","4","","16.1","","98.39","","","","-5","","NA"
"-80.38","43.46","KITCHENER/WATERLOO","6144239","2025-11-20 05:00","2025","11","20","05:00","","-4.8","","-5.5","","95","","0.0","","","","0","","16.1","","98.39","","","","","","NA"
"-80.38","43.46","KITCHENER/WATERLOO","6144239","2025-11-20 06:00","2025","11","20","06:00","","-5.6","","-6.1","","96","","0.0","","31","","4","","6.4","","98.40","","","","-7","","Fog"
"-80.38","43.46","KITCHENER/WATERLOO","6144239","2025-11-20 07:00","2025","11","20","07:00","","-5.9","","-6.6","","95","","0.0","","","","0","","16.1","","98.42","","","","","","NA"
"-80.38","43.46","KITCHENER/WATERLOO","6144239","2025-11-20 08:00","2025","11","20","08:00","","-5.3","","-6.0","","95","","0.0","","30","","4","","16.1","","98.43","","","","-7","","NA"
"-80.38","43.46","KITCHENER/WATERLOO","6144239","2025-11-20 09:00","2025","11","20","09:00","","-1.6","","-2.7","","92","","0.0","","","","0","","16.1","","98.40","","","","","","NA"
"-80.38","43.46","KITCHENER/WATERLOO","6144239","2025-11-20 10:00","2025","11","20","10:00","","1.9","","-1.5","","78","","0.0","","","M","4","","16.1","","98.34","","","","","","NA"
"-80.38","43.46","KITCHENER/WATERLOO","6144239","2025-11-20 11:00","2025","11","20","11:00","","4.0","","-2.9","","61","","0.0","","13","","8","","16.1","","98.30","","","","","","NA"
"-80.38","43.46","KITCHENER/WATERLOO","6144239","2025-11-20 12:00","2025","11","20","12:00","","5.1","","-2.8","","57","","0.0","","19","","9","","16.1","","98.26","","","","","","NA"
"-80.38","43.46","KITCHENER/WATERLOO","6144239","2025-11-20 13:00","2025","11","20","13:00","","5.7","","-2.0","","58","","0.0","","15","","9","","16.1","","98.09","","","","","","NA"
"-80.38","43.46","KITCHENER/WATERLOO","6144239","2025-11-20 14:00","2025","11","20","14:00","","6.1","","-1.7","","57","","0.0","","20","","13","","16.1","","98.07","","","","","","NA"
"-80.38","43.46","KITCHENER/WATERLOO","6144239","2025-11-20 15:00","2025","11","20","15:00","","6.1","","-1.5","","58","","0.0","","17","","13","","16.1","","98.04","","","","","","NA"
"-80.38","43.46","KITCHENER/WATERLOO","6144239","2025-11-20 16:00","2025","11","20","16:00","","5.2","","-1.7","","61","","0.0","","20","","15","","16.1","","98.03","","","","","","NA"
"-80.38","43.46","KITCHENER/WATERLOO","6144239","2025-11-20 17:00","2025","11","20","17:00","","4.5","","-1.3","","66","","0.0","","19","","8","","16.1","","97.94","","","","","","NA"
"-80.38","43.46","KITCHENER/WATERLOO","6144239","2025-11-20 18:00","2025","11","20","18:00","","3.5","","-0.6","","75","","0.0","","20","","8","","16.1","","97.95","","","","","","NA"
"-80.38","43.46","KITCHENER/WATERLOO","6144239","2025-11-20 19:00","2025","11","20","19:00","","4.4","","-0.2","","72","","0.0","","18","","13","","16.1","","97.94","","","","","","NA"
"-80.38","43.46","KITCHENER/WATERLOO","6144239","2025-11-20 20:00","2025","11","20","20:00","","4.3","","-0.1","","73","","0.0","","18","","11","","16.1","","97.94","","","","","","NA"
"-80.38","43.46","KITCHENER/WATERLOO","6144239","2025-11-20 21:00","2025","11","20","21:00","","4.2","","0.5","","77","","0.0","","18","","13","","16.1","","97.88","","","","","","NA"
"-80.38","43.46","KITCHENER/WATERLOO","6144239","2025-11-20 22:00","2025","11","20","22:00","","4.1","","1.3","","82","","0.0","","19","","13","","16.1","","97.83","","","","","","NA"
"-80.38","43.46","KITCHENER/WATERLOO","6144239","2025-11-20 23:00","2025","11","20","23:00","","3.8","","1.7","","86","","0.0","","18","","13","","11.3","","97.75","","","","","","NA"
"-80.38","43.46","KITCHENER/WATERLOO","6144239","2025-11-21 00:00","2025","11","21","00:00","","4.1","","1.5","","83","","0.0","","19","","13","","16.1","","97.66","","","","","","NA"
"-80.38","43.46","KITCHENER/WATERLOO","6144239","2025-11-21 01:00","2025","11","21","01:00","","4.0","","2.5","","90","","0.0","","21","","15","","4.8","","97.62","","","","","","Fog"
"-80.38","43.46","KITCHENER/WATERLOO","6144239","2025-11-21 02:00","2025","11","21","02:00","","4.0","","3.6","","97","","0.0","","20","","9","","1.6","","97.57","","","","","","Fog"
"-80.38","43.46","KITCHENER/WATERLOO","6144239","2025-11-21 03:00","2025","11","21","03:00","","5.2","","4.8","","97","","0.0","","24","","18","","2.0","","97.56","","","","","","Fog"
"-80.38","43.46","KITCHENER/WATERLOO","6144239","2025-11-21 04:00","2025","11","21","04:00","","5.7","","5.2","","97","","0.0","","24","","21","","1.6","","97.54","","","","","","Fog"
"-80.38","43.46","KITCHENER/WATERLOO","6144239","2025-11-21 05:00","2025","11","21","05:00","","5.9","","5.0","","94","","0.0","","24","","18","","2.8","","97.50","","","","","","Fog"
"-80.38","43.46","KITCHENER/WATERLOO","6144239","2025-11-21 06:00","2025","11","21","06:00","","5.9","","5.2","","95","","0.0","","24","","21","","2.4","","97.47","","","","","","Fog"
"-80.38","43.46","KITCHENER/WATERLOO","6144239","2025-11-21 07:00","2025","11","21","07:00","","6.0","","5.3","","95","","0.0","","24","","21","","2.4","","97.51","","","","","","Rain,Fog"
"-80.38","43.46","KITCHENER/WATERLOO","6144239","2025-11-21 08:00","2025","11","21","08:00","","6.1","","5.1","","93","","0.0","","24","","15","","4.8","","97.52","","","","","","Fog"
"-80.38","43.46","KITCHENER/WATERLOO","6144239","2025-11-21 09:00","2025","11","21","09:00","","6.6","","5.1","","90","","0.0","","25","","18","","8.1","","97.55","","","","","","Fog"
"-80.38","43.46","KITCHENER/WATERLOO","6144239","2025-11-21 10:00","2025","11","21","10:00","","7.0","","4.2","","83","","0.0","","27","","22","","16.1","","97.58","","","","","","NA"
"-80.38","43.46","KITCHENER/WATERLOO","6144239","2025-11-21 11:00","2025","11","21","11:00","","7.8","","3.8","","76","","0.0","","26","","26","","16.1","","97.56","","","","","","NA"
"-80.38","43.46","KITCHENER/WATERLOO","6144239","2025-11-21 12:00","2025","11","21","12:00","","6.9","","3.1","","77","","0.0","","29","","21","","16.1","","97.53","","","","","","NA"
"-80.38","43.46","KITCHENER/WATERLOO","6144239","2025-11-21 13:00","2025","11","21","13:00","","9.2","","3.0","","65","","0.0","","30","","26","","16.1","","97.46","","","","","","NA"
"-80.38","43.46","KITCHENER/WATERLOO","6144239","2025-11-21 14:00","2025","11","21","14:00","","7.9","","1.2","","63","","0.0","","26","","26","","16.1","","97.40","","","","","","NA"
"-80.38","43.46","KITCHENER/WATERLOO","6144239","2025-11-21 15:00","2025","11","21","15:00","","7.8","","0.5","","60","","0.0","","25","","24","","16.1","","97.40","","","","","","NA"
"-80.38","43.46","KITCHENER/WATERLOO","6144239","2025-11-21 16:00","2025","11","21","16:00","","6.6","","0.7","","66","","0.0","","28","","18","","16.1","","97.44","","","","","","NA"
"-80.38","43.46","KITCHENER/WATERLOO","6144239","2025-11-21 17:00","2025","11","21","17:00","","5.1","","0.1","","70","","0.0","","28","","13","","16.1","","97.44","","","","","","NA"
"-80.38","43.46","KITCHENER/WATERLOO","6144239","2025-11-21 18:00","2025","11","21","18:00","","3.8","","-0.2","","75","","0.0","","30","","9","","16.1","","97.46","","","","","","NA"
"-80.38","43.46","KITCHENER/WATERLOO","6144239","2025-11-21 19:00","2025","11","21","19:00","","1.0","","-0.4","","90","","0.0","","","","0","","16.1","","97.45","","","","","","NA"
"-80.38","43.46","KITCHENER/WATERLOO","6144239","2025-11-21 20:00","2025","11","21","20:00","","-1.1","","-2.1","","93","","0.0","","","","0","","16.1","","97.45","","","","","","NA"
"-80.38","43.46","KITCHENER/WATERLOO","6144239","2025-11-21 21:00","2025","11","21","21:00","","-0.4","","-1.3","","94","","0.0","","29","","4","","16.1","","97.45","","","","-2","","NA"
"-80.38","43.46","KITCHENER/WATERLOO","6144239","2025-11-21 22:00","2025","11","21","22:00","","-1.9","","-2.4","","96","","0.0","","","","0","","3.6","","97.42","","","","","","Fog"
"-80.38","43.46","KITCHENER/WATERLOO","6144239","2025-11-21 23:00","2025","11","21","23:00","","-1.0","","-1.6","","96","","0.0","","","","0","","14.5","","97.42","","","","","","NA"
"-80.38","43.46","KITCHENER/WATERLOO","6144239","2025-11-22 00:00","2025","11","22","00:00","","-0.5","","-1.1","","96","","0.0","","35","","4","","16.1","","97.43","","","","-2","","NA"
"-80.38","43.46","KITCHENER/WATERLOO","6144239","2025-11-22 01:00","2025","11","22","01:00","","-0.5","","-1.1","","96","","0.0","","","","0","","9.7","","97.43","","","","","","Fog"
"-80.38","43.46","KITCHENER/WATERLOO","6144239","2025-11-22 02:00","2025","11","22","02:00","","-0.2","","-0.7","","97","","0.0","","31","","4","","11.3","","97.43","","","","-1","","NA"
"-80.38","43.46","KITCHENER/WATERLOO","6144239","2025-11-22 03:00","2025","11","22","03:00","","-0.1","","-0.5","","97","","0.0","","32","","8","","14.5","","97.48","","","","-3","","NA"
"-80.38","43.46","KITCHENER/WATERLOO","6144239","2025-11-22 04:00","2025","11","22","04:00","","-0.3","","-1.0","","95","","0.0","","31","","5","","16.1","","97.46","","","","-2","","NA"
"-80.38","43.46","KITCHENER/WATERLOO","6144239","2025-11-22 05:00","2025","11","22","05:00","","-1.2","","-1.7","","97","","0.0","","27","","8","","9.7","","97.55","","","","-4","","Fog"
"-80.38","43.46","KITCHENER/WATERLOO","6144239","2025-11-22 06:00","2025","11","22","06:00","","-0.7","","-1.3","","96","","0.0","","28","","5","","16.1","","97.55","","","","-2","","NA"
"-80.38","43.46","KITCHENER/WATERLOO","6144239","2025-11-22 07:00","2025","11","22","07:00","","-1.0","","-2.0","","93","","0.0","","31","","9","","16.1","","97.64","","","","-4","","NA"
"-80.38","43.46","KITCHENER/WATERLOO","6144239","2025-11-22 08:00","2025","11","22","08:00","","0.5","","-1.6","","86","","0.0","","31","","9","","16.1","","97.73","","","","","","NA"
"-80.38","43.46","KITCHENER/WATERLOO","6144239","2025-11-22 09:00","2025","11","22","09:00","","2.5","","-0.8","","79","","0.0","","34","","9","","16.1","","97.74","","","","","","NA"
"-80.38","43.46","KITCHENER/WATERLOO","6144239","2025-11-22 10:00","2025","11","22","10:00","","3.7","","-3.6","","59","","0.0","","32","","15","","16.1","","97.76","","","","","","NA"
"-80.38","43.46","KITCHENER/WATERLOO","6144239","2025-11-22 11:00","2025","11","22","11:00","","4.7","","-4.8","","50","","0.0","","31","","17","","16.1","","97.79","","","","","","NA"
"-80.38","43.46","KITCHENER/WATERLOO","6144239","2025-11-22 12:00","2025","11","22","12:00","","3.8","","-4.9","","53","","0.0","","34","","15","","16.1","","97.78","","","","","","NA"
"-80.38","43.46","KITCHENER/WATERLOO","6144239","2025-11-22 13:00","2025","11","22","13:00","","4.1","","-4.6","","53","","0.0","","32","","17","","16.1","","97.77","","","","","","NA"
"-80.38","43.46","KITCHENER/WATERLOO","6144239","2025-11-22 14:00","2025","11","22","14:00","","3.8","","-4.4","","55","","0.0","","31","","15","","16.1","","97.74","","","","","","NA"
"-80.38","43.46","KITCHENER/WATERLOO","6144239","2025-11-22 15:00","2025","11","22","15:00","","4.1","","-4.5","","54","","0.0","","29","","11","","16.1","","97.73","","","","","","NA"
"-80.38","43.46","KITCHENER/WATERLOO","6144239","2025-11-22 16:00","2025","11","22","16:00","","2.8","","-4.7","","58","","0.0","","33","","8","","16.1","","97.77","","","","","","NA"
"-80.38","43.46","KITCHENER/WATERLOO","6144239","2025-11-22 17:00","2025","11","22","17:00","","2.0","","-3.7","","66","","0.0","","","","0","","16.1","","97.79","","","","","","NA"
"-80.38","43.46","KITCHENER/WATERLOO","6144239","2025-11-22 18:00","2025","11","22","18:00","","1.0","","-3.9","","70","","0.0","","15","","4","","16.1","","97.76","","","","","","NA"
"-80.38","43.46","KITCHENER/WATERLOO","6144239","2025-11-22 19:00","2025","11","22","19:00","","1.2","","-3.9","","69","","0.0","","14","","4","","16.1","","97.75","","","","","","NA"
"-80.38","43.46","KITCHENER/WATERLOO","6144239","2025-11-22 20:00","2025","11","22","20:00","","-0.7","","-3.9","","79","","0.0","","","","0","","16.1","","97.74","","","","","","NA"
"-80.38","43.46","KITCHENER/WATERLOO","6144239","2025-11-22 21:00","2025","11","22","21:00","","0.8","","-2.8","","77","","0.0","","21","","8","","16.1","","97.75","","","","","","NA"
"-80.38","43.46","KITCHENER/WATERLOO","6144239","2025-11-22 22:00","2025","11","22","22:00","","0.2","","-3.0","","79","","0.0","","17","","5","","16.1","","97.67","","","","","","NA"
"-80.38","43.46","KITCHENER/WATERLOO","6144239","2025-11-22 23:00","2025","11","22","23:00","","0.7","","-2.6","","79","","0.0","","17","","5","","16.1","","97.65","","","","","","NA"
"-80.38","43.46","KITCHENER/WATERLOO","6144239","2025-11-23 00:00","2025","11","23","00:00","","2.1","","-1.9","","75","","0.0","","23","","8","","16.1","","97.58","","","","","","NA"
"-80.38","43.46","KITCHENER/WATERLOO","6144239","2025-11-23 01:00","2025","11","23","01:00","","1.9","","-1.4","","79","","0.0","","20","","9","","16.1","","97.51","","","","","","Rain"
"-80.38","43.46","KITCHENER/WATERLOO","6144239","2025-11-23 02:00","2025","11","23","02:00","","1.8","","-1.3","","80","","0.0","","18","","9","","16.1","","97.44","","","","","","NA"
"-80.38","43.46","KITCHENER/WATERLOO","6144239","2025-11-23 03:00","2025","11","23","03:00","","1.9","","-1.0","","81","","0.0","","18","","11","","16.1","","97.33","","","","","","NA"
"-80.38","43.46","KITCHENER/WATERLOO","6144239","2025-11-23 04:00","2025","11","23","04:00","","2.1","","-0.8","","81","","0.0","","19","","13","","16.1","","97.23","","","","","","NA"
"-80.38","43.46","KITCHENER/WATERLOO","6144239","2025-11-23 05:00","2025","11","23","05:00","","2.6","","0.4","","85","","0.0","","22","","15","","16.1","","97.21","","","","","","Rain"
"-80.38","43.46","KITCHENER/WATERLOO","6144239","2025-11-23 06:00","2025","11","23","06:00","","2.4","","0.8","","89","","0.0","","21","","13","","16.1","","97.14","","","","","","NA"
"-80.38","43.46","KITCHENER/WATERLOO","6144239","2025-11-23 07:00","2025","11","23","07:00","","3.6","","0.6","","81","","0.0","","25","","15","","16.1","","97.17","","","","","","NA"
"-80.38","43.46","KITCHENER/WATERLOO","6144239","2025-11-23 08:00","2025","11","23","08:00","","4.3","","1.3","","81","","0.0","","25","","24","","16.1","","97.19","","","","","","NA"
"-80.38","43.46","KITCHENER/WATERLOO","6144239","2025-11-23 09:00","2025","11","23","09:00","","4.6","","2.1","","84","","0.0","","28","","21","","16.1","","97.23","","","","","","Rain"
"-80.38","43.46","KITCHENER/WATERLOO","6144239","2025-11-23 10:00","2025","11","23","10:00","","6.2","","2.2","","75","","0.0","","27","","24","","16.1","","97.29","","","","","","NA"
"-80.38","43.46","KITCHENER/WATERLOO","6144239","2025-11-23 11:00","2025","11","23","11:00","","5.8","","2.5","","79","","0.0","","27","","22","","16.1","","97.35","","","","","","Rain"
"-80.38","43.46","KITCHENER/WATERLOO","6144239","2025-11-23 12:00","2025","11","23","12:00","","6.6","","2.3","","74","","0.0","","29","","22","","16.1","","97.35","","","","","","NA"
"-80.38","43.46","KITCHENER/WATERLOO","6144239","2025-11-23 13:00","2025","11","23","13:00","","6.4","","3.1","","79","","0.5","","28","","28","","16.1","","97.37","","","","","","NA"
"-80.38","43.46","KITCHENER/WATERLOO","6144239","2025-11-23 14:00","2025","11","23","14:00","","5.6","","2.2","","79","","0.5","","31","","24","","16.1","","97.44","","","","","","NA"
"-80.38","43.46","KITCHENER/WATERLOO","6144239","2025-11-23 15:00","2025","11","23","15:00","","5.6","","0.4","","69","","0.0","","29","","26","","16.1","","97.49","","","","","","NA"
"-80.38","43.46","KITCHENER/WATERLOO","6144239","2025-11-23 16:00","2025","11","23","16:00","","6.7","","0.0","","62","","0.0","","26","","30","","16.1","","97.55","","","","","","NA"
"-80.38","43.46","KITCHENER/WATERLOO","6144239","2025-11-23 17:00","2025","11","23","17:00","","5.4","","-0.4","","66","","0.0","","26","","24","","16.1","","97.65","","","","","","NA"
"-80.38","43.46","KITCHENER/WATERLOO","6144239","2025-11-23 18:00","2025","11","23","18:00","","5.1","","0.3","","71","","0.0","","28","","11","","16.1","","97.73","","","","","","NA"
"-80.38","43.46","KITCHENER/WATERLOO","6144239","2025-11-23 19:00","2025","11","23","19:00","","4.6","","0.7","","76","","0.0","","29","","17","","16.1","","97.78","","","","","","NA"
"-80.38","43.46","KITCHENER/WATERLOO","6144239","2025-11-23 20:00","2025","11","23","20:00","","3.9","","0.4","","78","","0.0","","30","","15","","16.1","","97.85","","","","","","NA"
"-80.38","43.46","KITCHENER/WATERLOO","6144239","2025-11-23 21:00","2025","11","23","21:00","","3.4","","-0.6","","75","","0.0","","28","","18","","16.1","","97.92","","","","","","NA"
"-80.38","43.46","KITCHENER/WATERLOO","6144239","2025-11-23 22:00","2025","11","23","22:00","","3.1","","-1.1","","74","","0.0","","29","","17","","16.1","","97.98","","","","","","NA"
"-80.38","43.46","KITCHENER/WATERLOO","6144239","2025-11-23 23:00","2025","11","23","23:00","","2.8","","-1.2","","75","","0.0","","30","","11","","16.1","","98.03","","","","","","NA"
"-80.38","43.46","KITCHENER/WATERLOO","6144239","2025-11-24 00:00","2025","11","24","00:00","","3.2","","-0.3","","78","","0.0","","30","","17","","16.1","","98.07","","","","","","NA"
"-80.38","43.46","KITCHENER/WATERLOO","6144239","2025-11-24 01:00","2025","11","24","01:00","","1.4","","-0.9","","85","","0.0","","29","","15","","16.1","","98.11","","","","","","NA"
"-80.38","43.46","KITCHENER/WATERLOO","6144239","2025-11-24 02:00","2025","11","24","02:00","","0.6","","-0.7","","91","","0.0","","27","","5","","16.1","","98.17","","","","","","NA"
"-80.38","43.46","KITCHENER/WATERLOO","6144239","2025-11-24 03:00","2025","11","24","03:00","","-0.1","","-1.1","","93","","0.0","","28","","11","","16.1","","98.24","","","","-4","","NA"
"-80.38","43.46","KITCHENER/WATERLOO","6144239","2025-11-24 04:00","2025","11","24","04:00","","-1.3","","-2.0","","95","","0.0","","33","","4","","16.1","","98.27","","","","-3","","NA"
"-80.38","43.46","KITCHENER/WATERLOO","6144239","2025-11-24 05:00","2025","11","24","05:00","","-2.1","","-2.6","","97","","0.0","","","","0","","16.1","","98.31","","","","","","NA"
"-80.38","43.46","KITCHENER/WATERLOO","6144239","2025-11-24 06:00","2025","11","24","06:00","","-3.5","","-4.2","","95","","0.0","","24","","8","","16.1","","98.40","","","","-7","","NA"
"-80.38","43.46","KITCHENER/WATERLOO","6144239","2025-11-24 07:00","2025","11","24","07:00","","-2.5","","-2.9","","97","","0.0","","20","","5","","16.1","","98.50","","","","-4","","NA"
"-80.38","43.46","KITCHENER/WATERLOO","6144239","2025-11-24 08:00","2025","11","24","08:00","","-3.1","","-3.7","","96","","0.0","","","","0","","14.5","","98.44","","","","","","NA"
"-80.38","43.46","KITCHENER/WATERLOO","6144239","2025-11-24 09:00","2025","11","24","09:00","","0.2","","-0.5","","95","","0.0","","16","","4","","16.1","","98.37","","","","","","NA"
"-80.38","43.46","KITCHENER/WATERLOO","6144239","2025-11-24 10:00","2025","11","24","10:00","","1.8","","-0.3","","86","","0.0","","19","","9","","16.1","","98.43","","","","","","NA"
"-80.38","43.46","KITCHENER/WATERLOO","6144239","2025-11-24 11:00","2025","11","24","11:00","","3.4","","0.2","","80","","0.0","","19","","13","","16.1","","98.41","","","","","","NA"
"-80.38","43.46","KITCHENER/WATERLOO","6144239","2025-11-24 12:00","2025","11","24","12:00","","5.6","","0.4","","69","","0.0","","23","","13","","16.1","","98.41","","","","","","NA"
"-80.38","43.46","KITCHENER/WATERLOO","6144239","2025-11-24 13:00","2025","11","24","13:00","","6.3","","0.0","","64","","0.0","","20","","15","","16.1","","98.33","","","","","","NA"
"-80.38","43.46","KITCHENER/WATERLOO","6144239","2025-11-24 14:00","2025","11","24","14:00","","6.6","","1.1","","68","","0.0","","20","","15","","16.1","","98.26","","","","","","NA"
"-80.38","43.46","KITCHENER/WATERLOO","6144239","2025-11-24 15:00","2025","11","24","15:00","","7.4","","1.7","","67","","0.0","","19","","17","","16.1","","98.28","","","","","","NA"
"-80.38","43.46","KITCHENER/WATERLOO","6144239","2025-11-24 16:00","2025","11","24","16:00","","6.1","","1.6","","73","","0.0","","18","","13","","16.1","","98.21","","","","","","NA"
"-80.38","43.46","KITCHENER/WATERLOO","6144239","2025-11-24 17:00","2025","11","24","17:00","","5.2","","1.5","","77","","0.0","","18","","9","","16.1","","98.17","","","","","","NA"
"-80.38","43.46","KITCHENER/WATERLOO","6144239","2025-11-24 18:00","2025","11","24","18:00","","4.5","","1.4","","80","","0.0","","18","","9","","16.1","","98.15","","","","","","NA"
"-80.38","43.46","KITCHENER/WATERLOO","6144239","2025-11-24 19:00","2025","11","24","19:00","","4.1","","1.1","","81","","0.0","","17","","9","","16.1","","98.10","","","","","","NA"
"-80.38","43.46","KITCHENER/WATERLOO","6144239","2025-11-24 20:00","2025","11","24","20:00","","3.8","","1.2","","83","","0.0","","18","","11","","16.1","","98.08","","","","","","NA"
"-80.38","43.46","KITCHENER/WATERLOO","6144239","2025-11-24 21:00","2025","11","24","21:00","","4.6","","1.3","","79","","0.0","","18","","13","","16.1","","98.04","","","","","","NA"
"-80.38","43.46","KITCHENER/WATERLOO","6144239","2025-11-24 22:00","2025","11","24","22:00","","4.6","","1.3","","79","","0.0","","19","","8","","16.1","","98.03","","","","","","NA"
"-80.38","43.46","KITCHENER/WATERLOO","6144239","2025-11-24 23:00","2025","11","24","23:00","","4.4","","1.3","","80","","0.0","","19","","9","","16.1","","97.95","","","","","","NA"
"-80.38","43.46","KITCHENER/WATERLOO","6144239","2025-11-25 00:00","2025","11","25","00:00","","4.4","","1.3","","80","","0.0","","19","","11","","16.1","","97.92","","","","","","NA"
"-80.38","43.46","KITCHENER/WATERLOO","6144239","2025-11-25 01:00","2025","11","25","01:00","","3.9","","1.3","","83","","0.0","","16","","9","","16.1","","97.89","","","","","","NA"
"-80.38","43.46","KITCHENER/WATERLOO","6144239","2025-11-25 02:00","2025","11","25","02:00","","4.1","","1.6","","84","","0.0","","17","","9","","16.1","","97.85","","","","","","NA"
"-80.38","43.46","KITCHENER/WATERLOO","6144239","2025-11-25 03:00","2025","11","25","03:00","","3.7","","1.7","","87","","0.0","","1","","4","","16.1","","97.77","","","","","","NA"
"-80.38","43.46","KITCHENER/WATERLOO","6144239","2025-11-25 04:00","2025","11","25","04:00","","3.5","","1.9","","89","","0.0","","","","0","","16.1","","97.78","","","","","","NA"
"-80.38","43.46","KITCHENER/WATERLOO","6144239","2025-11-25 05:00","2025","11","25","05:00","","3.5","","2.0","","90","","0.0","","7","","8","","16.1","","97.77","","","","","","NA"
"-80.38","43.46","KITCHENER/WATERLOO","6144239","2025-11-25 06:00","2025","11","25","06:00","","3.7","","1.7","","87","","0.0","","6","","9","","16.1","","97.68","","","","","","NA"
"-80.38","43.46","KITCHENER/WATERLOO","6144239","2025-11-25 07:00","2025","11","25","07:00","","3.7","","1.4","","85","","0.0","","7","","13","","16.1","","97.64","","","","","","NA"
"-80.38","43.46","KITCHENER/WATERLOO","6144239","2025-11-25 08:00","2025","11","25","08:00","","4.1","","1.5","","83","","0.0","","","","0","","16.1","","97.64","","","","","","NA"
"-80.38","43.46","KITCHENER/WATERLOO","6144239","2025-11-25 09:00","2025","11","25","09:00","","5.4","","2.4","","81","","0.0","","7","","9","","16.1","","97.59","","","","","","NA"
"-80.38","43.46","KITCHENER/WATERLOO","6144239","2025-11-25 10:00","2025","11","25","10:00","","6.6","","2.3","","74","","0.0","","11","","9","","16.1","","97.55","","","","","","NA"
"-80.38","43.46","KITCHENER/WATERLOO","6144239","2025-11-25 11:00","2025","11","25","11:00","","7.3","","2.4","","71","","0.0","","11","","13","","16.1","","97.44","","","","","","NA"
"-80.38","43.46","KITCHENER/WATERLOO","6144239","2025-11-25 12:00","2025","11","25","12:00","","7.5","","2.2","","69","","0.0","","10","","11","","16.1","","97.34","","","","","","NA"
"-80.38","43.46","KITCHENER/WATERLOO","6144239","2025-11-25 13:00","2025","11","25","13:00","","6.6","","4.1","","84","","0.2","","10","","11","","16.1","","97.26","","","","","","Rain"
"-80.38","43.46","KITCHENER/WATERLOO","6144239","2025-11-25 14:00","2025","11","25","14:00","","6.2","","4.5","","89","","0.5","","11","","13","","12.9","","97.16","","","","","","Rain"
"-80.38","43.46","KITCHENER/WATERLOO","6144239","2025-11-25 15:00","2025","11","25","15:00","","6.0","","5.1","","94","","2.0","","10","","15","","11.3","","97.08","","","","","","Rain"
"-80.38","43.46","KITCHENER/WATERLOO","6144239","2025-11-25 16:00","2025","11","25","16:00","","5.6","","5.0","","96","","1.0","","8","","15","","4.8","","97.05","","","","","","Rain,Fog"
"-80.38","43.46","KITCHENER/WATERLOO","6144239","2025-11-25 17:00","2025","11","25","17:00","","5.3","","4.9","","97","","0.8","","8","","11","","1.6","","97.01","","","","","","Rain,Fog"
"-80.38","43.46","KITCHENER/WATERLOO","6144239","2025-11-25 18:00","2025","11","25","18:00","","5.3","","5.0","","98","","0.5","","8","","11","","2.4","","96.98","","","","","","Rain,Fog"
"-80.38","43.46","KITCHENER/WATERLOO","6144239","2025-11-25 19:00","2025","11","25","19:00","","5.3","","5.0","","98","","0.0","","10","","8","","2.8","","96.96","","","","","","Rain,Fog"
"-80.38","43.46","KITCHENER/WATERLOO","6144239","2025-11-25 20:00","2025","11","25","20:00","","5.4","","5.1","","98","","0.2","","7","","9","","2.0","","96.93","","","","","","Fog"
"-80.38","43.46","KITCHENER/WATERLOO","6144239","2025-11-25 21:00","2025","11","25","21:00","","5.7","","5.4","","98","","0.5","","12","","8","","2.0","","96.89","","","","","","Rain,Fog"
"-80.38","43.46","KITCHENER/WATERLOO","6144239","2025-11-25 22:00","2025","11","25","22:00","","5.8","","5.7","","99","","0.5","","14","","8","","1.6","","96.85","","","","","","Fog"
"-80.38","43.46","KITCHENER/WATERLOO","6144239","2025-11-25 23:00","2025","11","25","23:00","","6.2","","6.1","","99","","0.0","","15","","8","","0.6","","96.82","","","","","","Fog"
"-80.38","43.46","KITCHENER/WATERLOO","6144239","2025-11-26 00:00","2025","11","26","00:00","","6.6","","6.5","","99","","0.0","","20","","8","","0.4","","96.79","","","","","","Fog"
"-80.38","43.46","KITCHENER/WATERLOO","6144239","2025-11-26 01:00","2025","11","26","01:00","","8.5","","8.4","","99","","0.0","","23","","15","","4.0","","96.73","","","","","","Fog"
"-80.38","43.46","KITCHENER/WATERLOO","6144239","2025-11-26 02:00","2025","11","26","02:00","","8.7","","8.6","","99","","0.0","","24","","15","","4.8","","96.70","","","","","","Fog"
"-80.38","43.46","KITCHENER/WATERLOO","6144239","2025-11-26 03:00","2025","11","26","03:00","","8.6","","8.2","","97","","0.0","","23","","13","","8.1","","96.72","","","","","","Fog"
"-80.38","43.46","KITCHENER/WATERLOO","6144239","2025-11-26 04:00","2025","11","26","04:00","","8.5","","7.9","","96","","0.0","","20","","13","","4.8","","96.69","","","","","","Fog"
"-80.38","43.46","KITCHENER/WATERLOO","6144239","2025-11-26 05:00","2025","11","26","05:00","","8.6","","7.9","","95","","0.0","","20","","9","","4.8","","96.62","","","","","","Fog"
"-80.38","43.46","KITCHENER/WATERLOO","6144239","2025-11-26 06:00","2025","11","26","06:00","","8.4","","8.0","","97","","0.0","","20","","9","","2.0","","96.55","","","","","","Fog"
"-80.38","43.46","KITCHENER/WATERLOO","6144239","2025-11-26 07:00","2025","11","26","07:00","","8.6","","8.2","","97","","0.0","","19","","17","","4.8","","96.54","","","","","","Fog"
"-80.38","43.46","KITCHENER/WATERLOO","6144239","2025-11-26 08:00","2025","11","26","08:00","","8.7","","7.8","","94","","0.0","","19","","13","","9.7","","96.49","","","","","","Fog"
"-80.38","43.46","KITCHENER/WATERLOO","6144239","2025-11-26 09:00","2025","11","26","09:00","","8.9","","8.0","","94","","0.0","","18","","15","","9.7","","96.45","","","","","","Fog"
"-80.38","43.46","KITCHENER/WATERLOO","6144239","2025-11-26 10:00","2025","11","26","10:00","","9.5","","8.7","","95","","0.2","","19","","21","","14.5","","96.39","","","","","","Rain"
"-80.38","43.46","KITCHENER/WATERLOO","6144239","2025-11-26 11:00","2025","11","26","11:00","","9.6","","6.9","","83","","0.5","","21","","32","","16.1","","96.32","","","","","","Rain"
"-80.38","43.46","KITCHENER/WATERLOO","6144239","2025-11-26 12:00","2025","11","26","12:00","","6.5","","2.8","","77","","0.0","","23","","30","","16.1","","96.37","","","","","","NA"
"-80.38","43.46","KITCHENER/WATERLOO","6144239","2025-11-26 13:00","2025","11","26","13:00","","4.8","","-0.2","","70","","0.0","","26","","32","","16.1","","96.40","","","","","","NA"
"-80.38","43.46","KITCHENER/WATERLOO","6144239","2025-11-26 14:00","2025","11","26","14:00","","3.6","","-2.8","","63","","0.2","","23","","39","","16.1","","96.47","","","","","","NA"
"-80.38","43.46","KITCHENER/WATERLOO","6144239","2025-11-26 15:00","2025","11","26","15:00","","2.9","","-2.6","","67","","0.0","","24","","34","","16.1","","96.51","","","","","","NA"
"-80.38","43.46","KITCHENER/WATERLOO","6144239","2025-11-26 16:00","2025","11","26","16:00","","2.0","","-2.7","","71","","0.0","","23","","30","","16.1","","96.56","","","","","","Rain"
"-80.38","43.46","KITCHENER/WATERLOO","6144239","2025-11-26 17:00","2025","11","26","17:00","","1.6","","-2.5","","74","","0.0","","22","","30","","16.1","","96.58","","","","","","NA"
"-80.38","43.46","KITCHENER/WATERLOO","6144239","2025-11-26 18:00","2025","11","26","18:00","","1.3","","-2.8","","74","","0.0","","23","","34","","16.1","","96.62","","","","","","Snow"
"-80.38","43.46","KITCHENER/WATERLOO","6144239","2025-11-26 19:00","2025","11","26","19:00","","0.8","","-3.1","","75","","0.0","","23","","35","","11.3","","96.62","","","","","","Snow"
"-80.38","43.46","KITCHENER/WATERLOO","6144239","2025-11-26 20:00","2025","11","26","20:00","","0.4","","-3.5","","75","","0.0","","21","","35","","16.1","","96.61","","","","","","Rain,Snow"
"-80.38","43.46","KITCHENER/WATERLOO","6144239","2025-11-26 21:00","2025","11","26","21:00","","-0.6","","-3.0","","84","","0.0","","22","","30","","4.0","","96.60","","","","-7","","Snow"
"-80.38","43.46","KITCHENER/WATERLOO","6144239","2025-11-26 22:00","2025","11","26","22:00","","-0.7","","-3.1","","84","","0.0","","22","","34","","6.4","","96.57","","","","-8","","Snow"
"-80.38","43.46","KITCHENER/WATERLOO","6144239","2025-11-26 23:00","2025","11","26","23:00","","-0.4","","-3.8","","78","","0.0","","22","","39","","16.1","","96.56","","","","-8","","Snow"
"-80.38","43.46","KITCHENER/WATERLOO","6144239","2025-11-27 00:00","2025","11","27","00:00","","-0.3","","-3.9","","77","","0.0","","22","","39","","16.1","","96.56","","","","-8","","Snow"
"-80.38","43.46","KITCHENER/WATERLOO","6144239","2025-11-27 01:00","2025","11","27","01:00","","-0.7","","-3.7","","80","","0.0","","22","","46","","16.1","","96.57","","","","-9","","Snow"
"-80.38","43.46","KITCHENER/WATERLOO","6144239","2025-11-27 02:00","2025","11","27","02:00","","-0.7","","-4.3","","77","","0.0","","23","","43","","14.5","","96.61","","","","-9","","Snow"
"-80.38","43.46","KITCHENER/WATERLOO","6144239","2025-11-27 03:00","2025","11","27","03:00","","-0.6","","-4.3","","76","","0.0","","23","","46","","16.1","","96.65","","","","-9","","Snow"
"-80.38","43.46","KITCHENER/WATERLOO","6144239","2025-11-27 04:00","2025","11","27","04:00","","-0.8","","-4.0","","79","","0.0","","24","","45","","6.4","","96.70","","","","-9","","Snow"
"-80.38","43.46","KITCHENER/WATERLOO","6144239","2025-11-27 05:00","2025","11","27","05:00","","-0.8","","-3.8","","80","","0.0","","24","","35","","8.1","","96.77","","","","-8","","Snow"
"-80.38","43.46","KITCHENER/WATERLOO","6144239","2025-11-27 06:00","2025","11","27","06:00","","-0.8","","-3.7","","81","","0.0","","24","","34","","6.4","","96.79","","","","-8","","Snow"
"-80.38","43.46","KITCHENER/WATERLOO","6144239","2025-11-27 07:00","2025","11","27","07:00","","-0.9","","-3.3","","84","","0.0","","24","","37","","16.1","","96.78","","","","-8","","Snow"
"-80.38","43.46","KITCHENER/WATERLOO","6144239","2025-11-27 08:00","2025","11","27","08:00","","-0.9","","-3.1","","85","","0.0","","24","","35","","11.3","","96.81","","","","-8","","Snow"
"-80.38","43.46","KITCHENER/WATERLOO","6144239","2025-11-27 09:00","2025","11","27","09:00","","0.0","","-4.6","","71","","0.0","","25","","39","","16.1","","96.87","","","","-7","","Snow"
"-80.38","43.46","KITCHENER/WATERLOO","6144239","2025-11-27 10:00","2025","11","27","10:00","","0.4","","-4.5","","70","","0.0","","25","","37","","16.1","","96.94","","","","","","Snow"
"-80.38","43.46","KITCHENER/WATERLOO","6144239","2025-11-27 11:00","2025","11","27","11:00","","0.8","","-3.7","","72","","0.0","","26","","46","","16.1","","96.96","","","","","","Snow"
"-80.38","43.46","KITCHENER/WATERLOO","6144239","2025-11-27 12:00","2025","11","27","12:00","","0.5","","-3.7","","74","","0.0","","26","","41","","16.1","","96.95","","","","","","NA"
"-80.38","43.46","KITCHENER/WATERLOO","6144239","2025-11-27 13:00","2025","11","27","13:00","","0.9","","-4.5","","67","","0.0","","27","","46","","16.1","","96.93","","","","","","NA"
"-80.38","43.46","KITCHENER/WATERLOO","6144239","2025-11-27 14:00","2025","11","27","14:00","","0.5","","-3.7","","74","","0.0","","25","","50","","16.1","","96.96","","","","","","NA"
"-80.38","43.46","KITCHENER/WATERLOO","6144239","2025-11-27 15:00","2025","11","27","15:00","","-1.0","","-2.6","","89","","0.0","","26","","34","","0.4","","97.01","","","","-8","","Heavy Snow"
"-80.38","43.46","KITCHENER/WATERLOO","6144239","2025-11-27 16:00","2025","11","27","16:00","","-0.5","","-2.9","","84","","0.2","","26","","32","","3.2","","97.05","","","","-7","","Snow"
"-80.38","43.46","KITCHENER/WATERLOO","6144239","2025-11-27 17:00","2025","11","27","17:00","","-0.9","","-2.8","","87","","0.0","","26","","30","","2.0","","97.11","","","","-8","","Snow"
"-80.38","43.46","KITCHENER/WATERLOO","6144239","2025-11-27 18:00","2025","11","27","18:00","","-1.3","","-2.6","","91","","0.0","","26","","37","","1.2","","97.13","","","","-9","","Snow"
"-80.38","43.46","KITCHENER/WATERLOO","6144239","2025-11-27 19:00","2025","11","27","19:00","","-1.6","","-2.4","","94","","0.8","","27","","34","","0.8","","97.12","","","","-9","","Moderate Snow"
"-80.38","43.46","KITCHENER/WATERLOO","6144239","2025-11-27 20:00","2025","11","27","20:00","","-1.2","","-2.8","","89","","0.8","","25","","26","","8.1","","97.08","","","","-8","","Snow"
"-80.38","43.46","KITCHENER/WATERLOO","6144239","2025-11-27 21:00","2025","11","27","21:00","","-1.2","","-3.3","","86","","0.0","","26","","28","","16.1","","97.06","","","","-8","","Snow"
"-80.38","43.46","KITCHENER/WATERLOO","6144239","2025-11-27 22:00","2025","11","27","22:00","","-1.3","","-2.7","","90","","0.0","","27","","26","","2.8","","97.07","","","","-8","","Snow"
"-80.38","43.46","KITCHENER/WATERLOO","6144239","2025-11-27 23:00","2025","11","27","23:00","","-1.8","","-3.5","","88","","0.0","","28","","28","","3.2","","97.06","","","","-9","","Snow"
"-80.38","43.46","KITCHENER/WATERLOO","6144239","2025-11-28 00:00","2025","11","28","00:00","","-2.1","","-3.4","","91","","0.0","","29","","35","","1.6","","97.06","","","","-10","","Snow"
"-80.38","43.46","KITCHENER/WATERLOO","6144239","2025-11-28 01:00","2025","11","28","01:00","","-1.9","","-3.0","","92","","0.8","","28","","35","","1.6","","97.07","","","","-9","","Snow"
"-80.38","43.46","KITCHENER/WATERLOO","6144239","2025-11-28 02:00","2025","11","28","02:00","","-2.2","","-4.2","","86","","0.0","","28","","30","","16.1","","97.11","","","","-9","","NA"
"-80.38","43.46","KITCHENER/WATERLOO","6144239","2025-11-28 03:00","2025","11","28","03:00","","-2.3","","-4.0","","88","","0.0","","27","","26","","6.4","","97.14","","","","-9","","Snow"
"-80.38","43.46","KITCHENER/WATERLOO","6144239","2025-11-28 04:00","2025","11","28","04:00","","-2.3","","-4.3","","86","","0.0","","28","","24","","16.1","","97.14","","","","-9","","Snow"
"-80.38","43.46","KITCHENER/WATERLOO","6144239","2025-11-28 05:00","2025","11","28","05:00","","-2.5","","-4.8","","84","","0.0","","28","","24","","16.1","","97.17","","","","-9","","NA"
"-80.38","43.46","KITCHENER/WATERLOO","6144239","2025-11-28 06:00","2025","11","28","06:00","","-2.7","","-5.4","","82","","0.0","","28","","26","","16.1","","97.23","","","","-10","","NA"
"-80.38","43.46","KITCHENER/WATERLOO","6144239","2025-11-28 07:00","2025","11","28","07:00","","-2.6","","-4.2","","89","","0.0","","29","","39","","2.8","","97.31","","","","-11","","Snow"
"-80.38","43.46","KITCHENER/WATERLOO","6144239","2025-11-28 08:00","2025","11","28","08:00","","-2.4","","-3.7","","91","","0.0","","27","","24","","2.0","","97.37","","","","-9","","Snow"
"-80.38","43.46","KITCHENER/WATERLOO","6144239","2025-11-28 09:00","2025","11","28","09:00","","-2.3","","-4.0","","88","","0.2","","27","","26","","2.4","","97.43","","","","-9","","Snow"
"-80.38","43.46","KITCHENER/WATERLOO","6144239","2025-11-28 10:00","2025","11","28","10:00","","-2.1","","-4.1","","86","","0.0","","27","","30","","1.6","","97.52","","","","-9","","Snow"
"-80.38","43.46","KITCHENER/WATERLOO","6144239","2025-11-28 11:00","2025","11","28","11:00","","-1.8","","-4.0","","85","","0.0","","27","","37","","1.6","","97.58","","","","-10","","Snow"
"-80.38","43.46","KITCHENER/WATERLOO","6144239","2025-11-28 12:00","2025","11","28","12:00","","-1.7","","-3.4","","88","","0.0","","27","","30","","2.0","","97.64","","","","-9","","Snow"
"-80.38","43.46","KITCHENER/WATERLOO","6144239","2025-11-28 13:00","2025","11","28","13:00","","-1.8","","-3.4","","89","","0.0","","28","","35","","1.2","","97.68","","","","-9","","Snow"
"-80.38","43.46","KITCHENER/WATERLOO","6144239","2025-11-28 14:00","2025","11","28","14:00","","-1.6","","-3.6","","86","","0.0","","27","","28","","3.2","","97.74","","","","-8","","Snow"
"-80.38","43.46","KITCHENER/WATERLOO","6144239","2025-11-28 15:00","2025","11","28","15:00","","-0.9","","-4.7","","76","","0.2","","28","","35","","9.7","","97.83","","","","-8","","Haze"
"-80.38","43.46","KITCHENER/WATERLOO","6144239","2025-11-28 16:00","2025","11","28","16:00","","-2.5","","-5.7","","79","","0.0","","29","","32","","16.1","","97.95","","","","-10","","NA"
"-80.38","43.46","KITCHENER/WATERLOO","6144239","2025-11-28 17:00","2025","11","28","17:00","","-2.5","","-5.8","","78","","0.0","","30","","28","","14.5","","98.06","","","","-10","","Snow"
"-80.38","43.46","KITCHENER/WATERLOO","6144239","2025-11-28 18:00","2025","11","28","18:00","","-3.2","","-6.0","","81","","0.0","","28","","22","","16.1","","98.19","","","","-10","","NA"
"-80.38","43.46","KITCHENER/WATERLOO","6144239","2025-11-28 19:00","2025","11","28","19:00","","-3.9","","-6.0","","85","","0.0","","27","","21","","16.1","","98.27","","","","-10","","NA"
"-80.38","43.46","KITCHENER/WATERLOO","6144239","2025-11-28 20:00","2025","11","28","20:00","","-3.4","","-5.6","","85","","0.0","","26","","17","","16.1","","98.34","","","","-9","","NA"
"-80.38","43.46","KITCHENER/WATERLOO","6144239","2025-11-28 21:00","2025","11","28","21:00","","-2.9","","-5.4","","83","","0.0","","27","","32","","16.1","","98.38","","","","-10","","NA"
"-80.38","43.46","KITCHENER/WATERLOO","6144239","2025-11-28 22:00","2025","11","28","22:00","","-3.4","","-5.6","","85","","0.0","","27","","22","","16.1","","98.41","","","","-10","","NA"
"-80.38","43.46","KITCHENER/WATERLOO","6144239","2025-11-28 23:00","2025","11","28","23:00","","-3.4","","-5.7","","85","","0.0","","26","","17","","16.1","","98.47","","","","-9","","Snow"
"-80.38","43.46","KITCHENER/WATERLOO","6144239","2025-11-29 00:00","2025","11","29","00:00","","-3.0","","-5.6","","83","","0.0","","27","","26","","12.9","","98.56","","","","-10","","Snow"
"-80.38","43.46","KITCHENER/WATERLOO","6144239","2025-11-29 01:00","2025","11","29","01:00","","-3.4","","-5.7","","84","","0.0","","26","","22","","16.1","","98.62","","","","-10","","Snow"
"-80.38","43.46","KITCHENER/WATERLOO","6144239","2025-11-29 02:00","2025","11","29","02:00","","-4.0","","-6.2","","85","","0.0","","26","","18","","16.1","","98.68","","","","-10","","Snow"
"-80.38","43.46","KITCHENER/WATERLOO","6144239","2025-11-29 03:00","2025","11","29","03:00","","-3.9","","-6.3","","84","","0.0","","27","","17","","16.1","","98.75","","","","-10","","NA"
"-80.38","43.46","KITCHENER/WATERLOO","6144239","2025-11-29 04:00","2025","11","29","04:00","","-3.9","","-6.4","","83","","0.0","","30","","9","","16.1","","98.80","","","","-8","","NA"
"-80.38","43.46","KITCHENER/WATERLOO","6144239","2025-11-29 05:00","2025","11","29","05:00","","-4.4","","-6.1","","88","","0.0","","29","","8","","14.5","","98.83","","","","-8","","Snow"
"-80.38","43.46","KITCHENER/WATERLOO","6144239","2025-11-29 06:00","2025","11","29","06:00","","-3.8","","-5.7","","87","","0.0","","25","","8","","16.1","","98.91","","","","-7","","Snow"
"-80.38","43.46","KITCHENER/WATERLOO","6144239","2025-11-29 07:00","2025","11","29","07:00","","-3.7","","-5.6","","87","","0.0","","23","","9","","16.1","","98.99","","","","-7","","Snow"
"-80.38","43.46","KITCHENER/WATERLOO","6144239","2025-11-29 08:00","2025","11","29","08:00","","-3.7","","-5.6","","87","","0.0","","23","","8","","16.1","","99.06","","","","-7","","Snow"
"-80.38","43.46","KITCHENER/WATERLOO","6144239","2025-11-29 09:00","2025","11","29","09:00","","-3.4","","-6.3","","80","","0.0","","24","","13","","16.1","","99.13","","","","-8","","NA"
"-80.38","43.46","KITCHENER/WATERLOO","6144239","2025-11-29 10:00","2025","11","29","10:00","","-2.7","","-6.5","","75","","0.0","","22","","18","","16.1","","99.20","","","","-8","","NA"
"-80.38","43.46","KITCHENER/WATERLOO","6144239","2025-11-29 11:00","2025","11","29","11:00","","-2.5","","-6.5","","74","","0.0","","23","","17","","16.1","","99.21","","","","-8","","NA"
"-80.38","43.46","KITCHENER/WATERLOO","6144239","2025-11-29 12:00","2025","11","29","12:00","","-2.0","","-6.2","","73","","0.0","","25","","11","","16.1","","99.15","","","","-6","","NA"
"-80.38","43.46","KITCHENER/WATERLOO","6144239","2025-11-29 13:00","2025","11","29","13:00","","-2.0","","-6.8","","70","","0.0","","25","","15","","16.1","","99.11","","","","-7","","NA"
"-80.38","43.46","KITCHENER/WATERLOO","6144239","2025-11-29 14:00","2025","11","29","14:00","","-1.9","","-6.9","","69","","0.0","","23","","11","","16.1","","99.10","","","","-6","","NA"
"-80.38","43.46","KITCHENER/WATERLOO","6144239","2025-11-29 15:00","2025","11","29","15:00","","-2.0","","-7.6","","66","","0.0","","20","","8","","16.1","","99.11","","","","-5","","NA"
"-80.38","43.46","KITCHENER/WATERLOO","6144239","2025-11-29 16:00","2025","11","29","16:00","","-2.1","","-7.6","","66","","0.0","","17","","5","","16.1","","99.06","","","","-4","","NA"
"-80.38","43.46","KITCHENER/WATERLOO","6144239","2025-11-29 17:00","2025","11","29","17:00","","-2.6","","-6.9","","72","","0.0","","14","","9","","16.1","","99.01","","","","-6","","NA"
"-80.38","43.46","KITCHENER/WATERLOO","6144239","2025-11-29 18:00","2025","11","29","18:00","","-2.8","","-7.2","","72","","0.0","","10","","9","","16.1","","98.93","","","","-6","","NA"
"-80.38","43.46","KITCHENER/WATERLOO","6144239","2025-11-29 19:00","2025","11","29","19:00","","-2.9","","-6.9","","74","","0.0","","12","","9","","16.1","","98.85","","","","-6","","NA"
"-80.38","43.46","KITCHENER/WATERLOO","6144239","2025-11-29 20:00","2025","11","29","20:00","","-3.0","","-6.7","","76","","0.0","","9","","13","","16.1","","98.72","","","","-8","","NA"
"-80.38","43.46","KITCHENER/WATERLOO","6144239","2025-11-29 21:00","2025","11","29","21:00","","-3.0","","-6.7","","76","","0.0","","10","","13","","16.1","","98.62","","","","-8","","NA"
"-80.38","43.46","KITCHENER/WATERLOO","6144239","2025-11-29 22:00","2025","11","29","22:00","","-2.6","","-6.6","","74","","0.0","","11","","15","","16.1","","98.52","","","","-8","","NA"
"-80.38","43.46","KITCHENER/WATERLOO","6144239","2025-11-29 23:00","2025","11","29","23:00","","-2.3","","-5.8","","77","","0.0","","10","","18","","16.1","","98.43","","","","-8","","NA"
"-80.38","43.46","KITCHENER/WATERLOO","6144239","2025-11-30 00:00","2025","11","30","00:00","","-2.3","","-4.8","","83","","0.0","","10","","18","","6.4","","98.32","","","","-8","","Snow"
"-80.38","43.46","KITCHENER/WATERLOO","6144239","2025-11-30 01:00","2025","11","30","01:00","","-2.6","","-3.9","","91","","0.0","","11","","18","","2.8","","98.19","","","","-8","","Snow"
"-80.38","43.46","KITCHENER/WATERLOO","6144239","2025-11-30 02:00","2025","11","30","02:00","","-2.5","","-3.3","","94","","0.8","","9","","21","","1.2","","97.96","","","","-9","","Snow"
"-80.38","43.46","KITCHENER/WATERLOO","6144239","2025-11-30 03:00","2025","11","30","03:00","","-2.2","","-3.0","","94","","0.5","","11","","21","","3.2","","97.82","","","","-8","","Snow"
"-80.38","43.46","KITCHENER/WATERLOO","6144239","2025-11-30 04:00","2025","11","30","04:00","","-1.5","","-2.3","","94","","0.5","","11","","24","","8.1","","97.61","","","","-8","","Snow"
"-80.38","43.46","KITCHENER/WATERLOO","6144239","2025-11-30 05:00","2025","11","30","05:00","","-1.0","","-1.8","","94","","0.0","","13","","24","","16.1","","97.45","","","","-7","","Snow"
"-80.38","43.46","KITCHENER/WATERLOO","6144239","2025-11-30 06:00","2025","11","30","06:00","","-0.6","","-1.6","","93","","0.5","","14","","24","","12.9","","97.32","","","","-7","","Snow"
"-80.38","43.46","KITCHENER/WATERLOO","6144239","2025-11-30 07:00","2025","11","30","07:00","","-0.3","","-1.0","","95","","0.0","","14","","24","","16.1","","97.19","","","","-6","","Snow"
"-80.38","43.46","KITCHENER/WATERLOO","6144239","2025-11-30 08:00","2025","11","30","08:00","","0.5","","-0.4","","94","","0.0","","16","","22","","16.1","","97.09","","","","","","Rain"
"-80.38","43.46","KITCHENER/WATERLOO","6144239","2025-11-30 09:00","2025","11","30","09:00","","0.4","","-0.3","","95","","0.8","","18","","24","","4.0","","97.04","","","","","","Snow"
"-80.38","43.46","KITCHENER/WATERLOO","6144239","2025-11-30 10:00","2025","11","30","10:00","","0.5","","-0.2","","95","","0.5","","19","","21","","4.8","","96.99","","","","","","Snow"
"-80.38","43.46","KITCHENER/WATERLOO","6144239","2025-11-30 11:00","2025","11","30","11:00","","0.6","","-0.3","","94","","0.2","","20","","18","","3.6","","96.95","","","","","","Snow"
"-80.38","43.46","KITCHENER/WATERLOO","6144239","2025-11-30 12:00","2025","11","30","12:00","","1.1","","-1.6","","82","","0.5","","22","","34","","9.7","","96.96","","","","","","Rain,Snow"
"-80.38","43.46","KITCHENER/WATERLOO","6144239","2025-11-30 13:00","2025","11","30","13:00","","0.3","","-1.6","","87","","0.0","","22","","35","","6.4","","96.98","","","","","","Snow"
"-80.38","43.46","KITCHENER/WATERLOO","6144239","2025-11-30 14:00","2025","11","30","14:00","","0.4","","-2.8","","79","","0.0","","22","","34","","16.1","","97.04","","","","","","NA"
"-80.38","43.46","KITCHENER/WATERLOO","6144239","2025-11-30 15:00","2025","11","30","15:00","","0.0","","-2.9","","81","","0.0","","23","","39","","16.1","","97.12","","","","-7","","NA"
"-80.38","43.46","KITCHENER/WATERLOO","6144239","2025-11-30 16:00","2025","11","30","16:00","","-0.2","","-2.9","","82","","0.0","","23","","30","","16.1","","97.26","","","","-7","","Snow"
"-80.38","43.46","KITCHENER/WATERLOO","6144239","2025-11-30 17:00","2025","11","30","17:00","","-0.2","","-2.8","","83","","0.0","","24","","35","","16.1","","97.34","","","","-7","","Snow"
"-80.38","43.46","KITCHENER/WATERLOO","6144239","2025-11-30 18:00","2025","11","30","18:00","","-0.6","","-2.6","","87","","0.0","","23","","35","","3.6","","97.40","","","","-8","","Snow"
"-80.38","43.46","KITCHENER/WATERLOO","6144239","2025-11-30 19:00","2025","11","30","19:00","","0.0","","-2.5","","83","","0.0","","29","","37","","16.1","","97.62","","","","-7","","Snow"
"-80.38","43.46","KITCHENER/WATERLOO","6144239","2025-11-30 20:00","2025","11","30","20:00","","-0.6","","-3.5","","81","","0.0","","31","","30","","16.1","","97.82","","","","-7","","Snow"
"-80.38","43.46","KITCHENER/WATERLOO","6144239","2025-11-30 21:00","2025","11","30","21:00","","-1.1","","-4.1","","80","","0.0","","31","","21","","16.1","","98.00","","","","-7","","Snow"
"-80.38","43.46","KITCHENER/WATERLOO","6144239","2025-11-30 22:00","2025","11","30","22:00","","-1.3","","-4.2","","81","","0.0","","31","","22","","16.1","","98.14","","","","-7","","Snow"
"-80.38","43.46","KITCHENER/WATERLOO","6144239","2025-11-30 23:00","2025","11","30","23:00","","-2.2","","-5.9","","76","","0.0","","32","","34","","16.1","","98.31","","","","-10","","Snow"
